entry_time,exit_time,side,entry_price,exit_price,reason,net_pnl,funding
1786313520000,1786313880000,1,0.00294619459,0.0029547045,confirmed_pivot,1.8869970347071092,0.0
1786316280000,1786317180000,-1,0.00290440953,0.0029029902699999996,confirmed_pivot,-0.5110986879317272,0.0
1786317360000,1786318560000,-1,0.00289741023,0.00287718769,confirmed_pivot,5.98301229853802,0.0
1786318920000,1786319040000,-1,0.00287691228,0.00288068804,confirmed_pivot,-2.31309108945099,0.0
1786320120000,1786320600000,-1,0.00287461251,0.0028911890900000002,opposite_break,-6.769427438413327,0.0
1786324620000,1786324740000,1,0.00290749072,0.00290320965,confirmed_pivot,-2.4716915295950557,0.0
1786326300000,1786326900000,1,0.00290339031,0.00292810716,confirmed_pivot,7.508842744949364,0.0
1786331640000,1786331880000,-1,0.00289701027,0.0028976897400000002,confirmed_pivot,-1.234659069745116,0.0
1786338780000,1786339500000,-1,0.00288631134,0.0028922892,opposite_break,-3.072142685064723,0.0
1786341300000,1786341480000,1,0.0029062906,0.00290280969,confirmed_pivot,-2.1971168832875776,0.0
1786347840000,1786348260000,-1,0.00289581039,0.00289418939,confirmed_pivot,-0.43994589369497317,0.0
1786348380000,1786349820000,-1,0.0028917108,0.00289378935,confirmed_pivot,-1.6191667835524721,0.09998856040514148
1786351140000,1786351980000,-1,0.00288941103,0.00289948992,opposite_break,-4.489960182300572,0.0
1786352220000,1786353600000,1,0.00290159013,0.00289361061,opposite_break,-3.7486756856315986,0.0
1786356480000,1786356960000,-1,0.0028740125700000003,0.0028747874499999997,confirmed_pivot,-1.2697508869974587,0.0
1786358580000,1786358760000,1,0.0028837883500000003,0.00287941203,confirmed_pivot,-2.516800579349175,0.0
1786359900000,1786360080000,-1,0.00287281269,0.00287388736,confirmed_pivot,-1.3742699058462244,0.0
1786360680000,1786361040000,1,0.00288118809,0.0028784121300000002,confirmed_pivot,-1.9629957966401401,0.0
1786361280000,1786361580000,1,0.00288368834,0.00288291168,confirmed_pivot,-1.2691940246219673,0.0
1786362420000,1786364640000,1,0.00288748872,0.00289631034,confirmed_pivot,2.053590869092686,0.0
1786366680000,1786366860000,-1,0.00287781219,0.00287868784,confirmed_pivot,-1.3044284224121006,0.0
1786369200000,1786369380000,-1,0.0028721127600000004,0.00287418739,confirmed_pivot,-1.722697013817648,0.0
1786373040000,1786373580000,1,0.00289018899,0.00287701227,opposite_break,-5.556840983606365,0.0
1786375080000,1786375680000,-1,0.00286011396,0.0028562856,confirmed_pivot,0.3392033441913229,0.0
1786380060000,1786380960000,1,0.00287248722,0.00285931404,opposite_break,-5.583690857987578,0.0
1786380960000,1786381920000,-1,0.00285931404,0.0028671866899999997,opposite_break,-3.7547118696342703,0.0
1786383180000,1786383360000,1,0.00287218719,0.00287061291,confirmed_pivot,-1.5478378517522837,0.0
1786386960000,1786387200000,-1,0.00286191378,0.00285788576,confirmed_pivot,0.4081605246682254,0.0
1786387620000,1786387740000,-1,0.0028527147,0.0028558855599999998,confirmed_pivot,-2.1120794624151706,0.0
1786389000000,1786389600000,1,0.0028649864699999998,0.00286641333,confirmed_pivot,-0.5022152512991969,0.0
1786389780000,1786391100000,1,0.00286878685,0.0028743125400000004,confirmed_pivot,0.9251786360497387,0.0
1786401000000,1786401120000,1,0.00288248822,0.00287911206,confirmed_pivot,-2.170680211834497,0.0
1786403700000,1786404000000,1,0.00287768774,0.00287421255,confirmed_pivot,-2.2070289478315166,0.0
1786404240000,1786404540000,-1,0.00287201277,0.00287518749,confirmed_pivot,-2.1059516841911687,0.0
1786408200000,1786408380000,1,0.00288658863,0.00288261171,confirmed_pivot,-2.3770342953231776,0.0
1786409820000,1786410180000,1,0.00288288826,0.00287521245,opposite_break,-3.6612103567967482,0.0
1786411980000,1786413000000,-1,0.00287381259,0.0028792879,opposite_break,-2.906195161807706,0.0
1786417920000,1786418640000,-1,0.00287741223,0.0028705870300000003,confirmed_pivot,1.3731784166357934,0.0
1786424220000,1786424400000,-1,0.00285881409,0.00286098607,confirmed_pivot,-1.7601284734118607,0.0
1786425600000,1786426860000,-1,0.00286361361,0.0028639863699999996,opposite_break,-1.1302362786297082,0.0
1786427520000,1786427940000,1,0.00286748672,0.00286331364,opposite_break,-2.4545816135461616,0.0
1786428420000,1786428900000,1,0.00286788676,0.00287681229,confirmed_pivot,2.1106762510385715,0.0
1786432020000,1786432140000,-1,0.0028617138,0.0028652865,confirmed_pivot,-2.2490719197706293,0.0
1786432260000,1786433460000,-1,0.0028627137,0.00285618559,confirmed_pivot,1.2815323987865068,0.0
1786433580000,1786434300000,-1,0.0028527147,0.00285358533,confirmed_pivot,-1.3053461024336301,0.0
1786434900000,1786435860000,-1,0.00285061491,0.00285118509,confirmed_pivot,-1.1001689456539863,0.09995106634729559
1786437780000,1786438620000,1,0.0028575857300000003,0.0028564143300000002,confirmed_pivot,-1.4097214959146769,0.0
1786442340000,1786442460000,1,0.0028642864,0.00285951402,confirmed_pivot,-2.665334098573345,0.0
1786442580000,1786442700000,1,0.00286568654,0.00286301367,confirmed_pivot,-1.9322490536595804,0.0
1786449000000,1786449540000,1,0.00286568654,0.00286621335,confirmed_pivot,-0.8162581330336087,0.0
1786450560000,1786451940000,-1,0.0028615138199999997,0.0028522852,confirmed_pivot,2.2266956900455246,0.0
1786454340000,1786454820000,-1,0.00284841513,0.00284678465,confirmed_pivot,-0.42729722826613503,0.0
1786459140000,1786460400000,-1,0.00284241573,0.00278687866,confirmed_pivot,18.548455895647674,0.0
1786463400000,1786464360000,-1,0.00277792218,0.00279187916,opposite_break,-6.069350904711034,-0.04258716361881671
1786464660000,1786464780000,1,0.00279707968,0.00278992098,confirmed_pivot,-3.558068224213037,0.0
1786467000000,1786468500000,1,0.0027965796299999996,0.00279352062,confirmed_pivot,-2.093292843229235,0.0
1786469880000,1786470000000,-1,0.00278892108,0.00279057903,confirmed_pivot,-1.5947744405159245,0.0
1786474320000,1786474500000,-1,0.00278782119,0.00278887886,confirmed_pivot,-1.3795791633967671,0.0
1786475940000,1786476180000,1,0.00279617959,0.00279652032,confirmed_pivot,-0.8782053784321363,0.0
1786476720000,1786476780000,1,0.0027999799699999998,0.00279642033,confirmed_pivot,-2.270673439853147,0.0
1786478280000,1786478580000,1,0.00280568054,0.00280391958,confirmed_pivot,-1.6273271296952514,0.0
1786480200000,1786480560000,1,0.00282548252,0.00281591838,opposite_break,-4.383265641296544,0.0
1786481820000,1786482240000,1,0.00282238221,0.0028227177,confirmed_pivot,-0.8811917628264969,0.0
1786482360000,1786482540000,1,0.0028246824399999998,0.00282201777,confirmed_pivot,-1.942880384458298,0.0
1786484700000,1786485060000,1,0.00282888286,0.00283061691,confirmed_pivot,-0.38732600083695323,0.0
1786485360000,1786485840000,1,0.00283168314,0.00284391558,confirmed_pivot,3.317687811638423,0.0
1786486380000,1786487760000,1,0.00284818479,0.00283541643,opposite_break,-5.480740106754135,0.0
1786488780000,1786489260000,1,0.0028387838499999997,0.00284131584,confirmed_pivot,-0.10851824629041695,0.0
1786491120000,1786491420000,-1,0.00282451752,0.0028355835299999996,opposite_break,-4.919799727423762,0.0
1786494480000,1786494600000,1,0.00284388436,0.0028396160099999996,confirmed_pivot,-2.5001368849612144,0.0
1786494780000,1786495380000,1,0.00284648462,0.0028427157000000002,confirmed_pivot,-2.3233992249709425,0.0
1786496820000,1786497360000,1,0.0028488848600000003,0.00285341463,confirmed_pivot,0.5892201115490514,0.0
1786497900000,1786498680000,1,0.00285798577,0.0028546145100000002,confirmed_pivot,-2.1790032005651563,0.0
1786501980000,1786503600000,-1,0.00284651532,0.00284388436,confirmed_pivot,-0.07526389845670645,0.0
1786504380000,1786504560000,-1,0.00284231574,0.0028458845600000003,confirmed_pivot,-2.2562307416277503,0.0
1786505580000,1786508640000,1,0.00285578555,0.00285581439,confirmed_pivot,-0.9899062518892148,0.0
1786510140000,1786510500000,1,0.00285688566,0.00285591438,confirmed_pivot,-1.3398086152317228,0.0
1786511640000,1786512060000,1,0.00285388536,0.00285281469,confirmed_pivot,-1.3749746503482803,0.0
1786512180000,1786512300000,1,0.00285618559,0.00285121485,confirmed_pivot,-2.739471919259999,0.0
1786513080000,1786513680000,-1,0.0028502149500000003,0.00284488446,confirmed_pivot,0.8711414186499216,0.0
1786515660000,1786516920000,-1,0.00283811616,0.0028326832400000002,confirmed_pivot,0.9152269158708028,0.0
1786520340000,1786521240000,-1,0.00282911706,0.00283408338,opposite_break,-2.7563087898525955,0.0
1786522320000,1786523640000,-1,0.00282701727,0.0028293829100000003,confirmed_pivot,-1.8372155505085794,0.0
1786524600000,1786525800000,-1,0.0028231176600000004,0.00282488246,opposite_break,-1.6254370567039786,0.0
1786528860000,1786529100000,1,0.0028456845400000002,0.00284521545,confirmed_pivot,-1.1647601652291406,0.0
1786534380000,1786534500000,1,0.00284618459,0.00284301567,confirmed_pivot,-2.1128356014323844,0.0
1786541220000,1786541400000,-1,0.00282911706,0.0028311830899999998,confirmed_pivot,-1.730638913541339,0.0
1786543380000,1786543800000,-1,0.00282221775,0.0028131812900000002,confirmed_pivot,2.20350129964278,0.0
1786545240000,1786546680000,-1,0.00281001897,0.00278767874,confirmed_pivot,6.9541812185702,0.0
1786546800000,1786546920000,-1,0.00278342163,0.00278947892,confirmed_pivot,-3.1772909212464495,0.0
1786548840000,1786548900000,-1,0.0027897209999999998,0.0027936793400000002,confirmed_pivot,-2.4196111976790737,0.0
1786552620000,1786553040000,-1,0.00278882109,0.00278937891,confirmed_pivot,-1.200120012001265,0.0
1786553220000,1786553460000,-1,0.00278382159,0.0027842784,confirmed_pivot,-1.1641766148526926,0.0
1786555260000,1786555440000,-1,0.00278492148,0.00278617859,confirmed_pivot,-1.451624422459538,0.0
1786555560000,1786555800000,-1,0.00278262171,0.0027852785,confirmed_pivot,-1.9552568304371007,0.0
1786557060000,1786557780000,1,0.00279097907,0.00278322165,opposite_break,-3.778072173074454,0.0
1786558680000,1786559400000,-1,0.00278262171,0.00278647862,confirmed_pivot,-2.3867635838289463,0.0
1786560660000,1786561500000,-1,0.0027827217,0.0027793779100000002,confirmed_pivot,0.20222654496844406,0.0
1786563600000,1786564440000,-1,0.00277392258,0.00277947792,opposite_break,-3.0037032432245865,0.0
1786566180000,1786566300000,-1,0.0027778221899999998,0.00278187816,confirmed_pivot,-2.4608559178513265,0.0
1786566420000,1786567200000,1,0.00278417839,0.00279032094,confirmed_pivot,1.2051312326290091,0.0
1786567680000,1786567800000,1,0.00279187916,0.0027898209899999997,confirmed_pivot,-1.7368302125942594,0.0
1786571520000,1786572180000,-1,0.00275352462,0.00272547252,confirmed_pivot,9.192800110136584,0.0
1786572360000,1786573440000,-1,0.00272382759,0.00272687266,confirmed_pivot,-2.11849683371474,0.0
1786573920000,1786575300000,-1,0.0027200279700000003,0.00267876785,confirmed_pivot,14.176590283371379,0.0
1786576980000,1786577220000,-1,0.0026721327600000002,0.00265966594,confirmed_pivot,3.6678269870095193,0.0
1786580940000,1786581540000,1,0.0026852685,0.0026817318,confirmed_pivot,-2.3164164589127565,0.0
1786583460000,1786583760000,1,0.0026850684800000003,0.0026847315,confirmed_pivot,-1.125438703894996,0.0
1786585560000,1786585680000,-1,0.0026767323000000003,0.00268276825,confirmed_pivot,-3.256097098316417,0.0
1786585920000,1786586040000,1,0.00268596857,0.0026837316,confirmed_pivot,-1.8324190908159703,0.0
1786588740000,1786588980000,-1,0.00267283269,0.00267516749,confirmed_pivot,-1.8739669373021535,0.0
1786591560000,1786592640000,1,0.00271407138,0.00271502847,confirmed_pivot,-0.6475363684061046,0.0
1786600560000,1786600620000,1,0.0027240723800000003,0.0027208278900000002,confirmed_pivot,-2.19044845460388,0.0
1786605180000,1786605360000,1,0.00272747272,0.0027257274,confirmed_pivot,-1.6395837902276316,0.0
1786606200000,1786606320000,1,0.0027305730300000003,0.00272832714,confirmed_pivot,-1.822086437659006,0.0
1786610880000,1786611180000,-1,0.00269603037,0.00269876985,confirmed_pivot,-2.0166242081314842,0.0
1786620780000,1786620900000,-1,0.00268813116,0.00269176915,confirmed_pivot,-2.3540295388711088,0.0
1786622220000,1786623300000,-1,0.00268853112,0.00269566954,opposite_break,-3.656465144431695,0.0
1786623780000,1786624260000,-1,0.00268783119,0.0026901689899999997,confirmed_pivot,-1.870206770686244,0.0
1786624380000,1786624500000,-1,0.00268493148,0.00269396937,confirmed_pivot,-4.36783601829565,0.0
1786625880000,1786626060000,1,0.00269456943,0.0026930306700000003,confirmed_pivot,-1.5707741663200387,0.0
1786626180000,1786626300000,1,0.00269636961,0.00269493048,confirmed_pivot,-1.5334618924887284,0.0
1786628160000,1786629900000,1,0.00269836981,0.00269333064,opposite_break,-2.866553055972811,0.0
1786631640000,1786631940000,1,0.00269846982,0.00269903007,confirmed_pivot,-0.7924861449812279,0.0
1786636980000,1786637520000,-1,0.00266353362,0.00264616459,confirmed_pivot,5.524308304019091,0.0
1786638540000,1786639500000,-1,0.00264543543,0.00264396437,confirmed_pivot,-0.44364715414747014,0.0
1786643100000,1786643220000,1,0.0026530652799999998,0.00265083489,confirmed_pivot,-1.8402638343674467,0.0
1786646700000,1786647000000,1,0.0026617661499999997,0.00266083389,confirmed_pivot,-1.3500660153784576,0.0
1786647720000,1786651320000,1,0.00266986696,0.00267393258,confirmed_pivot,0.5220186065000918,0.0
1786651500000,1786651800000,1,0.00267706768,0.00267723225,confirmed_pivot,-0.9385567588637489,0.0
1786652640000,1786653180000,-1,0.00267193278,0.0026732673,confirmed_pivot,-1.499708402095378,0.0
1786654080000,1786654380000,-1,0.00267013296,0.00267096707,confirmed_pivot,-1.3125413855795025,0.0
1786656240000,1786656780000,1,0.00267666764,0.00267463251,confirmed_pivot,-1.7599421028603954,0.0
1786657920000,1786658040000,1,0.00267696767,0.00267553242,confirmed_pivot,-1.5358796040297413,0.0
1786659360000,1786659420000,1,0.0026855685299999998,0.00268203177,confirmed_pivot,-2.3162917201743234,0.0
1786660200000,1786661100000,1,0.00268696867,0.00268253172,opposite_break,-2.6504589631110695,0.0
1786669560000,1786669680000,1,0.0026931692899999997,0.00269133084,confirmed_pivot,-1.6822930819174768,0.0
1786671360000,1786671900000,1,0.00270047002,0.0027050294699999997,confirmed_pivot,0.6875470718981864,0.0
1786673820000,1786673940000,1,0.0027067706500000003,0.00270332964,confirmed_pivot,-2.270624644537303,0.0
1786674120000,1786674240000,1,0.00270837081,0.00270622935,confirmed_pivot,-1.790286640993633,0.0
1786682220000,1786682460000,-1,0.0026855314199999997,0.00268766874,confirmed_pivot,-1.7962627597930574,0.0
1786686720000,1786688160000,-1,0.0026745325200000004,0.0026662666,confirmed_pivot,2.0921489636628463,0.0
1786690500000,1786690560000,-1,0.00265923405,0.00266376635,confirmed_pivot,-2.705215135162662,0.0
1786691520000,1786691580000,-1,0.0026567343,0.0026595659299999998,confirmed_pivot,-2.0663639999678045,0.0
1786697220000,1786698120000,1,0.00266566654,0.0026650334699999997,confirmed_pivot,-1.2373715749909482,0.0
1786699080000,1786699200000,1,0.00267166714,0.00266723325,confirmed_pivot,-2.658766913231482,0.0
1786701480000,1786701720000,-1,0.00264643533,0.00264836481,confirmed_pivot,-1.7294509403334475,0.0
1786704900000,1786705080000,-1,0.00263483649,0.0026359635699999997,confirmed_pivot,-1.4279747696980438,0.0
1786706880000,1786707900000,-1,0.00263393658,0.00263746372,confirmed_pivot,-2.3397830444345797,0.0
1786708620000,1786708680000,1,0.0026392638999999996,0.00263613636,confirmed_pivot,-2.184412149917817,0.0
1786709640000,1786709760000,-1,0.0026287371,0.0026342634,confirmed_pivot,-3.1033153714763477,0.0
1786711560000,1786711800000,-1,0.00263293668,0.0026352635000000003,confirmed_pivot,-1.8841775146678308,0.0
1786713900000,1786714200000,1,0.00264236421,0.00264233574,confirmed_pivot,-1.0107690548078776,0.0
1786714740000,1786716180000,1,0.00265166514,0.00264153582,opposite_break,-4.818074608017739,0.0
1786719120000,1786720080000,-1,0.0026266373100000003,0.00261856183,confirmed_pivot,2.0759929089716738,0.0
1786723320000,1786723500000,1,0.00265406538,0.00265063491,confirmed_pivot,-2.2918878302085646,0.0
1786724280000,1786724940000,1,0.00266166614,0.00266103387,confirmed_pivot,-1.2374279236237213,0.0
1786725060000,1786725600000,1,0.00266346632,0.00266613336,confirmed_pivot,0.0008410693925628987,0.0
1786725720000,1786725840000,1,0.00267036701,0.0026682331499999997,confirmed_pivot,-1.7986891172686095,0.0
1786726200000,1786726500000,1,0.00267156713,0.002669733,confirmed_pivot,-1.6861938501990594,0.0
1786726680000,1786727520000,1,0.0026772677,0.0026667333000000002,opposite_break,-4.932790434068166,0.0
1786728780000,1786728960000,1,0.00267586756,0.00267403257,confirmed_pivot,-1.6854122873704498,0.0
1786732440000,1786732800000,-1,0.00266363361,0.00266536651,confirmed_pivot,-1.6509027531004241,0.0
1786733040000,1786739280000,-1,0.00266253372,0.0026458645600000003,confirmed_pivot,5.263768400273919,0.0
1786741080000,1786741260000,-1,0.00264193578,0.0026446644399999997,confirmed_pivot,-2.033342426665477,0.0
1786742700000,1786742820000,1,0.0026489648699999997,0.00264603537,confirmed_pivot,-2.105350728943331,0.0
1786743360000,1786744800000,-1,0.00264233574,0.0026417641500000003,opposite_break,-0.783571865473915,0.0
1786745820000,1786745940000,-1,0.00264083589,0.00264236421,confirmed_pivot,-1.5790152147620935,0.0
1786746420000,1786747620000,-1,0.00263693628,0.00264306428,opposite_break,-3.325070972135806,0.0
1786748340000,1786748580000,1,0.00264366434,0.00264133584,confirmed_pivot,-1.8803446469304657,0.0
1786749840000,1786750500000,1,0.00265086506,0.0026526347100000003,confirmed_pivot,-0.3327592559538176,0.0
1786750740000,1786751280000,1,0.00265836581,0.00266253372,confirmed_pivot,0.5670627531129986,0.0
1786753020000,1786753440000,1,0.00266696667,0.00266103387,opposite_break,-3.2234374605063953,0.0
1786754880000,1786754940000,1,0.00266446642,0.00266113386,confirmed_pivot,-2.2501166068363956,0.0
1786758600000,1786759320000,-1,0.00265393458,0.00265706568,opposite_break,-2.180385369559487,0.0
1786760160000,1786760880000,1,0.0026609660699999996,0.00266523345,confirmed_pivot,0.6028939106315963,0.0
1786761120000,1786761300000,1,0.0026677667500000003,0.00266613336,confirmed_pivot,-1.6119625357052645,0.0
1786764900000,1786765320000,-1,0.00266053392,0.002660266,confirmed_pivot,-0.8992480576982198,0.0
1786768800000,1786769280000,1,0.0026652664999999996,0.0026656334100000002,confirmed_pivot,-0.862405299807502,0.0
1786772340000,1786772700000,-1,0.00265983399,0.0026576657399999997,confirmed_pivot,-0.18440995447231762,0.0
1786773360000,1786774680000,-1,0.0026550344700000004,0.00265356533,confirmed_pivot,-0.446382114202704,0.0
1786776060000,1786776120000,-1,0.00265103487,0.00265266524,confirmed_pivot,-1.6153012936416475,0.0
1786779180000,1786779780000,-1,0.00264403557,0.00264346432,confirmed_pivot,-0.7838396610525578,0.0
1786780800000,1786781040000,-1,0.00263893608,0.0026413641099999998,confirmed_pivot,-1.9205391647833872,0.0
1786787760000,1786788780000,1,0.00264456443,0.00264383559,confirmed_pivot,-1.275461460396284,0.0
1786794240000,1786794360000,1,0.00264456443,0.00264193578,confirmed_pivot,-1.9934852201728168,0.0
1786799280000,1786800420000,1,0.0026472647,0.00264413556,opposite_break,-2.181436608889178,0.0
1786802220000,1786802340000,1,0.00264646462,0.00264433554,confirmed_pivot,-1.8040974528501854,0.0
1786805400000,1786805940000,1,0.00264646462,0.00264583539,confirmed_pivot,-1.2376436020519213,0.0
1786807080000,1786807260000,1,0.0026472647,0.0026455354199999997,confirmed_pivot,-1.6529061336406627,0.0
1786808220000,1786808520000,1,0.00265266524,0.00265013496,confirmed_pivot,-1.9533863609568525,0.0
1786809600000,1786809960000,1,0.00265286526,0.0026485351200000004,opposite_break,-2.6314341309591227,0.0
1786810920000,1786811220000,1,0.00265206518,0.00265193478,confirmed_pivot,-1.0491446443259105,0.0
1786815420000,1786815540000,1,0.00265596557,0.00265343463,confirmed_pivot,-1.9524500462556325,0.0
1786817040000,1786817280000,-1,0.00264883509,0.0026498649599999997,confirmed_pivot,-1.3889955017923017,0.0
1786817880000,1786818240000,-1,0.00264463551,0.00264516449,confirmed_pivot,-1.2001200120012232,0.0
1786820220000,1786820640000,-1,0.0026433356399999997,0.0026435643299999997,confirmed_pivot,-1.086558945272635,0.0
1786822080000,1786823220000,-1,0.00264263571,0.00264496447,opposite_break,-1.8816668794654978,0.0
1786825320000,1786826280000,-1,0.00264123585,0.00264206418,confirmed_pivot,-1.3137713601002383,0.0
1786831920000,1786832040000,1,0.00265206518,0.0026504349300000003,confirmed_pivot,-1.614402273099385,0.0
1786833240000,1786833720000,-1,0.00264383559,0.00264496447,confirmed_pivot,-1.4271991966035729,0.0
1786834380000,1786836840000,-1,0.0026417358,0.00262146212,confirmed_pivot,6.678215527835824,0.0
1786842060000,1786842120000,-1,0.00261823815,0.00262236221,confirmed_pivot,-2.5759154796518704,0.0
1786842600000,1786842840000,-1,0.00261683829,0.0026186618399999997,confirmed_pivot,-1.6972008098367155,0.0
1786843680000,1786844520000,-1,0.00260863911,0.00261366134,confirmed_pivot,-2.9261925100096766,0.0
1786849980000,1786850400000,1,0.00261586156,0.00261623835,confirmed_pivot,-0.8560315229374265,0.0
1786853820000,1786853940000,-1,0.00261093888,0.0026140613799999998,confirmed_pivot,-2.196527913361063,0.0
1786861080000,1786861560000,-1,0.00260203977,0.0025981597900000004,confirmed_pivot,0.4918757333211661,0.0
1786865220000,1786866480000,1,0.00260406038,0.0026037396,confirmed_pivot,-1.1231229553900564,0.0
1786866900000,1786867080000,1,0.00260666064,0.00260533944,confirmed_pivot,-1.5066019641129589,0.0
1786868520000,1786868880000,1,0.00260776075,0.00260623935,confirmed_pivot,-1.583120709980657,0.0
1786870020000,1786870140000,-1,0.00260263971,0.0026043604099999997,confirmed_pivot,-1.6614670264904106,0.0
1786871700000,1786871820000,1,0.00260656063,0.0026037396,confirmed_pivot,-2.0817394587134364,0.0
1786873440000,1786874520000,-1,0.00260013996,0.0026043604099999997,confirmed_pivot,-2.623974205219166,0.0
1786875300000,1786876140000,-1,0.0026011398599999997,0.0026045604299999997,opposite_break,-2.3156848417216453,0.0
1786878240000,1786878360000,1,0.00260836081,0.0026067393,confirmed_pivot,-1.6213477977381352,0.0
1786878780000,1786879440000,1,0.0026086608399999997,0.00260563941,opposite_break,-2.157651174385617,0.0
1786880580000,1786880640000,1,0.0026088608599999998,0.00260583939,confirmed_pivot,-2.1575777425706057,0.0
1786881960000,1786882500000,-1,0.00260433954,0.00260176015,confirmed_pivot,-0.009084777402069477,0.0
1786883580000,1786884120000,-1,0.00260233974,0.00260306028,confirmed_pivot,-1.2770200442775668,0.0
1786887360000,1786887420000,1,0.00260946092,0.00260693928,confirmed_pivot,-1.9658620141357517,0.0
1786888800000,1786889460000,1,0.00261156113,0.00261143883,confirmed_pivot,-1.0468068116789866,0.0
1786891080000,1786892040000,1,0.00261856183,0.0026137386,opposite_break,-2.8410175882689273,0.0
1786892940000,1786893240000,1,0.00261996197,0.0026198379900000002,confirmed_pivot,-1.0472976369194642,0.0
1786897260000,1786897320000,1,0.00262506248,0.0026223377400000003,confirmed_pivot,-2.0374524990352234,0.0
1786899060000,1786899300000,-1,0.00261523845,0.00261606158,confirmed_pivot,-1.3149011383646376,0.0
1786900080000,1786900320000,-1,0.00261453852,0.0026152615,confirmed_pivot,-1.276661248043063,0.0
1786901700000,1786901820000,-1,0.0026117388,0.0026143614099999996,confirmed_pivot,-2.0046645189019663,0.0
1786902300000,1786904400000,-1,0.0026119387799999998,0.00260116009,confirmed_pivot,3.1287642067168826,0.0
1786905720000,1786906800000,-1,0.0025949404800000003,0.0025852585,confirmed_pivot,2.7329646150497005,0.0
1786911840000,1786911960000,1,0.0025958595599999998,0.0025937406,confirmed_pivot,-1.8158763873958597,0.0
1786912860000,1786914180000,-1,0.002589741,0.00257275725,confirmed_pivot,5.561367285377174,0.0
1786915380000,1786915680000,-1,0.00256204377,0.00256285626,confirmed_pivot,-1.3172842925318116,0.0
1786917660000,1786918380000,-1,0.0025447455,0.00256095607,opposite_break,-7.373397766102701,0.0
1786919460000,1786921440000,1,0.00256955693,0.0025726427099999997,confirmed_pivot,0.20029919321531153,0.0
1786921920000,1786922700000,1,0.00257605758,0.0025776422100000002,confirmed_pivot,-0.3851699211629015,0.0
1786929420000,1786930440000,1,0.0025848584599999997,0.00259364061,confirmed_pivot,2.395837358537773,0.0
1786933620000,1786933740000,1,0.00259715969,0.00259534044,confirmed_pivot,-1.7001265197520428,0.0
1786934160000,1786934280000,1,0.00260396037,0.00260313966,confirmed_pivot,-1.3150200189106946,0.0
1786934460000,1786934700000,1,0.00260696067,0.00260523945,confirmed_pivot,-1.6599099901265826,0.0
1786934880000,1786935300000,1,0.00261096107,0.00261383859,confirmed_pivot,0.10154121907308955,0.0
1786936560000,1786937220000,1,0.00261786176,0.00261123885,opposite_break,-3.5286279994401992,0.0
1786942980000,1786943340000,-1,0.00261083889,0.00260986096,confirmed_pivot,-0.6252472840253084,0.0
1786943460000,1786943640000,-1,0.0026060393700000004,0.00260736071,confirmed_pivot,-1.5072834605717476,0.0
1786944840000,1786944900000,-1,0.0026068392900000003,0.0026088608599999998,confirmed_pivot,-1.775874750989928,0.0
1786945080000,1786945740000,-1,0.00260693928,0.00260616059,confirmed_pivot,-0.7011517103688858,0.0
1786948920000,1786950000000,1,0.00261356133,0.00260993898,opposite_break,-2.3852894070023227,0.0
1786956480000,1786956780000,-1,0.00258094188,0.0025826582399999997,confirmed_pivot,-1.6653455443171619,0.0
1786958640000,1786958760000,-1,0.0025791420599999997,0.0025837583499999997,confirmed_pivot,-2.7907498065461214,0.0
1786961340000,1786961400000,1,0.00258405838,0.0025824417299999997,confirmed_pivot,-1.6253115980298771,0.0
1786961640000,1786962000000,1,0.00258515849,0.00258254172,opposite_break,-2.0117219602268754,0.0
1786962900000,1786963740000,1,0.0025904590199999997,0.0025941405600000004,confirmed_pivot,0.42048154461853426,0.0
1786964820000,1786964940000,1,0.0025952595,0.0025937406,confirmed_pivot,-1.5849667634393165,0.0
1786966860000,1786967040000,1,0.00259465944,0.00259384059,confirmed_pivot,-1.3154327548281861,0.0
1786969500000,1786970160000,-1,0.0025846415099999996,0.0025828582599999998,confirmed_pivot,-0.3097140868097172,0.0
1786970340000,1786971960000,-1,0.00257964201,0.00257115709,confirmed_pivot,2.290829668260753,0.0
1786975920000,1786976040000,1,0.0025873587100000003,0.00258504147,confirmed_pivot,-1.895152794642953,0.0
1786980840000,1786984140000,1,0.00258865884,0.00258104187,opposite_break,-3.860468838605173,0.08049866061145393
1786985160000,1786985340000,-1,0.00258214176,0.00258495847,confirmed_pivot,-2.091387931776398,0.0
1786985700000,1786986120000,-1,0.0025801419600000003,0.00258165814,confirmed_pivot,-1.587928150278883,0.0
1786987680000,1786987800000,1,0.00259405938,0.00258944103,confirmed_pivot,-2.7794661373557195,0.0
1786989060000,1786989480000,1,0.0025924592199999996,0.00259254072,confirmed_pivot,-0.9685783871267724,0.0
1786989780000,1786989960000,1,0.00259415939,0.0025935406199999998,confirmed_pivot,-1.2384050175885166,0.0
1786991880000,1786992000000,1,0.00259575955,0.00259334064,confirmed_pivot,-1.9314038910113835,0.0
1786993860000,1786994280000,-1,0.0025889410799999997,0.0025912591,confirmed_pivot,-1.8958021593910532,0.0
1786994460000,1786995420000,-1,0.00258734124,0.0025859585699999996,confirmed_pivot,-0.46533479480262996,0.0
1786996320000,1786996740000,-1,0.0025837416,0.0025839583699999997,confirmed_pivot,-1.0839396575106002,0.0
1786996860000,1786998060000,-1,0.0025801419600000003,0.00257675765,confirmed_pivot,0.31233172728233716,0.0
1787001060000,1787001240000,1,0.00259515949,0.00259364061,confirmed_pivot,-1.584981603577584,0.0
1787005140000,1787005320000,-1,0.00258744123,0.00258865884,confirmed_pivot,-1.4708198937526022,0.0
1787005800000,1787006220000,-1,0.0025878411899999997,0.00259095907,confirmed_pivot,-2.2054213187635177,0.0
1787006400000,1787009040000,-1,0.00258634134,0.00258815879,opposite_break,-1.7030621584542334,0.0
1787019300000,1787019540000,-1,0.0025627437000000004,0.00256495647,confirmed_pivot,-1.8638696038935376,0.0
1787020020000,1787020740000,-1,0.00256124385,0.0025572557,confirmed_pivot,0.557893081910251,0.0
1787029740000,1787031000000,1,0.0025667566500000003,0.00256154382,opposite_break,-3.0298860762668136,0.0
1787031780000,1787033520000,-1,0.00255184479,0.0025588558599999997,opposite_break,-3.748825305711336,0.0
1787035080000,1787035680000,1,0.00256815679,0.00256014396,opposite_break,-4.118510371401468,0.0
1787040300000,1787040840000,-1,0.00254694528,0.00254515449,confirmed_pivot,-0.29653557574677963,0.0
1787043540000,1787044080000,1,0.0025577557499999997,0.00255654432,confirmed_pivot,-1.473393241320903,0.0
1787044320000,1787044560000,1,0.00256215619,0.00256024395,confirmed_pivot,-1.7459669662059474,0.0
1787046840000,1787047560000,1,0.0025678567600000003,0.00256634334,confirmed_pivot,-1.5890761952003707,0.0
1787048400000,1787048520000,1,0.00256715669,0.00256344363,confirmed_pivot,-2.4456474294913417,0.0
1787049480000,1787049660000,1,0.00256595657,0.00256524345,confirmed_pivot,-1.277776891601961,0.0
1787051520000,1787052360000,1,0.00257455743,0.00258204177,confirmed_pivot,1.9055859243350621,0.0
1787053020000,1787053140000,1,0.00258455843,0.00258314166,confirmed_pivot,-1.5478930553718235,0.0
1787056200000,1787056740000,-1,0.00257284269,0.00257055703,confirmed_pivot,-0.11117658343898251,0.0
1787058120000,1787058780000,-1,0.0025667433,0.0025662566,confirmed_pivot,-0.8102874759622952,0.0
1787059740000,1787059860000,-1,0.00256304367,0.0025675567299999996,confirmed_pivot,-2.761700974060885,0.0
1787060040000,1787060340000,-1,0.00256234374,0.0025672566999999998,confirmed_pivot,-2.918328287991438,0.0
1787060760000,1787061840000,-1,0.00256094388,0.00256615659,opposite_break,-3.036482093859809,0.0
1787062500000,1787062860000,-1,0.00255664431,0.0025667566500000003,opposite_break,-4.957295166334824,0.0
1787064660000,1787064780000,1,0.00259175915,0.00258734124,confirmed_pivot,-2.703746679162034,0.0
1787065620000,1787065740000,1,0.0025913591099999997,0.0025866413100000003,confirmed_pivot,-2.8196787476512313,0.0
1787066820000,1787066940000,1,0.0025969596699999997,0.0025942405500000002,confirmed_pivot,-2.0465162287250713,0.0
1787067120000,1787067420000,1,0.00260015999,0.00259664031,confirmed_pivot,-2.352962961329118,0.0
1787068140000,1787068200000,1,0.00260306028,0.00259714026,confirmed_pivot,-3.273116775459341,0.0
1787071380000,1787071500000,1,0.00261366134,0.00260493948,confirmed_pivot,-4.3353590752504285,0.0
1787075220000,1787075520000,-1,0.00260403957,0.0026027602500000003,confirmed_pivot,-0.5084715014526888,0.0
1787078280000,1787078580000,1,0.0026153615099999998,0.00261433854,confirmed_pivot,-1.3909434741967492,0.0
1787081220000,1787081400000,1,0.0026142614,0.0026127387,confirmed_pivot,-1.5821677396146,0.0
1787082180000,1787082420000,-1,0.00260753922,0.0026075607299999998,confirmed_pivot,-1.0082532814213698,0.0
1787083500000,1787084040000,-1,0.00259764021,0.00260116009,confirmed_pivot,-2.3557073556387387,0.0
1787084460000,1787086860000,-1,0.00259584039,0.0025815581299999998,confirmed_pivot,4.504730254235806,0.0
1787091060000,1787091300000,1,0.00259305928,0.00259214076,confirmed_pivot,-1.3540454115649898,0.0
1787092920000,1787093160000,-1,0.00258154182,0.0025815581299999998,confirmed_pivot,-1.006321088766976,0.0
1787093700000,1787093820000,-1,0.00257714226,0.00258175815,confirmed_pivot,-2.79198409675678,0.0
1787098260000,1787099580000,-1,0.00257354262,0.00257855783,opposite_break,-2.949731691251404,0.0
1787101680000,1787101860000,1,0.0025938593600000003,0.00259134084,confirmed_pivot,-1.9704692470298346,0.0
1787104440000,1787104980000,1,0.0025992599000000003,0.0025930406700000004,opposite_break,-3.3914962813068303,0.0
1787108760000,1787109300000,-1,0.00258364161,0.00259285926,opposite_break,-4.569480685442348,0.0
1787110200000,1787110320000,1,0.00259665964,0.0025947405,confirmed_pivot,-1.7387107653430622,0.0
1787110920000,1787111160000,1,0.00259745972,0.00259614036,confirmed_pivot,-1.5076884580138636,0.0
1787111280000,1787111700000,1,0.0025997599499999998,0.0025960403700000002,confirmed_pivot,-2.430024418215819,0.0
1787113320000,1787113440000,1,0.0025962596,0.0025943405399999997,confirmed_pivot,-1.7387937901125756,0.0
1787113920000,1787114160000,-1,0.00259164081,0.00259475945,confirmed_pivot,-2.2039474405405417,0.0
1787126340000,1787126760000,-1,0.0025881411599999998,0.00258985896,confirmed_pivot,-1.5640538169101683,0.09999763691405457
1787129880000,1787130060000,-1,0.00258344163,0.00258555853,confirmed_pivot,-1.8198205159370278,0.0
1787133720000,1787133840000,-1,0.0025812418500000003,0.0025830582800000002,confirmed_pivot,-1.7040557687378217,0.0
1787135100000,1787135580000,-1,0.0025758423900000002,0.0025822582,opposite_break,-3.4920072477725874,0.0
1787138460000,1787138760000,1,0.0025932592999999998,0.00259284069,confirmed_pivot,-1.1613416348298031,0.0
1787138880000,1787139420000,1,0.00259465944,0.0025943405399999997,confirmed_pivot,-1.1228448501127093,0.0
1787140560000,1787141040000,1,0.00260196017,0.0026011398599999997,confirmed_pivot,-1.3151085302740804,0.0
1787141340000,1787142600000,1,0.00260496047,0.00261223875,confirmed_pivot,1.7926108452615535,0.0
1787142900000,1787143200000,1,0.0026172617,0.00261633834,confirmed_pivot,-1.3526198087106684,0.0
1787147400000,1787147760000,-1,0.00259514046,0.00259645962,confirmed_pivot,-1.5085734665783193,0.0
1787152920000,1787154180000,1,0.00268346832,0.0027352264500000003,confirmed_pivot,18.27812992962786,0.0
1787156340000,1787158620000,1,0.00271547152,0.00271982799,confirmed_pivot,0.603512219859305,0.0
1787160000000,1787160840000,-1,0.00269363061,0.00268416839,confirmed_pivot,2.51456917472437,0.0
1787162760000,1787163180000,-1,0.0026953304399999997,0.0026923692099999996,confirmed_pivot,0.09920125971643667,0.0
1787164020000,1787164260000,1,0.0027072707,0.0027118287899999998,confirmed_pivot,0.6828058439075311,0.0
1787164440000,1787164680000,1,0.00271297127,0.0027115288199999997,confirmed_pivot,-1.5314205833813739,0.0
1787164920000,1787165280000,1,0.00271497147,0.0027148284899999996,confirmed_pivot,-1.0526372050606745,0.0
1787167860000,1787168040000,-1,0.0026984301300000003,0.0027020701799999997,confirmed_pivot,-2.349625467233955,0.0
1787168160000,1787168280000,-1,0.00269683029,0.0027031702899999997,confirmed_pivot,-3.3520834898363754,0.0
1787173380000,1787173980000,1,0.00276907688,0.0028131186600000003,confirmed_pivot,14.896907531870415,0.0
1787174460000,1787175420000,1,0.0028228822600000003,0.00285601437,confirmed_pivot,10.731110579510853,0.0
1787175840000,1787176740000,1,0.0028669866699999997,0.0029141085600000003,confirmed_pivot,15.427815848547553,0.0
1787179260000,1787180340000,1,0.00289008898,0.0028947105,confirmed_pivot,0.5982930878482213,0.0
1787182920000,1787183160000,1,0.0028989898700000002,0.00289621035,confirmed_pivot,-1.9583097439385508,0.0
1787185020000,1787185200000,1,0.00289988996,0.00289651032,confirmed_pivot,-2.164854607103786,0.0
1787185920000,1787187120000,1,0.00291409138,0.0029152084500000002,confirmed_pivot,-0.616857771632307,0.0
1787191380000,1787192760000,1,0.0029397939499999997,0.00291400857,confirmed_pivot,-9.76676656539134,0.0
1787195040000,1787195580000,-1,0.00289441053,0.00288788876,confirmed_pivot,1.2543557029555779,0.0
1787196420000,1787197020000,-1,0.0028851114600000004,0.00289488946,confirmed_pivot,-4.390818391466853,0.0
1787198580000,1787199240000,1,0.00291749172,0.00294290568,confirmed_pivot,7.706538169712372,0.0
1787199420000,1787199660000,1,0.00295239521,0.00294560541,confirmed_pivot,-3.2986099818255497,0.0
1787200860000,1787201700000,1,0.00294999497,0.0029560043699999997,confirmed_pivot,1.036069675061061,0.0
1787203800000,1787204700000,-1,0.00290400957,0.0028976897400000002,confirmed_pivot,1.1773309497046784,0.0
1787204880000,1787205060000,-1,0.00289281069,0.00289398937,confirmed_pivot,-1.4076552067774615,0.0
1787208120000,1787208480000,1,0.00293409338,0.00293400657,confirmed_pivot,-1.029571858752374,0.0
1787211000000,1787211180000,1,0.00294889486,0.00294060591,confirmed_pivot,-3.8094611433518746,0.0
1787211780000,1787212560000,1,0.0029538953599999996,0.0029644035299999996,confirmed_pivot,2.555615428096943,0.0
1787216700000,1787217720000,1,0.0032089208599999997,0.0031531846500000003,opposite_break,-18.360459894607498,0.0
1787219400000,1787219940000,-1,0.00312288768,0.00309750972,confirmed_pivot,7.1305034255986035,0.0
1787220060000,1787221020000,-1,0.00308199177,0.00310161013,opposite_break,-7.3686637229403615,0.0
1787223780000,1787223900000,1,0.00312321229,0.00311728824,confirmed_pivot,-2.895832695701846,0.0
1787224920000,1787225160000,1,0.0031331132799999996,0.00312898707,confirmed_pivot,-2.3163095382876566,0.0
1787225580000,1787226720000,1,0.00315311528,0.00314258571,confirmed_pivot,-4.337748315691108,0.0
1787229300000,1787229420000,-1,0.00311418855,0.0031243124,confirmed_pivot,-4.252504388342182,0.0
1787229600000,1787229720000,-1,0.0031116888000000003,0.00312461243,confirmed_pivot,-5.155329355236242,0.0
1787230200000,1787230260000,-1,0.0031059893700000002,0.00311761173,confirmed_pivot,-4.743789754180525,0.0
1787235960000,1787236320000,-1,0.00310428954,0.00311311128,confirmed_pivot,-3.8432112263600517,0.0
1787237340000,1787237460000,-1,0.00310778919,0.00311811178,confirmed_pivot,-4.323182707576235,0.0
1787237760000,1787238240000,-1,0.00310488948,0.00315811578,opposite_break,-18.151307153773498,0.0
1787238720000,1787241060000,1,0.00317561753,0.00318408156,confirmed_pivot,1.6639851635407767,0.0
1787241180000,1787241600000,1,0.0032013200999999997,0.00320977899,confirmed_pivot,1.5407201719691088,-0.10027175976560421
1787243940000,1787245620000,1,0.0032084208100000003,0.0031909808700000004,opposite_break,-6.432959409710313,0.0
1787245620000,1787245680000,-1,0.0031909808700000004,0.00319981995,confirmed_pivot,-3.7714047499130725,0.0
1787247180000,1787247780000,1,0.0032049204600000003,0.0032072792400000003,confirmed_pivot,-0.26438092944123603,0.0
1787250720000,1787253420000,-1,0.0031260873600000003,0.0031278127500000003,opposite_break,-1.552208718504881,0.0
1787256060000,1787256180000,1,0.00313061303,0.00312788718,confirmed_pivot,-1.870272706620638,0.0
1787256300000,1787256840000,1,0.0031423142,0.0031430856600000003,confirmed_pivot,-0.7546157955813474,0.0
1787256960000,1787257260000,1,0.00315361533,0.0031542845400000003,confirmed_pivot,-0.7879020346465405,0.0
1787257440000,1787259120000,1,0.00316001597,0.0031874812200000002,confirmed_pivot,7.687145139649488,0.0
1787260260000,1787260800000,1,0.0032200219699999996,0.00323957601,confirmed_pivot,5.069605475393841,0.0
1787267220000,1787269560000,1,0.0032165216199999997,0.003219678,opposite_break,-0.019188370945733335,0.0
1787272500000,1787273040000,-1,0.0032056794,0.00318561853,confirmed_pivot,5.261044206416937,0.0
1787276640000,1787277060000,1,0.00324172414,0.0032466752999999998,confirmed_pivot,0.5265593882395543,0.0
1787281980000,1787282100000,1,0.00324392436,0.0032280771600000004,confirmed_pivot,-5.882751458483285,0.0
1787286180000,1787286360000,1,0.00325012498,0.00324027594,confirmed_pivot,-4.0288421339415645,0.0
1787286960000,1787288160000,1,0.0032539253600000003,0.00330446952,confirmed_pivot,14.525521433595458,0.0
1787288880000,1787289720000,1,0.0033386338300000003,0.00332576739,confirmed_pivot,-4.851876975679073,0.0
1787290200000,1787290560000,1,0.00334243421,0.0033493650300000003,confirmed_pivot,1.0725477764901876,0.0
1787291040000,1787291220000,1,0.0033763376,0.00336946302,confirmed_pivot,-3.03508757832744,0.0
1787291880000,1787292780000,1,0.0033765376200000003,0.0034036596,confirmed_pivot,7.028466453159117,0.0
1787294100000,1787294460000,1,0.0034509450599999997,0.00341485848,opposite_break,-11.45178525965861,0.0
1787300100000,1787300460000,1,0.00349304927,0.0034928506800000004,confirmed_pivot,-1.0568244790316617,0.0
1787300820000,1787301420000,1,0.0035111510800000002,0.00352134783,confirmed_pivot,1.9026525469247773,0.0
1787302320000,1787302860000,1,0.0035425542200000003,0.00352004796,confirmed_pivot,-7.349940035639056,0.0
1787307060000,1787307960000,1,0.0036229622600000002,0.00369353061,confirmed_pivot,18.468341308363485,0.0
1787310420000,1787310540000,1,0.00367096706,0.00364653531,confirmed_pivot,-7.652071164321519,0.0
1787311440000,1787313060000,-1,0.0035935406100000003,0.00353415338,confirmed_pivot,15.534368207682533,0.0
1787315820000,1787316300000,1,0.0036009600599999996,0.0036187380900000003,confirmed_pivot,3.9345565318490996,0.0
1787319720000,1787320980000,1,0.00363756372,0.00362903706,confirmed_pivot,-3.342885878023873,0.0
1787322540000,1787323140000,1,0.00367226719,0.00366723324,confirmed_pivot,-2.3701162700527467,0.0
1787323560000,1787324160000,1,0.00369606957,0.00370432953,confirmed_pivot,1.233678198865751,0.0
1787325300000,1787326200000,1,0.0037555755200000002,0.00367843212,opposite_break,-21.53076229978199,0.0
1787328480000,1787329020000,-1,0.00368073189,0.0037345734199999998,opposite_break,-15.635255263050372,0.0
1787329680000,1787330160000,1,0.00378057802,0.0037868212800000003,confirmed_pivot,0.6505778579330106,0.0
1787330880000,1787331300000,1,0.00380128009,0.00379742022,confirmed_pivot,-2.014905498584219,0.0
1787331660000,1787332260000,1,0.00382468243,0.0039442055400000006,confirmed_pivot,30.234841227066457,0.0
1787333640000,1787334000000,1,0.00393259322,0.00392980698,confirmed_pivot,-1.708145166359258,0.0
1787335020000,1787335620000,1,0.0039783978,0.00402669729,confirmed_pivot,11.134367321186355,0.0
1787336400000,1787336760000,1,0.00406160612,0.00406109385,confirmed_pivot,-1.1260619198101967,0.0
1787339880000,1787340240000,-1,0.0037468252800000003,0.00375757572,confirmed_pivot,-3.870647659343188,0.0
1787341620000,1787341800000,-1,0.00376582338,0.0037780777700000003,confirmed_pivot,-4.255733463261984,0.0
1787343960000,1787345880000,1,0.0038567856399999998,0.00381851811,opposite_break,-10.917169323156852,0.0
1787347440000,1787347560000,1,0.00386908687,0.0038561143500000002,confirmed_pivot,-4.351187030856105,0.0
1787349000000,1787349120000,1,0.0039320931699999995,0.00392500746,confirmed_pivot,-2.8011188542104977,0.0
1787349840000,1787350080000,1,0.00398699866,0.00398410155,confirmed_pivot,-1.726276001557622,0.0
1787350380000,1787351940000,1,0.003999599919999999,0.00402149781,confirmed_pivot,4.472282601455966,0.0
1787352540000,1787353140000,1,0.00405400536,0.00410728923,confirmed_pivot,12.136940713122371,0.0
1787353500000,1787353740000,1,0.00414421438,0.00413298666,confirmed_pivot,-3.7078971093188633,0.0
1787353860000,1787354460000,1,0.00416881684,0.0041765823,confirmed_pivot,0.8618177693795297,0.0
1787355180000,1787355360000,1,0.00421702166,0.00416068389,confirmed_pivot,-14.352931441902905,0.0
1787359260000,1787360640000,-1,0.004083691590000001,0.00411861182,opposite_break,-9.555418386773667,0.0
1787362680000,1787362800000,1,0.00414851481,0.0041305869,confirmed_pivot,-5.319364125639913,0.0
1787364120000,1787364480000,1,0.0041834183,0.00422147781,confirmed_pivot,8.093157202328943,0.0
1787365560000,1787365980000,1,0.00428982894,0.00421217874,opposite_break,-19.091950981150195,0.0
1787371920000,1787373000000,1,0.0043054305,0.0044510548499999995,confirmed_pivot,32.80650037783676,0.0
1787376180000,1787376360000,-1,0.00393530643,0.003995699530000001,confirmed_pivot,-16.354152878509183,0.0
1787376720000,1787377920000,-1,0.00396180378,0.00409800976,opposite_break,-35.39697939558226,0.0
1787379180000,1787380800000,-1,0.00400969899,0.0040888088399999994,opposite_break,-20.739487957174347,0.0
1787380800000,1787380980000,1,0.0040888088399999994,0.00408129183,confirmed_pivot,-2.837515958559555,0.0
1787381700000,1787383560000,1,0.00413321328,0.00424977498,confirmed_pivot,27.187129784408338,0.0
1787383800000,1787384520000,1,0.00425092505,0.00418918104,opposite_break,-15.517578472713799,0.0
1787387100000,1787388000000,-1,0.00412338762,0.004058305789999999,confirmed_pivot,14.791474611596385,0.0
1787388180000,1787388240000,-1,0.00404419554,0.00408410837,confirmed_pivot,-10.87409882139372,0.0
1787389440000,1787389980000,-1,0.00403919604,0.00414601456,opposite_break,-27.458713120544743,0.0
1787390700000,1787390940000,-1,0.00408789117,0.004095109469999999,confirmed_pivot,-2.7666588589733605,0.0
1787393040000,1787394360000,-1,0.00402049791,0.00392889285,confirmed_pivot,21.795898563220604,0.0
1787400720000,1787401020000,1,0.0040506050200000004,0.00403589637,confirmed_pivot,-4.629407360730628,0.0
1787401380000,1787401620000,1,0.00405710567,0.00405849411,confirmed_pivot,-0.6579468485966959,0.0
1787404860000,1787404980000,-1,0.00397230273,0.003995699530000001,confirmed_pivot,-6.892929112177825,0.0
1787408280000,1787408400000,-1,0.0039688030800000005,0.003989398900000001,confirmed_pivot,-6.192023261078546,0.0
1787409480000,1787409600000,1,0.00404000396,0.004018098150000001,confirmed_pivot,-6.419513770723972,0.0
1787412360000,1787415000000,1,0.00402420238,0.00402049791,confirmed_pivot,-2.3167944384049752,-0.39670707316663334
1787415420000,1787415900000,1,0.00408060802,0.004107189240000001,confirmed_pivot,5.510777134139029,0.0
1787416380000,1787416500000,1,0.00411861182,0.00411108885,confirmed_pivot,-2.8256657445808653,0.0
1787417040000,1787417400000,1,0.00414701466,0.0041545845,confirmed_pivot,0.824458242932741,0.0
1787422140000,1787423580000,-1,0.004081491810000001,0.00409060902,confirmed_pivot,-3.2349104272732783,0.0
1787424240000,1787424420000,-1,0.00406899306,0.00406980694,confirmed_pivot,-1.2001200120013236,0.0
1787424720000,1787424900000,-1,0.00405019494,0.0040594059,confirmed_pivot,-3.2753387470284205,0.0
1787426880000,1787427360000,1,0.00410961092,0.00412648731,confirmed_pivot,3.104513087336269,0.0
1787427720000,1787427960000,1,0.00414481444,0.00414438552,confirmed_pivot,-1.1034317811342182,0.0
1787429280000,1787429700000,1,0.00417511747,0.004167783180000001,confirmed_pivot,-2.755788407792793,0.0
1787432220000,1787432400000,-1,0.00411348861,0.00412201216,confirmed_pivot,-3.0731336788603385,0.0
1787432520000,1787432760000,-1,0.00410438952,0.00409260922,confirmed_pivot,1.8716061408323563,0.0
1787433180000,1787433360000,-1,0.00405839412,0.00406630659,confirmed_pivot,-2.9506302248928775,0.0
1787435280000,1787435940000,-1,0.004044795479999999,0.00402670263,confirmed_pivot,3.4753551853255,0.0
1787436180000,1787436240000,-1,0.00400469949,0.00402900286,confirmed_pivot,-7.07174689279871,0.0
1787441760000,1787441880000,-1,0.0040375962,0.0040521051700000005,confirmed_pivot,-4.595264054637346,0.0
1787444820000,1787444940000,1,0.00408470843,0.0040775922,confirmed_pivot,-2.7412924341825136,0.0
1787445180000,1787445900000,1,0.004110611019999999,0.0041245875000000005,confirmed_pivot,2.398397876138935,0.0
1787450280000,1787450340000,-1,0.0040932906299999995,0.00410211017,confirmed_pivot,-3.1557105438175626,0.0
1787451060000,1787451180000,-1,0.00407909205,0.004086508609999999,confirmed_pivot,-2.819098022070664,0.0
1787451840000,1787452200000,-1,0.00405939402,0.0040621061699999995,confirmed_pivot,-1.6684510204307785,0.0
1787453940000,1787454060000,-1,0.00407539242,0.00408320828,confirmed_pivot,-2.91877667819789,0.0
1787454300000,1787455080000,-1,0.0040669932599999995,0.00404420438,confirmed_pivot,4.606174631329297,0.0
1787455260000,1787456760000,-1,0.00402189777,0.0039992998899999995,confirmed_pivot,4.621520046741736,0.0
1787464500000,1787465880000,-1,0.00396110385,0.00397159712,opposite_break,-3.6504017649019973,0.0
1787466480000,1787467320000,-1,0.003889611,0.00387058702,confirmed_pivot,3.893417873921054,0.0
1787468220000,1787468820000,-1,0.00383931603,0.00389558952,opposite_break,-15.66449396326463,0.0
1787472540000,1787475240000,1,0.00393569353,0.00396370359,confirmed_pivot,6.113372714770285,0.0
1787475720000,1787475840000,1,0.0039925992199999994,0.0039818017800000004,confirmed_pivot,-3.703011418210666,0.0
1787481300000,1787481420000,1,0.00402250221,0.00401009895,confirmed_pivot,-4.0819270500786295,0.0
1787481720000,1787482380000,1,0.004030603020000001,0.00400219974,opposite_break,-8.043382396910022,0.0
1787484780000,1787486220000,1,0.00404900486,0.00407319264,confirmed_pivot,4.97077231218726,0.0
1787489400000,1787489760000,-1,0.00404869509,0.00404420438,confirmed_pivot,0.10972924735608758,0.0
1787492400000,1787492520000,1,0.00410521048,0.00409379058,confirmed_pivot,-3.780415305282804,0.0
1787493600000,1787495040000,1,0.00412751271,0.0041098889699999995,opposite_break,-5.267685981274692,0.0
1787501100000,1787501220000,1,0.00413771373,0.00411688827,confirmed_pivot,-6.030567271747978,0.0
1787505600000,1787505840000,1,0.0041130112600000004,0.00411138882,confirmed_pivot,-1.394268013747324,0.0
1787511600000,1787512320000,1,0.00409810977,0.00406989297,opposite_break,-7.881878032271558,0.0
1787514300000,1787515380000,1,0.00409660962,0.00407499246,opposite_break,-6.274203164127718,0.0
1787515380000,1787515680000,-1,0.00407499246,0.004079507909999999,confirmed_pivot,-2.1086419838428716,0.0
1787516460000,1787516640000,1,0.004099509909999999,0.004091990760000001,confirmed_pivot,-2.833241189798377,0.0
1787516760000,1787517000000,1,0.0040978097400000005,0.00409039092,confirmed_pivot,-2.8095302272380627,0.0
1787518860000,1787519280000,1,0.0041305130100000005,0.00417188277,confirmed_pivot,9.010639119134469,0.0
1787520840000,1787520960000,1,0.00425682564,0.00421717824,confirmed_pivot,-10.309184742647707,0.0
1787526240000,1787527020000,-1,0.004131686789999999,0.0041238123400000005,confirmed_pivot,0.9068210213966386,0.0
1787527440000,1787527680000,-1,0.004107889169999999,0.00411431139,confirmed_pivot,-2.5641685654339863,0.0
1787528160000,1787528760000,-1,0.004098890070000001,0.004088708829999999,confirmed_pivot,1.4851436476805475,0.0
1787529840000,1787530200000,-1,0.0040802919299999995,0.00406630659,confirmed_pivot,2.4292479337378494,0.0
1787530380000,1787531340000,-1,0.0040567942800000005,0.00404070403,confirmed_pivot,2.968230581561703,0.0
1787532300000,1787532540000,-1,0.0040271972400000005,0.00404490445,confirmed_pivot,-5.399105022479516,0.0
1787534160000,1787534340000,-1,0.00403219674,0.0040409040499999995,confirmed_pivot,-3.1605254447479636,0.0
1787534640000,1787535180000,-1,0.00401739822,0.00402410237,confirmed_pivot,-2.669613443249847,0.0
1787535480000,1787537100000,-1,0.00400099986,0.00399099906,confirmed_pivot,1.50082498128352,0.0
1787539260000,1787539620000,1,0.00406390635,0.00403449651,opposite_break,-8.233221572637941,0.0
1787543940000,1787544060000,-1,0.00399030093,0.00400670063,confirmed_pivot,-5.111945474247747,0.0
1787545020000,1787545920000,1,0.00401680164,0.00404499546,confirmed_pivot,6.015462951762871,0.0
1787548500000,1787548680000,1,0.00405190515,0.00403289667,confirmed_pivot,-5.688899432900068,0.0
1787549460000,1787549880000,-1,0.00400519944,0.00400760072,confirmed_pivot,-1.5998404513907838,0.0
1787551500000,1787551680000,-1,0.00400009995,0.004001800139999999,confirmed_pivot,-1.42524939783056,0.0
1787553180000,1787553900000,-1,0.00400269969,0.00398819878,confirmed_pivot,2.6245937938452877,0.0
1787555520000,1787555760000,1,0.00404230419,0.00405799416,confirmed_pivot,2.879501462011385,0.0
1787557740000,1787557860000,1,0.0040374037,0.00402489747,confirmed_pivot,-4.096043352068001,0.0
1787559420000,1787560080000,-1,0.003993100649999999,0.00399149911,confirmed_pivot,-0.5987226693123577,0.0
1787560320000,1787560800000,-1,0.003979801979999999,0.0040257025299999995,opposite_break,-12.539142024096426,0.0
1787563440000,1787564460000,1,0.0040257025299999995,0.004033596600000001,confirmed_pivot,0.9599369069629358,0.0
1787568720000,1787569080000,-1,0.00400999896,0.00401120108,confirmed_pivot,-1.2999305166902126,0.0
1787569320000,1787569440000,-1,0.00400019994,0.00400510047,confirmed_pivot,-2.2256838004452364,0.0
1787574420000,1787574600000,1,0.0040758075399999994,0.0040661933400000004,confirmed_pivot,-3.3576660099115,0.0
1787577780000,1787578020000,1,0.00416531649,0.0041515848,confirmed_pivot,-4.295025525179282,0.0
1787579460000,1787580720000,-1,0.00404819514,0.00410291025,opposite_break,-14.52268496498414,0.0
1787584080000,1787585160000,1,0.00416351631,0.0041625837,confirmed_pivot,-1.2238837620887157,0.0
1787587020000,1787587260000,-1,0.00409779018,0.00409270923,confirmed_pivot,0.34018537645084174,0.09964102163961945
1787592060000,1787593020000,-1,0.00402119784,0.00396679664,confirmed_pivot,12.535369998109818,0.0
1787596260000,1787597580000,1,0.00405460542,0.00401039892,opposite_break,-11.897335788102499,0.0
1787601180000,1787602020000,-1,0.003988301130000001,0.0040027002300000005,confirmed_pivot,-4.6121393747416475,0.0
1787605260000,1787605680000,1,0.0040376037200000004,0.00402869709,confirmed_pivot,-3.2048168424514056,0.0
1787610600000,1787610660000,-1,0.0040185981,0.00402920288,confirmed_pivot,-3.640244713697416,0.0
1787611260000,1787611920000,1,0.004039203880000001,0.004020997859999999,opposite_break,-5.505075141193771,0.0
1787612400000,1787613660000,-1,0.0040146984899999995,0.00401920188,confirmed_pivot,-2.1222864447288785,0.0
1787614860000,1787616180000,1,0.00403750371,0.00403949601,confirmed_pivot,-0.6070446087590573,-0.10024634751357295
1787618220000,1787620320000,1,0.00404550451,0.0040905909,opposite_break,10.13924028353139,0.0
1787622000000,1787622120000,1,0.00412321228,0.00410998896,confirmed_pivot,-4.205439701494138,0.0
1787625480000,1787627880000,1,0.00419661962,0.00423417654,confirmed_pivot,7.944852033075138,0.0
1787628540000,1787628900000,1,0.004268926849999999,0.00429037092,confirmed_pivot,4.020781268482123,0.0
1787632680000,1787634180000,-1,0.004168383120000001,0.00419871983,opposite_break,-8.281451220107495,0.0
1787635560000,1787635860000,1,0.00425192515,0.00424707525,confirmed_pivot,-2.140065941659443,0.0
1787638620000,1787639340000,-1,0.00419498046,0.00419451941,confirmed_pivot,-0.89003988709878,0.0
1787640600000,1787641200000,-1,0.0041721827400000005,0.0041401139699999995,confirmed_pivot,6.690172359277086,0.0
1787643240000,1787643720000,-1,0.00415428453,0.00415321528,confirmed_pivot,-0.7424864336386434,0.0
1787645160000,1787645880000,-1,0.00405609435,0.00408500846,opposite_break,-8.132123801558045,0.0
1787647260000,1787647440000,-1,0.004081191840000001,0.004088408799999999,confirmed_pivot,-2.769230353062442,0.0
1787647800000,1787648280000,-1,0.0040752924299999995,0.00406970693,confirmed_pivot,0.37126177961161155,0.0
1787649540000,1787650020000,1,0.00409090905,0.00408639132,confirmed_pivot,-2.1037818440379263,0.0
1787653140000,1787653260000,-1,0.00402829713,0.00404190415,confirmed_pivot,-4.379548000224221,0.0
1787659560000,1787660940000,-1,0.00400279968,0.00398949891,confirmed_pivot,2.3245281924776053,0.0
1787665860000,1787667060000,-1,0.003934106549999999,0.00398129809,opposite_break,-13.00148881834446,0.0
1787668020000,1787668500000,1,0.0039795979199999994,0.003983801580000001,confirmed_pivot,0.05577454166555551,0.0
1787673540000,1787673780000,1,0.003991099069999999,0.00398440152,confirmed_pivot,-2.77730898195907,-0.10002633184447612
1787675460000,1787675580000,-1,0.00394540542,0.0039595959200000004,confirmed_pivot,-4.598513647806685,0.0
1787677020000,1787677980000,-1,0.00395950401,0.00393179314,confirmed_pivot,6.002070300971921,0.0
1787678640000,1787679060000,-1,0.00392240772,0.003923492309999999,confirmed_pivot,-1.2766495409099212,0.0
1787681640000,1787681820000,1,0.00396049601,0.003956004359999999,confirmed_pivot,-2.1335459406258988,0.0
1787682240000,1787682420000,1,0.0039673967,0.00396620334,confirmed_pivot,-1.3006413046619354,0.0
1787686080000,1787686560000,-1,0.00394410555,0.00393749371,confirmed_pivot,0.6772233491571313,0.0
1787688240000,1787688840000,-1,0.00391770819,0.0039043904,confirmed_pivot,2.4010825331531347,0.0
1787689740000,1787690040000,-1,0.0038965103100000002,0.0038920891700000002,confirmed_pivot,0.13520822943748,0.0
1787690340000,1787691060000,-1,0.0038771122499999997,0.0038453845,confirmed_pivot,7.187437409118001,0.0
1787691180000,1787692320000,-1,0.00383681628,0.00379677964,confirmed_pivot,9.440077240289403,0.0
1787694720000,1787695020000,-1,0.0038156184,0.00381568153,confirmed_pivot,-1.0165534281415949,0.0
1787698980000,1787699220000,1,0.00386148611,0.0038593140300000003,confirmed_pivot,-1.5622172133100378,0.0
1787701320000,1787701620000,-1,0.00383091687,0.00382288225,confirmed_pivot,1.0983585869354047,0.0
1787702160000,1787703120000,-1,0.00381441852,0.00382218218,confirmed_pivot,-2.9362064732215085,0.10015681236782585
1787704800000,1787704980000,-1,0.00381421854,0.00381798176,confirmed_pivot,-1.9871226754615723,0.0
1787706120000,1787706480000,1,0.00384218418,0.0038485151100000003,confirmed_pivot,0.646918585511516,0.0
1787708400000,1787708640000,1,0.00385428539,0.00385151481,confirmed_pivot,-1.7184716308721186,0.0
1787708940000,1787709060000,1,0.00385758572,0.00385401456,confirmed_pivot,-1.925287130106794,0.0
1787710740000,1787711460000,1,0.0038632862899999998,0.00387301266,confirmed_pivot,1.5163827076869545,0.0
1787712240000,1787713440000,1,0.00387768773,0.00386931303,confirmed_pivot,-3.15863505079096,0.0
1787715120000,1787715360000,-1,0.0038536145999999998,0.0038570856699999996,confirmed_pivot,-1.9011813311585017,0.0
1787716200000,1787716380000,-1,0.00384841512,0.0038502849899999998,confirmed_pivot,-1.4861234759413953,0.0
1787717640000,1787717820000,-1,0.00384131583,0.00384778474,confirmed_pivot,-2.6848769383797824,0.0
1787719620000,1787720580000,-1,0.00384641532,0.00383508347,confirmed_pivot,1.9475537563635612,0.0
1787720700000,1787721720000,-1,0.00382681728,0.0038194819100000003,confirmed_pivot,0.9177915087180826,0.0
1787724360000,1787724660000,1,0.0038578857499999997,0.00386121384,confirmed_pivot,-0.13775934007365753,0.0
1787726040000,1787726460000,-1,0.0038236176000000003,0.0038245824199999996,confirmed_pivot,-1.2524578843865886,0.0
1787728860000,1787729220000,-1,0.00382431753,0.003830383,confirmed_pivot,-2.586819788732414,0.0
1787729400000,1787729940000,-1,0.0038186181,0.00381848181,confirmed_pivot,-0.9642912327368685,0.0
1787730960000,1787731500000,-1,0.0038078191799999998,0.0038129812600000003,confirmed_pivot,-2.25621013338152,0.10012030035522855
1787732520000,1787732760000,-1,0.00381021894,0.0038133813,confirmed_pivot,-1.8303830383038284,0.0
1787733840000,1787734380000,1,0.00382678264,0.0038128186800000003,opposite_break,-4.647183373864086,0.0
1787735700000,1787736420000,-1,0.00379932003,0.00377887785,confirmed_pivot,4.383174075493715,0.0
1787736600000,1787736720000,-1,0.00377512245,0.00378067803,confirmed_pivot,-2.472364900375568,0.0
1787738100000,1787738160000,-1,0.0037673232300000003,0.00377177714,confirmed_pivot,-2.1828390299813965,0.0
1787738640000,1787739240000,-1,0.00376352361,0.00376467643,confirmed_pivot,-1.3064671646897632,0.0
1787740740000,1787741580000,1,0.00379917988,0.00382091787,confirmed_pivot,4.718897680885782,0.0
1787744880000,1787745060000,-1,0.0037770222600000004,0.0037798779499999997,confirmed_pivot,-1.7564471820188239,0.0
1787749560000,1787751480000,-1,0.00376802316,0.00376477644,opposite_break,-0.13791841980082825,0.0
1787752320000,1787752560000,-1,0.00374222574,0.00374227419,confirmed_pivot,-1.0129533139814877,0.0
1787755200000,1787756460000,-1,0.0037066293,0.00368606857,confirmed_pivot,4.549788959203415,0.0
1787756640000,1787756760000,-1,0.0036685331100000003,0.00368366833,confirmed_pivot,-5.127750017772056,0.0
1787760540000,1787760660000,1,0.0037116711299999996,0.00370402956,confirmed_pivot,-3.0577656121703676,0.0
1787762640000,1787762760000,-1,0.0036599339700000002,0.00366886685,confirmed_pivot,-3.441941989461532,0.0
1787763300000,1787763360000,-1,0.003659634,0.0036656665299999998,confirmed_pivot,-2.64922127868514,0.0
1787768520000,1787768820000,1,0.0037170716699999997,0.00370542942,confirmed_pivot,-4.130536591186985,0.0
1787770500000,1787771040000,1,0.00371947191,0.00371812815,confirmed_pivot,-1.3610964546846123,0.0
1787772780000,1787772900000,1,0.0037330732699999997,0.0037272272400000004,confirmed_pivot,-2.565226975842169,0.0
1787774340000,1787774940000,-1,0.00371082888,0.0037093709,confirmed_pivot,-0.6069048082863179,0.0
1787775240000,1787775360000,-1,0.00370572939,0.00370697066,confirmed_pivot,-1.33512717856609,0.0
1787775480000,1787775900000,-1,0.00369933003,0.00369776974,confirmed_pivot,-0.5780127395121908,0.0
1787780220000,1787780520000,1,0.00379907987,0.00379322064,confirmed_pivot,-2.5415049394578624,0.0
1787782620000,1787783280000,1,0.0038553855,0.0038629136700000003,confirmed_pivot,0.9516611023723369,0.0
1787788680000,1787788740000,1,0.00386478644,0.00385781418,confirmed_pivot,-2.80314591198987,0.0
1787791020000,1787791440000,-1,0.00383241672,0.0038373837,confirmed_pivot,-2.296691840442628,0.0
1787792100000,1787792160000,-1,0.0038225177100000003,0.00382628259,confirmed_pivot,-1.985413993019748,0.0
1787795400000,1787795640000,1,0.0038429842599999996,0.00384411555,confirmed_pivot,-0.7057691943291287,0.0
1787796480000,1787797560000,1,0.0038508850500000003,0.00383101686,opposite_break,-6.156803084787029,0.0
1787798700000,1787798820000,-1,0.00382681728,0.00383028299,confirmed_pivot,-1.9060905189076611,0.0
1787799000000,1787799120000,-1,0.00382551741,0.00383098306,confirmed_pivot,-2.429449206192383,0.0
1787800380000,1787800740000,-1,0.00381611835,0.00380328029,confirmed_pivot,2.365849235257606,0.0
1787801760000,1787803020000,-1,0.00380551941,0.00380188015,confirmed_pivot,-0.04321086355988707,0.0
1787805000000,1787805600000,-1,0.0037984201200000002,0.00378707867,confirmed_pivot,1.9873264058532185,0.0
1787806320000,1787806500000,-1,0.00377942202,0.00378187815,confirmed_pivot,-1.6501941439712486,0.0
1787807880000,1787808060000,-1,0.00377502246,0.0037823782000000004,confirmed_pivot,-2.9495030686519947,0.0
1787811000000,1787812560000,-1,0.00378232173,0.0037934793100000003,opposite_break,-3.9514038167240217,0.0
1787812560000,1787813400000,1,0.0037934793100000003,0.00379832013,confirmed_pivot,0.27545168817584453,0.0
1787815200000,1787815500000,1,0.00380968093,0.00380321964,confirmed_pivot,-2.695170664856663,0.0
1787816580000,1787816700000,1,0.00381748171,0.0038132186399999998,confirmed_pivot,-2.116164735992976,0.0
1787817060000,1787818380000,1,0.00382098206,0.00390700926,confirmed_pivot,21.40298961257104,-0.10017450853982812
1787819220000,1787819640000,1,0.00390379034,0.00394250571,confirmed_pivot,8.912420735945727,0.0
1787822460000,1787823780000,1,0.00393409337,0.00394750521,confirmed_pivot,2.4074265197218097,0.0
1787825280000,1787825400000,1,0.00398319828,0.00397290267,confirmed_pivot,-3.5834672219731276,0.0
1787825520000,1787825640000,1,0.00398459842,0.00396940302,confirmed_pivot,-4.811626843941805,0.0
1787827080000,1787827860000,-1,0.00392520744,0.00392329229,confirmed_pivot,-0.5118455255449708,0.0
1787830080000,1787831580000,-1,0.0039251074500000005,0.0039164916099999995,confirmed_pivot,1.196155909056959,0.0
1787833380000,1787834400000,-1,0.00390430953,0.0038941893800000004,confirmed_pivot,1.5933420486258374,0.0
1787835540000,1787835660000,-1,0.0038918107800000002,0.00389768973,confirmed_pivot,-2.511350321867301,0.0
1787839140000,1787839260000,1,0.003939593920000001,0.00393210675,confirmed_pivot,-2.8995425840744145,0.0
1787839440000,1787839620000,1,0.00394929489,0.003942005760000001,confirmed_pivot,-2.8447559976963923,0.0
1787840460000,1787841840000,1,0.00396009597,0.00399640032,confirmed_pivot,8.162959206011454,0.0
1787843640000,1787843760000,1,0.003999599919999999,0.003983501610000001,confirmed_pivot,-5.022967588467885,0.0
1787844540000,1787844660000,1,0.003995499509999999,0.00398910105,confirmed_pivot,-2.6006160816671886,0.0
1787845620000,1787847060000,-1,0.00396470349,0.00392459242,confirmed_pivot,9.220937237099545,0.09883715162769968
1787847780000,1787848320000,-1,0.00389741022,0.003913091269999999,confirmed_pivot,-5.0254655372149655,0.0
1787853720000,1787853840000,-1,0.00391110885,0.00391729169,confirmed_pivot,-2.581631106994032,0.0
1787854020000,1787855460000,-1,0.00391080888,0.00387158712,confirmed_pivot,9.034080438111276,0.0
1787855580000,1787855760000,-1,0.0038646135,0.0038667866399999997,confirmed_pivot,-1.5625987100649832,0.0
1787858340000,1787858640000,1,0.00390879084,0.00390530943,confirmed_pivot,-1.8902162938449067,0.0
1787859000000,1787859180000,1,0.00392009197,0.0039140085600000004,confirmed_pivot,-2.551077969989491,0.0
1787863980000,1787864160000,-1,0.00389141082,0.00389218918,confirmed_pivot,-1.200120012001248,0.0
1787865600000,1787865780000,-1,0.0038923107299999996,0.0038963896000000003,confirmed_pivot,-2.048454174931884,0.0
1787866140000,1787866380000,-1,0.0038853114300000002,0.00388588855,confirmed_pivot,-1.1486131988137238,0.0
1787866560000,1787867100000,-1,0.00387971199,0.00387728769,confirmed_pivot,-0.37482159597106984,0.0
1787874300000,1787874660000,-1,0.0038906109,0.00389018898,confirmed_pivot,-0.8915000829304702,0.0
1787879880000,1787880900000,1,0.00390669063,0.0039456054,confirmed_pivot,8.95607697121378,0.0
1787882940000,1787884380000,-1,0.00386241372,0.00382158212,confirmed_pivot,9.576809933245592,0.0
1787885220000,1787885640000,-1,0.00381271869,0.00381718168,confirmed_pivot,-2.171138459994845,0.0
1787886540000,1787886720000,-1,0.00380591937,0.00381098106,confirmed_pivot,-2.330616955503201,0.0
1787889960000,1787890320000,-1,0.00380731923,0.00380908087,confirmed_pivot,-1.4629296136010923,0.0
1787890440000,1787890800000,1,0.00382448241,0.0038286171,confirmed_pivot,0.08057044377937161,0.0
1787891640000,1787892000000,-1,0.00380831913,0.00380498046,confirmed_pivot,-0.12288355545449686,0.0
1787896020000,1787896140000,1,0.0038323832,0.00382381758,confirmed_pivot,-3.2339460182374244,0.0
1787897580000,1787897760000,1,0.00383028299,0.00382531743,confirmed_pivot,-2.295746876394617,0.0
1787902800000,1787903160000,-1,0.00378312165,0.0037873787,confirmed_pivot,-2.1258370517902674,0.0
1787908140000,1787908920000,1,0.0038039803599999996,0.00381141882,confirmed_pivot,0.9544635004373594,0.0
1787914500000,1787914980000,1,0.00380198016,0.00381371859,confirmed_pivot,2.085907945663733,0.0
1787915760000,1787916420000,1,0.00382088205,0.00381801816,confirmed_pivot,-1.749161585608223,0.0
1787919120000,1787921100000,-1,0.0037894210199999998,0.00379387935,confirmed_pivot,-2.177108360738479,0.0
1787923440000,1787923680000,-1,0.0037840215599999998,0.0037909790599999996,confirmed_pivot,-2.8395716408127125,0.0
1787923800000,1787924880000,-1,0.00377992197,0.00380118008,opposite_break,-6.626766696191912,0.0
1787924880000,1787925000000,1,0.00380118008,0.0037922207400000003,confirmed_pivot,-3.355810601322454,0.0
1787925300000,1787925600000,1,0.0038099809599999998,0.0037970202599999997,confirmed_pivot,-4.400074642367775,0.0
1787926260000,1787926500000,-1,0.0037447254899999997,0.00374697466,confirmed_pivot,-1.6009237769255986,0.0
1787928900000,1787929140000,1,0.00381788175,0.00381791817,confirmed_pivot,-0.9904654485435047,0.0
1787930520000,1787930580000,1,0.00381218118,0.0038038195800000002,confirmed_pivot,-3.192293284444551,0.0
1787930760000,1787930880000,1,0.0038253824999999997,0.0038111188499999997,confirmed_pivot,-4.7268216119564626,0.0
1787931720000,1787932020000,-1,0.00377442252,0.0037668766499999997,confirmed_pivot,1.0002113952521372,0.0
1787933580000,1787934480000,-1,0.0036893310300000004,0.0036632662900000002,confirmed_pivot,6.068428438095509,0.0
1787937660000,1787937780000,1,0.0037153715,0.00370522944,confirmed_pivot,-3.7283917557100468,0.0
1787940360000,1787940540000,-1,0.00368573139,0.00368706867,confirmed_pivot,-1.363007636321505,0.0
1787941200000,1787942100000,-1,0.00367123284,0.0036607660399999996,confirmed_pivot,1.8524568874799239,0.0
1787942220000,1787942460000,-1,0.00364743522,0.00365196516,confirmed_pivot,-2.242573122381538,0.0
1787942700000,1787943120000,-1,0.00364633533,0.00364546451,confirmed_pivot,-0.7610599873160239,0.0
1787945220000,1787945400000,1,0.0036929692599999998,0.00368713125,confirmed_pivot,-2.580054038955018,0.0
1787949180000,1787949480000,-1,0.00366593337,0.0036673667000000003,confirmed_pivot,-1.3911818683710335,0.0
1787950560000,1787950680000,-1,0.0036652334400000004,0.00366746671,confirmed_pivot,-1.609616460063649,0.0
1787951040000,1787951220000,-1,0.00366323364,0.0036669666599999998,confirmed_pivot,-2.019560005459987,0.0
1787952240000,1787952300000,-1,0.00366083388,0.00366676664,confirmed_pivot,-2.6214137474055934,0.0
1787958660000,1787958960000,1,0.00369146911,0.003689631,confirmed_pivot,-1.4976855799831126,0.0
1787959680000,1787960940000,1,0.00369596956,0.0036895310099999998,opposite_break,-2.7411752506425064,0.0
1787962980000,1787963040000,1,0.00370427039,0.00369813015,confirmed_pivot,-2.656782371116355,0.0
1787965080000,1787965380000,-1,0.00368503146,0.00368506847,confirmed_pivot,-1.010048355190976,0.0
1787965500000,1787965800000,-1,0.00367943202,0.00368096806,confirmed_pivot,-1.4176753400106952,0.0
1787966640000,1787966760000,-1,0.00367403256,0.00367726769,confirmed_pivot,-1.8809795537031886,0.0
1787969700000,1787970600000,-1,0.00367203276,0.00366306627,confirmed_pivot,1.4430537065796178,0.0
1787970900000,1787971020000,-1,0.0036588340800000002,0.0036628662499999997,confirmed_pivot,-2.10258787274647,0.0
1787979360000,1787979480000,1,0.00365656562,0.00365073489,confirmed_pivot,-2.5937946260623073,0.0
1787980440000,1787980560000,1,0.00365706567,0.00365373459,confirmed_pivot,-1.9104059813069187,0.0
1787982000000,1787982120000,1,0.00365906587,0.00365753421,confirmed_pivot,-1.4183838783967815,0.0
1787982300000,1787982540000,1,0.00366256622,0.00366013395,confirmed_pivot,-1.663756972290297,0.0
1787987640000,1787987880000,-1,0.00362293767,0.0036242623900000002,confirmed_pivot,-1.3658308479814916,0.0
1787988420000,1787989200000,-1,0.00362043792,0.00362826279,opposite_break,-3.162385492581522,0.0
1787989200000,1787989320000,1,0.00362826279,0.00362443752,confirmed_pivot,-2.0537707950862227,0.0
1787989860000,1787990760000,-1,0.00361913805,0.00361446141,confirmed_pivot,0.3928427847619527,0.09999950126246221
1787993040000,1787993580000,-1,0.00361203876,0.00360856082,confirmed_pivot,-0.03664406690914335,0.0
1787997540000,1787997600000,1,0.00362756272,0.0036230376600000004,confirmed_pivot,-2.246786842599313,0.0
1787998620000,1787998920000,1,0.00362976294,0.00363023694,confirmed_pivot,-0.8694782530343774,0.0
1787999700000,1787999880000,1,0.00363326329,0.00362993697,confirmed_pivot,-1.9150608074979703,0.0
1788001980000,1788002340000,1,0.00363096306,0.0036306369000000003,confirmed_pivot,-1.0897824942343277,0.0
1788004680000,1788004800000,-1,0.00362013795,0.0036214621099999998,confirmed_pivot,-1.3659590044075045,0.0
1788006360000,1788006540000,-1,0.00361123884,0.00361676164,confirmed_pivot,-2.530101343283145,0.0
1788006840000,1788007020000,-1,0.00361183878,0.0036139613599999996,confirmed_pivot,-1.587966800112726,0.0
1788010620000,1788010800000,1,0.0036263626,0.00362233773,confirmed_pivot,-2.1093368227987,0.0
1788011340000,1788012000000,1,0.0036247624399999997,0.00362673729,confirmed_pivot,-0.45545049981257646,0.0
1788012120000,1788012660000,1,0.00362986295,0.00363303666,confirmed_pivot,-0.1261038808641035,0.0
1788012840000,1788012960000,1,0.0036402639900000003,0.0036356364,confirmed_pivot,-2.270588127044145,0.0
1788013500000,1788013740000,1,0.00364326429,0.00363743622,confirmed_pivot,-2.5988837211148295,0.0
1788014520000,1788015180000,1,0.0036498649499999997,0.0036682331400000002,confirmed_pivot,4.030050743384487,0.0
1788017940000,1788018060000,-1,0.00363553641,0.00363766373,confirmed_pivot,-1.5854386863367416,0.0
1788022560000,1788022860000,-1,0.00363523644,0.00363466343,confirmed_pivot,-0.842294575755243,0.0
1788024120000,1788024660000,-1,0.00363133683,0.0036279627599999998,confirmed_pivot,-0.07038173735038716,0.0
1788028740000,1788028980000,1,0.00365066503,0.003649635,confirmed_pivot,-1.2820075182301331,0.0
1788029220000,1788031320000,1,0.0036521651800000003,0.0036557343899999996,confirmed_pivot,-0.023202615660635972,0.0
1788037320000,1788037620000,-1,0.00364503546,0.00364466443,confirmed_pivot,-0.898158599806939,0.0
1788038760000,1788039000000,-1,0.00364513545,0.00364696466,confirmed_pivot,-1.502073141068076,0.0
1788041940000,1788042420000,-1,0.0036425357100000003,0.00364406437,confirmed_pivot,-1.4198790215840429,0.0
1788044580000,1788044700000,1,0.0036554655100000002,0.00365193477,confirmed_pivot,-1.965396779246418,0.0
1788047400000,1788047580000,1,0.00366066603,0.00365733423,confirmed_pivot,-1.9097071605846327,0.0
1788053160000,1788053580000,-1,0.00363753621,0.00363606357,confirmed_pivot,-0.5949521228271696,0.0
1788054780000,1788055140000,-1,0.00363273669,0.0036307630400000002,confirmed_pivot,-0.4564327135419946,0.0
1788057660000,1788058860000,1,0.00364126409,0.00363473649,opposite_break,-2.7917778108755265,0.0
1788060780000,1788061020000,1,0.00364386435,0.0036426357,confirmed_pivot,-1.3370146517665578,0.0
1788064560000,1788067140000,-1,0.00363253671,0.00364456442,confirmed_pivot,-4.312760424931734,0.0
1788069600000,1788069660000,1,0.00364506447,0.0036406359,confirmed_pivot,-2.2143422294530195,0.0
1788070200000,1788070500000,-1,0.00363853611,0.00363826379,confirmed_pivot,-0.9251192920001092,0.0
1788071760000,1788072240000,1,0.00364576454,0.00365153481,confirmed_pivot,0.5819411269494061,0.0
1788072480000,1788073260000,1,0.00365296526,0.00365493447,confirmed_pivot,-0.46119788858869937,0.0
1788076860000,1788076980000,-1,0.00363253671,0.00363876384,confirmed_pivot,-2.715121982896526,0.0
1788079080000,1788081240000,-1,0.0036361363500000002,0.0036353635,opposite_break,-0.7873466914957451,0.0
1788081540000,1788081660000,-1,0.0036296370000000002,0.0036312630899999997,confirmed_pivot,-1.4482274797726158,0.0
1788081840000,1788082380000,-1,0.00362443752,0.00362346231,confirmed_pivot,-0.73080026911324,0.0
1788084900000,1788085200000,-1,0.00362033793,0.00362466243,confirmed_pivot,-2.195099002815942,0.0
1788085920000,1788087060000,1,0.00363356332,0.0036403359300000004,confirmed_pivot,0.862971166001461,0.0
1788087180000,1788087300000,1,0.00364276424,0.0036414358200000004,confirmed_pivot,-1.3644912770966797,0.0
1788087480000,1788088320000,1,0.00364266423,0.0036406359,confirmed_pivot,-1.5565475451465978,0.0
1788089400000,1788089460000,1,0.00364516448,0.0036405359099999997,confirmed_pivot,-2.2691486873591873,0.0
1788090780000,1788091500000,-1,0.00363523644,0.00365046501,opposite_break,-5.191249877820831,0.0
1788091800000,1788092160000,1,0.00365666563,0.0036566343000000003,confirmed_pivot,-1.0085636309600754,0.0
1788094140000,1788094620000,-1,0.00363333663,0.0036455645199999997,opposite_break,-4.367153993930794,0.0
1788095580000,1788095880000,-1,0.00363583638,0.0036383638,confirmed_pivot,-1.6954888630054508,0.0
1788096780000,1788096960000,1,0.00365416538,0.0036512348400000003,confirmed_pivot,-1.8015714740309656,0.0
1788098580000,1788098700000,1,0.0036783678,0.00366933303,confirmed_pivot,-3.454961848839514,0.0
1788100380000,1788100500000,1,0.0036769676599999997,0.0036668332799999997,confirmed_pivot,-3.754800625578515,0.0
1788101340000,1788101400000,1,0.00367356732,0.00366733323,confirmed_pivot,-2.6961640858129154,0.0
1788102120000,1788102180000,-1,0.00366083388,0.0036682667899999998,confirmed_pivot,-3.0314023249259696,0.0
1788103500000,1788104640000,1,0.00368316828,0.00368003196,confirmed_pivot,-1.8511019865755252,0.0
1788108120000,1788108240000,1,0.00371567153,0.00370912905,confirmed_pivot,-2.759899578636819,0.0
1788108420000,1788110640000,1,0.00372427239,0.0037346265,opposite_break,1.7787798155655778,0.0
1788111600000,1788111660000,1,0.00377487745,0.0037606239,confirmed_pivot,-4.774009464863572,0.0
1788111900000,1788112020000,1,0.0037768776499999997,0.00377002296,confirmed_pivot,-2.814001746919062,0.0
1788112860000,1788113400000,1,0.0037743774,0.0037489250700000003,opposite_break,-7.740079525433671,0.0
1788113400000,1788114540000,-1,0.0037489250700000003,0.00373667363,confirmed_pivot,2.269621422441613,0.0
1788116640000,1788116760000,-1,0.00373802616,0.0037423742,confirmed_pivot,-2.1637730272064797,0.0
1788117720000,1788117900000,-1,0.0037276272,0.003740374,confirmed_pivot,-4.421257737361706,0.0
1788118500000,1788118860000,-1,0.00372432753,0.0037200719699999997,confirmed_pivot,0.14320981323579995,0.0
1788119700000,1788119820000,-1,0.0036999299700000003,0.00370547051,confirmed_pivot,-2.4982203217212877,0.0
1788121800000,1788122880000,-1,0.0036949304699999998,0.00366666663,confirmed_pivot,6.653181067842891,0.0
1788125040000,1788125520000,-1,0.00364003596,0.0036621661800000003,opposite_break,-7.0827105427827695,0.0
1788126420000,1788126960000,-1,0.0036456354,0.0036537653399999997,confirmed_pivot,-3.2311624936491623,0.0
1788130320000,1788130440000,-1,0.00360333963,0.0036077607400000003,confirmed_pivot,-2.2275613761670603,0.0
1788131040000,1788131520000,-1,0.0035956404,0.0035752574900000003,confirmed_pivot,4.6716187344539835,0.0
1788137700000,1788137820000,1,0.0034446444299999998,0.00343985598,confirmed_pivot,-2.3894193935714476,0.0
1788141120000,1788141600000,-1,0.00341405856,0.0034183418,confirmed_pivot,-2.255216202266841,0.0
1788147720000,1788148260000,1,0.0034479447599999997,0.00345195477,confirmed_pivot,0.16243306490804454,0.0
1788148380000,1788148560000,1,0.00345474544,0.00344845512,confirmed_pivot,-2.8198663111919364,0.0
1788153300000,1788154080000,1,0.0034404440100000004,0.00346125384,confirmed_pivot,5.045564184315798,0.0
1788154200000,1788154380000,1,0.00346654662,0.00346495347,confirmed_pivot,-1.4593486254629076,0.0
1788155220000,1788155460000,1,0.00346924689,0.0034656534,confirmed_pivot,-2.035294797079104,0.0
1788157020000,1788157860000,1,0.00348654862,0.00348155181,confirmed_pivot,-2.432451441047154,0.0
1788159000000,1788159060000,1,0.00348414838,0.00348085188,confirmed_pivot,-1.9456691824359171,0.0
1788159180000,1788159360000,1,0.0034858485499999997,0.00348345162,confirmed_pivot,-1.6872735578256115,0.0
1788160380000,1788160860000,1,0.00349274924,0.0034966503,confirmed_pivot,0.11634394629484623,0.0
1788161040000,1788161460000,1,0.0035018501499999998,0.00350854911,confirmed_pivot,0.9120208556041045,0.0
1788161820000,1788163080000,1,0.00351145111,0.0035101489500000004,confirmed_pivot,-1.3706470286011456,0.0
1788163980000,1788164100000,1,0.00353595356,0.0035274472200000004,confirmed_pivot,-3.404467899742339,0.0
1788167220000,1788167520000,1,0.00355075504,0.00355574439,confirmed_pivot,0.40444927031640143,0.0
1788171180000,1788171300000,1,0.00357985795,0.0035723427299999997,confirmed_pivot,-3.0982571082186263,0.0
1788174840000,1788175260000,1,0.0036009600599999996,0.00359314065,confirmed_pivot,-3.170393496394325,0.0
1788180960000,1788181080000,-1,0.00356174379,0.0035662565899999997,confirmed_pivot,-2.267653336738114,0.0
1788185280000,1788185400000,-1,0.0035116488,0.00354705467,confirmed_pivot,-11.087447507563988,0.0
1788188280000,1788188400000,1,0.00360216018,0.0035989400700000003,confirmed_pivot,-1.8934916228515746,0.0
1788192000000,1788192120000,-1,0.00354624534,0.0035493549,confirmed_pivot,-1.877298235660199,0.0
1788192600000,1788192720000,-1,0.00353704626,0.0035519551599999997,confirmed_pivot,-5.217178219772434,0.0
1788194940000,1788195060000,1,0.00356285625,0.0035582441399999998,confirmed_pivot,-2.2938506696699275,0.0
1788196380000,1788196680000,1,0.0035638563499999997,0.0035466453,opposite_break,-5.826918591990906,0.0
1788198000000,1788198300000,1,0.00356715668,0.0035723427299999997,confirmed_pivot,0.4531060561656368,0.0
1788198480000,1788198600000,1,0.0035743574,0.0035701429499999998,confirmed_pivot,-2.1784895307335943,0.0
1788198720000,1788200820000,1,0.00357655762,0.0035680431599999997,opposite_break,-3.3794395824664947,0.0
1788201480000,1788201600000,1,0.0035879587599999996,0.00357804216,confirmed_pivot,-3.762473696882675,0.0
1788201780000,1788202020000,1,0.00358995896,0.00358974099,confirmed_pivot,-1.0606862132484842,0.0
1788211020000,1788211260000,-1,0.00355984398,0.00356375634,confirmed_pivot,-2.0995752066639377,0.0
1788212820000,1788213120000,1,0.00358705867,0.00358354161,confirmed_pivot,-1.9799955321054035,0.0
1788217320000,1788217560000,-1,0.0035566443,0.0035565556199999996,confirmed_pivot,-0.9750539180990341,0.0
1788218700000,1788219300000,-1,0.00355034493,0.00355185515,confirmed_pivot,-1.4255854402292383,0.0
1788219720000,1788220080000,-1,0.00354504546,0.0035453545,confirmed_pivot,-1.0872187743397306,0.0
1788223620000,1788224100000,1,0.0035662565899999997,0.00355324464,opposite_break,-4.646805465839886,0.0
1788224760000,1788224880000,1,0.00356725669,0.00355644432,confirmed_pivot,-4.029488695134979,0.0
1788226260000,1788226500000,-1,0.0035426457000000003,0.0035473546999999998,confirmed_pivot,-2.329897172612955,0.0
1788228240000,1788228900000,-1,0.0035486451,0.0035467546399999997,confirmed_pivot,-0.46700637096665937,0.0
1788229680000,1788229740000,1,0.00355825579,0.00354904506,confirmed_pivot,-3.5872576841925308,0.0
1788230040000,1788230160000,1,0.00355995596,0.00355224474,confirmed_pivot,-3.1650167801514257,0.0
1788230700000,1788230940000,-1,0.00354384558,0.00354445441,confirmed_pivot,-1.1718851460225734,0.0
1788234240000,1788234300000,1,0.0035757575399999997,0.00357054291,confirmed_pivot,-2.4575995790250262,0.0
1788237600000,1788238800000,-1,0.0035439455699999996,0.0035272526899999997,confirmed_pivot,3.712608055094922,0.0
1788241380000,1788243600000,1,0.0035631562800000002,0.00354414555,opposite_break,-6.332694707120848,0.0
1788245580000,1788248580000,-1,0.0035344465199999998,0.00352185215,confirmed_pivot,2.565103365887033,0.0
1788248820000,1788248940000,-1,0.00352014795,0.00352685265,confirmed_pivot,-2.9056165948933983,0.0
1788250680000,1788250860000,-1,0.0034971502500000004,0.00350365033,confirmed_pivot,-2.8596084168816236,0.0
1788250980000,1788252300000,-1,0.0034947504900000002,0.00348174814,confirmed_pivot,2.722397696838191,0.0
1788252660000,1788253500000,-1,0.00346895307,0.00347464743,confirmed_pivot,-2.6423419588089043,0.0
1788258180000,1788258360000,1,0.00349424939,0.00348795117,confirmed_pivot,-2.801551688902097,0.0
1788258660000,1788258840000,1,0.0034994499100000002,0.00348905106,confirmed_pivot,-3.97008125342765,0.0
1788260700000,1788262500000,1,0.00349184915,0.0034966503,confirmed_pivot,0.374271687824857,0.0
1788262620000,1788262800000,1,0.0035073507,0.00350504946,confirmed_pivot,-1.655791101813695,0.0
1788262920000,1788263100000,1,0.00351015098,0.00350394957,confirmed_pivot,-2.765824128453884,0.0
1788263520000,1788267000000,1,0.00351325129,0.0035041495499999998,confirmed_pivot,-3.5893932369409742,0.0
1788267780000,1788267960000,-1,0.0034871512500000003,0.00349154912,confirmed_pivot,-2.261794691297008,0.0
1788269940000,1788270240000,-1,0.00348705126,0.00350045001,confirmed_pivot,-4.8443511079903105,0.0
1788274140000,1788274860000,1,0.00353415338,0.00349695027,opposite_break,-11.52147556906542,0.0
1788280320000,1788280800000,-1,0.003479652,0.0034858485499999997,confirmed_pivot,-2.7816862936292237,0.0
1788283740000,1788284640000,1,0.00349984995,0.0035012498400000002,confirmed_pivot,-0.6002142734718199,0.0
1788287280000,1788287400000,-1,0.00346325364,0.00347314728,confirmed_pivot,-3.8581755334558783,0.0
1788287820000,1788288060000,-1,0.00345375459,0.0034513451000000002,confirmed_pivot,-0.30200751611599935,0.0
1788292980000,1788293160000,-1,0.00347545242,0.00348064803,confirmed_pivot,-2.4956924097381554,0.0
1788295320000,1788295860000,-1,0.0034746524999999997,0.00347684765,confirmed_pivot,-1.6320768983373857,0.0
1788297060000,1788297300000,-1,0.0034616537999999997,0.00345814578,confirmed_pivot,0.013900930820881952,0.0
1788298440000,1788298620000,-1,0.00345635433,0.0034613461,confirmed_pivot,-2.444951937262797,0.0
1788300000000,1788301500000,-1,0.00346075389,0.00345654562,confirmed_pivot,0.21660605429533297,0.0
1788301800000,1788302640000,-1,0.0034492550400000003,0.0034520451699999997,confirmed_pivot,-1.8093124551901476,0.0
1788304500000,1788304620000,-1,0.00345525444,0.00345894586,confirmed_pivot,-2.0688838619943044,0.0
1788305460000,1788306000000,1,0.00346544651,0.00347685228,confirmed_pivot,2.2896387470138393,0.0
1788312540000,1788313320000,-1,0.00346475349,0.0034480447700000003,confirmed_pivot,3.824895741716838,0.0
1788313500000,1788314880000,-1,0.00344085588,0.0034583458,opposite_break,-6.085555911164783,0.0
1788316560000,1788316620000,1,0.00347974794,0.0034755524100000003,confirmed_pivot,-2.2050965493207126,0.0
1788319140000,1788320580000,1,0.00349674964,0.0034828516800000002,opposite_break,-4.972549495994161,0.0
1788325380000,1788325740000,-1,0.00346715325,0.00346544651,confirmed_pivot,-0.5074941178328835,0.0
1788325860000,1788326940000,-1,0.00345375459,0.00347594756,opposite_break,-7.428964741527828,0.0
1788326940000,1788327060000,1,0.00347594756,0.00347055291,confirmed_pivot,-2.5512180727491036,0.0
1788329940000,1788330300000,-1,0.00345435453,0.00345184515,confirmed_pivot,-0.2731971579073228,0.0
1788330660000,1788330900000,-1,0.00344845512,0.0034512450899999996,confirmed_pivot,-1.8094537663577297,0.0
1788335640000,1788335760000,-1,0.0034481551500000003,0.0034533452999999997,confirmed_pivot,-2.5059487897461254,0.0
1788336180000,1788336300000,-1,0.00344335563,0.0034544454099999997,confirmed_pivot,-4.2222419297421325,0.0
1788338520000,1788338760000,-1,0.0034359563700000002,0.0034303429999999998,confirmed_pivot,0.6345308497035684,0.0
1788339540000,1788339660000,-1,0.0034168582800000002,0.0034290428699999998,confirmed_pivot,-4.567804484709131,0.0
1788345180000,1788345360000,-1,0.0034006599,0.00340804077,confirmed_pivot,-3.1715080755355647,0.0
1788345660000,1788345780000,-1,0.0033991600500000003,0.00340644061,confirmed_pivot,-3.142941248088518,0.0
1788347220000,1788347280000,-1,0.0033930606600000002,0.00339853982,confirmed_pivot,-2.6156208595456905,0.0
1788350160000,1788350460000,1,0.00341184115,0.00341005896,confirmed_pivot,-1.522093153428248,0.0
1788351720000,1788352680000,1,0.00341754172,0.0034050594599999997,opposite_break,-4.650582755724228,0.0
1788354900000,1788355020000,-1,0.00338916105,0.0033941393800000002,confirmed_pivot,-2.4696318916447133,0.0
1788356280000,1788356400000,-1,0.0033850614600000003,0.00338993896,confirmed_pivot,-2.4416100882255933,0.0
1788360300000,1788360420000,1,0.00342274224,0.0034136586,confirmed_pivot,-3.6525801662469384,0.0
1788360840000,1788360960000,-1,0.0033983601300000004,0.0034058405500000002,confirmed_pivot,-3.2022857859975744,0.0
1788361080000,1788361380000,-1,0.00340205976,0.00339863983,confirmed_pivot,0.00575539713620965,0.0
1788361740000,1788362160000,-1,0.0033856614,0.00338043801,confirmed_pivot,0.5435689153676511,0.0
1788362280000,1788363300000,-1,0.00337616235,0.00339693966,opposite_break,-7.15719758115295,0.0
1788364740000,1788364920000,1,0.00341114108,0.0034050594599999997,confirmed_pivot,-2.8821001651448412,-0.1001219216649931
1788365280000,1788366120000,1,0.0034173416999999998,0.00341445852,confirmed_pivot,-1.8432690269163545,0.0
1788367980000,1788368700000,-1,0.0033926607000000003,0.00338823879,confirmed_pivot,0.3040269411557657,0.0
1788368820000,1788370140000,-1,0.0033777621900000004,0.00337753772,confirmed_pivot,-0.933511531491106,0.0
1788372600000,1788372780000,1,0.00340084005,0.00339576039,confirmed_pivot,-2.4929017817229635,0.0
1788375300000,1788376260000,1,0.00340684065,0.0034066593,confirmed_pivot,-1.0532045210274341,0.0
1788381360000,1788381660000,1,0.00342294226,0.0034172582399999997,confirmed_pivot,-2.6597352682192423,0.0
1788382440000,1788382500000,1,0.00342274224,0.00341705826,confirmed_pivot,-2.659820580003654,0.0
1788386640000,1788387180000,-1,0.0034026597000000004,0.00339743971,confirmed_pivot,0.5348581566943835,0.0
1788387660000,1788388020000,-1,0.0033908608800000003,0.00339273924,confirmed_pivot,-1.5542247961525701,0.0
1788388140000,1788388680000,-1,0.0033887610899999998,0.00340284025,opposite_break,-5.156740238067478,0.0
1788391200000,1788391800000,1,0.00341914188,0.00342025794,confirmed_pivot,-0.6737479726930826,0.0
1788392940000,1788393300000,1,0.0034208420499999997,0.00342595737,confirmed_pivot,0.49459175994414506,0.0
1788395220000,1788395880000,-1,0.00341175879,0.0034073407,confirmed_pivot,0.2956071390381121,0.0
1788401700000,1788402000000,1,0.00344924489,0.00344205576,confirmed_pivot,-3.083219853664911,0.0
1788403740000,1788404820000,1,0.00347264723,0.0034637535899999998,opposite_break,-3.5597743137301947,0.0
1788408900000,1788409860000,-1,0.00344795517,0.0034420441699999998,confirmed_pivot,0.715206610415521,0.0
1788410100000,1788410760000,-1,0.00343805616,0.00344184415,confirmed_pivot,-2.102333358917636,0.0
1788418980000,1788419280000,1,0.0034587458399999997,0.0034741525500000003,confirmed_pivot,3.4521937596318324,0.0
1788419580000,1788419700000,1,0.0034782477899999997,0.0034746524999999997,confirmed_pivot,-2.0331329370297806,0.0
1788421140000,1788421500000,1,0.00347494746,0.00346895307,confirmed_pivot,-2.7241678828144913,0.0
1788427740000,1788429180000,-1,0.00345975399,0.00345254522,confirmed_pivot,1.0846494883296098,0.0
1788429660000,1788430740000,-1,0.00345045492,0.00345864583,confirmed_pivot,-3.375050723746237,0.0
1788434220000,1788434520000,1,0.00346764673,0.00346255371,confirmed_pivot,-2.4679907978977447,0.0
1788434820000,1788435360000,1,0.00347324729,0.0034787520900000004,confirmed_pivot,0.5841220450502957,0.0
1788435600000,1788435900000,1,0.00348054802,0.0034795520100000003,confirmed_pivot,-1.2860216233992934,0.0
1788436020000,1788436140000,1,0.0034840483700000003,0.00347585238,confirmed_pivot,-3.351256680457707,0.0
1788437760000,1788437820000,1,0.00348924889,0.00348295167,confirmed_pivot,-2.8038470709378704,0.0
1788439980000,1788440400000,1,0.00349514948,0.00350344962,confirmed_pivot,1.373572282808351,0.0
1788441180000,1788442200000,1,0.00350155012,0.00348895107,opposite_break,-4.596335920789302,0.0
1788444900000,1788445140000,1,0.00351355132,0.0035080491600000003,confirmed_pivot,-2.5651995428943684,0.0
1788445440000,1788447240000,1,0.00352715268,0.00369793017,confirmed_pivot,47.393737595447725,0.0
1788449400000,1788450180000,1,0.00375667563,0.0038143185299999998,confirmed_pivot,14.336452817460726,0.0
1788450780000,1788452100000,1,0.00383368333,0.00379752021,opposite_break,-10.528936089773497,-0.10065646188883318
1788453240000,1788453720000,1,0.00382418238,0.00381721824,confirmed_pivot,-2.820168924579325,0.0
1788454260000,1788454680000,1,0.0038543854,0.0038471152499999998,confirmed_pivot,-2.885259041558228,0.0
1788457500000,1788457860000,1,0.00383878384,0.00383731623,confirmed_pivot,-1.3821200297123144,0.0
1788458880000,1788459360000,1,0.0038602859899999997,0.00385681428,confirmed_pivot,-1.898890432985739,0.0
1788462840000,1788463080000,-1,0.00380421954,0.00381218118,confirmed_pivot,-3.093890937745394,0.0
1788463980000,1788465120000,-1,0.0037987200900000003,0.00378587855,confirmed_pivot,2.3821814889236617,0.0
1788466380000,1788467220000,-1,0.00377572239,0.0037833782999999997,confirmed_pivot,-3.028681445247746,0.0
1788468180000,1788471780000,-1,0.0037565243100000003,0.00378217818,confirmed_pivot,-7.8325651099006475,0.0
1788474300000,1788475020000,-1,0.0037136286,0.0036888688499999997,confirmed_pivot,5.670599713444717,0.0
1788475800000,1788476280000,-1,0.00368513145,0.00367126709,confirmed_pivot,2.7641241209998118,0.0
1788477060000,1788478620000,-1,0.00366453351,0.00368206817,opposite_break,-5.787356230234065,0.0
1788479580000,1788479760000,1,0.00370867083,0.00370502946,confirmed_pivot,-1.9813621865707065,0.0
1788482340000,1788482580000,1,0.00371347131,0.00370352961,confirmed_pivot,-3.675859948948978,0.0
1788483300000,1788484020000,-1,0.00367843212,0.00366816678,confirmed_pivot,1.7920788898505293,0.0
1788485160000,1788485280000,-1,0.0036523347300000003,0.00365876584,confirmed_pivot,-2.7617020428464065,0.0
1788485640000,1788485820000,-1,0.00365133483,0.00365556552,confirmed_pivot,-2.159248752051555,0.0
1788486060000,1788486720000,-1,0.00364653531,0.0036608660500000003,opposite_break,-4.931925554287424,0.0
1788487500000,1788488700000,-1,0.00364933503,0.00364826479,confirmed_pivot,-0.7065834977612184,0.0
1788489600000,1788491340000,1,0.00366926689,0.00368333163,confirmed_pivot,2.8312033579001694,0.0
1788494400000,1788495060000,-1,0.00366273369,0.0036639663599999997,confirmed_pivot,-1.336711986013869,0.0
1788496440000,1788496560000,1,0.0036883688,0.00368433153,confirmed_pivot,-2.09404768986223,0.0
1788498120000,1788499080000,-1,0.00365833413,0.0036626662299999997,confirmed_pivot,-2.1847649492857344,0.0
1788499860000,1788499980000,-1,0.0036476352000000003,0.00365516548,confirmed_pivot,-3.0654601479884,0.0
1788500220000,1788500580000,-1,0.0036506349,0.0036498649499999997,confirmed_pivot,-0.788986026786629,0.0
1788501840000,1788502020000,-1,0.00362873709,0.00363226319,confirmed_pivot,-1.9722013368567917,0.0
1788502860000,1788503280000,-1,0.00362913705,0.00362516248,confirmed_pivot,0.09573081154369611,0.0
1788504840000,1788505020000,1,0.0036396639299999998,0.00363673629,confirmed_pivot,-1.8039687829089857,0.0
1788510900000,1788511140000,1,0.00365196516,0.0036501349500000003,confirmed_pivot,-1.5009069952352911,0.0
1788511380000,1788513600000,1,0.0036556655300000003,0.00369253071,confirmed_pivot,9.07935411695057,0.0
1788514740000,1788515580000,1,0.00368846881,0.00366793317,opposite_break,-6.5647406111589035,0.0
1788516420000,1788516780000,-1,0.00365843412,0.00365826579,confirmed_pivot,-0.9539655056027014,0.0
1788517020000,1788517260000,-1,0.0036476352000000003,0.0036487648399999998,confirmed_pivot,-1.3098459023532554,0.0
1788517380000,1788517500000,-1,0.0036466353,0.00364886485,confirmed_pivot,-1.6117049256337288,0.0
1788521220000,1788521400000,1,0.0036823681999999997,0.0036798319799999997,confirmed_pivot,-1.688402612753396,0.0
1788521580000,1788522360000,1,0.0036853685,0.0036876312,confirmed_pivot,-0.38633853032605125,0.0
1788524820000,1788525060000,1,0.00369496946,0.00355634433,confirmed_pivot,-38.49850139086134,0.0
1788525900000,1788526740000,-1,0.00354444552,0.00354305427,confirmed_pivot,-0.6072881873496082,0.0
1788526860000,1788526980000,-1,0.0035286471000000002,0.00354765473,confirmed_pivot,-6.389355545075559,0.0
1788527460000,1788527820000,-1,0.0035246475,0.00352805277,confirmed_pivot,-1.9666137209465486,0.0
1788529020000,1788529080000,-1,0.0035220477600000004,0.00354375434,confirmed_pivot,-7.166138215570267,0.0
1788532680000,1788532800000,-1,0.00351654831,0.0035237523399999997,confirmed_pivot,-3.049632588440022,0.0
1788532920000,1788533160000,-1,0.0035080491600000003,0.00351195116,confirmed_pivot,-2.112855271389537,0.0
1788533280000,1788533520000,-1,0.0034946505,0.0034964496099999997,confirmed_pivot,-1.5150757007030617,0.0
1788536760000,1788537900000,1,0.0035283528,0.00351084888,opposite_break,-5.984513488277051,-0.026061476335359657
1788538740000,1788538980000,1,0.00352585255,0.00352484748,confirmed_pivot,-1.284914769053466,0.0
1788539340000,1788542160000,1,0.00352875284,0.00352604736,opposite_break,-1.7663124572930506,0.0
1788543960000,1788544080000,-1,0.00351844812,0.00352455242,confirmed_pivot,-2.735808499003798,0.0
1788546180000,1788546420000,1,0.0035510550699999997,0.00354874509,confirmed_pivot,-1.6501800069239156,0.0
1788548580000,1788548700000,1,0.00355745571,0.00355204476,confirmed_pivot,-2.5202563196493233,0.0
1788549420000,1788549780000,1,0.0035575557199999997,0.00356084388,confirmed_pivot,-0.07618708499093019,0.0
1788549900000,1788550080000,1,0.00357005697,0.00356704326,confirmed_pivot,-1.8437409179495043,0.0
1788551340000,1788552240000,1,0.0035749574599999996,0.0035848414800000003,confirmed_pivot,1.7634113414039683,0.0
1788554940000,1788555060000,1,0.00358565853,0.00357604236,confirmed_pivot,-3.6805011783985484,0.0
1788556560000,1788556620000,-1,0.0035708428800000002,0.00357585755,confirmed_pivot,-2.4050400713793723,0.0
1788562140000,1788562200000,-1,0.00350754921,0.0035111510800000002,confirmed_pivot,-2.027404241322164,0.0
1788564120000,1788564660000,1,0.00351795176,0.00351754821,confirmed_pivot,-1.1146542796823113,0.0
1788565020000,1788565740000,1,0.00352525249,0.00352244772,confirmed_pivot,-1.7952246322646541,0.0
1788568440000,1788568740000,-1,0.00350454951,0.0035031502799999998,confirmed_pivot,-0.6005393529166034,0.0
1788568920000,1788568980000,-1,0.00349345062,0.00350365033,confirmed_pivot,-3.921126119996509,0.0
1788569280000,1788569460000,-1,0.0034906509000000004,0.00349544951,confirmed_pivot,-2.375390849024633,0.0
1788570180000,1788570240000,-1,0.0034885511100000003,0.00349544951,confirmed_pivot,-2.97842857460663,0.0
1788571680000,1788571800000,-1,0.00349275069,0.00350395036,confirmed_pivot,-4.208150489263766,0.0
1788573000000,1788573120000,-1,0.00348925104,0.0034933493,confirmed_pivot,-2.1751258602476335,0.0
1788573540000,1788574200000,-1,0.00348625134,0.0034838483500000002,confirmed_pivot,-0.3103791836764643,0.0
1788575340000,1788575460000,-1,0.00347575239,0.0034829482600000003,confirmed_pivot,-3.071340857223779,0.0
1788576180000,1788576240000,-1,0.00346045392,0.00346724669,confirmed_pivot,-2.963952285485199,0.0
1788582000000,1788583020000,1,0.0034634463100000003,0.0034744525200000004,confirmed_pivot,2.1762313921938823,0.0
1788583200000,1788583560000,1,0.00347544751,0.00347715225,confirmed_pivot,-0.5097357606186317,0.0
1788584100000,1788584400000,1,0.0034838483500000002,0.00347885208,confirmed_pivot,-2.4334067856312944,0.0
1788586320000,1788586440000,1,0.00347984795,0.0034765523100000004,confirmed_pivot,-1.9465908359586686,0.0
1788589260000,1788589560000,1,0.00349374934,0.00349485048,confirmed_pivot,-0.6849832878966103,0.0
1788589860000,1788590520000,1,0.0035021501799999996,0.0035044495200000003,confirmed_pivot,-0.34377733338646044,0.0
1788590760000,1788591660000,1,0.0035064506099999997,0.00350934903,confirmed_pivot,-0.17381674171068207,0.0
1788592080000,1788592200000,1,0.00351625159,0.0035091490500000003,confirmed_pivot,-3.018908075346146,0.0
1788593340000,1788593520000,1,0.0035196519299999997,0.0035157483899999997,confirmed_pivot,-2.1085153610629876,0.0
1788593880000,1788596040000,1,0.00352295226,0.00351404856,confirmed_pivot,-3.58958010858768,-0.06350325791811894
1788596280000,1788596400000,1,0.00352165213,0.0035145485100000003,confirmed_pivot,-3.0161185511527933,0.0
1788597240000,1788597420000,-1,0.00350644932,0.0035096509299999998,confirmed_pivot,-1.9135197781782616,0.0
1788604500000,1788604560000,1,0.0035360535700000003,0.00353084688,confirmed_pivot,-2.471721667101346,0.0
1788607020000,1788608940000,-1,0.0035244475199999997,0.0035223522,confirmed_pivot,-0.4051925449014138,0.0
1788611640000,1788613080000,1,0.00353455342,0.00357314265,confirmed_pivot,9.91225136583175,0.0
1788614160000,1788614220000,1,0.00358095806,0.0035734426199999997,confirmed_pivot,-3.0976739057369604,0.0
1788616800000,1788616920000,-1,0.00355314465,0.0035623562,confirmed_pivot,-3.593802584141982,0.0
1788617160000,1788617220000,-1,0.00355314465,0.0035586558299999997,confirmed_pivot,-2.551846640974737,0.0
1788620340000,1788620460000,1,0.0035761575800000002,0.00356914305,confirmed_pivot,-2.960490436498079,0.0
1788627300000,1788627600000,1,0.00359075904,0.00358254171,confirmed_pivot,-3.2873217733373763,0.0
1788630720000,1788631320000,1,0.00359505947,0.00365603436,confirmed_pivot,15.9522654808823,0.0
1788637080000,1788637260000,-1,0.0036108388800000003,0.00362056202,confirmed_pivot,-3.6941112282472015,0.0
1788637680000,1788637980000,-1,0.0036108388800000003,0.0036071606799999998,confirmed_pivot,0.01916458260816012,0.0
1788639600000,1788639660000,-1,0.00360473949,0.00361526149,confirmed_pivot,-3.9203943944365927,0.0
1788642600000,1788643860000,1,0.0036313631,0.00364603536,confirmed_pivot,3.038407470186643,0.0
1788645180000,1788645300000,1,0.0036539653599999998,0.00364343562,confirmed_pivot,-3.8802886981938043,0.0
1788650580000,1788650880000,-1,0.00361423854,0.0036136613299999998,confirmed_pivot,-0.8402156917400556,0.0
1788654780000,1788655200000,1,0.00362816278,0.00362453751,confirmed_pivot,-1.9987030860285562,0.0
1788657660000,1788657720000,1,0.00363606357,0.0036318367799999998,confirmed_pivot,-2.1618819428397074,0.0
1788658680000,1788659040000,1,0.00364366433,0.00364393557,confirmed_pivot,-0.9255956763723219,0.0
1788660480000,1788660660000,1,0.00366066603,0.00365673429,confirmed_pivot,-2.0735134256428283,0.0
1788662400000,1788662580000,1,0.00365776574,0.0036557343899999996,confirmed_pivot,-1.5550750018781494,0.0
1788665640000,1788666300000,1,0.0036705670200000004,0.00368343162,confirmed_pivot,2.5030467036669957,0.0
1788670800000,1788672060000,-1,0.0036317367900000003,0.0036373637,opposite_break,-2.550146329574652,0.0
1788672900000,1788673380000,1,0.00364576454,0.00366013395,confirmed_pivot,2.9394275569425146,0.0
1788673560000,1788673680000,1,0.00366096606,0.00365283468,confirmed_pivot,-3.2199917116958963,0.0
1788678600000,1788679020000,-1,0.0036351364499999997,0.00362856282,confirmed_pivot,0.8092627073186813,0.0
1788680280000,1788680400000,-1,0.00361933803,0.00362596256,confirmed_pivot,-2.8312305206264,0.0
1788682740000,1788682860000,-1,0.00362443752,0.00362656262,confirmed_pivot,-1.5866186237913107,0.0
1788683460000,1788684000000,-1,0.0036123387299999998,0.0036173617,confirmed_pivot,-2.3911988494501975,0.0
1788684180000,1788684720000,-1,0.0036105389099999998,0.00361386135,confirmed_pivot,-1.9206662226498548,0.0
1788690720000,1788690840000,-1,0.0036224377199999998,0.0036273627,confirmed_pivot,-2.360255957692579,0.0
1788692100000,1788692220000,1,0.00363786375,0.00363553641,confirmed_pivot,-1.6394347039522377,0.0
1788692340000,1788692460000,1,0.0036391638800000003,0.0036371362500000003,confirmed_pivot,-1.5568906077953313,0.0
1788693540000,1788693660000,1,0.00363956392,0.00363273669,confirmed_pivot,-2.8748994481184975,0.0
1788693900000,1788693960000,1,0.0036437643400000002,0.00363453651,confirmed_pivot,-3.531232874681533,0.0
1788695220000,1788696360000,1,0.00364576454,0.00363003696,opposite_break,-5.311774948033247,0.0
1788696360000,1788696540000,-1,0.00363003696,0.00363496346,confirmed_pivot,-2.357827290551853,0.0
1788697620000,1788697680000,-1,0.00363073689,0.0036343634,confirmed_pivot,-1.999335221726783,0.0
1788698040000,1788698340000,-1,0.00362713725,0.0036301629799999997,confirmed_pivot,-1.8346094058060531,0.0
1788698760000,1788700080000,-1,0.00362143782,0.00362246221,confirmed_pivot,-1.283009745283938,0.0
1788700440000,1788700920000,-1,0.00361713825,0.0035953595,confirmed_pivot,5.023999601065874,0.0
1788704040000,1788704160000,-1,0.00360053991,0.00360516048,confirmed_pivot,-2.283940853470438,0.0
1788704460000,1788704820000,-1,0.00358034193,0.0035814581099999996,confirmed_pivot,-1.311908223246014,0.0
1788709140000,1788710100000,1,0.0035793579,0.00357544242,confirmed_pivot,-2.0933587445949415,0.0
1788712080000,1788712680000,1,0.00359345931,0.0036016398,confirmed_pivot,1.2753561539563403,0.0
1788712860000,1788713700000,1,0.00360576054,0.0036000399600000003,confirmed_pivot,-2.585718088201084,0.0
1788715800000,1788715980000,-1,0.0035848414800000003,0.00358725869,confirmed_pivot,-1.674623583355717,0.0
1788718920000,1788719040000,1,0.00360086005,0.0035976402,confirmed_pivot,-1.8937420589283083,0.0
1788719580000,1788719700000,1,0.00360456042,0.0036004399199999998,confirmed_pivot,-2.142563661063676,0.0
1788721380000,1788721500000,1,0.0036019601599999998,0.00359983998,confirmed_pivot,-1.5883240835178203,0.0
1788723660000,1788723960000,-1,0.0035924407200000003,0.00359615958,confirmed_pivot,-2.0357079545629384,0.0
1788725340000,1788725460000,-1,0.00359224074,0.0035969596600000002,confirmed_pivot,-2.3142992916449514,0.0
1788727800000,1788727980000,1,0.00362766273,0.00362553741,confirmed_pivot,-1.5855718952130866,0.0
1788728400000,1788728820000,1,0.00362686265,0.00362613735,confirmed_pivot,-1.1998800119987174,0.0
1788729240000,1788729600000,1,0.00363896386,0.0036456354,confirmed_pivot,0.8324458517706206,0.0
1788730620000,1788730740000,1,0.00364596456,0.00364323564,confirmed_pivot,-1.748102592637446,0.0
1788730980000,1788731100000,1,0.00365286525,0.00364173579,confirmed_pivot,-4.045252016892714,0.0
1788736200000,1788737040000,1,0.00363716368,0.00364283568,confirmed_pivot,0.5586771723179553,0.0
1788737280000,1788737400000,1,0.00364546451,0.0036427356899999997,confirmed_pivot,-1.748177792574426,0.0
1788737820000,1788738300000,1,0.00364686465,0.00365173479,confirmed_pivot,0.3347643516191391,0.0
1788741000000,1788742020000,1,0.0036673667000000003,0.00365473449,opposite_break,-4.442768320659152,0.0
1788743280000,1788743520000,-1,0.00363323664,0.00364146411,confirmed_pivot,-3.2656338000049088,0.0
1788743640000,1788744540000,-1,0.0036297369899999997,0.00361106107,confirmed_pivot,4.1478269669338985,0.0
1788745020000,1788745920000,-1,0.00360523944,0.00359295926,confirmed_pivot,2.4079068240749297,0.0
1788746700000,1788748140000,-1,0.00358614135,0.00360586055,opposite_break,-6.5014729411042715,0.0
1788752700000,1788754260000,-1,0.00357114285,0.00358215818,opposite_break,-4.086081438887289,0.0
1788756300000,1788756660000,1,0.00359285925,0.00359114085,confirmed_pivot,-1.4780428846468399,0.0
1788757140000,1788757980000,1,0.0035958595500000003,0.00360223974,confirmed_pivot,0.773428526984584,0.0
1788758100000,1788759600000,1,0.0036117611399999997,0.00362703726,confirmed_pivot,3.2274340268249917,0.0
1788761580000,1788761760000,1,0.0036258625499999996,0.0036236376,confirmed_pivot,-1.6133264828253249,0.0
1788762840000,1788763260000,-1,0.00360473949,0.00360256022,confirmed_pivot,-0.39514085801525006,0.0
1788763380000,1788764220000,-1,0.00359734023,0.00359685965,confirmed_pivot,-0.8663400570259555,0.0
1788764700000,1788764820000,-1,0.00359254071,0.00359745971,confirmed_pivot,-2.3699105722868565,0.0
1788765840000,1788766260000,-1,0.00358784118,0.00358645861,confirmed_pivot,-0.6144586073901455,0.0
1788770520000,1788770760000,1,0.00359315928,0.00359344062,confirmed_pivot,-0.9217403660435777,0.0
1788770940000,1788771000000,1,0.0035963595999999997,0.00358774119,confirmed_pivot,-3.395227884052482,0.0
1788772200000,1788772380000,1,0.00359975994,0.00359824014,confirmed_pivot,-1.421983722614573,0.0
1788777780000,1788779400000,1,0.0035983598,0.00359684028,opposite_break,-1.422070144291805,0.0
1788779820000,1788783180000,1,0.0036071606799999998,0.0036187380900000003,confirmed_pivot,2.2079583699056506,0.0
1788783660000,1788783780000,1,0.0036273627,0.0036216378,confirmed_pivot,-2.5774649582188807,0.0
1788784200000,1788784440000,1,0.0036283628000000003,0.00362693727,confirmed_pivot,-1.3926887451828855,0.0
1788784620000,1788785520000,1,0.0036379637599999997,0.00368333163,confirmed_pivot,11.464441389872487,0.0
1788787440000,1788787560000,1,0.0036963696,0.0036869312700000003,confirmed_pivot,-3.5521286710613618,0.0
1788793560000,1788793800000,-1,0.0036329366699999997,0.0036348634500000003,confirmed_pivot,-1.5306295058538792,0.0
1788793920000,1788794400000,-1,0.00362513745,0.00361796176,confirmed_pivot,0.9804153481132607,0.0
1788796380000,1788796740000,-1,0.0035645435100000004,0.0035638563499999997,confirmed_pivot,-0.8071271740485094,0.0
1788798840000,1788799620000,1,0.0036071606799999998,0.00363053691,confirmed_pivot,5.477266736285296,0.0
1788800880000,1788800940000,1,0.00363396336,0.00362713725,confirmed_pivot,-2.8774809399838586,0.0
1788803880000,1788804300000,-1,0.0036167382899999997,0.00361266123,confirmed_pivot,0.12783900933005043,0.0
1788804600000,1788804720000,-1,0.00360713925,0.00361016098,confirmed_pivot,-1.8381270185230227,0.0
1788804840000,1788805020000,-1,0.00360553941,0.00360686065,confirmed_pivot,-1.3666304731917442,0.0
1788806820000,1788806880000,-1,0.0035907408899999997,0.0035954595099999998,confirmed_pivot,-2.314764683563685,0.0
1788807780000,1788807900000,-1,0.00359044092,0.00359265923,confirmed_pivot,-1.6181466857279674,0.0
1788808140000,1788808260000,-1,0.0035905409100000004,0.0035923592,confirmed_pivot,-1.5066643691296902,0.0
1788810480000,1788810900000,1,0.0036294629100000002,0.00363153681,confirmed_pivot,-0.42887884477654614,0.0
1788812400000,1788812760000,1,0.0036283628000000003,0.00362293767,confirmed_pivot,-2.4944529348058087,0.0
1788813240000,1788813480000,1,0.00363386335,0.00363333663,confirmed_pivot,-1.144875189101424,0.0
1788816120000,1788816900000,1,0.00363766373,0.00362543742,opposite_break,-4.359353077146522,0.0
1788817800000,1788818280000,-1,0.00361093887,0.0036312630899999997,opposite_break,-6.631328261726985,0.0
1788818580000,1788818880000,-1,0.00360553941,0.00361486145,confirmed_pivot,-3.586769955733147,0.0
1788819360000,1788819780000,-1,0.0036048394799999997,0.00360596056,confirmed_pivot,-1.3111485396848541,0.0
1788824460000,1788825060000,1,0.0036160615699999997,0.0036292370400000003,confirmed_pivot,2.641774900696877,0.0
1788826680000,1788826800000,1,0.00363186315,0.0036184381200000003,confirmed_pivot,-4.6946098822583515,0.0
1788827700000,1788827940000,1,0.00362876284,0.0036246375,confirmed_pivot,-2.136276332128592,0.0
1788828120000,1788828240000,1,0.0036357635399999998,0.00362943702,confirmed_pivot,-2.739210119258672,0.0
1788828480000,1788829500000,1,0.0036337633400000003,0.0036394360199999997,confirmed_pivot,0.5603227644427224,0.0
1788831480000,1788831600000,1,0.00364826479,0.00364413555,confirmed_pivot,-2.1312707869539698,0.0
1788832800000,1788834180000,1,0.0036554655100000002,0.0036657333899999998,confirmed_pivot,1.8075072879020326,0.0
1788834300000,1788834360000,1,0.0036747674399999998,0.0036656334,confirmed_pivot,-3.4843675495284927,0.0
1788837120000,1788837420000,-1,0.00359444052,0.00359685965,confirmed_pivot,-1.6733564101374938,0.0
1788837600000,1788837840000,-1,0.00358974099,0.0035963595999999997,confirmed_pivot,-2.84467885662125,0.0
1788844080000,1788844920000,1,0.00361806177,0.00362913705,confirmed_pivot,2.0595780458441135,0.0
1788845100000,1788845340000,1,0.00363196316,0.00363213675,confirmed_pivot,-0.9522288092261859,0.0
1788847560000,1788847740000,-1,0.0035892410400000002,0.00359595956,confirmed_pivot,-2.872785690648358,0.0
1788848340000,1788848580000,-1,0.00358354161,0.0035804580100000003,confirmed_pivot,-0.13908023520903118,0.0
1788849300000,1788849900000,-1,0.00357304266,0.00357415738,confirmed_pivot,-1.3121365922901411,0.0
1788852300000,1788852660000,1,0.00360376034,0.003609639,confirmed_pivot,0.6304415709286384,0.0
1788853080000,1788853380000,1,0.00361846181,0.00360943902,confirmed_pivot,-3.4922961961564365,0.0
1788860040000,1788861120000,1,0.00362846281,0.00364303566,confirmed_pivot,3.0142518575242327,0.0
1788861300000,1788863040000,1,0.0036526652299999998,0.00364023594,confirmed_pivot,-4.401098806692369,0.0
1788864540000,1788865260000,-1,0.00361803816,0.0036214621099999998,confirmed_pivot,-1.9468285914927725,0.0
1788865680000,1788866460000,-1,0.0036054394200000003,0.00359625959,confirmed_pivot,1.5473787921807243,0.0
1788868980000,1788869820000,-1,0.00359684028,0.00359575954,confirmed_pivot,-0.6993804879208676,0.0
1788870120000,1788870360000,1,0.00360616058,0.0036069392699999998,confirmed_pivot,-0.7841747094357804,0.0
1788870780000,1788872880000,1,0.0036218621500000003,0.00363303666,confirmed_pivot,2.0837514743623737,0.0
1788878820000,1788879120000,1,0.0036372636900000002,0.00363843612,confirmed_pivot,-0.6778227027582315,0.0
1788879420000,1788881220000,1,0.00364456442,0.00366023394,confirmed_pivot,3.2972721662030415,0.0
1788882120000,1788882420000,1,0.00366756672,0.00367103286,confirmed_pivot,-0.055393618033478975,0.0
1788884700000,1788885180000,-1,0.00364303566,0.00365166513,confirmed_pivot,-3.3699424163747747,0.0
1788887040000,1788887160000,1,0.00367766773,0.00367383258,confirmed_pivot,-2.0422998232632734,0.0
1788889080000,1788889140000,1,0.0036615661199999997,0.00365933403,confirmed_pivot,-1.6092950070773693,0.0
1788890340000,1788890460000,-1,0.00364443552,0.0036493649,confirmed_pivot,-2.3532533811984284,0.0
1788897180000,1788897600000,-1,0.00363003696,0.00363696366,confirmed_pivot,-2.909116470814056,0.0
1788897720000,1788898560000,1,0.00364496446,0.00366253371,confirmed_pivot,3.8177329484853564,0.0
1788902220000,1788902280000,1,0.0036597659400000003,0.00365403456,confirmed_pivot,-2.5652679444304445,0.0
1788902580000,1788903540000,-1,0.0036481351499999997,0.0036496649299999997,confirmed_pivot,-1.419541718458548,0.0
