entry_time,exit_time,side,entry_price,exit_price,reason,net_pnl,funding
1786313520000,1786313880000,1,0.0029464891799999998,0.0029544090000000003,confirmed_pivot,0.6851957352175044,0.0
1786313880000,1786316100000,-1,0.0029544090000000003,0.00290648118,confirmed_pivot,14.23869539390122,0.0
1786316100000,1786316280000,1,0.00290648118,0.0029041190600000003,opposite_break,-2.8118951177931355,0.0
1786316280000,1786317180000,-1,0.0029041190600000003,0.00290328054,confirmed_pivot,-1.7109765465330158,0.0
1786317180000,1786317360000,1,0.00290328054,0.00289712046,opposite_break,-4.1196435670663645,0.0
1786317360000,1786318560000,-1,0.00289712046,0.0028774753799999998,confirmed_pivot,4.787679473983664,0.0
1786318560000,1786318920000,1,0.0028774753799999998,0.00287662456,opposite_break,-2.2953871250845994,0.0
1786318920000,1786319040000,-1,0.00287662456,0.00288097608,confirmed_pivot,-3.5142301086382246,0.0
1786319040000,1786320120000,1,0.00288097608,0.00287432502,opposite_break,-4.406354217283218,-0.10004942491573897
1786320120000,1786320600000,-1,0.00287432502,0.00289147818,opposite_break,-7.973685314126381,0.0
1786320600000,1786322160000,1,0.00289147818,0.0028949209,confirmed_pivot,-0.810547039991868,0.0
1786322160000,1786323000000,-1,0.0028949209,0.0028948788599999996,confirmed_pivot,-1.9854634922839223,0.0
1786323000000,1786323480000,1,0.0028948788599999996,0.0029004198,confirmed_pivot,-0.08786504454966848,0.0
1786323480000,1786324140000,-1,0.0029004198,0.00289687926,confirmed_pivot,-0.7780801455017637,0.0
1786324140000,1786324740000,1,0.00289687926,0.0029029193,confirmed_pivot,0.082931119469565,0.0
1786324740000,1786326060000,-1,0.0029029193,0.00289567902,confirmed_pivot,0.4966316769467618,0.0
1786326060000,1786326900000,1,0.00289567902,0.00292781432,confirmed_pivot,9.086575714458878,0.0
1786326900000,1786327860000,-1,0.00292781432,0.00291938376,confirmed_pivot,0.8823516923027324,0.0
1786327860000,1786328220000,1,0.00291938376,0.00290671854,opposite_break,-6.333981353653828,0.0
1786328220000,1786329900000,-1,0.00290671854,0.00290588106,opposite_break,-1.7115931699393652,0.0
1786329900000,1786330200000,1,0.00290588106,0.00289612066,confirmed_pivot,-5.355484756144936,0.0
1786330200000,1786330740000,-1,0.00289612066,0.00290868162,opposite_break,-6.341504528336906,0.0
1786330740000,1786330860000,1,0.00290868162,0.0029057187400000004,confirmed_pivot,-3.017614681389411,0.0
1786330860000,1786331880000,-1,0.0029057187400000004,0.00289797948,confirmed_pivot,0.6661215186987981,0.0
1786331880000,1786332420000,1,0.00289797948,0.00290271934,confirmed_pivot,-0.3660615360878383,0.0
1786332420000,1786332840000,-1,0.00290271934,0.00289997988,confirmed_pivot,-1.055299827919224,0.0
1786332840000,1786333560000,1,0.00289997988,0.00289612066,opposite_break,-3.3294439753148017,0.0
1786333560000,1786334460000,-1,0.00289612066,0.0028900779,confirmed_pivot,0.08858796649720313,0.0
1786334460000,1786335120000,1,0.0028900779,0.00289202148,confirmed_pivot,-1.3281715970354313,0.0
1786335120000,1786335360000,-1,0.00289202148,0.0029051809199999996,opposite_break,-6.5548069165791745,0.0
1786335360000,1786335480000,1,0.0029051809199999996,0.0029003198200000004,confirmed_pivot,-3.6715788220167953,0.0
1786335480000,1786336380000,-1,0.0029003198200000004,0.00289437876,confirmed_pivot,0.05046388987556072,0.0
1786336380000,1786336860000,1,0.00289437876,0.00287782432,opposite_break,-7.713794541527026,0.0
1786336860000,1786337040000,-1,0.00287782432,0.00288627714,confirmed_pivot,-4.940163081254277,0.0
1786337040000,1786337580000,1,0.00288627714,0.00288852218,confirmed_pivot,-1.2229453890904074,0.0
1786337580000,1786338000000,-1,0.00288852218,0.00288827754,confirmed_pivot,-1.915221478410118,0.0
1786338000000,1786338780000,1,0.00288827754,0.00288602268,opposite_break,-2.7799129788613546,0.0
1786338780000,1786339500000,-1,0.00288602268,0.0028925784,opposite_break,-4.2738129417610216,0.0
1786339500000,1786339620000,1,0.0028925784,0.0028889221000000004,confirmed_pivot,-3.2627639409875817,0.0
1786339620000,1786339800000,-1,0.0028889221000000004,0.00289577904,opposite_break,-4.375902396260416,0.0
1786339800000,1786340820000,1,0.00289577904,0.0028997199400000004,confirmed_pivot,-0.6404490654783086,0.0
1786340820000,1786341240000,-1,0.0028997199400000004,0.00290328054,confirmed_pivot,-3.229139597529355,0.0
1786341240000,1786341480000,1,0.00290328054,0.00290251938,confirmed_pivot,-2.2619102182939437,0.0
1786341480000,1786342380000,-1,0.00290251938,0.0029015802,confirmed_pivot,-1.676102359047862,0.0
1786342380000,1786344360000,1,0.0029015802,0.0029024194000000004,confirmed_pivot,-1.7110675072843495,0.0
1786344360000,1786344840000,-1,0.0029024194000000004,0.00290278044,confirmed_pivot,-2.12451716660927,0.0
1786344840000,1786345320000,1,0.00290278044,0.0029024194000000004,confirmed_pivot,-2.124252924895614,0.0
1786345320000,1786346220000,-1,0.0029024194000000004,0.00289727934,confirmed_pivot,-0.22727202691642034,0.0
1786346220000,1786347360000,1,0.00289727934,0.0028992200400000004,confirmed_pivot,-1.330834526987506,0.0
1786347360000,1786348260000,-1,0.0028992200400000004,0.00289447878,confirmed_pivot,-0.36300756944263946,0.0
1786348260000,1786348380000,1,0.00289447878,0.0028914216,opposite_break,-3.0551546762419295,0.0
1786348380000,1786349820000,-1,0.0028914216,0.0028940787,confirmed_pivot,-2.8198801240191655,0.09999856126135324
1786349820000,1786350480000,1,0.0028940787,0.0028934212,confirmed_pivot,-2.226960828674078,0.0
1786350480000,1786351980000,-1,0.0028934212,0.00289977984,opposite_break,-4.1998175170625665,0.0
1786351980000,1786353600000,1,0.00289977984,0.00289332122,opposite_break,-4.225052154304276,0.0
1786353600000,1786353780000,-1,0.00289332122,0.002895579,confirmed_pivot,-2.781122318661949,0.0
1786353780000,1786353900000,1,0.002895579,0.0028929213,opposite_break,-2.9169296710607213,0.0
1786353900000,1786355220000,-1,0.0028929213,0.00287877564,confirmed_pivot,2.8946390833375455,0.0
1786355220000,1786355940000,1,0.00287877564,0.00288032382,confirmed_pivot,-1.4627466626750385,0.0
1786355940000,1786356180000,-1,0.00288032382,0.00287877564,confirmed_pivot,-1.461960433323847,0.0
1786356180000,1786356480000,1,0.00287877564,0.0028737251400000005,opposite_break,-3.7526372774224495,0.0
1786356480000,1786356960000,-1,0.0028737251400000005,0.0028750749,confirmed_pivot,-2.470159703582315,0.0
1786356960000,1786358040000,1,0.0028750749,0.00287872414,confirmed_pivot,-0.732001465422689,0.0
1786358040000,1786358580000,-1,0.00287872414,0.0028840767,opposite_break,-3.861210834880506,0.0
1786358580000,1786358760000,1,0.0028840767,0.00287912406,confirmed_pivot,-3.7155186476143136,0.0
1786358760000,1786360080000,-1,0.00287912406,0.00287417472,confirmed_pivot,-0.27923728302276474,0.0
1786360080000,1786361040000,1,0.00287417472,0.00287812426,confirmed_pivot,-0.6272266496032419,0.0
1786361040000,1786361280000,-1,0.00287812426,0.00288397668,opposite_break,-4.035448052545105,0.0
1786361280000,1786361580000,1,0.00288397668,0.00288262336,confirmed_pivot,-2.4687855797779776,0.0
1786361580000,1786362420000,-1,0.00288262336,0.0028877774399999998,opposite_break,-3.789770440214552,0.0
1786362420000,1786364640000,1,0.0028877774399999998,0.00289602068,confirmed_pivot,0.8516729322465149,0.0
1786364640000,1786365120000,-1,0.00289602068,0.0028900779,confirmed_pivot,0.05410231393790266,0.0
1786365120000,1786366260000,1,0.0028900779,0.00288112366,opposite_break,-5.09517115784309,0.0
1786366260000,1786366440000,-1,0.00288112366,0.00288477684,confirmed_pivot,-3.2692385373003656,0.0
1786366440000,1786366680000,1,0.00288477684,0.0028775243800000004,opposite_break,-4.51153137377503,0.0
1786366680000,1786366860000,-1,0.0028775243800000004,0.00287897568,confirmed_pivot,-2.5048615087666564,0.0
1786366860000,1786368060000,1,0.00287897568,0.0028849229,confirmed_pivot,0.0636759182349389,0.0
1786368060000,1786368540000,-1,0.0028849229,0.00288467682,confirmed_pivot,-1.9146160613164735,0.0
1786368540000,1786369200000,1,0.00288467682,0.0028718255200000002,opposite_break,-6.450567429594969,0.0
1786369200000,1786369380000,-1,0.0028718255200000002,0.00287447478,confirmed_pivot,-2.9234228338495285,0.0
1786369380000,1786370940000,1,0.00287447478,0.0028869225,confirmed_pivot,2.3261024123508895,0.0
1786370940000,1786373040000,-1,0.0028869225,0.00289047798,opposite_break,-3.2328129625925026,0.0
1786373040000,1786373580000,1,0.00289047798,0.0028767245400000002,opposite_break,-6.753430628106558,0.0
1786373580000,1786374180000,-1,0.0028767245400000002,0.00287197428,confirmed_pivot,-0.3470748784309249,0.0
1786374180000,1786374780000,1,0.00287197428,0.00286032782,opposite_break,-6.051155200456752,0.0
1786374780000,1786374960000,-1,0.00286032782,0.00286487286,confirmed_pivot,-3.590581683745666,0.0
1786374960000,1786375080000,1,0.00286487286,0.00285982792,opposite_break,-3.759203743512793,0.0
1786375080000,1786375680000,-1,0.00285982792,0.0028565712,confirmed_pivot,-0.8600794134495277,0.0
1786375680000,1786376760000,1,0.0028565712,0.00286632662,confirmed_pivot,1.4116652089749433,0.0
1786376760000,1786376880000,-1,0.00286632662,0.0028720742999999997,opposite_break,-4.00724775741009,0.0
1786376880000,1786377240000,1,0.0028720742999999997,0.00286632662,confirmed_pivot,-3.999228334726523,0.0
1786377240000,1786377840000,-1,0.00286632662,0.00287877564,opposite_break,-6.247404652021211,0.10013513393669003
1786377840000,1786378080000,1,0.00287877564,0.00287612466,confirmed_pivot,-2.919949781150814,0.0
1786378080000,1786379040000,-1,0.00287612466,0.0028691737199999998,confirmed_pivot,0.4191896258071348,0.0
1786379040000,1786379400000,1,0.0028691737199999998,0.00286022784,opposite_break,-5.114811089235733,0.0
1786379400000,1786379880000,-1,0.00286022784,0.0028635726,confirmed_pivot,-3.170572747099817,0.0
1786379880000,1786380960000,1,0.0028635726,0.00285902808,opposite_break,-3.5854235649552173,0.0
1786380960000,1786381920000,-1,0.00285902808,0.00286747338,opposite_break,-4.956859836088011,0.0
1786381920000,1786382340000,1,0.00286747338,0.0028637271400000002,confirmed_pivot,-3.30515379361593,0.0
1786382340000,1786383180000,-1,0.0028637271400000002,0.00287247438,opposite_break,-5.057549414431932,0.0
1786383180000,1786383360000,1,0.00287247438,0.00287032582,confirmed_pivot,-2.747234319980227,0.0
1786383360000,1786385160000,-1,0.00287032582,0.0028588716599999998,confirmed_pivot,1.9945340281962758,0.0
1786385160000,1786385580000,1,0.0028588716599999998,0.00286202748,confirmed_pivot,-0.8972347992703862,0.0
1786385580000,1786386300000,-1,0.00286202748,0.0028705740000000003,opposite_break,-4.989162955206995,0.0
1786386300000,1786386480000,1,0.0028705740000000003,0.00286622664,confirmed_pivot,-3.512942233852995,0.0
1786386480000,1786387200000,-1,0.00286622664,0.00285817152,confirmed_pivot,0.8131673216183009,0.0
1786387200000,1786387620000,1,0.00285817152,0.0028524294,opposite_break,-4.007009670294364,0.0
1786387620000,1786387740000,-1,0.0028524294,0.0028561711199999998,confirmed_pivot,-3.313077799576578,0.0
1786387740000,1786388700000,1,0.0028561711199999998,0.00286162756,confirmed_pivot,-0.0915066601470127,0.0
1786388700000,1786388820000,-1,0.00286162756,0.0028639726799999997,opposite_break,-2.8203251718750817,0.0
1786388820000,1786389600000,1,0.0028639726799999997,0.00286612666,confirmed_pivot,-1.2486569320205998,0.0
1786389600000,1786389780000,-1,0.00286612666,0.0028690737,opposite_break,-3.0292591326023066,0.0
1786389780000,1786391100000,1,0.0028690737,0.0028740250800000002,confirmed_pivot,-0.27594926543705833,0.0
1786391100000,1786392000000,-1,0.0028740250800000002,0.00287067402,confirmed_pivot,-0.8328525442094766,0.0
1786392000000,1786392900000,1,0.00287067402,0.00286382712,opposite_break,-4.382734177529462,0.0
1786392900000,1786393740000,-1,0.00286382712,0.00286717332,confirmed_pivot,-3.1696048887195483,0.0
1786393740000,1786394160000,1,0.00286717332,0.00286702648,confirmed_pivot,-2.0511629900349355,0.0
1786394160000,1786395480000,-1,0.00286702648,0.00287017392,opposite_break,-3.0989041998662534,0.0
1786395480000,1786396260000,1,0.00287017392,0.0028719255,confirmed_pivot,-1.3903406313439683,0.0
1786396260000,1786397040000,-1,0.0028719255,0.00285767142,confirmed_pivot,2.9682117729029236,0.0
1786397040000,1786397520000,1,0.00285767142,0.00286352718,confirmed_pivot,0.04708777890213889,0.0
1786397520000,1786397700000,-1,0.00286352718,0.0028704739799999997,opposite_break,-4.428385121876056,0.0
1786397700000,1786398060000,1,0.0028704739799999997,0.0028740250800000002,confirmed_pivot,-0.7641243485507776,0.0
1786398060000,1786398840000,-1,0.0028740250800000002,0.00286847358,confirmed_pivot,-0.06645685221366382,0.0
1786398840000,1786399500000,1,0.00286847358,0.00286322724,confirmed_pivot,-3.8271368077233348,0.0
1786399500000,1786399860000,-1,0.00286322724,0.00287347458,opposite_break,-5.582526457103569,0.0
1786399860000,1786400520000,1,0.00287347458,0.0028804238,confirmed_pivot,0.41598475529232126,0.0
1786400520000,1786401000000,-1,0.0028804238,0.00288277644,opposite_break,-2.8175854678051944,0.0
1786401000000,1786401120000,1,0.00288277644,0.00287882412,confirmed_pivot,-3.369640609384275,0.0
1786401120000,1786401480000,-1,0.00287882412,0.00287777544,confirmed_pivot,-1.635361996341789,0.0
1786401480000,1786401600000,1,0.00287777544,0.00287282532,opposite_break,-3.7184001959513724,0.0
1786401600000,1786401960000,-1,0.00287282532,0.0028737746399999996,confirmed_pivot,-2.330778663563045,0.0
1786401960000,1786402440000,1,0.0028737746399999996,0.00287522484,confirmed_pivot,-1.495872160664427,0.0
1786402440000,1786403040000,-1,0.00287522484,0.00287287446,confirmed_pivot,-1.1817229917921348,0.0
1786403040000,1786404000000,1,0.00287287446,0.0028739251,confirmed_pivot,-1.634655334016969,0.0
1786404000000,1786404540000,-1,0.0028739251,0.0028754749800000002,confirmed_pivot,-2.5398296149055457,0.0
1786404540000,1786405620000,1,0.0028754749800000002,0.0028740250800000002,confirmed_pivot,-2.50372550972432,0.0
1786405620000,1786405920000,-1,0.0028740250800000002,0.0028769752799999997,confirmed_pivot,-3.0275311167428858,0.0
1786405920000,1786408380000,1,0.0028769752799999997,0.00288232342,confirmed_pivot,-0.24286677221627728,-0.09995323977896677
1786408380000,1786409820000,-1,0.00288232342,0.00288317652,opposite_break,-2.296272477291917,0.0
1786409820000,1786410180000,1,0.00288317652,0.0028749249,opposite_break,-4.859127189340471,0.0
1786410180000,1786410300000,-1,0.0028749249,0.00288097608,confirmed_pivot,-4.106918055494292,0.0
1786410300000,1786410900000,1,0.00288097608,0.00287722444,confirmed_pivot,-3.3009092251818464,0.0
1786410900000,1786413000000,-1,0.00287722444,0.0028795758,opposite_break,-2.8180492725135218,0.0
1786413000000,1786413600000,1,0.0028795758,0.00289262136,confirmed_pivot,2.525845244289137,0.0
1786413600000,1786414920000,-1,0.00289262136,0.0028877774399999998,confirmed_pivot,-0.32374745376274827,0.0
1786414920000,1786415460000,1,0.0028877774399999998,0.00288762236,confirmed_pivot,-2.053648497233093,0.0
1786415460000,1786416000000,-1,0.00288762236,0.0028861771199999997,confirmed_pivot,-1.4990046967220345,0.0
1786416000000,1786417020000,1,0.0028861771199999997,0.00288002388,opposite_break,-4.1298369796513175,0.0
1786417020000,1786417380000,-1,0.00288002388,0.00288267642,confirmed_pivot,-2.921934209795406,0.0
1786417380000,1786417920000,1,0.00288267642,0.00287712446,opposite_break,-3.924048083065797,0.0
1786417920000,1786418640000,-1,0.00287712446,0.00287087406,confirmed_pivot,0.17461930722311614,0.0
1786418640000,1786419900000,1,0.00287087406,0.00286802628,confirmed_pivot,-2.990963783343455,0.0
1786419900000,1786421160000,-1,0.00286802628,0.0028660731,confirmed_pivot,-1.318300116831566,0.0
1786421160000,1786422240000,1,0.0028660731,0.00286882612,confirmed_pivot,-1.040405850080996,0.0
1786422240000,1786423560000,-1,0.00286882612,0.00286547298,confirmed_pivot,-0.8300116495034966,0.0
1786423560000,1786424220000,1,0.00286547298,0.00285852818,opposite_break,-4.421190235756432,0.0
1786424220000,1786424400000,-1,0.00285852818,0.0028612721399999996,confirmed_pivot,-2.9608804906025314,0.0
1786424400000,1786425180000,1,0.0028612721399999996,0.00286572674,confirmed_pivot,-0.4446969102350766,0.0
1786425180000,1786425300000,-1,0.00286572674,0.00286797348,opposite_break,-2.784787575384839,0.0
1786425300000,1786425420000,1,0.00286797348,0.0028654268,confirmed_pivot,-2.8870839768015766,0.0
1786425420000,1786426860000,-1,0.0028654268,0.00286427274,opposite_break,-1.5968439814967994,0.0
1786426860000,1786427340000,1,0.00286427274,0.00286512686,confirmed_pivot,-1.702100338391597,0.0
1786427340000,1786427520000,-1,0.00286512686,0.0028677734399999997,opposite_break,-2.9246454727661386,0.0
1786427520000,1786427940000,1,0.0028677734399999997,0.00286302728,opposite_break,-3.65334324318162,0.0
1786427940000,1786428240000,-1,0.00286302728,0.00286437276,confirmed_pivot,-2.470420065295385,0.0
1786428240000,1786428900000,1,0.00286437276,0.00287652458,confirmed_pivot,2.238159344875188,0.0
1786428900000,1786431420000,-1,0.00287652458,0.00286487286,confirmed_pivot,2.0546747978770386,0.0
1786431420000,1786431780000,1,0.00286487286,0.00286352718,opposite_break,-2.46924746252095,0.0
1786431780000,1786431900000,-1,0.00286352718,0.00286597308,confirmed_pivot,-2.8550105328492457,0.0
1786431900000,1786432020000,1,0.00286597308,0.0028614276,opposite_break,-3.58443027664452,0.0
1786432020000,1786432140000,-1,0.0028614276,0.0028655729999999997,confirmed_pivot,-3.4501661338556344,0.0
1786432140000,1786432260000,1,0.0028655729999999997,0.0028624274,opposite_break,-3.0966233978334325,0.0
1786432260000,1786433460000,-1,0.0028624274,0.0028564711800000003,confirmed_pivot,0.08290914906685742,0.0
1786433460000,1786433580000,1,0.0028564711800000003,0.0028524294,opposite_break,-3.4135406820383603,0.0
1786433580000,1786434300000,-1,0.0028524294,0.00285387066,confirmed_pivot,-2.5057798310450234,0.0
1786434300000,1786434900000,1,0.00285387066,0.00285032982,opposite_break,-3.2394742374203833,0.0
1786434900000,1786435860000,-1,0.00285032982,0.0028514701799999998,confirmed_pivot,-2.300519032565711,0.09996106345335151
1786435860000,1786437240000,1,0.0028514701799999998,0.00285332922,confirmed_pivot,-1.3486935360480738,0.0
1786437240000,1786437780000,-1,0.00285332922,0.00285787146,opposite_break,-3.593500745770964,0.0
1786437780000,1786438620000,1,0.00285787146,0.0028561286600000003,confirmed_pivot,-2.609214663559336,0.0
1786438620000,1786439460000,-1,0.0028561286600000003,0.00285337056,confirmed_pivot,-1.03335653653631,0.0
1786439460000,1786439820000,1,0.00285337056,0.00285232942,opposite_break,-2.3645158727649136,0.0
1786439820000,1786439880000,-1,0.00285232942,0.00285497088,confirmed_pivot,-2.926997226007707,0.0
1786439880000,1786440120000,1,0.00285497088,0.00285552878,confirmed_pivot,-1.804781861733083,0.0
1786440120000,1786440240000,-1,0.00285552878,0.00286377264,opposite_break,-4.889868915977187,0.0
1786440240000,1786440540000,1,0.00286377264,0.00286352718,confirmed_pivot,-2.0856263994477495,0.0
1786440540000,1786441320000,-1,0.00286352718,0.00285837156,confirmed_pivot,-0.19775567138152061,0.0
1786441320000,1786442460000,1,0.00285837156,0.00285922804,confirmed_pivot,-1.7006604977556345,0.0
1786442460000,1786442580000,-1,0.00285922804,0.00286597308,opposite_break,-4.361401380213142,0.0
1786442580000,1786442700000,1,0.00286597308,0.00286272734,confirmed_pivot,-3.131376384037735,0.0
1786442700000,1786443480000,-1,0.00286272734,0.00285777144,confirmed_pivot,-0.26708753198955715,0.0
1786443480000,1786443780000,1,0.00285777144,0.0028514296,opposite_break,-4.216936621075499,0.0
1786443780000,1786445160000,-1,0.0028514296,0.00285497088,confirmed_pivot,-3.2431733471518576,0.0
1786445160000,1786445520000,1,0.00285497088,0.00285862816,confirmed_pivot,-0.7202591992812291,0.0
1786445520000,1786446000000,-1,0.00285862816,0.00285547098,confirmed_pivot,-0.894456710312448,0.0
1786446000000,1786446540000,1,0.00285547098,0.00286502688,confirmed_pivot,1.343176718258905,0.0
1786446540000,1786447680000,-1,0.00286502688,0.00286337256,confirmed_pivot,-1.422003915020769,0.0
1786447680000,1786447800000,1,0.00286337256,0.00286082772,opposite_break,-2.887867403464898,0.0
1786447800000,1786449000000,-1,0.00286082772,0.00286597308,opposite_break,-3.8003549546143587,0.0
1786449000000,1786449540000,1,0.00286597308,0.0028659267,confirmed_pivot,-2.016166802236627,0.0
1786449540000,1786451940000,-1,0.0028659267,0.0028525703999999997,confirmed_pivot,2.665037769458826,0.0
1786451940000,1786452420000,1,0.0028525703999999997,0.00285362916,confirmed_pivot,-1.6292111703885048,0.0
1786452420000,1786453320000,-1,0.00285362916,0.0028542707399999995,confirmed_pivot,-2.22505432345646,0.0
1786453320000,1786453980000,1,0.0028542707399999995,0.00285902808,confirmed_pivot,-0.3349222645919794,0.0
1786453980000,1786454820000,-1,0.00285902808,0.0028470693,confirmed_pivot,2.186995875885276,0.0
1786454820000,1786455120000,1,0.0028470693,0.00284883012,confirmed_pivot,-1.3821509086553851,0.0
1786455120000,1786455480000,-1,0.00284883012,0.0028564711800000003,confirmed_pivot,-4.684856849238966,0.0
1786455480000,1786455840000,1,0.0028564711800000003,0.0028545289800000003,confirmed_pivot,-2.6792499128242806,0.0
1786455840000,1786456680000,-1,0.0028545289800000003,0.0028526704200000003,confirmed_pivot,-1.3482572525853596,0.0
1786456680000,1786457280000,1,0.0028526704200000003,0.00285082972,confirmed_pivot,-2.644609796879428,0.0
1786457280000,1786460400000,-1,0.00285082972,0.00278715732,confirmed_pivot,20.35702537856242,0.0
1786460400000,1786462680000,1,0.00278715732,0.00278304328,opposite_break,-3.474594178989586,0.0
1786462680000,1786463100000,-1,0.00278304328,0.00278275644,confirmed_pivot,-1.8968299048514752,0.0
1786463100000,1786463400000,1,0.00278275644,0.0027776443600000004,opposite_break,-3.8352191541418215,0.0
1786463400000,1786464360000,-1,0.0027776443600000004,0.00279215832,opposite_break,-7.2730932718829,-0.04259142318709224
1786464360000,1786464480000,1,0.00279215832,0.00278574274,confirmed_pivot,-4.295415834443055,0.0
1786464480000,1786464660000,-1,0.00278574274,0.00279735936,opposite_break,-6.174196149928765,0.0
1786464660000,1786464780000,1,0.00279735936,0.0027896419600000003,confirmed_pivot,-4.756057269667231,0.0
1786464780000,1786467000000,-1,0.0027896419600000003,0.00279685926,opposite_break,-4.589765067915586,0.0
1786467000000,1786468500000,1,0.00279685926,0.00279324124,confirmed_pivot,-3.2923074220044444,0.0
1786468500000,1786470000000,-1,0.00279324124,0.00279085806,confirmed_pivot,-1.1459516113975008,0.0
1786470000000,1786470300000,1,0.00279085806,0.0027930412799999998,confirmed_pivot,-1.2185067340903126,0.0
1786470300000,1786470420000,-1,0.0027930412799999998,0.0027960590999999996,opposite_break,-3.0815586012391063,0.0
1786470420000,1786470480000,1,0.0027960590999999996,0.00279254138,confirmed_pivot,-3.2568412019615334,0.0
1786470480000,1786471260000,-1,0.00279254138,0.00279245838,confirmed_pivot,-1.9702482474941465,0.0
1786471260000,1786473000000,1,0.00279245838,0.0027923414200000003,confirmed_pivot,-2.0418423568410446,0.0
1786473000000,1786473300000,-1,0.0027923414200000003,0.00279545898,confirmed_pivot,-3.1175845251758147,0.0
1786473300000,1786473720000,1,0.00279545898,0.0027874424000000004,opposite_break,-4.864847410495514,0.0
1786473720000,1786473840000,-1,0.0027874424000000004,0.00278965782,confirmed_pivot,-2.79558071585604,0.0
1786473840000,1786474320000,1,0.00278965782,0.00278754238,opposite_break,-2.7575569106894955,0.0
1786474320000,1786474500000,-1,0.00278754238,0.00278915772,confirmed_pivot,-2.5800648455075064,0.0
1786474500000,1786474980000,1,0.00278915772,0.00279224144,confirmed_pivot,-0.8954958488328859,0.0
1786474980000,1786475760000,-1,0.00279224144,0.00279235836,confirmed_pivot,-2.04191504299137,0.0
1786475760000,1786476180000,1,0.00279235836,0.00279624064,confirmed_pivot,-0.6110673416574155,0.0
1786476180000,1786476720000,-1,0.00279624064,0.00280025994,opposite_break,-3.4388315663705447,0.0
1786476720000,1786476780000,1,0.00280025994,0.0027961406600000003,confirmed_pivot,-3.4695638291349695,0.0
1786476780000,1786477080000,-1,0.0027961406600000003,0.00279625914,confirmed_pivot,-2.042415062194948,0.0
1786477080000,1786477740000,1,0.00279625914,0.00280023984,confirmed_pivot,-0.5778430750162802,0.0
1786477740000,1786478280000,-1,0.00280023984,0.0028059610799999997,opposite_break,-4.045168116742341,0.0
1786478280000,1786478580000,1,0.0028059610799999997,0.0028036391600000004,confirmed_pivot,-2.8266679450875944,0.0
1786478580000,1786478820000,-1,0.0028036391600000004,0.0028170633,opposite_break,-6.792900716938052,0.0
1786478820000,1786479240000,1,0.0028170633,0.00282723444,confirmed_pivot,1.6069366492403985,0.0
1786479240000,1786480200000,-1,0.00282723444,0.00282576504,opposite_break,-1.4797497585661228,0.0
1786480200000,1786480560000,1,0.00282576504,0.0028156367600000003,opposite_break,-5.580676941207972,0.0
1786480560000,1786481820000,-1,0.0028156367600000003,0.00282266442,opposite_break,-4.4984357925486425,0.0
1786481820000,1786482240000,1,0.00282266442,0.0028224354,confirmed_pivot,-2.0810549700413725,0.0
1786482240000,1786482360000,-1,0.0028224354,0.0028249648799999996,opposite_break,-2.8971009504768928,0.0
1786482360000,1786482540000,1,0.0028249648799999996,0.0028217355399999997,confirmed_pivot,-3.142000271521937,0.0
1786482540000,1786484700000,-1,0.0028217355399999997,0.00282916572,opposite_break,-4.635828225064727,0.0
1786484700000,1786485060000,1,0.00282916572,0.00283033382,confirmed_pivot,-1.5875349783326902,0.0
1786485060000,1786485360000,-1,0.00283033382,0.0028319662799999997,opposite_break,-2.577349727601945,0.0
1786485360000,1786485840000,1,0.0028319662799999997,0.00284363116,confirmed_pivot,2.114884842484833,0.0
1786485840000,1786486380000,-1,0.00284363116,0.00284846958,opposite_break,-3.703195016332611,0.0
1786486380000,1786487760000,1,0.00284846958,0.0028351328600000002,opposite_break,-6.677383031768169,0.0
1786487760000,1786488540000,-1,0.0028351328600000002,0.0028342667400000003,confirmed_pivot,-1.6941991212362697,0.0
1786488540000,1786489260000,1,0.0028342667400000003,0.0028410316800000003,confirmed_pivot,0.3844527279743477,0.0
1786489260000,1786490220000,-1,0.0028410316800000003,0.00282696528,confirmed_pivot,2.9561103098998927,0.0
1786490220000,1786491120000,1,0.00282696528,0.0028242350400000003,opposite_break,-2.9648189807268315,0.0
1786491120000,1786491420000,-1,0.0028242350400000003,0.00283586706,opposite_break,-6.122763104022539,0.0
1786491420000,1786491600000,1,0.00283586706,0.0028336331599999997,confirmed_pivot,-2.786943129837768,0.0
1786491600000,1786492740000,-1,0.0028336331599999997,0.00283996788,opposite_break,-4.237782508163605,0.0
1786492740000,1786493220000,1,0.00283996788,0.0028369325,confirmed_pivot,-3.1189681911472795,-0.05122913629572459
1786493220000,1786493640000,-1,0.0028369325,0.00283836756,confirmed_pivot,-2.5063550366460645,0.0
1786493640000,1786494600000,1,0.00283836756,0.00283933202,confirmed_pivot,-1.6605458878624246,0.0
1786494600000,1786494780000,-1,0.00283933202,0.00284676924,opposite_break,-4.621974875625964,0.0
1786494780000,1786495380000,1,0.00284676924,0.0028424314,confirmed_pivot,-3.5222526993442584,0.0
1786495380000,1786495560000,-1,0.0028424314,0.0028440687,confirmed_pivot,-2.5765969585053776,0.0
1786495560000,1786497360000,1,0.0028440687,0.00285312926,confirmed_pivot,1.182588184314922,0.0
1786497360000,1786497900000,-1,0.00285312926,0.00285827154,opposite_break,-3.804132168901394,0.0
1786497900000,1786498680000,1,0.00285827154,0.00285432902,confirmed_pivot,-3.3779577709400996,0.0
1786498680000,1786500420000,-1,0.00285432902,0.00285717132,confirmed_pivot,-2.996781478261383,0.0
1786500420000,1786501320000,1,0.00285717132,0.0028507297400000003,opposite_break,-4.252276009826277,0.0
1786501320000,1786501680000,-1,0.0028507297400000003,0.00284796948,confirmed_pivot,-1.0307673781800337,0.0
1786501680000,1786501980000,1,0.00284796948,0.00284623064,opposite_break,-2.609943741391477,0.0
1786501980000,1786503600000,-1,0.00284623064,0.00284416872,confirmed_pivot,-1.2748367293242113,0.0
1786503600000,1786503840000,1,0.00284416872,0.00284673054,confirmed_pivot,-1.100173571981315,0.0
1786503840000,1786504560000,-1,0.00284673054,0.0028461691200000003,confirmed_pivot,-1.802587068883705,0.0
1786504560000,1786505280000,1,0.0028461691200000003,0.00284833022,confirmed_pivot,-1.2414579707056586,0.0
1786505280000,1786505400000,-1,0.00284833022,0.00285387066,opposite_break,-3.94709883041582,0.0
1786505400000,1786508640000,1,0.00285387066,0.00285552878,confirmed_pivot,-1.4195735976346517,0.0
1786508640000,1786509420000,-1,0.00285552878,0.0028525703999999997,confirmed_pivot,-0.9629457070293753,0.0
1786509420000,1786510500000,1,0.0028525703999999997,0.0028556287600000002,confirmed_pivot,-0.9289303289410411,0.0
1786510500000,1786511340000,-1,0.0028556287600000002,0.0028485696,confirmed_pivot,0.47448802133525936,0.0
1786511340000,1786512060000,1,0.0028485696,0.00285252938,confirmed_pivot,-0.6112959219952547,0.0
1786512060000,1786512180000,-1,0.00285252938,0.0028564711800000003,opposite_break,-3.38324317627193,0.0
1786512180000,1786512300000,1,0.0028564711800000003,0.0028509297,confirmed_pivot,-3.938034088619867,0.0
1786512300000,1786513680000,-1,0.0028509297,0.00284516892,confirmed_pivot,0.022687820046903173,0.0
1786513680000,1786514460000,1,0.00284516892,0.00284513086,confirmed_pivot,-2.01336368457172,0.0
1786514460000,1786514580000,-1,0.00284513086,0.0028496698199999997,confirmed_pivot,-3.596938483173932,0.0
1786514580000,1786515660000,1,0.0028496698199999997,0.0028378323200000002,opposite_break,-6.149836032582723,0.0
1786515660000,1786516920000,-1,0.0028378323200000002,0.00283296648,confirmed_pivot,-0.283652700100238,0.0
1786516920000,1786520340000,1,0.00283296648,0.00282883412,opposite_break,-3.4572101961474218,0.0
1786520340000,1786521240000,-1,0.00282883412,0.00283436676,opposite_break,-3.957758003852123,0.0
1786521240000,1786521660000,1,0.00283436676,0.00283303328,confirmed_pivot,-2.5700555562540823,-0.10005762274745278
1786521660000,1786521780000,-1,0.00283303328,0.00283786746,opposite_break,-3.708068244083499,0.0
1786521780000,1786522320000,1,0.00283786746,0.00282673454,opposite_break,-5.9190650151081625,0.0
1786522320000,1786523640000,-1,0.00282673454,0.00282966582,confirmed_pivot,-3.0380215186389723,0.0
1786523640000,1786523820000,1,0.00282966582,0.00282763436,confirmed_pivot,-2.7171972484015416,0.0
1786523820000,1786524060000,-1,0.00282763436,0.00283116612,opposite_break,-3.2502648185389,0.0
1786524060000,1786524180000,1,0.00283116612,0.0028248349200000003,confirmed_pivot,-4.2340154310689755,0.0
1786524180000,1786524360000,-1,0.0028248349200000003,0.00282596508,confirmed_pivot,-2.4004800960190584,0.0
1786524360000,1786524600000,1,0.00282596508,0.00282283532,opposite_break,-3.106393798751299,0.0
1786524600000,1786525800000,-1,0.00282283532,0.00282516492,opposite_break,-2.8260948074009162,0.0
1786525800000,1786526520000,1,0.00282516492,0.00283313326,confirmed_pivot,0.8176661842452959,0.0
1786526520000,1786528860000,-1,0.00283313326,0.00284596908,opposite_break,-6.53513994608212,0.0
1786528860000,1786529100000,1,0.00284596908,0.0028449309,confirmed_pivot,-2.364424837672444,0.0
1786529100000,1786530660000,-1,0.0028449309,0.0028425684,confirmed_pivot,-1.1687451881519229,0.0
1786530660000,1786530900000,1,0.0028425684,0.00284363116,confirmed_pivot,-1.6265007237820475,0.0
1786530900000,1786532400000,-1,0.00284363116,0.0028460690999999997,confirmed_pivot,-2.8581907436968064,0.0
1786532400000,1786532580000,1,0.0028460690999999997,0.00284453098,confirmed_pivot,-2.5398961957739075,0.0
1786532580000,1786533060000,-1,0.00284453098,0.0028434685800000003,confirmed_pivot,-1.6261378738790437,0.0
1786533060000,1786533240000,1,0.0028434685800000003,0.0028367325400000002,opposite_break,-4.366582844393548,0.0
1786533240000,1786533480000,-1,0.0028367325400000002,0.0028418682600000003,confirmed_pivot,-3.8122454787366102,0.0
1786533480000,1786534500000,1,0.0028418682600000003,0.00284273134,confirmed_pivot,-1.6966020796474455,0.0
1786534500000,1786535340000,-1,0.00284273134,0.00284036796,confirmed_pivot,-1.1677921347290474,0.0
1786535340000,1786536120000,1,0.00284036796,0.00284063176,confirmed_pivot,-1.9072175845835886,0.0
1786536120000,1786537800000,-1,0.00284063176,0.00285437076,opposite_break,-6.841436751379568,0.0
1786537800000,1786537860000,1,0.00285437076,0.00284113166,confirmed_pivot,-6.633546939781569,0.0
1786537860000,1786539180000,-1,0.00284113166,0.0028352669399999996,confirmed_pivot,0.06628393983000036,0.0
1786539180000,1786540980000,1,0.0028352669399999996,0.0028323334200000003,confirmed_pivot,-3.0336192471525543,0.0
1786540980000,1786541400000,-1,0.0028323334200000003,0.0028314661799999996,confirmed_pivot,-1.6935010426842125,0.0
1786541400000,1786541700000,1,0.0028314661799999996,0.0028286341600000002,confirmed_pivot,-2.999195399183404,0.0
1786541700000,1786543800000,-1,0.0028286341600000002,0.00281346258,confirmed_pivot,3.368934517852356,0.0
1786543800000,1786545240000,1,0.00281346258,0.00280973794,opposite_break,-3.3225394879785934,0.0
1786545240000,1786546680000,-1,0.00280973794,0.00278795748,confirmed_pivot,5.759528086096095,0.0
1786546680000,1786546800000,1,0.00278795748,0.0027831432600000003,opposite_break,-3.7250642502624087,0.0
1786546800000,1786546920000,-1,0.0027831432600000003,0.00278975784,confirmed_pivot,-4.379034768048443,0.0
1786546920000,1786547340000,1,0.00278975784,0.0027904418,confirmed_pivot,-1.7550769352797706,0.0
1786547340000,1786547580000,-1,0.0027904418,0.0027963591600000002,opposite_break,-4.122702347707131,0.0
1786547580000,1786548060000,1,0.0027963591600000002,0.0027973404199999998,confirmed_pivot,-1.6494446228432424,0.0
1786548060000,1786548900000,-1,0.0027973404199999998,0.00279395868,confirmed_pivot,-0.7898785161085748,0.0
1786548900000,1786549500000,1,0.00279395868,0.00279314126,confirmed_pivot,-2.292274393979156,0.0
1786549500000,1786550700000,-1,0.00279314126,0.00279525894,confirmed_pivot,-2.681522662981863,0.07740697310811985
1786550700000,1786551660000,1,0.00279525894,0.00278984192,confirmed_pivot,-3.9359934432406,0.0
1786551660000,1786552380000,-1,0.00278984192,0.00279265842,confirmed_pivot,-3.0105649641969103,0.0
1786552380000,1786552620000,1,0.00279265842,0.0027885421800000003,opposite_break,-3.472476451308952,0.0
1786552620000,1786553040000,-1,0.0027885421800000003,0.00278965782,confirmed_pivot,-2.4004800960190225,0.0
1786553040000,1786553220000,1,0.00278965782,0.00278354318,opposite_break,-4.18970416952421,0.0
1786553220000,1786553460000,-1,0.00278354318,0.0027845568,confirmed_pivot,-2.3645115431620214,0.0
1786553460000,1786554180000,1,0.0027845568,0.00278614266,confirmed_pivot,-1.4310498029703824,0.0
1786554180000,1786554360000,-1,0.00278614266,0.00279125814,opposite_break,-3.8378798593176837,0.0
1786554360000,1786554540000,1,0.00279125814,0.0027901418600000004,confirmed_pivot,-2.3995200959806393,0.0
1786554540000,1786554720000,-1,0.0027901418600000004,0.00279285846,opposite_break,-2.974615892827614,0.0
1786554720000,1786554960000,1,0.00279285846,0.0027903418199999998,confirmed_pivot,-2.900197197963335,0.0
1786554960000,1786555440000,-1,0.0027903418199999998,0.00278645718,confirmed_pivot,-0.6064343041672161,0.0
1786555440000,1786555560000,1,0.00278645718,0.00278234342,opposite_break,-3.4748643078017913,0.0
1786555560000,1786555800000,-1,0.00278234342,0.002785557,confirmed_pivot,-3.1561454121288968,0.0
1786555800000,1786556400000,1,0.002785557,0.00278624264,confirmed_pivot,-1.7541050640859694,0.0
1786556400000,1786557060000,-1,0.00278624264,0.00279125814,opposite_break,-3.8018945758435017,0.0
1786557060000,1786557780000,1,0.00279125814,0.0027829433,opposite_break,-4.97590718714387,0.0
1786557780000,1786559400000,-1,0.0027829433,0.00278675724,confirmed_pivot,-3.371840360527573,0.0
1786559400000,1786559700000,1,0.00278675724,0.0027854428,confirmed_pivot,-2.4712019910281335,0.0
1786559700000,1786560300000,-1,0.0027854428,0.00278635716,confirmed_pivot,-2.3285920500683623,0.0
1786560300000,1786560480000,1,0.00278635716,0.0027839431,confirmed_pivot,-2.8655193148317792,0.0
1786560480000,1786561500000,-1,0.0027839431,0.00277965582,confirmed_pivot,-0.45845725798054704,0.0
1786561500000,1786562040000,1,0.00277965582,0.00278184352,confirmed_pivot,-1.2137471537752875,0.0
1786562040000,1786562280000,-1,0.00278184352,0.00278215632,confirmed_pivot,-2.1125558636741655,0.0
1786562280000,1786562700000,1,0.00278215632,0.0027724454,opposite_break,-5.486938893498349,0.0
1786562700000,1786564440000,-1,0.0027724454,0.0027797558399999998,opposite_break,-4.639457007881899,0.0
1786564440000,1786564560000,1,0.0027797558399999998,0.0027776443600000004,confirmed_pivot,-2.758832300897095,0.0
1786564560000,1786564680000,-1,0.0027776443600000004,0.00278165622,opposite_break,-3.445783311150583,0.0
1786564680000,1786566180000,1,0.00278165622,0.00277754438,opposite_break,-3.476720282853608,0.0
1786566180000,1786566300000,-1,0.00277754438,0.00278215632,confirmed_pivot,-3.662098353222352,0.0
1786566300000,1786567200000,1,0.00278215632,0.00279004188,confirmed_pivot,0.8314995758397719,0.0
1786567200000,1786567680000,-1,0.00279004188,0.00279215832,opposite_break,-2.7593278277241846,0.0
1786567680000,1786567800000,1,0.00279215832,0.00278954198,confirmed_pivot,-2.936094361583312,0.0
1786567800000,1786568340000,-1,0.00278954198,0.0027870573,confirmed_pivot,-1.10839675551326,0.0
1786568340000,1786568580000,1,0.0027870573,0.0027854428,confirmed_pivot,-2.5787055400691665,0.0
1786568580000,1786569000000,-1,0.0027854428,0.00278495688,confirmed_pivot,-1.8253757284120324,0.0
1786569000000,1786569300000,1,0.00278495688,0.00278234342,opposite_break,-2.9374818542970518,0.0
1786569300000,1786572180000,-1,0.00278234342,0.00272574504,confirmed_pivot,18.362324065661145,0.0
1786572180000,1786572360000,1,0.00272574504,0.00272355518,opposite_break,-2.802595293358813,0.0
1786572360000,1786573440000,-1,0.00272355518,0.00272714532,confirmed_pivot,-3.3194996622024764,0.0
1786573440000,1786573620000,1,0.00272714532,0.00272575474,confirmed_pivot,-2.509393250815045,0.0
1786573620000,1786575300000,-1,0.00272575474,0.0026790357,confirmed_pivot,15.156994484397384,0.0
1786575300000,1786576980000,1,0.0026790357,0.0026718655200000004,opposite_break,-4.673726901063556,0.0
1786576980000,1786577220000,-1,0.0026718655200000004,0.00265993188,confirmed_pivot,2.4708738335005997,0.0
1786577220000,1786578600000,1,0.00265993188,0.0026719655,confirmed_pivot,2.5195091161507337,0.0
1786578600000,1786578720000,-1,0.0026719655,0.00267783546,opposite_break,-4.199066552318881,0.0
1786578720000,1786578840000,1,0.00267783546,0.0026736651599999998,confirmed_pivot,-3.5557825573047186,0.0
1786578840000,1786579440000,-1,0.0026736651599999998,0.0026717342399999997,confirmed_pivot,-1.5394522298745739,-0.26237406351212655
1786579440000,1786580340000,1,0.0026717342399999997,0.00268116366,confirmed_pivot,1.5257962558432054,0.0
1786580340000,1786580940000,-1,0.00268116366,0.002685537,opposite_break,-3.6327661773545623,0.0
1786580940000,1786581540000,1,0.002685537,0.0026814636,confirmed_pivot,-3.515274822130536,0.0
1786581540000,1786581840000,-1,0.0026814636,0.00268283646,confirmed_pivot,-2.5124935725399933,0.0
1786581840000,1786582260000,1,0.00268283646,0.0026821634600000003,confirmed_pivot,-2.2506030501760987,0.0
1786582260000,1786582980000,-1,0.0026821634600000003,0.00268193628,confirmed_pivot,-1.9152150182523322,0.0
1786582980000,1786583760000,1,0.00268193628,0.0026844629999999998,confirmed_pivot,-1.058816833634908,0.0
1786583760000,1786584540000,-1,0.0026844629999999998,0.0026827364399999998,confirmed_pivot,-1.356189092567116,0.0
1786584540000,1786585320000,1,0.0026827364399999998,0.0026794640000000003,confirmed_pivot,-3.2185943841726976,0.0
1786585320000,1786585680000,-1,0.0026794640000000003,0.0026830365,confirmed_pivot,-3.334622334914595,0.0
1786585680000,1786586040000,1,0.0026830365,0.0026834632,confirmed_pivot,-1.8411228099206909,0.0
1786586040000,1786586940000,-1,0.0026834632,0.00268133616,confirmed_pivot,-1.2065600005246782,0.0
1786586940000,1786588260000,1,0.00268133616,0.00267876414,confirmed_pivot,-2.95827148357261,0.0
1786588260000,1786588500000,-1,0.00267876414,0.0026782355399999997,confirmed_pivot,-1.802472867207981,0.0
1786588500000,1786588740000,1,0.0026782355399999997,0.00267256538,opposite_break,-4.115008092230734,0.0
1786588740000,1786588980000,-1,0.00267256538,0.00267543498,confirmed_pivot,-3.074798626628983,0.0
1786588980000,1786590120000,1,0.00267543498,0.00270365916,confirmed_pivot,8.538830519439504,0.0
1786590120000,1786591560000,-1,0.00270365916,0.0027143427600000002,opposite_break,-5.955485128532345,0.0
1786591560000,1786592640000,1,0.0027143427600000002,0.00271475694,confirmed_pivot,-1.8475631647935487,0.0
1786592640000,1786593000000,-1,0.00271475694,0.00272094408,opposite_break,-4.28135603918921,0.0
1786593000000,1786593300000,1,0.00272094408,0.00272025584,confirmed_pivot,-2.252688677085896,0.0
1786593300000,1786594080000,-1,0.00272025584,0.00271484286,confirmed_pivot,-0.008131110197267644,0.0
1786594080000,1786595640000,1,0.00271484286,0.0027139571,confirmed_pivot,-2.3259393952547027,0.0
1786595640000,1786597080000,-1,0.0027139571,0.0027140427,confirmed_pivot,-2.0315722013439834,0.0
1786597080000,1786597320000,1,0.0027140427,0.0027124574000000003,confirmed_pivot,-2.583526080853406,0.0
1786597320000,1786597620000,-1,0.0027124574000000003,0.00271764342,confirmed_pivot,-3.913838727937193,0.0
1786597620000,1786598220000,1,0.00271764342,0.00271655658,confirmed_pivot,-2.399520095980834,0.0
1786598220000,1786600560000,-1,0.00271655658,0.00272434476,opposite_break,-4.869797830605112,0.0
1786600560000,1786600620000,1,0.00272434476,0.0027205557800000003,confirmed_pivot,-3.389395011811861,0.0
1786600620000,1786601220000,-1,0.0027205557800000003,0.00271534296,confirmed_pivot,-0.08199748802787232,0.0
1786601220000,1786602180000,1,0.00271534296,0.0027195559800000002,confirmed_pivot,-0.44999064869498984,0.0
1786602180000,1786602960000,-1,0.0027195559800000002,0.0027196438199999996,confirmed_pivot,-2.0323316896751003,0.0
1786602960000,1786604520000,1,0.0027196438199999996,0.00272415506,confirmed_pivot,-0.3428974313260058,0.0
1786604520000,1786605180000,-1,0.00272415506,0.0027277454399999997,opposite_break,-3.319297286990599,0.0
1786605180000,1786605360000,1,0.0027277454399999997,0.0027254548000000003,confirmed_pivot,-2.83891602436313,0.0
1786605360000,1786605780000,-1,0.0027254548000000003,0.0027280455,confirmed_pivot,-2.951507506196618,0.0
1786605780000,1786605960000,1,0.0027280455,0.00272555478,confirmed_pivot,-2.912092294648195,0.0
1786605960000,1786606200000,-1,0.00272555478,0.00273084606,opposite_break,-3.9433002480324015,0.0
1786606200000,1786606320000,1,0.00273084606,0.00272805428,confirmed_pivot,-3.0212908961994622,0.0
1786606320000,1786609920000,-1,0.00272805428,0.0027020403,confirmed_pivot,7.440355401872747,-0.10490701130770758
1786609920000,1786610880000,1,0.0027020403,0.0026957607400000002,opposite_break,-4.321682781711136,0.0
1786610880000,1786611180000,-1,0.0026957607400000002,0.0026990396999999997,confirmed_pivot,-3.217555739015407,0.0
1786611180000,1786611780000,1,0.0026990396999999997,0.0026893620199999997,opposite_break,-5.5820156035496336,0.0
1786611780000,1786613400000,-1,0.0026893620199999997,0.0027010401,opposite_break,-6.346665860924267,0.0
1786613400000,1786613700000,1,0.0027010401,0.0027016595600000003,confirmed_pivot,-1.7708880590109677,0.0
1786613700000,1786613880000,-1,0.0027016595600000003,0.00270194028,opposite_break,-2.1040104105492095,0.0
1786613880000,1786615260000,1,0.00270194028,0.00271255738,confirmed_pivot,1.9255060441232716,0.0
1786615260000,1786615620000,-1,0.00271255738,0.0027095418,confirmed_pivot,-0.8871772437860246,0.0
1786615620000,1786615740000,1,0.0027095418,0.0027037591400000003,opposite_break,-4.132049536936361,0.0
1786615740000,1786617420000,-1,0.0027037591400000003,0.0027071413199999997,confirmed_pivot,-3.2521685567004335,0.0
1786617420000,1786617480000,1,0.0027071413199999997,0.0026942610399999997,confirmed_pivot,-6.753131883044812,0.0
1786617480000,1786620900000,-1,0.0026942610399999997,0.0026920383,confirmed_pivot,-1.1741844212690988,0.0
1786620900000,1786622220000,1,0.0026920383,0.0026882622399999998,opposite_break,-3.4012742463583203,0.0
1786622220000,1786623300000,-1,0.0026882622399999998,0.00269593908,opposite_break,-4.858544350941154,0.0
1786623300000,1786623420000,1,0.00269593908,0.0026925613799999998,confirmed_pivot,-3.251631509418378,0.0
1786623420000,1786624260000,-1,0.0026925613799999998,0.00269043798,confirmed_pivot,-1.2105942632216449,0.0
1786624260000,1786624320000,1,0.00269043798,0.0026853628200000004,confirmed_pivot,-3.8844830758743525,0.0
1786624320000,1786624500000,-1,0.0026853628200000004,0.00269423874,confirmed_pivot,-5.308601673422871,0.0
1786624500000,1786624740000,1,0.00269423874,0.0026920614799999997,confirmed_pivot,-2.807308835593452,0.0
1786624740000,1786625700000,-1,0.0026920614799999997,0.00269183826,confirmed_pivot,-1.9169992135544747,0.0
1786625700000,1786626060000,1,0.00269183826,0.00269276134,confirmed_pivot,-1.6574248409709393,0.0
1786626060000,1786626180000,-1,0.00269276134,0.00269663922,opposite_break,-3.4415528856336524,0.0
1786626180000,1786626300000,1,0.00269663922,0.0026946609600000003,confirmed_pivot,-2.7328684257583156,0.0
1786626300000,1786626480000,-1,0.0026946609600000003,0.0027028404599999997,opposite_break,-5.03848225121404,0.0
1786626480000,1786626900000,1,0.0027028404599999997,0.0026996599599999997,confirmed_pivot,-3.1755482970681643,0.0
1786626900000,1786628160000,-1,0.0026996599599999997,0.00269863962,opposite_break,-1.6216707455262172,0.0
1786628160000,1786629900000,1,0.00269863962,0.0026930612800000002,opposite_break,-4.065026252004685,0.0
1786629900000,1786630080000,-1,0.0026930612800000002,0.00269713932,confirmed_pivot,-3.5157909960369143,0.0
1786630080000,1786630500000,1,0.00269713932,0.00269486092,confirmed_pivot,-2.8439021236766484,0.0
1786630500000,1786631400000,-1,0.00269486092,0.0026920383,confirmed_pivot,-0.9515441783911781,0.0
1786631400000,1786631940000,1,0.0026920383,0.00269876014,confirmed_pivot,0.4944363384428858,0.0
1786631940000,1786634400000,-1,0.00269876014,0.0026952389399999997,confirmed_pivot,-0.6939479549300288,0.0
1786634400000,1786636980000,1,0.0026952389399999997,0.00266326724,opposite_break,-13.623057756207618,0.22736775745752622
1786636980000,1786637520000,-1,0.00266326724,0.00264642918,confirmed_pivot,4.328654446258155,0.0
1786637520000,1786638300000,1,0.00264642918,0.00265486892,confirmed_pivot,1.1859156948987088,0.0
1786638300000,1786639500000,-1,0.00265486892,0.0026442287400000003,confirmed_pivot,2.011806420936158,0.0
1786639500000,1786639980000,1,0.0026442287400000003,0.0026485701800000004,confirmed_pivot,-0.35978692221606745,0.0
1786639980000,1786640520000,-1,0.0026485701800000004,0.0026518302600000002,confirmed_pivot,-3.2321138796480122,0.0
1786640520000,1786641240000,1,0.0026518302600000002,0.0026549689,confirmed_pivot,-0.8176085749923538,0.0
1786641240000,1786642740000,-1,0.0026549689,0.002645529,confirmed_pivot,1.5591150992389586,0.0
1786642740000,1786643220000,1,0.002645529,0.00265056978,confirmed_pivot,-0.09650953741202173,0.0
1786643220000,1786644960000,-1,0.00265056978,0.0026575314,opposite_break,-4.629088157792208,0.0
1786644960000,1786645260000,1,0.0026575314,0.0026534692000000004,confirmed_pivot,-3.5270328696773348,0.0
1786645260000,1786645560000,-1,0.0026534692000000004,0.00265483086,confirmed_pivot,-2.5136753273788144,0.0
1786645560000,1786646160000,1,0.00265483086,0.0026572684400000004,confirmed_pivot,-1.082750446858832,0.0
1786646160000,1786646700000,-1,0.0026572684400000004,0.0026620322999999996,opposite_break,-3.7945585730884006,0.0
1786646700000,1786647000000,1,0.0026620322999999996,0.00266056778,confirmed_pivot,-2.5496009496202294,0.0
1786647000000,1786647720000,-1,0.00266056778,0.0026701339199999997,opposite_break,-5.59912128981724,0.0
1786647720000,1786651320000,1,0.0026701339199999997,0.0026736651599999998,confirmed_pivot,-0.6788270305183413,0.0
1786651320000,1786651440000,-1,0.0026736651599999998,0.00267643518,confirmed_pivot,-3.0370745228248337,0.0
1786651440000,1786651800000,1,0.00267643518,0.0026769645,confirmed_pivot,-1.8024272420451435,0.0
1786651800000,1786652160000,-1,0.0026769645,0.00267263442,confirmed_pivot,-0.3808488756574897,0.0
1786652160000,1786652640000,1,0.00267263442,0.00267166556,opposite_break,-2.3621487221586017,0.0
1786652640000,1786653180000,-1,0.00267166556,0.0026735346,confirmed_pivot,-2.700278159067224,0.0
1786653180000,1786654020000,1,0.0026735346,0.00267036582,opposite_break,-3.1840547042108076,0.0
1786654020000,1786654380000,-1,0.00267036582,0.0026712341399999996,confirmed_pivot,-2.3254941002801672,0.0
1786654380000,1786655340000,1,0.0026712341399999996,0.00267166556,confirmed_pivot,-1.8386556335340767,0.0
1786655340000,1786655460000,-1,0.00267166556,0.00267463482,opposite_break,-3.112500495758183,0.0
1786655460000,1786655640000,1,0.00267463482,0.00267276534,confirmed_pivot,-2.698267481614585,0.0
1786655640000,1786655880000,-1,0.00267276534,0.00267593508,opposite_break,-3.1871261919312355,0.0
1786655880000,1786656120000,1,0.00267593508,0.0026739651,confirmed_pivot,-2.735447595387886,0.0
1786656120000,1786656240000,-1,0.0026739651,0.00267693528,opposite_break,-3.1118881768501234,0.0
1786656240000,1786656780000,1,0.00267693528,0.00267436502,confirmed_pivot,-2.9591900705196523,0.0
1786656780000,1786657680000,-1,0.00267436502,0.0026766352199999997,confirmed_pivot,-2.8497232737510148,0.0
1786657680000,1786658040000,1,0.0026766352199999997,0.00267526484,confirmed_pivot,-2.511466639073772,0.0
1786658040000,1786658460000,-1,0.00267526484,0.0026775354,confirmed_pivot,-2.8495721717033176,0.0
1786658460000,1786659420000,1,0.0026775354,0.0026817635399999998,confirmed_pivot,-0.4224627394283347,0.0
1786659420000,1786660200000,-1,0.0026817635399999998,0.0026872373400000002,opposite_break,-4.043160673293541,0.0
1786660200000,1786661100000,1,0.0026872373400000002,0.00268226344,opposite_break,-3.8490834531200866,0.0
1786661100000,1786661220000,-1,0.00268226344,0.0026838366599999997,confirmed_pivot,-2.5871135536187033,0.0
1786661220000,1786661460000,1,0.0026838366599999997,0.00268136362,opposite_break,-2.92053551425877,0.0
1786661460000,1786661580000,-1,0.00268136362,0.00268533696,confirmed_pivot,-3.4833174099676714,0.0
1786661580000,1786662180000,1,0.00268533696,0.0026839630999999997,confirmed_pivot,-2.5111038802371723,0.0
1786662180000,1786663980000,-1,0.0026839630999999997,0.0026869372799999997,opposite_break,-3.1092381188101728,0.0
1786663980000,1786664220000,1,0.0026869372799999997,0.0026871624599999998,confirmed_pivot,-1.916278350940848,0.0
1786664220000,1786664640000,-1,0.0026871624599999998,0.00268523694,confirmed_pivot,-1.282720881714039,0.0
1786664640000,1786665780000,1,0.00268523694,0.0026832632400000003,confirmed_pivot,-2.5977957931710627,0.13648812443344385
1786665780000,1786665900000,-1,0.0026832632400000003,0.00268683726,confirmed_pivot,-3.333299680280194,0.0
1786665900000,1786666320000,1,0.00268683726,0.0026849629,confirmed_pivot,-2.6969107016180414,0.0
1786666320000,1786666920000,-1,0.0026849629,0.00269313852,opposite_break,-5.048010689458744,0.0
1786666920000,1786667460000,1,0.00269313852,0.00268226344,opposite_break,-6.034031238764558,0.0
1786667460000,1786667700000,-1,0.00268226344,0.00268363662,confirmed_pivot,-2.51246017057891,0.0
1786667700000,1786668360000,1,0.00268363662,0.00268466296,confirmed_pivot,-1.6179387133268932,0.0
1786668360000,1786669560000,-1,0.00268466296,0.0026934385799999997,opposite_break,-5.272066457086896,0.0
1786669560000,1786669680000,1,0.0026934385799999997,0.00269106168,confirmed_pivot,-2.881595413992902,0.0
1786669680000,1786671360000,-1,0.00269106168,0.00270074004,opposite_break,-5.60008038165807,0.0
1786671360000,1786671900000,1,0.00270074004,0.00270475894,confirmed_pivot,-0.5134144565798207,0.0
1786671900000,1786673700000,-1,0.00270475894,0.0027050409,confirmed_pivot,-2.1043501348035276,0.0
1786673700000,1786673940000,1,0.0027050409,0.00270305928,confirmed_pivot,-2.7318330676626674,0.0
1786673940000,1786674120000,-1,0.00270305928,0.00270864162,opposite_break,-4.067258524940678,0.0
1786674120000,1786674240000,1,0.00270864162,0.0027059587000000003,confirmed_pivot,-2.9895133635285935,0.0
1786674240000,1786674720000,-1,0.0027059587000000003,0.0027045408,confirmed_pivot,-1.4754842710643028,0.0
1786674720000,1786675140000,1,0.0027045408,0.002704459,confirmed_pivot,-2.030215184773587,0.0
1786675140000,1786677240000,-1,0.002704459,0.00268823754,confirmed_pivot,4.0040405345395085,0.0
1786677240000,1786680600000,1,0.00268823754,0.0026899619,confirmed_pivot,-1.3591951550531063,0.0
1786680600000,1786680840000,-1,0.0026899619,0.00269133816,opposite_break,-2.512139692387394,0.0
1786680840000,1786681200000,1,0.00269133816,0.0026903618200000002,confirmed_pivot,-2.3624084384846302,0.0
1786681200000,1786681860000,-1,0.0026903618200000002,0.002690538,confirmed_pivot,-2.0655511012269283,0.0
1786681860000,1786682220000,1,0.002690538,0.00268526284,opposite_break,-3.9586732616302482,0.0
1786682220000,1786682460000,-1,0.00268526284,0.00268793748,confirmed_pivot,-2.997040066290071,0.0
1786682460000,1786682760000,1,0.00268793748,0.00268416306,opposite_break,-3.4028025607202177,0.0
1786682760000,1786682880000,-1,0.00268416306,0.0026865371999999998,confirmed_pivot,-2.8853836696492428,0.0
1786682880000,1786684020000,1,0.0026865371999999998,0.00268466296,confirmed_pivot,-2.696943917247715,0.0
1786684020000,1786684320000,-1,0.00268466296,0.00268593708,confirmed_pivot,-2.4750667547481813,0.0
1786684320000,1786685040000,1,0.00268593708,0.0026764646,opposite_break,-5.523167981284122,0.0
1786685040000,1786685400000,-1,0.0026764646,0.00267863562,confirmed_pivot,-2.8119632966563244,0.0
1786685400000,1786686660000,1,0.00267863562,0.0026749649,opposite_break,-3.368998923414618,0.0
1786686660000,1786688160000,-1,0.0026749649,0.0026665332,confirmed_pivot,1.1552308219072165,0.0
1786688160000,1786689720000,1,0.0026665332,0.00266306728,confirmed_pivot,-3.2984852691877347,0.0
1786689720000,1786689960000,-1,0.00266306728,0.0026674333799999997,opposite_break,-3.641139948968772,0.0
1786689960000,1786690140000,1,0.0026674333799999997,0.00266576674,confirmed_pivot,-2.6241855457322067,0.0
1786690140000,1786690560000,-1,0.00266576674,0.0026640327,confirmed_pivot,-1.3488649948419578,0.0
1786690560000,1786691520000,1,0.0026640327,0.0026564686,opposite_break,-4.836502682568375,0.0
1786691520000,1786691580000,-1,0.0026564686,0.0026598318599999997,confirmed_pivot,-3.267330342244416,0.0
1786691580000,1786692780000,1,0.0026598318599999997,0.002659468,opposite_break,-2.136661322644577,0.0
1786692780000,1786692960000,-1,0.002659468,0.0026610321,confirmed_pivot,-2.5887132689695607,0.0
1786692960000,1786693200000,1,0.0026610321,0.00265606868,opposite_break,-3.8633584239738457,0.0
1786693200000,1786693800000,-1,0.00265606868,0.0026565312,confirmed_pivot,-2.174311200416615,0.0
1786693800000,1786694400000,1,0.0026565312,0.00265086972,opposite_break,-4.101040421734907,0.027983517453135882
1786694400000,1786695720000,-1,0.00265086972,0.00265643118,confirmed_pivot,-4.100073578870628,0.0
1786695720000,1786696860000,1,0.00265643118,0.0026637671400000004,confirmed_pivot,0.7588232268830344,0.0
1786696860000,1786697220000,-1,0.0026637671400000004,0.0026659330800000002,opposite_break,-2.8139247261680187,0.0
1786697220000,1786698120000,1,0.0026659330800000002,0.00266476694,confirmed_pivot,-2.4369854100014527,0.0
1786698120000,1786699080000,-1,0.00266476694,0.00267193428,opposite_break,-4.692358281809118,0.0
1786699080000,1786699200000,1,0.00267193428,0.0026669665000000004,confirmed_pivot,-3.857385586594494,0.0
1786699200000,1786699440000,-1,0.0026669665000000004,0.00266613312,confirmed_pivot,-1.6872051523706002,0.0
1786699440000,1786699740000,1,0.00266613312,0.00266216746,opposite_break,-3.4859326829112978,0.0
1786699740000,1786700700000,-1,0.00266216746,0.00264712932,confirmed_pivot,3.654482058765784,0.0
1786700700000,1786701480000,1,0.00264712932,0.00264617066,opposite_break,-2.361788648844573,0.0
1786701480000,1786701720000,-1,0.00264617066,0.00264862962,confirmed_pivot,-2.9301814872363354,0.0
1786701720000,1786702860000,1,0.00264862962,0.00264467096,opposite_break,-3.493112253271581,0.0
1786702860000,1786703400000,-1,0.00264467096,0.0026435286,confirmed_pivot,-1.567620177596581,0.0
1786703400000,1786704900000,1,0.0026435286,0.00263457298,opposite_break,-5.384364511887578,0.0
1786704900000,1786705080000,-1,0.00263457298,0.00263622714,confirmed_pivot,-2.6284943224461497,0.0
1786705080000,1786705620000,1,0.00263622714,0.00263757238,confirmed_pivot,-1.49022042159836,0.0
1786705620000,1786707900000,-1,0.00263757238,0.0026377274400000003,confirmed_pivot,-2.058847696911408,0.0
1786707900000,1786708140000,1,0.0026377274400000003,0.00263437302,opposite_break,-3.2704366376839045,0.0
1786708140000,1786708200000,-1,0.00263437302,0.00263632716,confirmed_pivot,-2.742527396518837,0.0
1786708200000,1786708680000,1,0.00263632716,0.00263587272,confirmed_pivot,-2.172203801898384,0.0
1786708680000,1786708860000,-1,0.00263587272,0.00263722734,confirmed_pivot,-2.514430992707408,0.0
1786708860000,1786709580000,1,0.00263722734,0.00262867416,opposite_break,-5.240003882259262,0.0
1786709580000,1786709760000,-1,0.00262867416,0.0026345268,confirmed_pivot,-4.22868727100062,0.0
1786709760000,1786711560000,1,0.0026345268,0.00263267336,opposite_break,-2.7028156099987246,0.0
1786711560000,1786711800000,-1,0.00263267336,0.002635527,confirmed_pivot,-3.0850163500722907,0.0
1786711800000,1786713420000,1,0.002635527,0.00263287332,confirmed_pivot,-3.0058809186928896,0.0
1786713420000,1786713780000,-1,0.00263287332,0.00263842758,confirmed_pivot,-4.111690759204431,0.0
1786713780000,1786714200000,1,0.00263842758,0.0026420714800000004,confirmed_pivot,-0.6202933415362004,0.0
1786714200000,1786714740000,-1,0.0026420714800000004,0.00265193028,opposite_break,-5.735197504951524,0.0
1786714740000,1786716180000,1,0.00265193028,0.00264127164,opposite_break,-6.0151814850878385,0.0
1786716180000,1786716420000,-1,0.00264127164,0.00264312852,confirmed_pivot,-2.703728027004328,0.0
1786716420000,1786716840000,1,0.00264312852,0.00263667256,opposite_break,-4.440102322379653,0.0
1786716840000,1786718760000,-1,0.00263667256,0.00263482686,confirmed_pivot,-1.299288911323853,0.0
1786718760000,1786719120000,1,0.00263482686,0.00262637462,opposite_break,-5.204684105884607,0.0
1786719120000,1786720080000,-1,0.00262637462,0.00261882366,confirmed_pivot,0.8779256784014684,0.0
1786720080000,1786720440000,1,0.00261882366,0.00262327524,confirmed_pivot,-0.3018603016593393,0.0
1786720440000,1786721340000,-1,0.00262327524,0.00263042598,opposite_break,-4.728608356018379,0.0
1786721340000,1786722540000,1,0.00263042598,0.00264417106,confirmed_pivot,3.2201943808356157,0.0
1786722540000,1786722960000,-1,0.00264417106,0.0026520303,opposite_break,-4.97526107860819,0.0
1786722960000,1786723500000,1,0.0026520303,0.00265036982,confirmed_pivot,-2.6196805715230203,0.005809838597997918
1786723500000,1786724280000,-1,0.00265036982,0.00266193228,opposite_break,-6.366946217339592,0.0
1786724280000,1786724940000,1,0.00266193228,0.00266076774,confirmed_pivot,-2.4370417191829126,0.0
1786724940000,1786725060000,-1,0.00266076774,0.00266373264,opposite_break,-3.1154167480998187,0.0
1786725060000,1786725600000,1,0.00266373264,0.0026658667200000004,confirmed_pivot,-1.1996396755492182,0.0
1786725600000,1786725720000,-1,0.0026658667200000004,0.0026706340199999998,opposite_break,-3.79006222036463,0.0
1786725720000,1786725840000,1,0.0026706340199999998,0.0026679663,confirmed_pivot,-2.997909956977092,0.0
1786725840000,1786726200000,-1,0.0026679663,0.00267183426,opposite_break,-3.4512282107910863,0.0
1786726200000,1786726500000,1,0.00267183426,0.002669466,confirmed_pivot,-2.8854934512292005,0.0
1786726500000,1786726680000,-1,0.002669466,0.0026775354,opposite_break,-5.025874613124875,0.0
1786726680000,1786727520000,1,0.0026775354,0.0026664666000000004,opposite_break,-6.129816995136561,0.0
1786727520000,1786727700000,-1,0.0026664666000000004,0.00267313452,confirmed_pivot,-4.503158269448974,0.0
1786727700000,1786728360000,1,0.00267313452,0.00267266536,confirmed_pivot,-2.1753338025052695,0.0
1786728360000,1786728780000,-1,0.00267266536,0.00267613512,opposite_break,-3.2995378366410475,0.0
1786728780000,1786728960000,1,0.00267613512,0.00267376514,confirmed_pivot,-2.8847124355962572,0.0
1786728960000,1786730340000,-1,0.00267376514,0.0026630325,confirmed_pivot,2.0180689318136302,0.0
1786730340000,1786731720000,1,0.0026630325,0.00266736642,confirmed_pivot,-0.3741895451894579,0.0
1786731720000,1786732800000,-1,0.00266736642,0.00266563302,confirmed_pivot,-1.349495672214396,0.0
1786732800000,1786733040000,1,0.00266563302,0.00266226744,opposite_break,-3.261319316940428,0.0
1786733040000,1786739280000,-1,0.00266226744,0.00264612912,confirmed_pivot,4.067932198426979,0.0
1786739280000,1786739640000,1,0.00264612912,0.00264487092,confirmed_pivot,-2.475011514177412,0.0
1786739640000,1786740120000,-1,0.00264487092,0.00264932976,opposite_break,-3.687529930572289,0.0
1786740120000,1786740300000,1,0.00264932976,0.0026469705,confirmed_pivot,-2.88962150940403,0.0
1786740300000,1786741260000,-1,0.0026469705,0.00264492888,confirmed_pivot,-1.2279242930738896,0.0
1786741260000,1786741380000,1,0.00264492888,0.00264117166,confirmed_pivot,-3.419116713641107,0.0
1786741380000,1786742580000,-1,0.00264117166,0.00264712932,confirmed_pivot,-4.2579439838454025,0.0
1786742580000,1786742820000,1,0.00264712932,0.00264577074,confirmed_pivot,-2.512714437389015,0.0
1786742820000,1786744800000,-1,0.00264577074,0.0026420283,opposite_break,-0.5840865259549542,0.0
1786744800000,1786745520000,1,0.0026420283,0.00264307128,confirmed_pivot,-1.6056298791348562,0.0
1786745520000,1786745940000,-1,0.00264307128,0.0026426284200000002,confirmed_pivot,-1.8322773724060002,0.0
1786745940000,1786746420000,1,0.0026426284200000002,0.00263667256,opposite_break,-4.251509934189018,0.0
1786746420000,1786747620000,-1,0.00263667256,0.00264332856,opposite_break,-4.526918245775596,0.0
1786747620000,1786747980000,1,0.00264332856,0.0026429713,confirmed_pivot,-2.1350201959001662,0.0
1786747980000,1786748340000,-1,0.0026429713,0.00264392868,opposite_break,-2.362598481489374,0.0
1786748340000,1786748580000,1,0.00264392868,0.00264107168,confirmed_pivot,-3.0795083171457582,0.0
1786748580000,1786749840000,-1,0.00264107168,0.0026511301199999998,opposite_break,-5.812277613002852,0.0
1786749840000,1786750500000,1,0.0026511301199999998,0.0026523694200000004,confirmed_pivot,-1.5330064372696137,0.0
1786750500000,1786750740000,-1,0.0026523694200000004,0.00265863162,opposite_break,-4.363344318756159,0.0
1786750740000,1786751280000,1,0.00265863162,0.00266226744,confirmed_pivot,-0.6338144206680818,0.0
1786751280000,1786753020000,-1,0.00266226744,0.00266723334,opposite_break,-3.945680037690095,-0.07852506095330529
1786753020000,1786753440000,1,0.00266723334,0.00266076774,opposite_break,-4.421660791027745,0.0
1786753440000,1786753560000,-1,0.00266076774,0.00266333256,confirmed_pivot,-2.964903768714438,0.0
1786753560000,1786754580000,1,0.00266333256,0.002659468,opposite_break,-3.4495731768473012,0.0
1786754580000,1786754760000,-1,0.002659468,0.00266243238,confirmed_pivot,-3.1157661532306644,0.0
1786754760000,1786754940000,1,0.00266243238,0.00266086772,confirmed_pivot,-2.5870929724795007,0.0
1786754940000,1786755420000,-1,0.00266086772,0.0026660331,opposite_break,-3.943180166806601,0.0
1786755420000,1786755540000,1,0.0026660331,0.00266336722,confirmed_pivot,-2.9989426312824747,0.0
1786755540000,1786756800000,-1,0.00266336722,0.00265433076,confirmed_pivot,1.3962633436631107,0.0
1786756800000,1786757760000,1,0.00265433076,0.00265606868,confirmed_pivot,-1.3459059036033074,0.0
1786757760000,1786759320000,-1,0.00265606868,0.00265733136,opposite_break,-2.475869727886714,0.0
1786759320000,1786759380000,1,0.00265733136,0.00265486892,confirmed_pivot,-2.9257323332081278,0.0
1786759380000,1786759560000,-1,0.00265486892,0.00265893168,opposite_break,-3.531835613187256,0.0
1786759560000,1786759740000,1,0.00265893168,0.00265476894,confirmed_pivot,-3.5640030510298435,0.0
1786759740000,1786760160000,-1,0.00265476894,0.00266123214,opposite_break,-4.43699672032459,0.0
1786760160000,1786760880000,1,0.00266123214,0.0026649669,confirmed_pivot,-0.5980083496210788,0.0
1786760880000,1786761120000,-1,0.0026649669,0.0026680335,opposite_break,-3.15185918444245,0.0
1786761120000,1786761300000,1,0.0026680335,0.0026658667200000004,confirmed_pivot,-2.811314108312188,0.0
1786761300000,1786762560000,-1,0.0026658667200000004,0.00267023394,opposite_break,-3.6398371258408098,0.0
1786762560000,1786762800000,1,0.00267023394,0.0026679663,confirmed_pivot,-2.8483797340991974,0.0
1786762800000,1786763580000,-1,0.0026679663,0.00266763342,confirmed_pivot,-1.8751060386332554,0.0
1786763580000,1786764360000,1,0.00266763342,0.00266186752,opposite_break,-4.159267482861232,0.0
1786764360000,1786765320000,-1,0.00266186752,0.002660532,confirmed_pivot,-1.4977753363172752,0.0
1786765320000,1786768140000,1,0.002660532,0.0026649669,confirmed_pivot,-0.3347446676079642,0.0
1786768140000,1786768560000,-1,0.0026649669,0.00266433276,confirmed_pivot,-1.7618078708596099,0.0
1786768560000,1786769280000,1,0.00266433276,0.0026653668200000004,confirmed_pivot,-1.6122759305785022,0.0
1786769280000,1786772700000,-1,0.0026653668200000004,0.00265793148,confirmed_pivot,0.7924018878573929,0.0
1786772700000,1786773360000,1,0.00265793148,0.00265476894,opposite_break,-3.188660235891298,0.0
1786773360000,1786774680000,-1,0.00265476894,0.0026538306599999998,confirmed_pivot,-1.6462146796095847,0.0
1786774680000,1786776060000,1,0.0026538306599999998,0.00265076974,opposite_break,-3.1522434818805793,0.0
1786776060000,1786776120000,-1,0.00265076974,0.00265293048,confirmed_pivot,-2.815951950621053,0.0
1786776120000,1786776660000,1,0.00265293048,0.0026528693200000004,confirmed_pivot,-2.0230306977361048,0.0
1786776660000,1786776840000,-1,0.0026528693200000004,0.0026560310999999997,opposite_break,-3.193025889416699,0.0
1786776840000,1786777260000,1,0.0026560310999999997,0.00265306928,confirmed_pivot,-3.1140148848407194,0.0
1786777260000,1786778040000,-1,0.00265306928,0.0026544307799999996,confirmed_pivot,-2.513692390271771,0.0
1786778040000,1786778220000,1,0.0026544307799999996,0.00265166956,confirmed_pivot,-3.039190323131934,0.0
1786778220000,1786779060000,-1,0.00265166956,0.0026465292,confirmed_pivot,-0.05952429457306585,0.0
1786779060000,1786779180000,1,0.0026465292,0.00264377114,opposite_break,-3.041100147317488,0.0
1786779180000,1786779780000,-1,0.00264377114,0.00264372864,confirmed_pivot,-1.9839084029036842,0.0
1786779780000,1786780800000,1,0.00264372864,0.00263867216,opposite_break,-3.818648236908331,0.09207113253499422
1786780800000,1786781040000,-1,0.00263867216,0.00264162822,confirmed_pivot,-3.121403448619361,0.0
1786781040000,1786781460000,1,0.00264162822,0.0026417715400000002,confirmed_pivot,-1.9457998370413327,0.0
1786781460000,1786781700000,-1,0.0026417715400000002,0.0026452289399999996,opposite_break,-3.310051738993063,0.0
1786781700000,1786782060000,1,0.0026452289399999996,0.00264337122,confirmed_pivot,-2.7015885286661803,0.0
1786782060000,1786782240000,-1,0.00264337122,0.00264622914,opposite_break,-3.0822459964590214,0.0
1786782240000,1786782420000,1,0.00264622914,0.00264457098,confirmed_pivot,-2.625985790482098,0.0
1786782420000,1786783680000,-1,0.00264457098,0.00264372864,confirmed_pivot,-1.681164791424894,0.0
1786783680000,1786784160000,1,0.00264372864,0.00263917206,opposite_break,-3.7218194602605013,0.0
1786784160000,1786784640000,-1,0.00263917206,0.00263862762,confirmed_pivot,-1.793501739329454,0.0
1786784640000,1786785960000,1,0.00263862762,0.00264377114,confirmed_pivot,-0.052632951670505745,0.0
1786785960000,1786787760000,-1,0.00264377114,0.00264482886,opposite_break,-2.400480096019285,0.0
1786787760000,1786788780000,1,0.00264482886,0.00264357118,confirmed_pivot,-2.4750486275320105,0.0
1786788780000,1786789920000,-1,0.00264357118,0.00264472884,confirmed_pivot,-2.4383531144411474,0.0
1786789920000,1786791240000,1,0.00264472884,0.00264077174,confirmed_pivot,-3.494725221055093,0.0
1786791240000,1786791540000,-1,0.00264077174,0.0026414281799999996,confirmed_pivot,-2.2488274280000673,0.0
1786791540000,1786792800000,1,0.0026414281799999996,0.0026414716,confirmed_pivot,-1.9835783610060491,0.0
1786792800000,1786793280000,-1,0.0026414716,0.00264182826,confirmed_pivot,-2.135158242852178,0.0
1786793280000,1786793760000,1,0.00264182826,0.00264107168,confirmed_pivot,-2.286098620203285,0.0
1786793760000,1786794240000,-1,0.00264107168,0.00264482886,opposite_break,-3.4240193511143984,0.0
1786794240000,1786794360000,1,0.00264482886,0.00264167156,confirmed_pivot,-3.192569677268366,0.0
1786794360000,1786794780000,-1,0.00264167156,0.00264132816,confirmed_pivot,-1.869876556493644,0.0
1786794780000,1786796460000,1,0.00264132816,0.0026401718600000002,confirmed_pivot,-2.437334412850714,0.0
1786796460000,1786796820000,-1,0.0026401718600000002,0.0026403279599999997,confirmed_pivot,-2.059184063873574,0.0
1786796820000,1786800420000,1,0.0026403279599999997,0.00264387112,opposite_break,-0.6594025842152667,0.0
1786800420000,1786800600000,-1,0.00264387112,0.002645529,confirmed_pivot,-2.6276924270046673,0.0
1786800600000,1786801260000,1,0.002645529,0.00264157158,opposite_break,-3.494393968087379,0.0
1786801260000,1786801440000,-1,0.00264157158,0.0026435286,confirmed_pivot,-2.741595281699629,0.0
1786801440000,1786802340000,1,0.0026435286,0.00264407108,confirmed_pivot,-1.7949946446577778,0.0
1786802340000,1786802940000,-1,0.00264407108,0.00264592908,confirmed_pivot,-2.7034069598461707,0.0
1786802940000,1786803720000,1,0.00264592908,0.00264187152,opposite_break,-3.5319769795190243,0.0
1786803720000,1786803900000,-1,0.00264187152,0.00264332856,confirmed_pivot,-2.5520696328183616,0.0
1786803900000,1786804740000,1,0.00264332856,0.00264317126,confirmed_pivot,-2.059448795877219,0.0
1786804740000,1786804860000,-1,0.00264317126,0.00264542898,opposite_break,-2.855025080743359,0.0
1786804860000,1786805940000,1,0.00264542898,0.0026455707800000002,confirmed_pivot,-1.9464517093177773,0.0
1786805940000,1786806240000,-1,0.0026455707800000002,0.0026457290399999997,confirmed_pivot,-2.059880560065566,0.0
1786806240000,1786807260000,1,0.0026457290399999997,0.00264527084,confirmed_pivot,-2.1730115945658937,0.0
1786807260000,1786808220000,-1,0.00264527084,0.00265293048,opposite_break,-4.8984932370857655,0.0
1786808220000,1786808520000,1,0.00265293048,0.00264986992,confirmed_pivot,-3.152498892470189,0.0
1786808520000,1786809600000,-1,0.00264986992,0.00265313052,opposite_break,-3.3048438380704965,-0.07313786814108975
1786809600000,1786809960000,1,0.00265313052,0.0026482702400000002,opposite_break,-3.830071940825566,0.0
1786809960000,1786810200000,-1,0.0026482702400000002,0.00264942978,confirmed_pivot,-2.438285912996447,0.0
1786810200000,1786811220000,1,0.00264942978,0.00265166956,confirmed_pivot,-1.1554634748613144,0.0
1786811220000,1786812840000,-1,0.00265166956,0.00265093008,confirmed_pivot,-1.7208477665670057,0.0
1786812840000,1786814340000,1,0.00265093008,0.00265656858,confirmed_pivot,0.12486234265381091,0.0
1786814340000,1786815060000,-1,0.00265656858,0.0026540307,confirmed_pivot,-1.0437220785017747,0.0
1786815060000,1786815540000,1,0.0026540307,0.00265316926,confirmed_pivot,-2.324253430828807,0.0
1786815540000,1786816320000,-1,0.00265316926,0.00265483086,confirmed_pivot,-2.6268961521134893,0.0
1786816320000,1786817040000,1,0.00265483086,0.0026485701800000004,opposite_break,-4.355863574675929,0.0
1786817040000,1786817280000,-1,0.0026485701800000004,0.0026501299199999996,confirmed_pivot,-2.589487774116352,0.0
1786817280000,1786817880000,1,0.0026501299199999996,0.00264437102,opposite_break,-4.1708902105447265,0.0
1786817880000,1786818240000,-1,0.00264437102,0.00264542898,confirmed_pivot,-2.40048009601925,0.0
1786818240000,1786820040000,1,0.00264542898,0.00264357118,opposite_break,-2.701565687089401,0.0
1786820040000,1786820640000,-1,0.00264357118,0.00264382866,confirmed_pivot,-2.097495948643173,0.0
1786820640000,1786821240000,1,0.00264382866,0.00264277134,confirmed_pivot,-2.399520095980833,0.0
1786821240000,1786823220000,-1,0.00264277134,0.0026452289399999996,opposite_break,-2.9308628267475276,0.0
1786823220000,1786824300000,1,0.0026452289399999996,0.0026439711,opposite_break,-2.4750372041519455,0.0
1786824300000,1786825080000,-1,0.0026439711,0.00264382866,confirmed_pivot,-1.9460726178133108,0.0
1786825080000,1786825320000,1,0.00264382866,0.0026409717000000004,opposite_break,-3.079534042118864,0.0
1786825320000,1786826280000,-1,0.0026409717000000004,0.00264232836,confirmed_pivot,-2.514210985297431,0.0
1786826280000,1786827600000,1,0.00264232836,0.00264307128,confirmed_pivot,-1.719120041537917,0.0
1786827600000,1786830120000,-1,0.00264307128,0.00265293048,opposite_break,-5.733936074550419,0.0
1786830120000,1786830420000,1,0.00265293048,0.0026512696400000004,confirmed_pivot,-2.6254137349274966,0.0
1786830420000,1786831260000,-1,0.0026512696400000004,0.00264642918,confirmed_pivot,-0.17246032357530838,0.0
1786831260000,1786832040000,1,0.00264642918,0.0026501698600000004,confirmed_pivot,-0.5879314858521076,0.0
1786832040000,1786833120000,-1,0.0026501698600000004,0.0026463291599999996,confirmed_pivot,-0.5493229101923103,0.0
1786833120000,1786833240000,1,0.0026463291599999996,0.00264357118,opposite_break,-3.0411486453179872,0.0
1786833240000,1786833720000,-1,0.00264357118,0.0026452289399999996,confirmed_pivot,-2.6277182065510054,0.0
1786833720000,1786833960000,1,0.0026452289399999996,0.0026434712,confirmed_pivot,-2.6638299745803655,0.0
1786833960000,1786836840000,-1,0.0026434712,0.00262172424,confirmed_pivot,6.234894694521383,0.0
1786836840000,1786837920000,1,0.00262172424,0.00262087572,opposite_break,-2.323325949795543,0.0
1786837920000,1786839180000,-1,0.00262087572,0.00262672524,opposite_break,-4.291219659282318,-0.057092540885532714
1786839180000,1786839300000,1,0.00262672524,0.00262267536,confirmed_pivot,-3.5402563078884666,0.0
1786839300000,1786839540000,-1,0.00262267536,0.0026263251600000003,opposite_break,-3.393024030240774,0.0
1786839540000,1786841280000,1,0.0026263251600000003,0.0026239751,confirmed_pivot,-2.8939144229955573,0.0
1786841280000,1786841580000,-1,0.0026239751,0.0026210241,confirmed_pivot,-0.8742457960061554,0.0
1786841580000,1786842060000,1,0.0026210241,0.0026179763000000003,opposite_break,-3.161665091137386,0.0
1786842060000,1786842120000,-1,0.0026179763000000003,0.00262262442,confirmed_pivot,-3.7772384417688754,0.0
1786842120000,1786842480000,1,0.00262262442,0.00262077574,confirmed_pivot,-2.7041920703231788,0.0
1786842480000,1786842840000,-1,0.00262077574,0.00261892368,confirmed_pivot,-1.2926094241087953,0.0
1786842840000,1786843260000,1,0.00261892368,0.0026114776000000003,opposite_break,-4.840340089635452,0.0
1786843260000,1786843440000,-1,0.0026114776000000003,0.00261512292,confirmed_pivot,-3.3972799613520044,0.0
1786843440000,1786843680000,1,0.00261512292,0.00260837822,opposite_break,-4.576534834546033,0.0
1786843680000,1786844520000,-1,0.00260837822,0.00261392268,confirmed_pivot,-4.127760620543756,0.0
1786844520000,1786844880000,1,0.00261392268,0.00261617666,confirmed_pivot,-1.138564412318504,0.0
1786844880000,1786845600000,-1,0.00261617666,0.0026143227599999997,confirmed_pivot,-1.2906618546163782,0.0
1786845600000,1786846440000,1,0.0026143227599999997,0.0026054788,opposite_break,-5.379504694362898,0.0
1786846440000,1786848780000,-1,0.0026054788,0.0026095218000000003,confirmed_pivot,-3.5532818766364365,0.0
1786848780000,1786849140000,1,0.0026095218000000003,0.0026099779,confirmed_pivot,-1.8253918016703896,0.0
1786849140000,1786849500000,-1,0.0026099779,0.0026157230399999998,opposite_break,-4.203422925534956,0.0
1786849500000,1786849860000,1,0.0026157230399999998,0.00261317726,confirmed_pivot,-2.9722872724321574,0.0
1786849860000,1786849980000,-1,0.00261317726,0.00261612312,opposite_break,-3.1284369817300073,0.0
1786849980000,1786850400000,1,0.00261612312,0.0026159767,confirmed_pivot,-2.0559123455932644,0.0
1786850400000,1786852740000,-1,0.0026159767,0.0026154229799999996,confirmed_pivot,-1.7881197795070123,0.0
1786852740000,1786853460000,1,0.0026154229799999996,0.00261217746,opposite_break,-3.239674998955415,0.0
1786853460000,1786853640000,-1,0.00261217746,0.0026138226599999996,confirmed_pivot,-2.630449203860524,0.0
1786853640000,1786853820000,1,0.0026138226599999996,0.00261067776,opposite_break,-3.201977145610752,0.0
1786853820000,1786853940000,-1,0.00261067776,0.0026143227599999997,confirmed_pivot,-3.3975853534676004,0.0
1786853940000,1786854480000,1,0.0026143227599999997,0.0026164766,confirmed_pivot,-1.1769623120289439,0.0
1786854480000,1786855080000,-1,0.0026164766,0.00261562302,confirmed_pivot,-1.6734411536490859,0.0
1786855080000,1786855680000,1,0.00261562302,0.0026147769400000002,confirmed_pivot,-2.3231482188131887,0.0
1786855680000,1786855860000,-1,0.0026147769400000002,0.00261692328,opposite_break,-2.821670983529359,0.0
1786855860000,1786856040000,1,0.00261692328,0.00261487692,confirmed_pivot,-2.7811897489022943,0.0
1786856040000,1786856400000,-1,0.00261487692,0.00261612312,confirmed_pivot,-2.4770573293369216,0.0
1786856400000,1786856760000,1,0.00261612312,0.00261567676,confirmed_pivot,-2.170448262389181,0.0
1786856760000,1786858020000,-1,0.00261567676,0.0026116222199999996,confirmed_pivot,-0.4483577626769494,0.0
1786858020000,1786861080000,1,0.0026116222199999996,0.0026017795400000003,opposite_break,-5.765030502765203,0.0
1786861080000,1786861560000,-1,0.0026017795400000003,0.00259841958,confirmed_pivot,-0.7073001734804345,0.0
1786861560000,1786862280000,1,0.00259841958,0.00259778034,confirmed_pivot,-2.245765066163835,0.0
1786862280000,1786862520000,-1,0.00259778034,0.00260322054,opposite_break,-4.096266615059475,0.0
1786862520000,1786863060000,1,0.00260322054,0.0026024793999999997,confirmed_pivot,-2.2844164943474814,0.0
1786863060000,1786864320000,-1,0.0026024793999999997,0.0026015202,opposite_break,-1.6310598270250811,0.0
1786864320000,1786864500000,1,0.0026015202,0.0026004798,confirmed_pivot,-2.399520095980816,0.0
1786864500000,1786865220000,-1,0.0026004798,0.00260432076,opposite_break,-3.4784967604823587,0.0
1786865220000,1786866480000,1,0.00260432076,0.0026034792,confirmed_pivot,-2.3228167792970407,0.0
1786866480000,1786866900000,-1,0.0026034792,0.00260692128,opposite_break,-3.323429847259729,0.0
1786866900000,1786867080000,1,0.00260692128,0.00260507888,confirmed_pivot,-2.706027302826676,0.0
1786867080000,1786867320000,-1,0.00260507888,0.00260822154,opposite_break,-3.237058031348279,-0.029492807833903286
1786867320000,1786867440000,1,0.00260822154,0.00260427904,confirmed_pivot,-3.5100548168925885,0.0
1786867440000,1786868100000,-1,0.00260427904,0.00260472084,confirmed_pivot,-2.169813523515579,0.0
1786868100000,1786868880000,1,0.00260472084,0.0026059787,confirmed_pivot,-1.5175674411236457,0.0
1786868880000,1786869240000,-1,0.0026059787,0.00260472084,confirmed_pivot,-1.5168349380600206,0.0
1786869240000,1786870020000,1,0.00260472084,0.00260237942,opposite_break,-2.8980150748131397,0.0
1786870020000,1786870140000,-1,0.00260237942,0.00260462082,confirmed_pivot,-2.8621499934854815,0.0
1786870140000,1786870320000,1,0.00260462082,0.0026033792200000003,confirmed_pivot,-2.4762145762160066,0.0
1786870320000,1786871700000,-1,0.0026033792200000003,0.0026068212600000003,opposite_break,-3.3234652921597956,0.0
1786871700000,1786871820000,1,0.0026068212600000003,0.0026034792,confirmed_pivot,-3.280762126360793,0.0
1786871820000,1786872840000,-1,0.0026034792,0.00260492088,confirmed_pivot,-2.554305054559266,0.0
1786872840000,1786873380000,1,0.00260492088,0.00260037982,opposite_break,-3.741518897879166,0.0
1786873380000,1786874520000,-1,0.00260037982,0.00260462082,confirmed_pivot,-3.6325465100709327,0.0
1786874520000,1786875300000,1,0.00260462082,0.0026008797199999997,opposite_break,-3.4348955791577684,0.0
1786875300000,1786876140000,-1,0.0026008797199999997,0.00260482086,opposite_break,-3.5168256761986036,0.0
1786876140000,1786876380000,1,0.00260482086,0.0026039791000000002,confirmed_pivot,-2.322831505579884,0.0
1786876380000,1786876860000,-1,0.0026039791000000002,0.00260742138,confirmed_pivot,-3.323252663587027,0.0
1786876860000,1786877520000,1,0.00260742138,0.00260807828,confirmed_pivot,-1.7483172052536464,0.0
1786877520000,1786878240000,-1,0.00260807828,0.00260862162,opposite_break,-2.208537966122676,0.0
1786878240000,1786878360000,1,0.00260862162,0.0026064786,confirmed_pivot,-2.820692799440934,0.0
1786878360000,1786878780000,-1,0.0026064786,0.0026089216799999996,opposite_break,-2.9382479027449744,0.0
1786878780000,1786879440000,1,0.0026089216799999996,0.00260537882,opposite_break,-3.356620693956456,0.0
1786879440000,1786879740000,-1,0.00260537882,0.00260712132,confirmed_pivot,-2.6694775003966833,0.0
1786879740000,1786880640000,1,0.00260712132,0.0026055787800000002,confirmed_pivot,-2.5910724016478786,0.0
1786880640000,1786882500000,-1,0.0026055787800000002,0.0026020203,confirmed_pivot,-0.6329185256873677,0.0
1786882500000,1786883400000,1,0.0026020203,0.0026064786,confirmed_pivot,-0.2883140073888657,0.0
1786883400000,1786884120000,-1,0.0026064786,0.00260332056,confirmed_pivot,-0.7871766758415332,0.0
1786884120000,1786884840000,1,0.00260332056,0.0026044790000000003,confirmed_pivot,-1.5554594475295,0.0
1786884840000,1786885020000,-1,0.0026044790000000003,0.00260662122,opposite_break,-2.823336344812022,0.0
1786885020000,1786885140000,1,0.00260662122,0.00260507888,confirmed_pivot,-2.591109152406777,0.0
1786885140000,1786887060000,-1,0.00260507888,0.0026080215,confirmed_pivot,-3.1306999732767498,0.0
1786887060000,1786887420000,1,0.0026080215,0.0026066785600000002,confirmed_pivot,-2.5144118098718935,0.0
1786887420000,1786887600000,-1,0.0026066785600000002,0.00260862162,confirmed_pivot,-2.7461614522964695,0.0
1786887600000,1786888680000,1,0.00260862162,0.00260857818,confirmed_pivot,-2.016635820107899,0.0
1786888680000,1786888800000,-1,0.00260857818,0.00261182226,opposite_break,-3.244863621453744,0.0
1786888800000,1786889460000,1,0.00261182226,0.0026111776599999996,confirmed_pivot,-2.24655406681478,0.0
1786889460000,1786891080000,-1,0.0026111776599999996,0.00261882366,opposite_break,-4.931108869857778,0.0
1786891080000,1786892040000,1,0.00261882366,0.0026134772,opposite_break,-4.0395086624504355,0.0
1786892040000,1786892160000,-1,0.0026134772,0.0026159230799999997,confirmed_pivot,-2.9368078206305928,0.0
1786892160000,1786892580000,1,0.0026159230799999997,0.00261487692,confirmed_pivot,-2.3995200959806384,0.0
1786892580000,1786892940000,-1,0.00261487692,0.00262022394,opposite_break,-4.046890612350371,0.0
1786892940000,1786893240000,1,0.00262022394,0.0026195759800000003,confirmed_pivot,-2.247044548413492,0.0
1786893240000,1786893840000,-1,0.0026195759800000003,0.00261742338,confirmed_pivot,-1.1774422210115618,0.0
1786893840000,1786894260000,1,0.00261742338,0.00261867616,confirmed_pivot,-1.5218476194706736,0.0
1786894260000,1786895160000,-1,0.00261867616,0.00261912372,confirmed_pivot,-2.171081696485794,0.0
1786895160000,1786895640000,1,0.00261912372,0.0026229753,confirmed_pivot,-0.530910017492296,0.0
1786895640000,1786897260000,-1,0.0026229753,0.00262532496,opposite_break,-2.796717247013336,0.09997806689220444
1786897260000,1786897320000,1,0.00262532496,0.00262207548,confirmed_pivot,-3.236506173315826,0.0
1786897320000,1786899300000,-1,0.00262207548,0.00261632316,confirmed_pivot,0.19599792756536094,0.0
1786899300000,1786900080000,1,0.00261632316,0.00261427704,opposite_break,-2.781277294506639,0.0
1786900080000,1786900320000,-1,0.00261427704,0.0026155230000000002,confirmed_pivot,-2.4770749009829673,0.0
1786900320000,1786901700000,1,0.0026155230000000002,0.0026114776000000003,opposite_break,-3.545142061453853,0.0
1786901700000,1786901820000,-1,0.0026114776000000003,0.00261462282,confirmed_pivot,-3.205587679557169,0.0
1786901820000,1786902300000,1,0.00261462282,0.00261167756,opposite_break,-3.125330475008891,0.0
1786902300000,1786904400000,-1,0.00261167756,0.0026014201800000003,confirmed_pivot,1.9314337792908258,0.0
1786904400000,1786905720000,1,0.0026014201800000003,0.0025946809600000003,opposite_break,-4.588002058168071,0.0
1786905720000,1786906800000,-1,0.0025946809600000003,0.002585517,confirmed_pivot,1.5353571793275371,0.0
1786906800000,1786907340000,1,0.002585517,0.0025892820400000003,confirmed_pivot,-0.5452522802981123,0.0
1786907340000,1786908060000,-1,0.0025892820400000003,0.0025935185999999997,opposite_break,-3.637827202477875,0.0
1786908060000,1786908180000,1,0.0025935185999999997,0.0025893820200000002,confirmed_pivot,-3.5933733500116363,0.0
1786908180000,1786909920000,-1,0.0025893820200000002,0.0025946188199999997,confirmed_pivot,-4.024435467424558,0.0
1786909920000,1786910040000,1,0.0025946188199999997,0.0025903818200000003,opposite_break,-3.6313621744250604,0.0
1786910040000,1786910820000,-1,0.0025903818200000003,0.00259411872,confirmed_pivot,-3.4440484684994104,0.0
1786910820000,1786911960000,1,0.00259411872,0.0025934812,confirmed_pivot,-2.2455101515169043,0.0
1786911960000,1786912440000,-1,0.0025934812,0.00259341858,confirmed_pivot,-1.9758307019923582,0.0
1786912440000,1786912860000,1,0.00259341858,0.0025894819999999997,opposite_break,-3.5163936320685423,0.0
1786912860000,1786914180000,-1,0.0025894819999999997,0.0025730145,confirmed_pivot,4.365739364088951,0.0
1786914180000,1786915380000,1,0.0025730145,0.00256178754,opposite_break,-6.358985555658586,0.0
1786915380000,1786915680000,-1,0.00256178754,0.00256311252,confirmed_pivot,-2.5177263763255002,0.0
1786915680000,1786916340000,1,0.00256311252,0.0025627873400000003,confirmed_pivot,-2.126742317188447,0.0
1786916340000,1786916700000,-1,0.0025627873400000003,0.0025507100399999997,confirmed_pivot,2.71727681470466,0.0
1786916700000,1786917660000,1,0.0025507100399999997,0.002544491,opposite_break,-4.43572215679986,0.0
1786917660000,1786918380000,-1,0.002544491,0.00256121214,opposite_break,-8.578078342584128,0.0
1786918380000,1786919160000,1,0.00256121214,0.0025686861600000004,confirmed_pivot,0.9152391804609705,0.0
1786919160000,1786919460000,-1,0.0025686861600000004,0.00256981386,opposite_break,-2.439457228203948,0.0
1786919460000,1786921440000,1,0.00256981386,0.00257238542,confirmed_pivot,-1.000321198360963,0.0
1786921440000,1786921920000,-1,0.00257238542,0.00257631516,opposite_break,-3.529191430419403,0.0
1786921920000,1786922700000,1,0.00257631516,0.0025773844200000003,confirmed_pivot,-1.5853804081948946,0.0
1786922700000,1786923180000,-1,0.0025773844200000003,0.00257771544,confirmed_pivot,-2.1285609618139936,0.0
1786923180000,1786923480000,1,0.00257771544,0.00257178554,opposite_break,-4.2981474246823295,0.0
1786923480000,1786924200000,-1,0.00257178554,0.00257461482,confirmed_pivot,-3.1012229581164643,0.0
1786924200000,1786925340000,1,0.00257461482,0.00256578674,opposite_break,-5.213946060482905,0.21151853775160046
1786925340000,1786926420000,-1,0.00256578674,0.00255481086,confirmed_pivot,2.2820612129284994,0.0
1786926420000,1786930440000,1,0.00255481086,0.00259338122,confirmed_pivot,13.08205176488103,0.0
1786930440000,1786932060000,-1,0.00259338122,0.00259411872,confirmed_pivot,-2.284662160081485,0.0
1786932060000,1786932360000,1,0.00259411872,0.0025898819200000003,opposite_break,-3.6315996516920204,0.0
1786932360000,1786932540000,-1,0.0025898819200000003,0.0025915181999999998,confirmed_pivot,-2.6324289410072743,0.0
1786932540000,1786932840000,1,0.0025915181999999998,0.0025924814,confirmed_pivot,-1.628697649123143,0.0
1786932840000,1786933620000,-1,0.0025924814,0.00259741938,opposite_break,-3.9066358508878736,0.0
1786933620000,1786933740000,1,0.00259741938,0.00259508088,confirmed_pivot,-2.8994163661009966,0.0
1786933740000,1786934160000,-1,0.00259508088,0.00260422074,opposite_break,-5.5255162683022245,0.0
1786934160000,1786934280000,1,0.00260422074,0.0026028793200000002,confirmed_pivot,-2.5145794899090665,0.0
1786934280000,1786934460000,-1,0.0026028793200000002,0.00260722134,opposite_break,-3.6698284805611143,0.0
1786934460000,1786934700000,1,0.00260722134,0.0026049789000000003,confirmed_pivot,-2.859227993277893,0.0
1786934700000,1786934880000,-1,0.0026049789000000003,0.00261122214,opposite_break,-4.399053305191788,0.0
1786934880000,1786935300000,1,0.00261122214,0.00261357718,confirmed_pivot,-1.099010029074075,0.0
1786935300000,1786936560000,-1,0.00261357718,0.0026181235199999996,opposite_break,-3.741248115733757,0.0
1786936560000,1786937220000,1,0.0026181235199999996,0.0026109777000000002,opposite_break,-4.7266376568815955,0.0
1786937220000,1786937340000,-1,0.0026109777000000002,0.00261362262,confirmed_pivot,-3.0140128427752524,0.0
1786937340000,1786937760000,1,0.00261362262,0.00261137762,opposite_break,-2.858102077491245,0.0
1786937760000,1786938840000,-1,0.00261137762,0.0026210241,opposite_break,-5.697713576943393,0.0
1786938840000,1786939080000,1,0.0026210241,0.00261967596,confirmed_pivot,-2.5138418452542455,0.0
1786939080000,1786939740000,-1,0.00261967596,0.00262122414,opposite_break,-2.591572470665342,0.0
1786939740000,1786939860000,1,0.00262122414,0.00261577674,confirmed_pivot,-4.076111125697225,0.0
1786939860000,1786941000000,-1,0.00261577674,0.0026125224,confirmed_pivot,-0.7546359403747177,0.0
1786941000000,1786942440000,1,0.0026125224,0.0026120774800000002,confirmed_pivot,-2.1701325431697143,0.0
1786942440000,1786943340000,-1,0.0026120774800000002,0.00261012192,confirmed_pivot,-1.2505905452697252,0.0
1786943340000,1786943460000,1,0.00261012192,0.00260577874,opposite_break,-3.6623119352218287,0.0
1786943460000,1786943640000,-1,0.00260577874,0.00260762142,confirmed_pivot,-2.7078585191005313,0.0
1786943640000,1786944180000,1,0.00260762142,0.00261067776,confirmed_pivot,-0.8290924301427463,0.0
1786944180000,1786944900000,-1,0.00261067776,0.00260912172,confirmed_pivot,-1.4033748385706348,0.0
1786944900000,1786945080000,1,0.00260912172,0.0026066785600000002,opposite_break,-2.9354553378214074,0.0
1786945080000,1786945740000,-1,0.0026066785600000002,0.00260642118,confirmed_pivot,-1.9011625813962074,0.0
1786945740000,1786946220000,1,0.00260642118,0.00260757838,confirmed_pivot,-1.556463548995576,0.0
1786946220000,1786947540000,-1,0.00260757838,0.00260932176,opposite_break,-2.6692505941087044,0.0
1786947540000,1786947720000,1,0.00260932176,0.00260687852,confirmed_pivot,-2.935414251096379,0.0
1786947720000,1786948560000,-1,0.00260687852,0.00261182226,opposite_break,-3.8983177397924753,0.0
1786948560000,1786950000000,1,0.00261182226,0.00260967796,opposite_break,-2.820176676187771,0.0
1786950000000,1786950300000,-1,0.00260967796,0.0026067212399999997,confirmed_pivot,-0.8658843101084019,0.0
1786950300000,1786953060000,1,0.0026067212399999997,0.0026084782,confirmed_pivot,-1.326662547161969,0.0
1786953060000,1786953180000,-1,0.0026084782,0.0026105219999999997,opposite_break,-2.784305500425339,0.0
1786953180000,1786953900000,1,0.0026105219999999997,0.00260267936,opposite_break,-5.101461071770207,-0.10022325036908329
1786953900000,1786955580000,-1,0.00260267936,0.0025860171,confirmed_pivot,4.408366130816828,0.0
1786955580000,1786956480000,1,0.0025860171,0.0025806837600000003,opposite_break,-4.0603137775073765,0.0
1786956480000,1786956780000,-1,0.0025806837600000003,0.00258291648,confirmed_pivot,-2.8660312257708553,0.0
1786956780000,1786957980000,1,0.00258291648,0.00258258338,confirmed_pivot,-2.128833782499992,0.0
1786957980000,1786958760000,-1,0.00258258338,0.0025840167,confirmed_pivot,-2.5555496605108354,0.0
1786958760000,1786961400000,1,0.0025840167,0.00258218346,confirmed_pivot,-2.708744165624022,0.0
1786961400000,1786961640000,-1,0.00258218346,0.0025854169799999997,opposite_break,-3.253494792348996,0.0
1786961640000,1786962000000,1,0.0025854169799999997,0.0025822834400000003,opposite_break,-3.210793649231529,0.0
1786962000000,1786962540000,-1,0.0025822834400000003,0.00258361662,confirmed_pivot,-2.516795778235629,0.0
1786962540000,1786962780000,1,0.00258361662,0.0025866825600000002,confirmed_pivot,-0.8145013326318675,0.0
1786962780000,1786962900000,-1,0.0025866825600000002,0.00259071804,opposite_break,-3.56165876032338,0.0
1786962900000,1786963740000,1,0.00259071804,0.00259388112,confirmed_pivot,-0.7802930032477979,0.0
1786963740000,1786964820000,-1,0.00259388112,0.002595519,opposite_break,-2.632071326383698,0.0
1786964820000,1786964940000,1,0.002595519,0.0025934812,confirmed_pivot,-2.7843372365989785,0.0
1786964940000,1786965660000,-1,0.0025934812,0.00259321854,confirmed_pivot,-1.8986217212602234,0.0
1786965660000,1786967040000,1,0.00259321854,0.00259358118,confirmed_pivot,-1.8602981760265027,0.0
1786967040000,1786968000000,-1,0.00259358118,0.00259031796,confirmed_pivot,-0.7405510013764577,0.0
1786968000000,1786968300000,1,0.00259031796,0.00258908208,confirmed_pivot,-2.476638057205916,0.0
1786968300000,1786969320000,-1,0.00258908208,0.00258691728,confirmed_pivot,-1.1630374267624282,0.0
1786969320000,1786969500000,1,0.00258691728,0.00258438302,opposite_break,-2.978665131495834,0.0
1786969500000,1786970160000,-1,0.00258438302,0.00258311652,confirmed_pivot,-1.509451002351835,0.0
1786970160000,1786970340000,1,0.00258311652,0.00257938402,opposite_break,-3.443515021923963,0.0
1786970340000,1786971960000,-1,0.00257938402,0.00257141418,confirmed_pivot,1.0929127955131488,0.0
1786971960000,1786972440000,1,0.00257141418,0.00257278534,confirmed_pivot,-1.4673013586631778,0.0
1786972440000,1786973280000,-1,0.00257278534,0.0025754149800000002,opposite_break,-3.0231205841681805,0.0
1786973280000,1786973940000,1,0.0025754149800000002,0.0025871824600000003,confirmed_pivot,2.564589633628681,0.0
1786973940000,1786975740000,-1,0.0025871824600000003,0.00258411672,confirmed_pivot,-0.8138425536480751,0.0
1786975740000,1786976040000,1,0.00258411672,0.00258478294,confirmed_pivot,-1.7424443815371273,0.0
1786976040000,1786977000000,-1,0.00258478294,0.00257621514,confirmed_pivot,1.318022440986848,0.0
1786977000000,1786978740000,1,0.00257621514,0.00259118166,confirmed_pivot,3.8036897803496448,0.0
1786978740000,1786980360000,-1,0.00259118166,0.00257771544,confirmed_pivot,3.2021386335376274,0.0
1786980360000,1786980720000,1,0.00257771544,0.0025827833400000003,confirmed_pivot,-0.03592280922971125,0.0
1786980720000,1786980840000,-1,0.0025827833400000003,0.00258891768,opposite_break,-4.3774639726457245,0.0
1786980840000,1786984140000,1,0.00258891768,0.0025807837399999998,opposite_break,-5.058197853011749,0.08049061235504405
1786984140000,1786985340000,-1,0.0025807837399999998,0.00258521694,confirmed_pivot,-3.7194905296483194,0.0
1786985340000,1786985520000,1,0.00258521694,0.0025828833200000002,confirmed_pivot,-2.9017759182716354,0.0
1786985520000,1786986120000,-1,0.0025828833200000002,0.0025819162800000003,confirmed_pivot,-1.6252223116296267,0.0
1786986120000,1786987500000,1,0.0025819162800000003,0.0025925813800000003,confirmed_pivot,2.126560951077783,0.0
1786987500000,1786987680000,-1,0.0025925813800000003,0.00259431876,opposite_break,-2.670805319137061,0.0
1786987680000,1786987800000,1,0.00259431876,0.00258918206,confirmed_pivot,-3.9780003055599877,0.0
1786987800000,1786988280000,-1,0.00258918206,0.00258641718,confirmed_pivot,-0.931073668879003,0.0
1786988280000,1786988700000,1,0.00258641718,0.00258578274,confirmed_pivot,-2.2450515581557373,0.0
1786988700000,1786989060000,-1,0.00258578274,0.00259271844,opposite_break,-4.684926151220198,0.0
1786989060000,1786989480000,1,0.00259271844,0.00259228144,confirmed_pivot,-2.168380412336572,0.0
1786989480000,1786989780000,-1,0.00259228144,0.00259441878,opposite_break,-2.82532602632841,0.0
1786989780000,1786989960000,1,0.00259441878,0.0025932812399999997,confirmed_pivot,-2.438018129054885,0.0
1786989960000,1786990680000,-1,0.0025932812399999997,0.00259991988,opposite_break,-4.562498250286291,0.0
1786990680000,1786990800000,1,0.00259991988,0.00259338122,confirmed_pivot,-4.5124317830901415,0.0
1786990800000,1786991700000,-1,0.00259338122,0.00259311852,confirmed_pivot,-1.8986023736224,0.0
1786991700000,1786992000000,1,0.00259311852,0.0025930812800000003,confirmed_pivot,-2.014346725655839,0.0
1786992000000,1786994280000,-1,0.0025930812800000003,0.0025915181999999998,confirmed_pivot,-1.3966085474958398,0.0
1786994280000,1786994460000,1,0.0025915181999999998,0.00258708248,opposite_break,-3.7099182556386605,0.0
1786994460000,1786995420000,-1,0.00258708248,0.00258621714,confirmed_pivot,-1.6651806246239165,0.0
1786995420000,1786996320000,1,0.00258621714,0.0025834831999999998,opposite_break,-3.056062160349048,0.0
1786996320000,1786996740000,-1,0.0025834831999999998,0.00258421674,confirmed_pivot,-2.2842184303734463,0.0
1786996740000,1786996860000,1,0.00258421674,0.00257988392,opposite_break,-3.674970645070537,0.0
1786996860000,1786998060000,-1,0.00257988392,0.0025770153,confirmed_pivot,-0.8869698369994184,0.0
1786998060000,1786998720000,1,0.0025770153,0.0025814836,confirmed_pivot,-0.26782879403153115,0.0
1786998720000,1786999080000,-1,0.0025814836,0.00258711732,opposite_break,-4.184539820434978,0.0
1786999080000,1787000340000,1,0.00258711732,0.00259188152,confirmed_pivot,-0.1603324429059707,0.0
1787000340000,1787001060000,-1,0.00259188152,0.00259541898,opposite_break,-3.3661880115569356,0.0
1787001060000,1787001240000,1,0.00259541898,0.00259338122,confirmed_pivot,-2.7843520663472496,0.0
1787001240000,1787001780000,-1,0.00259338122,0.0026030205000000003,opposite_break,-5.720594259566772,0.0
1787001780000,1787001960000,1,0.0026030205000000003,0.00259888012,confirmed_pivot,-3.5890153842431705,0.0
1787001960000,1787003820000,-1,0.00259888012,0.00260692128,confirmed_pivot,-5.097180627169557,0.0
1787003820000,1787004000000,1,0.00260692128,0.00260307928,opposite_break,-3.4722953199415345,0.0
1787004000000,1787004180000,-1,0.00260307928,0.00260432076,confirmed_pivot,-2.4774043916171973,0.0
1787004180000,1787004300000,1,0.00260432076,0.0025968805200000003,opposite_break,-4.854026229856389,0.0
1787004300000,1787005020000,-1,0.0025968805200000003,0.0025937186399999997,confirmed_pivot,-0.7812139004375104,0.0
1787005020000,1787005140000,1,0.0025937186399999997,0.0025871824600000003,opposite_break,-4.51748347692771,0.0
1787005140000,1787005320000,-1,0.0025871824600000003,0.00258891768,confirmed_pivot,-2.6713694325214536,0.0
1787005320000,1787005800000,1,0.00258891768,0.00258758238,opposite_break,-2.515259604546399,0.0
1787005800000,1787006220000,-1,0.00258758238,0.00259121814,confirmed_pivot,-3.40648498309843,0.0
1787006220000,1787006400000,1,0.00259121814,0.0025860826800000003,opposite_break,-3.9798890957130144,0.0
1787006400000,1787009040000,-1,0.0025860826800000003,0.0025884175800000003,opposite_break,-2.9037742366380863,0.0
1787009040000,1787009460000,1,0.0025884175800000003,0.0025887821400000003,confirmed_pivot,-1.8592980349020718,0.0
1787009460000,1787009580000,-1,0.0025887821400000003,0.00259321854,opposite_break,-3.7154152647235605,0.0
1787009580000,1787010120000,1,0.00259321854,0.0025829832999999997,opposite_break,-5.942978427109454,0.0
1787010120000,1787010420000,-1,0.0025829832999999997,0.0025860171,confirmed_pivot,-3.1757078723661185,0.0
1787010420000,1787010900000,1,0.0025860171,0.0025872824399999998,confirmed_pivot,-1.5111885919084593,0.0
1787010900000,1787012100000,-1,0.0025872824399999998,0.00258641718,confirmed_pivot,-1.6689292035314491,-0.0036917507545098176
1787012100000,1787014500000,1,0.00258641718,0.0025834831999999998,confirmed_pivot,-3.1332456506494784,0.0
1787014500000,1787015520000,-1,0.0025834831999999998,0.0025840167,confirmed_pivot,-2.2067106532762493,0.0
1787015520000,1787016420000,1,0.0025840167,0.00257558478,opposite_break,-5.259842740180411,0.0
1787016420000,1787017500000,-1,0.00257558478,0.00257281446,confirmed_pivot,-0.9233162342262127,0.0
1787017500000,1787018700000,1,0.00257281446,0.00256938602,confirmed_pivot,-3.3312314639277076,0.0
1787018700000,1787019540000,-1,0.00256938602,0.00256521294,confirmed_pivot,-0.37422129353697076,0.0
1787019540000,1787020020000,1,0.00256521294,0.0025609877,opposite_break,-3.64548318550115,0.0
1787020020000,1787020740000,-1,0.0025609877,0.0025575114,confirmed_pivot,-0.6412366213238007,0.0
1787020740000,1787021100000,1,0.0025575114,0.00255058978,opposite_break,-4.703682329627036,0.0
1787021100000,1787021280000,-1,0.00255058978,0.00255361062,confirmed_pivot,-3.1855535781218247,0.0
1787021280000,1787025000000,1,0.00255361062,0.00255428904,confirmed_pivot,-1.734594783287801,0.0
1787025000000,1787027280000,-1,0.00255428904,0.0025565112,confirmed_pivot,-2.8708419936689324,0.0
1787027280000,1787028420000,1,0.0025565112,0.0025638871200000003,confirmed_pivot,0.8822655187273305,0.0
1787028420000,1787029380000,-1,0.0025638871200000003,0.00256411272,confirmed_pivot,-2.088079384711654,0.0
1787029380000,1787031000000,1,0.00256411272,0.00256128764,opposite_break,-3.1006750592463233,0.0
1787031000000,1787031600000,-1,0.00256128764,0.0025525104,confirmed_pivot,1.4303125907403555,0.0
1787031600000,1787031780000,1,0.0025525104,0.00255158958,opposite_break,-2.360389983132044,0.0
1787031780000,1787033520000,-1,0.00255158958,0.00255911172,opposite_break,-4.95096915233528,0.0
1787033520000,1787034420000,1,0.00255911172,0.0025639871,confirmed_pivot,-0.09679875171690933,0.0
1787034420000,1787035080000,-1,0.0025639871,0.00256841358,opposite_break,-3.7281313466828028,0.0
1787035080000,1787035680000,1,0.00256841358,0.00255988792,opposite_break,-5.316107034444225,0.0
1787035680000,1787036280000,-1,0.00255988792,0.00255421074,confirmed_pivot,0.2199632787048298,0.0
1787036280000,1787037120000,1,0.00255421074,0.00255728844,confirmed_pivot,-0.7962534759367561,0.0
1787037120000,1787038560000,-1,0.00255728844,0.00254820954,confirmed_pivot,1.553755907174832,0.0
1787038560000,1787039340000,1,0.00254820954,0.00255118966,confirmed_pivot,-0.8316738347977313,0.0
1787039340000,1787039580000,-1,0.00255118966,0.0025520103,confirmed_pivot,-2.321991207819471,0.0
1787039580000,1787040060000,1,0.0025520103,0.00255178954,confirmed_pivot,-2.0954374557187303,-0.0090196070133416
1787040060000,1787040840000,-1,0.00255178954,0.00254540898,confirmed_pivot,0.5029260681114811,0.0
1787040840000,1787042460000,1,0.00254540898,0.00255668856,confirmed_pivot,2.4269115527360854,0.0
1787042460000,1787043120000,-1,0.00255668856,0.002555511,confirmed_pivot,-1.5389592700332106,0.0
1787043120000,1787044080000,1,0.002555511,0.0025562886400000004,confirmed_pivot,-1.6960050807840543,0.0
1787044080000,1787044320000,-1,0.0025562886400000004,0.0025624123800000002,opposite_break,-4.397954457912814,0.0
1787044320000,1787044560000,1,0.0025624123800000002,0.0025599879,confirmed_pivot,-2.945224718279051,0.0
1787044560000,1787044860000,-1,0.0025599879,0.0025572113399999997,confirmed_pivot,-0.9143165246990927,0.0
1787044860000,1787044980000,1,0.0025572113399999997,0.0025534892,opposite_break,-3.4540909473675785,0.0
1787044980000,1787045280000,-1,0.0025534892,0.0025556110199999997,confirmed_pivot,-2.8317802244864216,0.0
1787045280000,1787045400000,1,0.0025556110199999997,0.0025534892,opposite_break,-2.829429112416198,0.0
1787045400000,1787045520000,-1,0.0025534892,0.00255931176,confirmed_pivot,-4.282517020240335,0.0
1787045520000,1787045880000,1,0.00255931176,0.00256108768,confirmed_pivot,-1.3067886031985045,0.0
1787045880000,1787046840000,-1,0.00256108768,0.00256811352,opposite_break,-4.746046492246617,0.0
1787046840000,1787047560000,1,0.00256811352,0.0025660866800000003,confirmed_pivot,-2.788443791222946,0.0
1787047560000,1787048400000,-1,0.0025660866800000003,0.00256741338,opposite_break,-2.517529945636774,0.0
1787048400000,1787048520000,1,0.00256741338,0.00256318726,confirmed_pivot,-3.6444153142178934,0.0
1787048520000,1787049120000,-1,0.00256318726,0.0025645128,confirmed_pivot,-2.517662349804262,0.0
1787049120000,1787049660000,1,0.0025645128,0.0025649869000000003,confirmed_pivot,-1.8153154470508626,0.0
1787049660000,1787050560000,-1,0.0025649869000000003,0.00256681326,opposite_break,-2.712746860422474,0.0
1787050560000,1787051100000,1,0.00256681326,0.0025665865800000003,confirmed_pivot,-2.0882235274099203,0.0
1787051100000,1787051520000,-1,0.0025665865800000003,0.00257481486,opposite_break,-5.209129333170451,0.0
1787051520000,1787052360000,1,0.00257481486,0.0025817835400000003,confirmed_pivot,0.7037716102043585,0.0
1787052360000,1787053020000,-1,0.0025817835400000003,0.00258481686,opposite_break,-3.176068122271602,0.0
1787053020000,1787053140000,1,0.00258481686,0.0025828833200000002,confirmed_pivot,-2.7472894849500276,0.0
1787053140000,1787054280000,-1,0.0025828833200000002,0.00257861562,confirmed_pivot,-0.3460469673866988,0.0
1787054280000,1787055000000,1,0.00257861562,0.0025773844200000003,confirmed_pivot,-2.476988035928988,0.0
1787055000000,1787055180000,-1,0.0025773844200000003,0.0025794157799999998,confirmed_pivot,-2.7889360020262024,0.0
1787055180000,1787055540000,1,0.0025794157799999998,0.00257658458,opposite_break,-3.096515273702656,0.0
1787055540000,1787056740000,-1,0.00257658458,0.00257081406,confirmed_pivot,0.24184005634314687,0.0
1787056740000,1787057820000,1,0.00257081406,0.0025739851,confirmed_pivot,-0.7677564825516774,0.0
1787057820000,1787058780000,-1,0.0025739851,0.0025665132,confirmed_pivot,0.9057557093085298,0.0
1787058780000,1787059740000,1,0.0025665132,0.0025627873400000003,opposite_break,-3.450268847243644,0.0
1787059740000,1787059860000,-1,0.0025627873400000003,0.00256781346,confirmed_pivot,-3.963153961888819,0.0
1787059860000,1787060040000,1,0.00256781346,0.00256208748,opposite_break,-4.22767506639669,0.0
1787060040000,1787060340000,-1,0.00256208748,0.0025675133999999997,confirmed_pivot,-4.119890894591807,0.0
1787060340000,1787060520000,1,0.0025675133999999997,0.0025632872400000004,confirmed_pivot,-3.644366818104759,0.0
1787060520000,1787061840000,-1,0.0025632872400000004,0.0025664131799999997,opposite_break,-3.220723877983869,0.0
1787061840000,1787062500000,1,0.0025664131799999997,0.00255638862,opposite_break,-5.902152435174099,0.0
1787062500000,1787062860000,-1,0.00255638862,0.0025670133,opposite_break,-6.1602847848697575,0.0
1787062860000,1787063520000,1,0.0025670133,0.00258918206,confirmed_pivot,6.627376897501827,0.0
1787063520000,1787064660000,-1,0.00258918206,0.0025920183,opposite_break,-3.0965147194013434,0.0
1787064660000,1787064780000,1,0.0025920183,0.00258708248,confirmed_pivot,-3.9023338608373024,0.0
1787064780000,1787065260000,-1,0.00258708248,0.00258781746,confirmed_pivot,-2.2843801794831267,0.0
1787065260000,1787065740000,1,0.00258781746,0.00258638262,confirmed_pivot,-2.553905050165294,0.0
1787065740000,1787065920000,-1,0.00258638262,0.0025888176599999997,confirmed_pivot,-2.942426314324557,0.0
1787065920000,1787066400000,1,0.0025888176599999997,0.0025924814,confirmed_pivot,-0.5861977393957585,0.0
1787066400000,1787066820000,-1,0.0025924814,0.00259721934,opposite_break,-3.829397094227959,0.0
1787066820000,1787066940000,1,0.00259721934,0.0025939811,confirmed_pivot,-3.245563557215747,0.0
1787066940000,1787067120000,-1,0.0025939811,0.00260041998,opposite_break,-4.484720833162607,0.0
1787067120000,1787067420000,1,0.00260041998,0.0025963806200000003,confirmed_pivot,-3.5517957372408033,0.0
1787067420000,1787068020000,-1,0.0025963806200000003,0.00259841958,confirmed_pivot,-2.7860938971266265,0.0
1787068020000,1787068200000,1,0.00259841958,0.0025968805200000003,confirmed_pivot,-2.5917138832519937,0.0
1787068200000,1787070660000,-1,0.0025968805200000003,0.00260642118,confirmed_pivot,-5.5771729151403875,0.10039352907926621
1787070660000,1787071200000,1,0.00260642118,0.00260777834,confirmed_pivot,-1.479822044724086,0.0
1787071200000,1787071380000,-1,0.00260777834,0.00261392268,opposite_break,-4.358515003234504,0.0
1787071380000,1787071500000,1,0.00261392268,0.0026046789599999997,confirmed_pivot,-5.53280391599055,0.0
1787071500000,1787072220000,-1,0.0026046789599999997,0.0026041207200000003,confirmed_pivot,-1.7854636795625018,0.0
1787072220000,1787072340000,1,0.0026041207200000003,0.0026014796,opposite_break,-3.0131937662245663,0.0
1787072340000,1787072400000,-1,0.0026014796,0.00260432076,confirmed_pivot,-3.093224471181611,0.0
1787072400000,1787072520000,1,0.00260432076,0.0025963806200000003,opposite_break,-5.045784521565446,0.0
1787072520000,1787072700000,-1,0.0025963806200000003,0.00260442078,confirmed_pivot,-5.099776703771479,0.0
1787072700000,1787073300000,1,0.00260442078,0.0026062786399999997,confirmed_pivot,-1.2873647168489901,0.0
1787073300000,1787074320000,-1,0.0026062786399999997,0.00260912172,confirmed_pivot,-3.091948894612557,0.0
1787074320000,1787075220000,1,0.00260912172,0.00260377914,opposite_break,-4.045606910205802,0.0
1787075220000,1787075520000,-1,0.00260377914,0.0026030205000000003,confirmed_pivot,-1.7083475213648038,0.0
1787075520000,1787076240000,1,0.0026030205000000003,0.0026029793,confirmed_pivot,-2.015811938476924,0.0
1787076240000,1787077620000,-1,0.0026029793,0.00261142218,opposite_break,-5.246788355174377,0.0
1787077620000,1787077860000,1,0.00261142218,0.0026099779,confirmed_pivot,-2.552509560135517,0.0
1787077860000,1787078280000,-1,0.0026099779,0.00261562302,opposite_break,-4.165062439800668,0.0
1787078280000,1787078580000,1,0.00261562302,0.00261407708,confirmed_pivot,-2.5904497888996554,0.0
1787078580000,1787078880000,-1,0.00261407708,0.00261622314,confirmed_pivot,-2.821783747861,0.0
1787078880000,1787079660000,1,0.00261622314,0.0026134772,confirmed_pivot,-3.0485321447007347,0.0
1787079660000,1787080740000,-1,0.0026134772,0.00260972184,confirmed_pivot,-0.5616421830654909,0.0
1787080740000,1787081400000,1,0.00260972184,0.0026124774,confirmed_pivot,-0.9451732373132729,0.0
1787081400000,1787082420000,-1,0.0026124774,0.0026078214599999996,confirmed_pivot,-0.21602439890953395,0.0
1787082420000,1787083500000,1,0.0026078214599999996,0.0025973804200000003,opposite_break,-5.9997366077351515,0.0
1787083500000,1787084040000,-1,0.0025973804200000003,0.0026014201800000003,confirmed_pivot,-3.5568762006760455,0.0
1787084040000,1787084460000,1,0.0026014201800000003,0.00259558078,opposite_break,-4.242452274664926,0.0
1787084460000,1787086860000,-1,0.00259558078,0.00258181626,confirmed_pivot,3.3083628242924368,0.0
1787086860000,1787087700000,1,0.00258181626,0.00258478294,confirmed_pivot,-0.8520820145427528,0.0
1787087700000,1787089260000,-1,0.00258478294,0.0025865172,confirmed_pivot,-2.671620906009239,0.0
1787089260000,1787091300000,1,0.0025865172,0.00259188152,confirmed_pivot,0.07188093703761678,0.0
1787091300000,1787092260000,-1,0.00259188152,0.00258511692,confirmed_pivot,0.6125286004585657,0.0
1787092260000,1787092920000,1,0.00258511692,0.0025812836400000002,opposite_break,-3.4813437219697243,0.0
1787092920000,1787093160000,-1,0.0025812836400000002,0.00258181626,confirmed_pivot,-2.206545538714927,0.0
1787093160000,1787093700000,1,0.00258181626,0.0025768845200000003,opposite_break,-3.9082722253828264,0.0
1787093700000,1787093820000,-1,0.0025768845200000003,0.0025820163,confirmed_pivot,-3.9934582788365374,0.0
1787093820000,1787094000000,1,0.0025820163,0.0025804838,confirmed_pivot,-2.592934870318211,0.0
1787094000000,1787094180000,-1,0.0025804838,0.00258621714,opposite_break,-4.2240299822846765,0.0
1787094180000,1787094420000,1,0.00258621714,0.00258368316,confirmed_pivot,-2.9788219174820965,0.0
1787094420000,1787095140000,-1,0.00258368316,0.0025865172,opposite_break,-3.0979961025871336,0.0
1787095140000,1787095500000,1,0.0025865172,0.00258638262,confirmed_pivot,-2.0519793257125873,0.0
1787095500000,1787097660000,-1,0.00258638262,0.0025881175199999997,confirmed_pivot,-2.571473025131771,0.09998018004002826
1787097660000,1787098260000,1,0.0025881175199999997,0.0025732852399999997,opposite_break,-7.72518349939533,0.0
1787098260000,1787099580000,-1,0.0025732852399999997,0.00257881566,opposite_break,-4.151316276154514,0.0
1787099580000,1787099700000,1,0.00257881566,0.00257618466,confirmed_pivot,-3.019215541757607,0.0
1787099700000,1787099940000,-1,0.00257618466,0.0025821163199999998,confirmed_pivot,-4.30480048739976,0.0
1787099940000,1787100660000,1,0.0025821163199999998,0.0025874824,confirmed_pivot,0.07609311729235047,0.0
1787100660000,1787101620000,-1,0.0025874824,0.0025930185,confirmed_pivot,-4.141709678875508,0.0
1787101620000,1787101860000,1,0.0025930185,0.0025910816799999997,confirmed_pivot,-2.7461895007692068,0.0
1787101860000,1787102400000,-1,0.0025910816799999997,0.00259171824,confirmed_pivot,-2.245919132892949,0.0
1787102400000,1787103120000,1,0.00259171824,0.00259138162,confirmed_pivot,-2.1297530629719263,0.0
1787103120000,1787103300000,-1,0.00259138162,0.0025986196199999996,opposite_break,-4.795897734274926,0.0
1787103300000,1787103780000,1,0.0025986196199999996,0.0025959806999999997,confirmed_pivot,-3.014492871411443,0.0
1787103780000,1787104440000,-1,0.0025959806999999997,0.0025995198,opposite_break,-3.364663111709711,0.0
1787104440000,1787104980000,1,0.0025995198,0.00259278134,opposite_break,-4.589601948790678,0.0
1787104980000,1787106120000,-1,0.00259278134,0.0025875174,confirmed_pivot,0.03225928029869629,0.0
1787106120000,1787106600000,1,0.0025875174,0.00258758238,confirmed_pivot,-1.974912238271276,0.0
1787106600000,1787106960000,-1,0.00258758238,0.0025908180599999997,confirmed_pivot,-3.251715000470731,0.0
1787106960000,1787107740000,1,0.0025908180599999997,0.00259178154,confirmed_pivot,-1.6284893428601688,0.0
1787107740000,1787108160000,-1,0.00259178154,0.00259041798,confirmed_pivot,-1.4733647342822536,0.0
1787108160000,1787108760000,1,0.00259041798,0.0025833832200000003,opposite_break,-4.712969603461258,0.0
1787108760000,1787109300000,-1,0.0025833832200000003,0.00259311852,opposite_break,-5.772198884221108,0.0
1787109300000,1787109780000,1,0.00259311852,0.0025954807999999997,confirmed_pivot,-1.089930636876613,0.0
1787109780000,1787110200000,-1,0.0025954807999999997,0.00259691928,opposite_break,-2.5547790914115507,0.0
1787110200000,1787110320000,1,0.00259691928,0.002594481,confirmed_pivot,-2.9379735977006396,0.0
1787110320000,1787110920000,-1,0.002594481,0.00259771944,opposite_break,-3.2494516013029204,0.0
1787110920000,1787111160000,1,0.00259771944,0.0025958807200000002,confirmed_pivot,-2.707113036040499,0.0
1787111160000,1787111280000,-1,0.0025958807200000002,0.0026000198999999997,opposite_break,-3.5961130833467205,0.0
1787111280000,1787111700000,1,0.0026000198999999997,0.0025957807400000003,confirmed_pivot,-3.6288032410826654,0.0
1787111700000,1787113020000,-1,0.0025957807400000003,0.0025940187,confirmed_pivot,-1.3205119319898806,0.0
1787113020000,1787113440000,1,0.0025940187,0.00259408108,confirmed_pivot,-1.9759764183657935,0.0
1787113440000,1787114160000,-1,0.00259408108,0.0025950189,confirmed_pivot,-2.3618845329229616,0.0
1787114160000,1787116020000,1,0.0025950189,0.0025948809199999997,confirmed_pivot,-2.053117925268406,0.0
1787116020000,1787116140000,-1,0.0025948809199999997,0.0025980194999999998,opposite_break,-3.2107370923209984,0.0
1787116140000,1787116560000,1,0.0025980194999999998,0.00259967996,confirmed_pivot,-1.3615138223556649,0.0
1787116560000,1787117040000,-1,0.00259967996,0.00259471884,confirmed_pivot,-0.0897336609078877,0.0
1787117040000,1787118180000,1,0.00259471884,0.00259268136,opposite_break,-2.784455906598223,0.0
1787118180000,1787118420000,-1,0.00259268136,0.00259341858,confirmed_pivot,-2.284630896563307,0.0
1787118420000,1787118840000,1,0.00259341858,0.0025921814599999997,confirmed_pivot,-2.4765458570903895,0.0
1787118840000,1787119260000,-1,0.0025921814599999997,0.00259281846,confirmed_pivot,-2.2459847081848894,0.0
1787119260000,1787119380000,1,0.00259281846,0.0025854828000000003,opposite_break,-4.826393152106673,0.0
1787119380000,1787120040000,-1,0.0025854828000000003,0.0025846168200000003,confirmed_pivot,-1.6647256829555956,0.0
1787120040000,1787122740000,1,0.0025846168200000003,0.00260207948,confirmed_pivot,4.749626174761076,0.0
1787122740000,1787124180000,-1,0.00260207948,0.00259521894,confirmed_pivot,0.6391970701832812,0.0
1787124180000,1787124300000,1,0.00259521894,0.00259228144,opposite_break,-3.1307571992364935,0.0
1787124300000,1787124780000,-1,0.00259228144,0.0025949188800000003,confirmed_pivot,-3.0184378128326177,0.0
1787124780000,1787125080000,1,0.0025949188800000003,0.002594481,confirmed_pivot,-2.1685764142269526,0.0
1787125080000,1787126760000,-1,0.002594481,0.00259011792,confirmed_pivot,-0.21688766269632978,0.09975328399013136
1787126760000,1787128920000,1,0.00259011792,0.0025893820200000002,confirmed_pivot,-2.2838342201809274,0.0
1787128920000,1787129580000,-1,0.0025893820200000002,0.00258741738,confirmed_pivot,-1.2405119735865868,0.0
1787129580000,1787129880000,1,0.00258741738,0.00258318326,opposite_break,-3.6347907039258,0.0
1787129880000,1787130060000,-1,0.00258318326,0.00258581706,confirmed_pivot,-3.0206143098031646,0.0
1787130060000,1787130420000,1,0.00258581706,0.0025866825600000002,confirmed_pivot,-1.6656242572704516,0.0
1787130420000,1787131080000,-1,0.0025866825600000002,0.0025886176199999998,confirmed_pivot,-2.7488336953103145,0.0
1787131080000,1787131980000,1,0.0025886176199999998,0.0025872824399999998,confirmed_pivot,-2.5152730205089258,0.0
1787131980000,1787132640000,-1,0.0025872824399999998,0.002585517,confirmed_pivot,-1.3169646217674238,0.0
1787132640000,1787133720000,1,0.002585517,0.0025809837,opposite_break,-3.7515903782492286,0.0
1787133720000,1787133840000,-1,0.0025809837,0.00258331656,confirmed_pivot,-2.904768542319693,0.0
1787133840000,1787134620000,1,0.00258331656,0.00257728444,opposite_break,-4.33269432531333,0.0
1787134620000,1787134800000,-1,0.00257728444,0.0025795158,confirmed_pivot,-2.866645266364147,0.0
1787134800000,1787135100000,1,0.0025795158,0.00257558478,opposite_break,-3.5224132296456205,0.0
1787135100000,1787135580000,-1,0.00257558478,0.0025825164,opposite_break,-4.693971355118847,0.0
1787135580000,1787136120000,1,0.0025825164,0.00258258338,confirmed_pivot,-1.9740899922262094,0.0
1787136120000,1787136780000,-1,0.00258258338,0.0025790157,confirmed_pivot,-0.6171801043650286,0.0
1787136780000,1787137260000,1,0.0025790157,0.0025824833999999997,confirmed_pivot,-0.6567618413490626,0.0
1787137260000,1787137380000,-1,0.0025824833999999997,0.0025854169799999997,opposite_break,-3.137089043825007,0.0
1787137380000,1787138220000,1,0.0025854169799999997,0.0025914816000000003,confirmed_pivot,0.34335715548701495,0.0
1787138220000,1787138460000,-1,0.0025914816000000003,0.0025935185999999997,opposite_break,-2.7868228738338092,0.0
1787138460000,1787138760000,1,0.0025935185999999997,0.0025925813800000003,confirmed_pivot,-2.36100870068927,0.0
1787138760000,1787138880000,-1,0.0025925813800000003,0.0025949188800000003,opposite_break,-2.9025126532382934,0.0
1787138880000,1787139420000,1,0.0025949188800000003,0.00259408108,confirmed_pivot,-2.32253886872962,0.0
1787139420000,1787140560000,-1,0.00259408108,0.00260222034,opposite_break,-5.140765075854974,0.0
1787140560000,1787141040000,1,0.00260222034,0.0026008797199999997,confirmed_pivot,-2.5146679393030977,0.0
1787141040000,1787141340000,-1,0.0026008797199999997,0.0026052209400000003,opposite_break,-3.6708043769131224,0.0
1787141340000,1787142600000,1,0.0026052209400000003,0.0026119775,confirmed_pivot,0.5908756283832186,0.0
1787142600000,1787142900000,-1,0.0026119775,0.0026175233999999998,opposite_break,-4.125380444509918,0.0
1787142900000,1787143200000,1,0.0026175233999999998,0.00261607668,confirmed_pivot,-2.552152954964882,0.0
1787143200000,1787143560000,-1,0.00261607668,0.0026270253,opposite_break,-6.189314748985071,0.0
1787143560000,1787143740000,1,0.0026270253,0.00262007588,confirmed_pivot,-4.642711731782741,0.0
1787143740000,1787145180000,-1,0.00262007588,0.00261732336,confirmed_pivot,-0.9483997234461571,0.0
1787145180000,1787145840000,1,0.00261732336,0.0026059787,opposite_break,-6.330116604315909,0.0
1787145840000,1787147040000,-1,0.0026059787,0.00260172024,confirmed_pivot,-0.364254297243513,0.0
1787147040000,1787147400000,1,0.00260172024,0.0025948809199999997,opposite_break,-4.626139649818867,0.0
1787147400000,1787147760000,-1,0.0025948809199999997,0.00259671924,confirmed_pivot,-2.709149427943739,0.0
1787147760000,1787148780000,1,0.00259671924,0.00260477894,confirmed_pivot,1.1006972860108544,0.0
1787148780000,1787148900000,-1,0.00260477894,0.0026110220999999998,opposite_break,-4.399206728844235,0.0
1787148900000,1787149380000,1,0.0026110220999999998,0.00260677854,confirmed_pivot,-3.623623346581259,0.0
1787149380000,1787149740000,-1,0.00260677854,0.0026080215,confirmed_pivot,-2.4772952289226264,0.0
1787149740000,1787151720000,1,0.0026080215,0.0026484702,confirmed_pivot,13.493833658963327,0.0
1787151720000,1787152920000,-1,0.0026484702,0.00268373664,opposite_break,-15.329093315831878,0.0
1787152920000,1787154180000,1,0.00268373664,0.0027349529,confirmed_pivot,17.064852704772115,0.0
1787154180000,1787156340000,-1,0.0027349529,0.00271574304,opposite_break,5.129455450585675,0.09859584784805617
1787156340000,1787158620000,1,0.00271574304,0.0027195559800000002,confirmed_pivot,-0.5973904732900208,0.0
1787158620000,1787159460000,-1,0.0027195559800000002,0.00271334256,confirmed_pivot,0.2870032702912755,0.0
1787159460000,1787159700000,1,0.00271334256,0.0027076583600000002,confirmed_pivot,-4.092811974319893,0.0
1787159700000,1787160840000,-1,0.0027076583600000002,0.00268443678,confirmed_pivot,6.584835488625013,0.0
1787160840000,1787162340000,1,0.00268443678,0.00270475894,confirmed_pivot,5.562792311316763,0.0
1787162340000,1787163180000,-1,0.00270475894,0.00269263842,confirmed_pivot,2.4856642640397757,0.0
1787163180000,1787163720000,1,0.00269263842,0.0027048589200000003,confirmed_pivot,2.5339468564815535,0.0
1787163720000,1787164020000,-1,0.0027048589200000003,0.0027075414,opposite_break,-2.992718126681358,0.0
1787164020000,1787164260000,1,0.0027075414,0.0027115575799999997,confirmed_pivot,-0.5181523650941662,0.0
1787164260000,1787164440000,-1,0.0027115575799999997,0.0027132425400000003,opposite_break,-2.622020705900172,0.0
1787164440000,1787164680000,1,0.0027132425400000003,0.00271125764,confirmed_pivot,-2.7308285458329573,0.0
1787164680000,1787164920000,-1,0.00271125764,0.00271524294,opposite_break,-3.4713781682510465,0.0
1787164920000,1787165280000,1,0.00271524294,0.00271455698,confirmed_pivot,-2.252380378162369,0.0
1787165280000,1787166000000,-1,0.00271455698,0.00270774144,confirmed_pivot,0.5132482354449861,0.0
1787166000000,1787166480000,1,0.00270774144,0.002704459,confirmed_pivot,-3.2110305332549878,0.0
1787166480000,1787166720000,-1,0.002704459,0.0027093417599999997,confirmed_pivot,-3.807253413713964,0.0
1787166720000,1787166900000,1,0.0027093417599999997,0.00269826024,confirmed_pivot,-6.086025116299719,0.0
1787166900000,1787168040000,-1,0.00269826024,0.00270234036,confirmed_pivot,-3.513642034765338,0.0
1787168040000,1787168160000,1,0.00270234036,0.00269656058,opposite_break,-4.136666537445322,0.0
1787168160000,1787168280000,-1,0.00269656058,0.00270344058,confirmed_pivot,-4.553949668729455,0.0
1787168280000,1787169840000,1,0.00270344058,0.002714457,confirmed_pivot,2.0708879127648645,0.0
1787169840000,1787171940000,-1,0.002714457,0.0027174433799999997,confirmed_pivot,-3.1012760121084044,0.0
1787171940000,1787173980000,1,0.0027174433799999997,0.0028128373200000003,confirmed_pivot,33.06919288967876,0.0
1787173980000,1787174460000,-1,0.0028128373200000003,0.00282316452,opposite_break,-5.675124446940896,0.0
1787174460000,1787175420000,1,0.00282316452,0.00285572874,confirmed_pivot,9.523117250000048,0.0
1787175420000,1787175840000,-1,0.00285572874,0.0028672733399999996,opposite_break,-6.046653464712263,0.0
1787175840000,1787176740000,1,0.0028672733399999996,0.0029138171200000004,confirmed_pivot,14.216534214349027,0.0
1787176740000,1787178660000,-1,0.0029138171200000004,0.0028742747399999997,confirmed_pivot,11.584216424674139,0.0
1787178660000,1787178780000,1,0.0028742747399999997,0.00286632662,opposite_break,-4.762495793982368,0.0
1787178780000,1787179020000,-1,0.00286632662,0.0028680735,confirmed_pivot,-2.6100584866353804,0.0
1787179020000,1787180340000,1,0.0028680735,0.002894421,confirmed_pivot,7.177293573543388,0.0
1787180340000,1787181120000,-1,0.002894421,0.00288877764,confirmed_pivot,-0.04831316522374718,0.0
1787181120000,1787181660000,1,0.00288877764,0.00288572274,confirmed_pivot,-3.056448602253802,0.0
1787181660000,1787182920000,-1,0.00288572274,0.00289927974,opposite_break,-6.702654489945898,0.0
1787182920000,1787183160000,1,0.00289927974,0.0028959207000000004,confirmed_pivot,-3.1574188284430584,0.0
1787183160000,1787183640000,-1,0.0028959207000000004,0.00287637516,confirmed_pivot,4.756084702181449,0.0
1787183640000,1787185200000,1,0.00287637516,0.00289622064,confirmed_pivot,4.792598473142272,-0.09997757038063144
1787185200000,1787185920000,-1,0.00289622064,0.0029143827599999996,opposite_break,-8.277243476864204,0.0
1787185920000,1787187120000,1,0.0029143827599999996,0.0029149169000000003,confirmed_pivot,-1.8169060470283966,0.0
1787187120000,1787188320000,-1,0.0029149169000000003,0.00290198028,confirmed_pivot,2.4425131364809776,0.0
1787188320000,1787188620000,1,0.00290198028,0.00289182152,opposite_break,-5.497129635905082,0.0
1787188620000,1787188800000,-1,0.00289182152,0.00290728134,confirmed_pivot,-7.351395206437214,0.0
1787188800000,1787189040000,1,0.00290728134,0.0029048189199999998,confirmed_pivot,-2.8461367484992035,0.0
1787189040000,1787189460000,-1,0.0029048189199999998,0.00289737936,confirmed_pivot,0.5636708397643049,0.0
1787189460000,1787189880000,1,0.00289737936,0.002904419,confirmed_pivot,0.4272280175282126,0.0
1787189880000,1787190360000,-1,0.002904419,0.00290968182,confirmed_pivot,-3.8138164018345817,0.0
1787190360000,1787191080000,1,0.00290968182,0.0029299139,confirmed_pivot,4.946411728276157,0.0
1787191080000,1787191380000,-1,0.0029299139,0.0029400879,opposite_break,-5.475929446254358,0.0
1787191380000,1787192760000,1,0.0029400879,0.00291371714,confirmed_pivot,-10.960408714310871,0.0
1787192760000,1787193060000,-1,0.00291371714,0.00291448278,confirmed_pivot,-2.2630336450571997,0.0
1787193060000,1787194860000,1,0.00291448278,0.0028989201,opposite_break,-7.334434441228597,0.0
1787194860000,1787195580000,-1,0.0028989201,0.00288817752,confirmed_pivot,1.7094235815606185,0.0
1787195580000,1787196180000,1,0.00288817752,0.00289662056,confirmed_pivot,0.9203873036168999,0.0
1787196180000,1787197020000,-1,0.00289662056,0.00289517892,confirmed_pivot,-1.5018050828170468,0.0
1787197020000,1787199240000,1,0.00289517892,0.0029426113600000002,confirmed_pivot,14.366866735821635,0.0
1787199240000,1787199420000,-1,0.0029426113600000002,0.00295269042,opposite_break,-5.428634578505752,0.0
1787199420000,1787199660000,1,0.00295269042,0.0029453108200000002,confirmed_pivot,-4.4967806818026785,0.0
1787199660000,1787200500000,-1,0.0029453108200000002,0.00293538696,confirmed_pivot,1.37274551553111,0.0
1787200500000,1787200740000,1,0.00293538696,0.002944411,confirmed_pivot,1.071150782791551,0.0
1787200740000,1787200860000,-1,0.002944411,0.0029502899399999997,opposite_break,-3.9986404547461865,0.0
1787200860000,1787201700000,1,0.0029502899399999997,0.0029557087399999997,confirmed_pivot,-0.1651358645788119,0.0
1787201700000,1787203560000,-1,0.0029557087399999997,0.0029145828,confirmed_pivot,11.927984643033417,0.0
1787203560000,1787203800000,1,0.0029145828,0.00290371914,opposite_break,-5.723619154000444,0.0
1787203800000,1787204700000,-1,0.00290371914,0.00289797948,confirmed_pivot,-0.02136522749242331,0.0
1787204700000,1787204880000,1,0.00289797948,0.00289252138,opposite_break,-3.8815322667501726,0.0
1787204880000,1787205060000,-1,0.00289252138,0.0028942787399999998,confirmed_pivot,-2.6081605384709943,0.0
1787205060000,1787207280000,1,0.0028942787399999998,0.00291681652,confirmed_pivot,5.779223855958098,0.0
1787207280000,1787207460000,-1,0.00291681652,0.00292028394,opposite_break,-3.1899574060282943,0.0
1787207460000,1787207640000,1,0.00292028394,0.0029155167800000003,confirmed_pivot,-3.630797873716178,0.0
1787207640000,1787208120000,-1,0.0029155167800000003,0.0029343867599999998,opposite_break,-8.478731355474988,0.0
1787208120000,1787208480000,1,0.0029343867599999998,0.00293371314,confirmed_pivot,-2.229331180597261,0.0
1787208480000,1787208960000,-1,0.00293371314,0.00292948578,confirmed_pivot,-0.5576001612754227,0.0
1787208960000,1787209440000,1,0.00292948578,0.0029364126,confirmed_pivot,0.36215284854537644,0.0
1787209440000,1787210520000,-1,0.0029364126,0.00293268642,confirmed_pivot,-0.7297744942246702,0.0
1787210520000,1787211180000,1,0.00293268642,0.0029403118200000003,confirmed_pivot,0.5975414718906049,0.0
1787211180000,1787211780000,-1,0.0029403118200000003,0.00295419072,opposite_break,-6.724933867728216,0.0
1787211780000,1787212560000,1,0.00295419072,0.00296410706,confirmed_pivot,1.3533460087505613,0.0
1787212560000,1787213460000,-1,0.00296410706,0.00300230034,opposite_break,-14.797766245325809,0.10037559169674527
1787213460000,1787214060000,1,0.00300230034,0.0030564885800000003,confirmed_pivot,16.03085821853536,0.0
1787214060000,1787216700000,-1,0.0030564885800000003,0.0032092417199999996,opposite_break,-52.02665285273183,0.0
1787216700000,1787217720000,1,0.0032092417199999996,0.0031528693,opposite_break,-19.54808534023404,0.0
1787217720000,1787218500000,-1,0.0031528693,0.00312572502,confirmed_pivot,6.617998938300412,0.0
1787218500000,1787219400000,1,0.00312572502,0.00312257536,opposite_break,-3.006649759613211,0.0
1787219400000,1787219940000,-1,0.00312257536,0.00309781944,confirmed_pivot,5.935973695763816,0.0
1787219940000,1787220060000,1,0.00309781944,0.00308168354,opposite_break,-7.203584137879869,0.0
1787220060000,1787221020000,-1,0.00308168354,0.00310192026,opposite_break,-8.573340986206528,0.0
1787221020000,1787221320000,1,0.00310192026,0.00310497888,confirmed_pivot,-1.0149452197717301,0.0
1787221320000,1787222280000,-1,0.00310497888,0.00310272042,confirmed_pivot,-1.2719053663900914,0.0
1787222280000,1787223660000,1,0.00310272042,0.00311207746,confirmed_pivot,1.012737757403241,0.0
1787223660000,1787223780000,-1,0.00311207746,0.00312352458,opposite_break,-5.681967196279337,0.0
1787223780000,1787223900000,1,0.00312352458,0.00311697648,confirmed_pivot,-4.094285392177177,0.0
1787223900000,1787224920000,-1,0.00311697648,0.00313342656,opposite_break,-7.282853491406518,0.0
1787224920000,1787225160000,1,0.00313342656,0.00312867414,confirmed_pivot,-3.5151679763638217,0.0
1787225160000,1787225460000,-1,0.00312867414,0.0031293257399999997,confirmed_pivot,-2.2084754022992374,0.0
1787225460000,1787226720000,1,0.0031293257399999997,0.0031422714200000004,confirmed_pivot,2.132754271851749,0.0
1787226720000,1787227860000,-1,0.0031422714200000004,0.0031391276999999996,confirmed_pivot,-0.9985385412693761,0.0
1787227860000,1787229300000,1,0.0031391276999999996,0.0031138771,opposite_break,-10.03578312535659,0.0
1787229300000,1787229420000,-1,0.0031138771,0.0031246248,confirmed_pivot,-5.45500074489131,0.0
1787229420000,1787229600000,1,0.0031246248,0.0031113776000000004,opposite_break,-6.235373411873233,0.0
1787229600000,1787229720000,-1,0.0031113776000000004,0.00312492486,confirmed_pivot,-6.358457571976937,0.0
1787229720000,1787230200000,1,0.00312492486,0.0031056787400000002,opposite_break,-8.152747583184969,0.0
1787230200000,1787230260000,-1,0.0031056787400000002,0.0031179234599999998,confirmed_pivot,-5.946629946663292,0.0
1787230260000,1787232660000,1,0.0031179234599999998,0.00312647458,confirmed_pivot,0.7398263586625247,0.0
1787232660000,1787232840000,-1,0.00312647458,0.00313172622,confirmed_pivot,-3.6814119243534673,0.0
1787232840000,1787235540000,1,0.00313172622,0.0031124773800000004,opposite_break,-8.140252949697373,0.0
1787235540000,1787236320000,-1,0.0031124773800000004,0.00311342256,confirmed_pivot,-2.3039781705978983,0.0
1787236320000,1787236860000,1,0.00311342256,0.0031233752,confirmed_pivot,1.1934911398598422,0.0
1787236860000,1787237220000,-1,0.0031233752,0.00311872362,confirmed_pivot,-0.5092307898199684,0.0
1787237220000,1787237340000,1,0.00311872362,0.00310747838,opposite_break,-5.602112956710128,0.0
1787237340000,1787237460000,-1,0.00310747838,0.00311842356,confirmed_pivot,-5.52572852976688,0.0
1787237460000,1787237760000,1,0.00311842356,0.00310457896,opposite_break,-6.435175380729883,0.0
1787237760000,1787238240000,-1,0.00310457896,0.00315843156,opposite_break,-19.363530866678385,0.0
1787238240000,1787238420000,1,0.00315843156,0.00315296928,confirmed_pivot,-3.7276985796076887,0.0
1787238420000,1787238720000,-1,0.00315296928,0.0031759350599999997,opposite_break,-9.291141694853339,0.0
1787238720000,1787241060000,1,0.0031759350599999997,0.00318376312,confirmed_pivot,0.4623400013727872,0.0
1787241060000,1787241180000,-1,0.00318376312,0.0032016401999999996,opposite_break,-7.620693627483062,0.0
1787241180000,1787241600000,1,0.0032016401999999996,0.00320945798,confirmed_pivot,0.3391011332255863,-0.10026173459466184
1787241600000,1787242560000,-1,0.00320945798,0.00319803948,confirmed_pivot,1.5613236163946254,0.0
1787242560000,1787245620000,1,0.00319803948,0.00319066174,opposite_break,-4.304650178990253,0.0
1787245620000,1787245680000,-1,0.00319066174,0.0032001399,confirmed_pivot,-4.973564399214584,0.0
1787245680000,1787246160000,1,0.0032001399,0.0031860626600000003,opposite_break,-6.3945462384315865,0.0
1787246160000,1787246220000,-1,0.0031860626600000003,0.00319353858,confirmed_pivot,-4.34879119420697,0.0
1787246220000,1787247780000,1,0.00319353858,0.00320695848,confirmed_pivot,2.198001609863146,0.0
1787247780000,1787248080000,-1,0.00320695848,0.00320944176,confirmed_pivot,-2.775115516930522,0.0
1787248080000,1787250720000,1,0.00320944176,0.00312577472,opposite_break,-28.042962985562877,0.0
1787250720000,1787253420000,-1,0.00312577472,0.0031281255,opposite_break,-2.752815218877911,0.0
1787253420000,1787253540000,1,0.0031281255,0.0031162766200000004,confirmed_pivot,-5.784065287661759,0.0
1787253540000,1787254560000,-1,0.0031162766200000004,0.00311982384,confirmed_pivot,-3.1394261976652014,0.0
1787254560000,1787255220000,1,0.00311982384,0.00311907606,confirmed_pivot,-2.239446923387854,0.0
1787255220000,1787256060000,-1,0.00311907606,0.0031309260599999998,opposite_break,-5.80300120029772,0.0
1787256060000,1787256180000,1,0.0031309260599999998,0.00312757436,confirmed_pivot,-3.0694434285042704,0.0
1787256180000,1787256300000,-1,0.00312757436,0.0031426284,opposite_break,-6.818140931427722,0.0
1787256300000,1787256840000,1,0.0031426284,0.0031427713200000004,confirmed_pivot,-1.9545676224397035,0.0
1787256840000,1787256960000,-1,0.0031427713200000004,0.00315393066,opposite_break,-5.554346849518684,0.0
1787256960000,1787257260000,1,0.00315393066,0.00315396908,confirmed_pivot,-1.9878305568074839,0.0
1787257260000,1787257440000,-1,0.00315396908,0.00316033194,opposite_break,-4.019430976793155,0.0
1787257440000,1787259120000,1,0.00316033194,0.0031871624400000003,confirmed_pivot,6.481282981939052,0.0
1787259120000,1787259780000,-1,0.0031871624400000003,0.00322174422,opposite_break,-12.86118528053424,0.0
1787259780000,1787259960000,1,0.00322174422,0.00320545878,confirmed_pivot,-7.049797081656586,0.0
1787259960000,1787260260000,-1,0.00320545878,0.00322034394,opposite_break,-6.648334663657683,0.0
1787260260000,1787260800000,1,0.00322034394,0.00323925202,confirmed_pivot,3.865575935966741,0.0
1787260800000,1787261460000,-1,0.00323925202,0.0032211440999999996,confirmed_pivot,3.5957448843392266,0.0
1787261460000,1787262600000,1,0.0032211440999999996,0.00320275932,opposite_break,-7.701823529099391,0.0
1787262600000,1787263200000,-1,0.00320275932,0.00320074002,confirmed_pivot,-1.3688819239780066,0.0
1787263200000,1787264400000,1,0.00320074002,0.00317216544,opposite_break,-10.918564220033032,0.0
1787264400000,1787264520000,-1,0.00317216544,0.00318183624,confirmed_pivot,-5.05169165451839,0.0
1787264520000,1787265120000,1,0.00318183624,0.0031858627,confirmed_pivot,-0.7358137765128394,0.0
1787265120000,1787266380000,-1,0.0031858627,0.0032038406399999995,opposite_break,-7.648679693572314,0.0
1787266380000,1787269560000,1,0.0032038406399999995,0.0032193560000000005,opposite_break,2.8378950084112065,0.0
1787269560000,1787270040000,-1,0.0032193560000000005,0.0032201439000000003,confirmed_pivot,-2.2449831270601313,0.0
1787270040000,1787270640000,1,0.0032201439000000003,0.0031980602600000002,opposite_break,-8.950755946030874,-0.09964709962185231
1787270640000,1787270820000,-1,0.0031980602600000002,0.0032096418,confirmed_pivot,-5.625047871987149,0.0
1787270820000,1787272500000,1,0.0032096418,0.0032053588,opposite_break,-3.3330824019053753,0.0
1787272500000,1787273040000,-1,0.0032053588,0.00318593706,confirmed_pivot,4.0652060979881615,0.0
1787273040000,1787274000000,1,0.00318593706,0.0031988601,confirmed_pivot,2.0522197133423687,0.0
1787274000000,1787274660000,-1,0.0031988601,0.0032131425,opposite_break,-6.469305300347504,0.0
1787274660000,1787274780000,1,0.0032131425,0.0032053588,confirmed_pivot,-4.42003468566992,0.0
1787274780000,1787275500000,-1,0.0032053588,0.0032071413000000003,confirmed_pivot,-2.556656091043616,0.0
1787275500000,1787277060000,1,0.0032071413000000003,0.0032463506,confirmed_pivot,10.213397239466744,0.0
1787277060000,1787278560000,-1,0.0032463506,0.0032216441999999997,confirmed_pivot,5.6181255345619,0.0
1787278560000,1787280300000,1,0.0032216441999999997,0.00323755236,confirmed_pivot,2.932963062774117,0.0
1787280300000,1787281980000,-1,0.00323755236,0.00324424872,opposite_break,-4.0704086342560055,0.0
1787281980000,1787282100000,1,0.00324424872,0.0032277543200000002,confirmed_pivot,-7.07911292325326,0.0
1787282100000,1787282640000,-1,0.0032277543200000002,0.0032319462599999997,confirmed_pivot,-3.3000159008382823,0.0
1787282640000,1787284620000,1,0.0032319462599999997,0.00324675052,confirmed_pivot,2.576021551794141,0.0
1787284620000,1787286180000,-1,0.00324675052,0.00325044996,opposite_break,-3.1405679054144815,0.0
1787286180000,1787286360000,1,0.00325044996,0.0032399518800000004,confirmed_pivot,-5.226501576415447,0.0
1787286360000,1787286960000,-1,0.0032399518800000004,0.00325425072,opposite_break,-6.417701055485894,0.0
1787286960000,1787288160000,1,0.00325425072,0.00330413904,confirmed_pivot,13.314871522867827,0.0
1787288160000,1787288880000,-1,0.00330413904,0.00333896766,opposite_break,-12.55144719938901,0.0
1787288880000,1787289720000,1,0.00333896766,0.00332543478,confirmed_pivot,-6.048960186694375,0.0
1787289720000,1787290200000,-1,0.00332543478,0.00334276842,opposite_break,-7.217655671478863,0.0
1787290200000,1787290560000,1,0.00334276842,0.0033490300600000004,confirmed_pivot,-0.1286833025661691,0.0
1787290560000,1787291040000,-1,0.0033490300600000004,0.0033766752,opposite_break,-10.262925278132506,0.0
1787291040000,1787291220000,1,0.0033766752,0.0033691260400000003,confirmed_pivot,-4.233442778268907,0.0
1787291220000,1787291880000,-1,0.0033691260400000003,0.00337687524,opposite_break,-4.302362425123066,0.0
1787291880000,1787292780000,1,0.00337687524,0.0034033191999999998,confirmed_pivot,5.823065456217375,0.0
1787292780000,1787294100000,-1,0.0034033191999999998,0.0034512901199999996,opposite_break,-16.109429089108023,0.0
1787294100000,1787294460000,1,0.0034512901199999996,0.0034145169600000003,opposite_break,-12.644247676286135,0.0
1787294460000,1787294880000,-1,0.0034145169600000003,0.0033871773,confirmed_pivot,6.014896391084354,0.0
1787294880000,1787295240000,1,0.0033871773,0.00338562274,opposite_break,-2.4584954675977237,0.0
1787295240000,1787295420000,-1,0.00338562274,0.0033959790599999997,confirmed_pivot,-5.061970312734721,0.0
1787295420000,1787297640000,1,0.0033959790599999997,0.00341141758,confirmed_pivot,2.541571431244491,0.0
1787297640000,1787297820000,-1,0.00341141758,0.0034541907,opposite_break,-14.55076287670412,0.0
1787297820000,1787298300000,1,0.0034541907,0.00348670252,confirmed_pivot,7.402870600051125,0.0
1787298300000,1787299260000,-1,0.00348670252,0.00346559298,confirmed_pivot,4.159208712763963,0.09885529322415496
1787299260000,1787299620000,1,0.00346559298,0.00346920602,confirmed_pivot,-0.9584965745168839,0.0
1787299620000,1787300100000,-1,0.00346920602,0.00349339854,opposite_break,-8.980476910391097,0.0
1787300100000,1787300460000,1,0.00349339854,0.00349250136,confirmed_pivot,-2.2565647204970354,0.0
1787300460000,1787300820000,-1,0.00349250136,0.00351150216,opposite_break,-7.4458964620130486,0.0
1787300820000,1787301420000,1,0.00351150216,0.0035209956600000003,confirmed_pivot,0.7008402865400329,0.0
1787301420000,1787302320000,-1,0.0035209956600000003,0.00354290844,opposite_break,-8.229684696629167,0.0
1787302320000,1787302860000,1,0.00354290844,0.00351969592,confirmed_pivot,-8.545274277536784,0.0
1787302860000,1787303400000,-1,0.00351969592,0.00348739734,confirmed_pivot,7.185702206911072,0.0
1787303400000,1787305140000,1,0.00348739734,0.00347290528,confirmed_pivot,-6.151396164109094,0.0
1787305140000,1787305500000,-1,0.00347290528,0.00349939974,opposite_break,-9.636532620895457,0.0
1787305500000,1787305980000,1,0.00349939974,0.00352339518,confirmed_pivot,4.850158981837312,0.0
1787305980000,1787306400000,-1,0.00352339518,0.0035783155199999995,opposite_break,-17.602922048613202,0.0
1787306400000,1787307960000,1,0.0035783155199999995,0.00369316122,confirmed_pivot,30.062811023439423,0.0
1787307960000,1787310300000,-1,0.00369316122,0.003635727,confirmed_pivot,13.567057811789722,0.0
1787310300000,1787310540000,1,0.003635727,0.00364617062,confirmed_pivot,0.8696259042551497,0.0
1787310540000,1787311320000,-1,0.00364617062,0.00361002186,confirmed_pivot,7.924085439534295,0.0
1787311320000,1787311440000,1,0.00361002186,0.0035931812200000004,opposite_break,-6.660304012674256,0.0
1787311440000,1787313060000,-1,0.0035931812200000004,0.00353450676,confirmed_pivot,14.345720091457062,0.0
1787313060000,1787315400000,1,0.00353450676,0.0035597879,confirmed_pivot,5.145511545152542,0.0
1787315400000,1787315820000,-1,0.0035597879,0.00360132012,opposite_break,-13.678716088674815,0.0
1787315820000,1787316300000,1,0.00360132012,0.00361837618,confirmed_pivot,2.7313216743421016,0.0
1787316300000,1787318700000,-1,0.00361837618,0.0036174233399999998,confirmed_pivot,-1.7364030734912816,0.0
1787318700000,1787319180000,1,0.0036174233399999998,0.00359188148,opposite_break,-9.053727402554886,0.0
1787319180000,1787319300000,-1,0.00359188148,0.00360562098,confirmed_pivot,-5.828979206741465,0.0
1787319300000,1787320980000,1,0.00360562098,0.00362867412,confirmed_pivot,4.3872733678180955,0.0
1787320980000,1787321760000,-1,0.00362867412,0.00364062798,confirmed_pivot,-5.297571913126195,0.0
1787321760000,1787323140000,1,0.00364062798,0.00366686648,confirmed_pivot,5.199928595835329,0.0
1787323140000,1787323380000,-1,0.00366686648,0.00365943174,confirmed_pivot,0.029573419319115946,0.0
1787323380000,1787324160000,1,0.00365943174,0.00370395906,confirmed_pivot,10.155655806822061,0.0
1787324160000,1787325300000,-1,0.00370395906,0.0037559510400000003,opposite_break,-16.050903678184916,0.0
1787325300000,1787326200000,1,0.0037559510400000003,0.00367806424,opposite_break,-22.716168121297017,0.0
1787326200000,1787326320000,-1,0.00367806424,0.0036998398199999997,confirmed_pivot,-7.926311819937047,0.0
1787326320000,1787327280000,1,0.0036998398199999997,0.00370935798,confirmed_pivot,0.570014460788266,0.0
1787327280000,1787327880000,-1,0.00370935798,0.0037082415,confirmed_pivot,-1.698708917816543,0.0
1787327880000,1787328480000,1,0.0037082415,0.00368036378,opposite_break,-9.762532874948857,-0.2522770623218579
1787328480000,1787329020000,-1,0.00368036378,0.00373494684,opposite_break,-16.84571806648954,0.0
1787329020000,1787330160000,1,0.00373494684,0.00378644256,confirmed_pivot,11.773750064940707,0.0
1787330160000,1787330880000,-1,0.00378644256,0.00380166018,opposite_break,-6.02299450701288,0.0
1787330880000,1787331300000,1,0.00380166018,0.00379704044,confirmed_pivot,-3.213974958698077,0.0
1787331300000,1787331660000,-1,0.00379704044,0.00382506486,opposite_break,-9.38797620496236,0.0
1787331660000,1787332260000,1,0.00382506486,0.003943811080000001,confirmed_pivot,29.01319274884158,0.0
1787332260000,1787333640000,-1,0.003943811080000001,0.00393298644,opposite_break,0.7474603677010987,0.0
1787333640000,1787334000000,1,0.00393298644,0.00392941396,confirmed_pivot,-2.9074293986124484,0.0
1787334000000,1787335020000,-1,0.00392941396,0.0039787956,opposite_break,-14.579743988083004,0.0
1787335020000,1787335620000,1,0.0039787956,0.00402629458,confirmed_pivot,9.926091659496258,0.0
1787335620000,1787336400000,-1,0.00402629458,0.00406201224,opposite_break,-10.879970640399634,0.0
1787336400000,1787336760000,1,0.00406201224,0.0040606877,confirmed_pivot,-2.325753686059804,0.0
1787336760000,1787337600000,-1,0.0040606877,0.00401540292,confirmed_pivot,9.16314972461437,0.0
1787337600000,1787337840000,1,0.00401540292,0.00396900604,opposite_break,-13.543171144578583,0.0
1787337840000,1787338140000,-1,0.00396900604,0.00392498484,confirmed_pivot,9.102331605421089,0.0
1787338140000,1787339880000,1,0.00392498484,0.00374645056,opposite_break,-47.44112983631303,0.0
1787339880000,1787340240000,-1,0.00374645056,0.00375795144,confirmed_pivot,-5.072876765788616,0.0
1787340240000,1787340720000,1,0.00375795144,0.00381663652,confirmed_pivot,13.600625994251876,0.0
1787340720000,1787341800000,-1,0.00381663652,0.00377845554,confirmed_pivot,8.01383306472162,0.0
1787341800000,1787343660000,1,0.00377845554,0.00384533078,confirmed_pivot,15.681394964885573,0.0
1787343660000,1787343960000,-1,0.00384533078,0.0038571712799999997,opposite_break,-5.082268126748689,0.0
1787343960000,1787345880000,1,0.0038571712799999997,0.00381813622,opposite_break,-12.110006040488699,0.0
1787345880000,1787347440000,-1,0.00381813622,0.00386947374,opposite_break,-15.459147227596794,0.0
1787347440000,1787347560000,1,0.00386947374,0.0038557287000000003,confirmed_pivot,-5.5486207899681315,0.0
1787347560000,1787349000000,-1,0.0038557287000000003,0.003932486339999999,opposite_break,-21.92733504304879,0.0
1787349000000,1787349120000,1,0.003932486339999999,0.00392461492,confirmed_pivot,-3.9996378626962077,0.0
1787349120000,1787349840000,-1,0.00392461492,0.00398739732,opposite_break,-18.013082475872583,0.0
1787349840000,1787350080000,1,0.00398739732,0.0039837031,confirmed_pivot,-2.9255475398672806,0.0
1787350080000,1787350380000,-1,0.0039837031,0.00399999984,opposite_break,-6.09494290375191,0.0
1787350380000,1787351940000,1,0.00399999984,0.00402109562,confirmed_pivot,3.2686712657468444,0.0
1787351940000,1787352540000,-1,0.00402109562,0.00405441072,opposite_break,-10.293365353992845,0.0
1787352540000,1787353140000,1,0.00405441072,0.0041068784599999995,confirmed_pivot,10.927963119631663,0.0
1787353140000,1787353500000,-1,0.0041068784599999995,0.00414462876,opposite_break,-11.201161093040998,0.0
1787353500000,1787353740000,1,0.00414462876,0.00413257332,confirmed_pivot,-4.905781255062157,0.0
1787353740000,1787353860000,-1,0.00413257332,0.00416923368,opposite_break,-10.879944169992434,0.0
1787353860000,1787354460000,1,0.00416923368,0.004176164600000001,confirmed_pivot,-0.33926577125792834,0.0
1787354460000,1787355180000,-1,0.004176164600000001,0.00421744332,opposite_break,-11.894245720103884,0.0
1787355180000,1787355360000,1,0.00421744332,0.00416026778,confirmed_pivot,-15.543362678789963,0.0
1787355360000,1787355900000,-1,0.00416026778,0.00412992582,confirmed_pivot,5.3005641862794235,0.0
1787355900000,1787356800000,1,0.00412992582,0.0041206757000000005,opposite_break,-4.513997372475623,-0.276458423168482
1787356800000,1787356920000,-1,0.0041206757000000005,0.004171334099999999,confirmed_pivot,-14.306005638832168,0.0
1787356920000,1787359260000,1,0.004171334099999999,0.00408328318,opposite_break,-23.08746673636117,0.0
1787359260000,1787360640000,-1,0.00408328318,0.0041190236399999995,opposite_break,-10.761626094225303,0.0
1787360640000,1787362560000,1,0.0041190236399999995,0.004135072819999999,confirmed_pivot,1.8924590440077935,0.0
1787362560000,1787362680000,-1,0.004135072819999999,0.00414892962,opposite_break,-5.354392390120166,0.0
1787362680000,1787362800000,1,0.00414892962,0.0041301738,confirmed_pivot,-6.51612003483439,0.0
1787362800000,1787364120000,-1,0.0041301738,0.0041838366,opposite_break,-15.005860140800788,0.0
1787364120000,1787364480000,1,0.0041838366,0.00422105562,confirmed_pivot,6.88701078335605,0.0
1787364480000,1787365560000,-1,0.00422105562,0.0042902578799999995,opposite_break,-18.41093330582548,0.0
1787365560000,1787365980000,1,0.0042902578799999995,0.004211757480000001,opposite_break,-20.279064287855547,0.0
1787365980000,1787366520000,-1,0.004211757480000001,0.00417853554,confirmed_pivot,5.895792219261524,0.0
1787366520000,1787366760000,1,0.00417853554,0.00417036576,opposite_break,-3.9532226402937485,0.0
1787366760000,1787367120000,-1,0.00417036576,0.0041764351199999996,confirmed_pivot,-3.456809716373527,0.0
1787367120000,1787367780000,1,0.0041764351199999996,0.00417696444,confirmed_pivot,-1.873387071795231,0.0
1787367780000,1787368560000,-1,0.00417696444,0.00418203624,confirmed_pivot,-3.2154453007505124,0.0
1787368560000,1787369700000,1,0.00418203624,0.00433773228,confirmed_pivot,35.1924906992198,0.0
1787369700000,1787370000000,-1,0.00433773228,0.0043014601199999995,confirmed_pivot,6.370371847845026,0.0
1787370000000,1787371080000,1,0.0043014601199999995,0.0042435511199999994,opposite_break,-15.449175253541604,0.0
1787371080000,1787371560000,-1,0.0042435511199999994,0.00424854954,confirmed_pivot,-3.1790640146691356,0.0
1787371560000,1787373000000,1,0.00424854954,0.0044506097,confirmed_pivot,45.51223869217253,0.0
1787373000000,1787374860000,-1,0.0044506097,0.00441608304,confirmed_pivot,5.765494839954168,0.0
1787374860000,1787375100000,1,0.00441608304,0.00436952592,opposite_break,-12.532085211876,0.0
1787375100000,1787375580000,-1,0.00436952592,0.00397199424,confirmed_pivot,89.06919582708403,0.0
1787375580000,1787376180000,1,0.00397199424,0.0039349128600000005,opposite_break,-11.326372693833461,0.0
1787376180000,1787376360000,-1,0.0039349128600000005,0.00399609906,confirmed_pivot,-17.56511881688775,0.0
1787376360000,1787376720000,1,0.00399609906,0.00396140756,opposite_break,-10.672660006581642,0.0
1787376720000,1787377920000,-1,0.00396140756,0.0040984195199999995,opposite_break,-36.621272838687645,0.0
1787377920000,1787378100000,1,0.0040984195199999995,0.00406378708,confirmed_pivot,-10.441743796886781,0.0
1787378100000,1787378940000,-1,0.00406378708,0.0040334065199999995,confirmed_pivot,5.48339909580114,0.0
1787378940000,1787379180000,1,0.0040334065199999995,0.00400929798,opposite_break,-7.971238292142122,0.0
1787379180000,1787380800000,-1,0.00400929798,0.00408921768,opposite_break,-21.95352306041372,0.0
1787380800000,1787380980000,1,0.00408921768,0.0040808836599999995,confirmed_pivot,-4.03600948433745,0.0
1787380980000,1787381700000,-1,0.0040808836599999995,0.00413362656,opposite_break,-14.937306548944957,0.0
1787381700000,1787383560000,1,0.00413362656,0.00424934996,confirmed_pivot,25.967615100673246,0.0
1787383560000,1787383800000,-1,0.00424934996,0.0042513501,opposite_break,-2.471163862436905,0.0
1787383800000,1787384520000,1,0.0042513501,0.00418876208,opposite_break,-16.707194305168994,0.0
1787384520000,1787384760000,-1,0.00418876208,0.00419893962,confirmed_pivot,-4.432154738184528,0.0
1787384760000,1787384880000,1,0.00419893962,0.00416236736,opposite_break,-10.701170068265991,0.0
1787384880000,1787385300000,-1,0.00416236736,0.00417653514,confirmed_pivot,-5.407183113217614,0.0
1787385300000,1787385420000,1,0.00417653514,0.00416056772,opposite_break,-5.819302853991934,0.0
1787385420000,1787388000000,-1,0.00416056772,0.00405871158,confirmed_pivot,22.94742034671179,0.4416309925607941
1787388000000,1787388180000,1,0.00405871158,0.00404379108,opposite_break,-5.672490445847251,0.0
1787388180000,1787388240000,-1,0.00404379108,0.0040845167399999995,confirmed_pivot,-12.081229433840887,0.0
1787388240000,1787388900000,1,0.0040845167399999995,0.0041151768,confirmed_pivot,5.498904249808679,0.0
1787388900000,1787389980000,-1,0.0041151768,0.0041464291200000005,opposite_break,-9.60199958359026,0.0
1787389980000,1787390160000,1,0.0041464291200000005,0.0041276743,confirmed_pivot,-6.518602546376183,0.0
1787390160000,1787390940000,-1,0.0041276743,0.00409551894,confirmed_pivot,5.7979784790675355,0.0
1787390940000,1787392020000,1,0.00409551894,0.00406778628,opposite_break,-8.764692764428993,0.0
1787392020000,1787394360000,-1,0.00406778628,0.003929285699999999,confirmed_pivot,32.082193860981526,0.0
1787394360000,1787395560000,1,0.003929285699999999,0.00402159552,confirmed_pivot,21.46928098916317,0.0
1787395560000,1787396100000,-1,0.00402159552,0.00400800144,confirmed_pivot,1.3836505964677759,0.0
1787396100000,1787396940000,1,0.00400800144,0.0040016995,confirmed_pivot,-3.5707674146943265,0.0
1787396940000,1787398380000,-1,0.0040016995,0.00401920368,opposite_break,-6.378560704020862,0.0
1787398380000,1787398560000,1,0.00401920368,0.0039933011800000005,confirmed_pivot,-8.438239900297678,0.0
1787398560000,1787399520000,-1,0.0039933011800000005,0.0040068012,confirmed_pivot,-5.384047285909835,0.0
1787399520000,1787401020000,1,0.0040068012,0.0040354927399999995,confirmed_pivot,5.153548935744437,0.0
1787401020000,1787401380000,-1,0.0040354927399999995,0.00405751134,opposite_break,-7.461692046062408,0.0
1787401380000,1787401620000,1,0.00405751134,0.00405808822,confirmed_pivot,-1.8579663562937863,0.0
1787401620000,1787403900000,-1,0.00405808822,0.00399549894,confirmed_pivot,13.438764729466579,0.0
1787403900000,1787404320000,1,0.00399549894,0.00400279928,confirmed_pivot,-0.17468612318030274,0.0
1787404320000,1787404980000,-1,0.00400279928,0.00399609906,confirmed_pivot,-0.32444253362609354,0.0
1787404980000,1787407680000,1,0.00399609906,0.0039802038,opposite_break,-5.9737164924034625,0.0
1787407680000,1787408400000,-1,0.0039802038,0.0039897978,confirmed_pivot,-4.412839764637158,0.0
1787408400000,1787409600000,1,0.0039897978,0.004017696300000001,confirmed_pivot,4.985467158260692,0.0
1787409600000,1787410320000,-1,0.004017696300000001,0.00399999984,confirmed_pivot,2.4090332213514905,0.0
1787410320000,1787410860000,1,0.00399999984,0.0040035991200000004,confirmed_pivot,-1.1010797840430468,0.0
1787410860000,1787411040000,-1,0.0040035991200000004,0.00404260836,opposite_break,-11.753286497874813,0.0
1787411040000,1787411100000,1,0.00404260836,0.00401039776,confirmed_pivot,-9.959808750803587,0.0
1787411100000,1787411820000,-1,0.00401039776,0.00400560096,confirmed_pivot,-0.8027130755229893,0.0
1787411820000,1787415000000,1,0.00400560096,0.00402009582,confirmed_pivot,1.2164800539690996,-0.3985493222969469
1787415000000,1787415240000,-1,0.00402009582,0.00402960576,confirmed_pivot,-4.367965930722551,0.0
1787415240000,1787415900000,1,0.00402960576,0.00410677848,confirmed_pivot,17.13228039459624,0.0
1787415900000,1787416380000,-1,0.00410677848,0.0041190236399999995,opposite_break,-4.9846764853992065,0.0
1787416380000,1787416500000,1,0.0041190236399999995,0.0041106777,confirmed_pivot,-4.024167567049845,0.0
1787416500000,1787416980000,-1,0.0041106777,0.00414362856,opposite_break,-10.023935046038849,0.0
1787416980000,1787417400000,1,0.00414362856,0.004154169,confirmed_pivot,0.5412267068648235,0.0
1787417400000,1787417940000,-1,0.004154169,0.00412142412,confirmed_pivot,5.890296441959945,0.0
1787417940000,1787418720000,1,0.00412142412,0.0041304737400000005,confirmed_pivot,0.1935549743909104,0.0
1787418720000,1787420340000,-1,0.0041304737400000005,0.00408891762,confirmed_pivot,8.070921336979682,0.0
1787420340000,1787421240000,1,0.00408891762,0.0041046788999999995,confirmed_pivot,1.8507791506935032,0.0
1787421240000,1787423580000,-1,0.0041046788999999995,0.00409101804,confirmed_pivot,1.3314471589969128,0.0
1787423580000,1787424060000,1,0.00409101804,0.004067686300000001,opposite_break,-7.697459173267139,0.0
1787424060000,1787424420000,-1,0.004067686300000001,0.0040702138799999996,confirmed_pivot,-2.6220016474719254,0.0
1787424420000,1787424720000,1,0.0040702138799999996,0.00404978988,opposite_break,-7.0129002066102215,0.0
1787424720000,1787424900000,-1,0.00404978988,0.0040598118,confirmed_pivot,-4.47715121457128,0.0
1787424900000,1787426520000,1,0.0040598118,0.004088082220000001,confirmed_pivot,4.956516944948145,0.0
1787426520000,1787426880000,-1,0.004088082220000001,0.00411002184,opposite_break,-7.372093426242192,0.0
1787426880000,1787427360000,1,0.00411002184,0.0041260746200000005,confirmed_pivot,1.901859368221814,0.0
1787427360000,1787427720000,-1,0.0041260746200000005,0.00414522888,opposite_break,-6.646889847086515,0.0
1787427720000,1787427960000,1,0.00414522888,0.00414397104,confirmed_pivot,-2.3031393914249385,0.0
1787427960000,1787429280000,-1,0.00414397104,0.0041755349399999996,opposite_break,-9.62444128953178,0.0
1787429280000,1787429700000,1,0.0041755349399999996,0.004167366360000001,confirmed_pivot,-3.9543391534879095,0.0
1787429700000,1787430240000,-1,0.004167366360000001,0.00415513086,confirmed_pivot,0.93896299052546,0.0
1787430240000,1787432220000,1,0.00415513086,0.0041130772200000006,opposite_break,-12.110773348784354,0.0
1787432220000,1787432400000,-1,0.0041130772200000006,0.004122424319999999,confirmed_pivot,-4.274804629123534,0.0
1787432400000,1787432520000,1,0.004122424319999999,0.00410397904,opposite_break,-6.469902486893805,0.0
1787432520000,1787432760000,-1,0.00410397904,0.0040930184399999995,confirmed_pivot,0.6733958660763943,0.0
1787432760000,1787433180000,1,0.0040930184399999995,0.00405798824,opposite_break,-10.549966317767026,0.0
1787433180000,1787433360000,-1,0.00405798824,0.00406671318,confirmed_pivot,-4.1522154386528225,0.0
1787433360000,1787434200000,1,0.00406671318,0.004105478740000001,confirmed_pivot,7.5228733195294755,0.0
1787434200000,1787434500000,-1,0.004105478740000001,0.0040872172799999995,confirmed_pivot,2.4525188455856144,0.0
1787434500000,1787435280000,1,0.0040872172799999995,0.00404439096,opposite_break,-12.467633783345068,0.0
1787435280000,1787435940000,-1,0.00404439096,0.00402710526,confirmed_pivot,2.2782673265592264,0.0
1787435940000,1787436180000,1,0.00402710526,0.00400429898,opposite_break,-7.657531216355631,0.0
1787436180000,1787436240000,-1,0.00400429898,0.00402940572,confirmed_pivot,-8.276216352855869,0.0
1787436240000,1787437020000,1,0.00402940572,0.00410937796,confirmed_pivot,17.827307874075096,0.0
1787437020000,1787439600000,-1,0.00410937796,0.004080215880000001,confirmed_pivot,5.103567100456957,0.0
1787439600000,1787441760000,1,0.004080215880000001,0.0040371924,opposite_break,-12.533868252088746,0.0
1787441760000,1787441880000,-1,0.0040371924,0.00405251034,confirmed_pivot,-5.7980002984251255,0.0
1787441880000,1787442780000,1,0.00405251034,0.00407838416,confirmed_pivot,4.378255454371088,0.0
1787442780000,1787442900000,-1,0.00407838416,0.00409941972,opposite_break,-7.162975024893063,0.0
1787442900000,1787442960000,1,0.00409941972,0.0040776842999999995,confirmed_pivot,-7.296770290210786,0.0
1787442960000,1787444640000,-1,0.0040776842999999995,0.00406361256,confirmed_pivot,1.6690201290717122,0.21465468444921057
1787444640000,1787444940000,1,0.00406361256,0.0040771844,confirmed_pivot,1.3365061161245473,0.0
1787444940000,1787445180000,-1,0.0040771844,0.00411102204,opposite_break,-10.307565789763954,0.0
1787445180000,1787445900000,1,0.00411102204,0.004124175,confirmed_pivot,1.1962385295312803,0.0
1787445900000,1787447160000,-1,0.004124175,0.0041363271,confirmed_pivot,-4.949499499900009,0.0
1787447160000,1787448840000,1,0.0041363271,0.00409428098,opposite_break,-12.15492074599225,0.0
1787448840000,1787449440000,-1,0.00409428098,0.004103720579999999,confirmed_pivot,-4.307863003579034,0.0
1787449440000,1787449740000,1,0.004103720579999999,0.00411057772,confirmed_pivot,-0.3307141101694975,0.0
1787449740000,1787450340000,-1,0.00411057772,0.00410252034,confirmed_pivot,-0.0378822809362267,0.0
1787450340000,1787450700000,1,0.00410252034,0.004096980440000001,confirmed_pivot,-3.349014664482742,0.0
1787450700000,1787451180000,-1,0.004096980440000001,0.00408691722,confirmed_pivot,0.45870913164552807,0.0
1787451180000,1787451840000,1,0.00408691722,0.00405898804,opposite_break,-8.826967447116438,0.0
1787451840000,1787452200000,-1,0.00405898804,0.004062512339999999,confirmed_pivot,-2.869138875314156,0.0
1787452200000,1787452980000,1,0.004062512339999999,0.00410207942,confirmed_pivot,7.7298197794521535,0.0
1787452980000,1787454060000,-1,0.00410207942,0.00408361656,confirmed_pivot,2.5053547159258818,0.0
1787454060000,1787454300000,1,0.00408361656,0.00406658652,opposite_break,-6.166162446946338,0.0
1787454300000,1787455080000,-1,0.00406658652,0.00404460876,confirmed_pivot,3.4098781992716205,0.0
1787455080000,1787455260000,1,0.00404460876,0.00402149554,opposite_break,-7.708860399145242,0.0
1787455260000,1787456760000,-1,0.00402149554,0.003999699779999999,confirmed_pivot,3.425234354481244,0.0
1787456760000,1787457060000,1,0.003999699779999999,0.0040096979,confirmed_pivot,0.4972178986896447,0.0
1787457060000,1787457960000,-1,0.0040096979,0.004016803199999999,confirmed_pivot,-3.773800789331063,0.0
1787457960000,1787458740000,1,0.004016803199999999,0.00404389106,confirmed_pivot,4.736892696162045,0.0
1787458740000,1787460060000,-1,0.00404389106,0.00402160416,confirmed_pivot,3.5167625855874833,0.0
1787460060000,1787460540000,1,0.00402160416,0.00394611062,opposite_break,-20.753224698275588,0.0
1787460540000,1787460720000,-1,0.00394611062,0.00396809346,confirmed_pivot,-7.576331978245328,0.0
1787460720000,1787461740000,1,0.00396809346,0.003998400159999999,confirmed_pivot,5.629959728821437,0.0
1787461740000,1787462340000,-1,0.003998400159999999,0.00399699924,confirmed_pivot,-1.64927949582733,0.0
1787462340000,1787462940000,1,0.00399699924,0.00404609062,confirmed_pivot,10.269776818871646,0.0
1787462940000,1787463780000,-1,0.00404609062,0.0039800958599999995,confirmed_pivot,14.327057637675995,0.0
1787463780000,1787464500000,1,0.0039800958599999995,0.0039607077,opposite_break,-6.866408378415226,0.0
1787464500000,1787465880000,-1,0.0039607077,0.00397199424,opposite_break,-4.852476727833401,0.0
1787465880000,1787466480000,1,0.00397199424,0.003889222,opposite_break,-22.818123784590483,0.0
1787466480000,1787467320000,-1,0.003889222,0.00387097404,confirmed_pivot,2.6966226047265884,0.0
1787467320000,1787468220000,1,0.00387097404,0.0038389320600000004,opposite_break,-10.269220534478078,0.0
1787468220000,1787468820000,-1,0.0038389320600000004,0.00389597904,opposite_break,-16.874977229995526,0.0
1787468820000,1787469300000,1,0.00389597904,0.0038958206800000002,confirmed_pivot,-2.040606388888572,0.0
1787469300000,1787469420000,-1,0.0038958206800000002,0.003914982839999999,opposite_break,-6.923563925431756,0.0
1787469420000,1787469660000,1,0.003914982839999999,0.00391131758,confirmed_pivot,-2.9352773408321964,0.0
1787469660000,1787469840000,-1,0.00391131758,0.00392468478,opposite_break,-5.420987154921702,0.0
1787469840000,1787470620000,1,0.00392468478,0.00388202344,opposite_break,-12.859134185038874,0.0
1787470620000,1787470800000,-1,0.00388202344,0.003906981239999999,confirmed_pivot,-8.435498957213749,0.0
1787470800000,1787471220000,1,0.003906981239999999,0.0038847229,confirmed_pivot,-7.691371494785918,0.0
1787471220000,1787471400000,-1,0.0038847229,0.00390498084,confirmed_pivot,-7.219985688039628,0.0
1787471400000,1787471760000,1,0.00390498084,0.0038979202600000003,confirmed_pivot,-3.806287843399395,0.0
1787471760000,1787472540000,-1,0.0038979202600000003,0.00393608706,opposite_break,-11.481912619269412,0.31945945908087914
1787472540000,1787475240000,1,0.00393608706,0.00396330718,confirmed_pivot,4.90861240249093,0.0
1787475240000,1787475480000,-1,0.00396330718,0.003982296299999999,confirmed_pivot,-6.796022174591866,0.0
1787475480000,1787475840000,1,0.003982296299999999,0.00398140356,confirmed_pivot,-2.2239530142444144,0.0
1787475840000,1787477820000,-1,0.00398140356,0.00397769538,confirmed_pivot,-1.067693559805833,0.0
1787477820000,1787478840000,1,0.00397769538,0.00397810422,confirmed_pivot,-1.8973196484443715,0.0
1787478840000,1787480520000,-1,0.00397810422,0.00403050594,opposite_break,-15.185708271866307,0.0
1787480520000,1787480700000,1,0.00403050594,0.0040069984399999994,confirmed_pivot,-7.826561937780067,0.0
1787480700000,1787481300000,-1,0.0040069984399999994,0.00402290442,opposite_break,-5.97351938574763,0.0
1787481300000,1787481420000,1,0.00402290442,0.0040096979,confirmed_pivot,-5.2795493262053785,0.0
1787481420000,1787481720000,-1,0.0040096979,0.00403100604,opposite_break,-7.319465124791497,0.0
1787481720000,1787482380000,1,0.00403100604,0.00400179948,opposite_break,-9.23823113894413,0.0
1787482380000,1787482500000,-1,0.00400179948,0.00401040192,confirmed_pivot,-4.151792583070627,0.0
1787482500000,1787483040000,1,0.00401040192,0.00400349914,confirmed_pivot,-3.7194977853990143,0.0
1787483040000,1787484120000,-1,0.00400349914,0.004043208479999999,opposite_break,-11.928576964799662,0.0
1787484120000,1787484360000,1,0.004043208479999999,0.00404899004,confirmed_pivot,-0.5714863656990863,0.0
1787484360000,1787484780000,-1,0.00404899004,0.00404940972,opposite_break,-2.1037541895261493,0.0
1787484780000,1787486220000,1,0.00404940972,0.00407278528,confirmed_pivot,3.766811968831922,0.0
1787486220000,1787486940000,-1,0.00407278528,0.00407561496,confirmed_pivot,-2.6954723819860242,0.0
1787486940000,1787489400000,1,0.00407561496,0.00404829018,opposite_break,-8.69775125665942,0.0
1787489400000,1787489760000,-1,0.00404829018,0.00404460876,confirmed_pivot,-1.089714112341779,0.0
1787489760000,1787490960000,1,0.00404460876,0.00405728838,confirmed_pivot,1.131808570775073,0.0
1787490960000,1787491140000,-1,0.00405728838,0.00408951774,opposite_break,-9.95151498696264,0.0
1787491140000,1787491560000,1,0.00408951774,0.00408348314,confirmed_pivot,-3.474150690442924,0.0
1787491560000,1787492400000,-1,0.00408348314,0.0041056209599999996,opposite_break,-7.426729353411638,0.0
1787492400000,1787492520000,1,0.0041056209599999996,0.00409338116,confirmed_pivot,-4.9782486788549605,0.0
1787492520000,1787492820000,-1,0.00409338116,0.00413152614,opposite_break,-11.328016006210357,0.0
1787492820000,1787493000000,1,0.00413152614,0.00412097564,confirmed_pivot,-4.551103186291446,0.0
1787493000000,1787493600000,-1,0.00412097564,0.004127925419999999,opposite_break,-3.6881268873502737,0.0
1787493600000,1787495040000,1,0.004127925419999999,0.00410947794,opposite_break,-6.4644780718929225,0.0
1787495040000,1787495220000,-1,0.00410947794,0.00411762336,confirmed_pivot,-3.9840878912225666,0.0
1787495220000,1787495520000,1,0.00411762336,0.00409878008,opposite_break,-6.571675229664499,0.0
1787495520000,1787495760000,-1,0.00409878008,0.00410772138,confirmed_pivot,-4.1836354050007545,0.0
1787495760000,1787496180000,1,0.00410772138,0.00400839816,confirmed_pivot,-26.155459341305203,0.0
1787496180000,1787497320000,-1,0.00400839816,0.00409721928,confirmed_pivot,-24.180915560543948,0.0
1787497320000,1787497740000,1,0.00409721928,0.004088082220000001,confirmed_pivot,-4.227833639404114,0.0
1787497740000,1787498520000,-1,0.004088082220000001,0.0040716141600000005,confirmed_pivot,2.0323377008792503,0.0
1787498520000,1787499720000,1,0.0040716141600000005,0.0041002797799999996,confirmed_pivot,5.033317317080708,0.0
1787499720000,1787501100000,-1,0.0041002797799999996,0.00413812746,opposite_break,-11.139628925516996,0.10011316837506148
1787501100000,1787501220000,1,0.00413812746,0.00411647654,confirmed_pivot,-7.226825246218875,0.0
1787501220000,1787502060000,-1,0.00411647654,0.00408511686,confirmed_pivot,5.62570595871795,0.0
1787502060000,1787503020000,1,0.00408511686,0.0040881822,confirmed_pivot,-1.2503826047217685,0.0
1787503020000,1787503620000,-1,0.0040881822,0.00408601704,confirmed_pivot,-1.469856025497009,0.0
1787503620000,1787504520000,1,0.00408601704,0.0040921814,confirmed_pivot,-0.4928609989348849,0.0
1787504520000,1787504760000,-1,0.0040921814,0.0041038205999999995,confirmed_pivot,-4.847097442943053,0.0
1787504760000,1787505840000,1,0.0041038205999999995,0.00411097764,confirmed_pivot,-0.2577496296985957,0.0
1787505840000,1787507040000,-1,0.00411097764,0.0040908179999999995,confirmed_pivot,2.908759279946009,0.0
1787507040000,1787507460000,1,0.0040908179999999995,0.0040769844400000005,opposite_break,-5.378230573933882,0.0
1787507460000,1787507580000,-1,0.0040769844400000005,0.0040848168,confirmed_pivot,-3.923037106317624,0.0
1787507580000,1787509380000,1,0.0040848168,0.00409428098,confirmed_pivot,0.3145997196251187,0.0
1787509380000,1787510160000,-1,0.00409428098,0.004088817599999999,confirmed_pivot,-0.6642725775989837,0.0
1787510160000,1787512320000,1,0.004088817599999999,0.00406948594,opposite_break,-6.723206126876176,0.0
1787512320000,1787512440000,-1,0.00406948594,0.004081216079999999,confirmed_pivot,-4.885344810897459,0.0
1787512440000,1787515380000,1,0.004081216079999999,0.00407458492,opposite_break,-3.6231752277128537,0.0
1787515380000,1787515680000,-1,0.00407458492,0.004079915819999999,confirmed_pivot,-3.3096379152160225,0.0
1787515680000,1787516640000,1,0.004079915819999999,0.00409158152,confirmed_pivot,0.8564398909585311,0.0
1787516640000,1787516760000,-1,0.00409158152,0.00409821948,opposite_break,-3.62396812272237,0.0
1787516760000,1787517000000,1,0.00409821948,0.0040899818400000005,confirmed_pivot,-4.008043346668082,0.0
1787517000000,1787518140000,-1,0.0040899818400000005,0.00413142612,opposite_break,-12.143253907454904,0.0
1787518140000,1787519280000,1,0.00413142612,0.0041714655400000005,confirmed_pivot,7.681736867171777,0.0
1787519280000,1787520840000,-1,0.0041714655400000005,0.00425725128,opposite_break,-22.58545729710123,0.0
1787520840000,1787520960000,1,0.00425725128,0.00421675648,confirmed_pivot,-11.502447128279378,0.0
1787520960000,1787521920000,-1,0.00421675648,0.00418443672,confirmed_pivot,5.672266566363309,0.0
1787521920000,1787522340000,1,0.00418443672,0.00416186746,opposite_break,-7.388226002375748,0.0
1787522340000,1787522460000,-1,0.00416186746,0.00419173818,confirmed_pivot,-9.184416853101629,0.0
1787522460000,1787522580000,1,0.00419173818,0.00414387106,opposite_break,-13.407977031618795,0.0
1787522580000,1787523420000,-1,0.00414387106,0.0041483295,confirmed_pivot,-3.0769877670855172,0.0
1787523420000,1787524440000,1,0.0041483295,0.00414976988,confirmed_pivot,-1.6531279349915822,0.0
1787524440000,1787527020000,-1,0.00414976988,0.00412422468,confirmed_pivot,4.1619670341817,0.0
1787527020000,1787527440000,1,0.00412422468,0.00410747834,opposite_break,-6.056421499325336,0.0
1787527440000,1787527680000,-1,0.00410747834,0.00411472278,confirmed_pivot,-3.765483306236979,0.0
1787527680000,1787528160000,1,0.00411472278,0.00409848014,opposite_break,-5.943497102373368,0.0
1787528160000,1787528760000,-1,0.00409848014,0.00408911766,confirmed_pivot,0.2866628993840683,0.0
1787528760000,1787529840000,1,0.00408911766,0.0040798838599999995,opposite_break,-4.439682303492402,-0.1838004808108163
1787529840000,1787530200000,-1,0.0040798838599999995,0.00406671318,confirmed_pivot,1.2314279357941658,0.0
1787530200000,1787530380000,1,0.00406671318,0.0040563885600000005,opposite_break,-4.536273133479058,0.0
1787530380000,1787531340000,-1,0.0040563885600000005,0.0040411080600000005,confirmed_pivot,1.770787801452646,0.0
1787531340000,1787531940000,1,0.0040411080600000005,0.00405328918,confirmed_pivot,1.0112876714312655,0.0
1787531940000,1787532540000,-1,0.00405328918,0.0040453089,confirmed_pivot,-0.02919063376572062,0.0
1787532540000,1787533380000,1,0.0040453089,0.00405838816,confirmed_pivot,1.2299587158844334,0.0
1787533380000,1787534340000,-1,0.00405838816,0.0040413081,confirmed_pivot,2.2127907400557283,0.0
1787534340000,1787534640000,1,0.0040413081,0.00401699644,opposite_break,-8.00977399867135,0.0
1787534640000,1787535180000,-1,0.00401699644,0.00402450474,confirmed_pivot,-3.8710019817691173,0.0
1787535180000,1787535480000,1,0.00402450474,0.004000599719999999,opposite_break,-7.93392641401143,0.0
1787535480000,1787537100000,-1,0.004000599719999999,0.0039913981200000006,confirmed_pivot,0.30235520788338643,0.0
1787537100000,1787538660000,1,0.0039913981200000006,0.00405048974,confirmed_pivot,12.78993741170552,0.0
1787538660000,1787539260000,-1,0.00405048974,0.0040643127,opposite_break,-5.4160765359698555,0.0
1787539260000,1787539620000,1,0.0040643127,0.00403409302,opposite_break,-9.42793740255283,0.0
1787539620000,1787540160000,-1,0.00403409302,0.00403840752,confirmed_pivot,-3.0705788088148225,0.0
1787540160000,1787540580000,1,0.00403840752,0.00401809622,opposite_break,-7.0245025048883525,0.0
1787540580000,1787541180000,-1,0.00401809622,0.0040066011600000005,confirmed_pivot,0.8636833042288741,0.0
1787541180000,1787543940000,1,0.0040066011600000005,0.00398990186,opposite_break,-6.163778732595576,0.0
1787543940000,1787544060000,-1,0.00398990186,0.00400710126,confirmed_pivot,-6.315043327907819,0.0
1787544060000,1787544360000,1,0.00400710126,0.00400829818,confirmed_pivot,-1.7015989857965366,0.0
1787544360000,1787545020000,-1,0.00400829818,0.004017203279999999,opposite_break,-4.22388771985013,0.0
1787545020000,1787545920000,1,0.004017203279999999,0.0040445909200000005,confirmed_pivot,4.81077118905498,0.0
1787545920000,1787546580000,-1,0.0040445909200000005,0.004044108659999999,confirmed_pivot,-1.8806449726191024,0.0
1787546580000,1787546820000,1,0.004044108659999999,0.00403709242,confirmed_pivot,-3.733193726797478,0.0
1787546820000,1787547300000,-1,0.00403709242,0.00403140612,confirmed_pivot,-0.5900777817714477,0.0
1787547300000,1787548680000,1,0.00403140612,0.00403249334,confirmed_pivot,-1.730582147352523,0.0
1787548680000,1787549040000,-1,0.00403249334,0.00402510486,confirmed_pivot,-0.16593163176796477,0.0
1787549040000,1787549460000,1,0.00402510486,0.0040047988799999995,opposite_break,-7.03978771375422,0.0
1787549460000,1787549880000,-1,0.0040047988799999995,0.00400800144,confirmed_pivot,-2.800480287789198,0.0
1787549880000,1787551500000,1,0.00400800144,0.0039996999,opposite_break,-4.069170529040544,0.0
1787551500000,1787551680000,-1,0.0039996999,0.00400220028,confirmed_pivot,-2.6257670431724427,0.0
1787551680000,1787552220000,1,0.00400220028,0.00401649654,confirmed_pivot,1.568527994805966,0.0
1787552220000,1787553900000,-1,0.00401649654,0.0039885975599999995,confirmed_pivot,4.953044451023125,0.0
1787553900000,1787554560000,1,0.0039885975599999995,0.00400809822,confirmed_pivot,2.88421282090951,0.0
1787554560000,1787554860000,-1,0.00400809822,0.00402640512,opposite_break,-6.572045367690597,0.0
1787554860000,1787555160000,1,0.00402640512,0.00402049574,confirmed_pivot,-3.4661889313312493,0.0
1787555160000,1787555520000,-1,0.00402049574,0.00404270838,opposite_break,-7.530375873498574,0.0
1787555520000,1787555760000,1,0.00404270838,0.0040575883200000004,confirmed_pivot,1.677005280306748,0.0
1787555760000,1787557560000,-1,0.0040575883200000004,0.00402550494,confirmed_pivot,5.914914192182185,0.0
1787557560000,1787557860000,1,0.00402550494,0.00402449494,confirmed_pivot,-2.2506493011532793,0.0
1787557860000,1787558100000,-1,0.00402449494,0.00402550494,confirmed_pivot,-2.2512141312320977,0.0
1787558100000,1787558580000,1,0.00402550494,0.004004398960000001,opposite_break,-7.337600708545923,-0.09977978067019837
1787558580000,1787560080000,-1,0.004004398960000001,0.00399189822,confirmed_pivot,1.1248736364672487,0.0
1787560080000,1787560320000,1,0.00399189822,0.00397940396,opposite_break,-5.126774544867999,0.0
1787560320000,1787560800000,-1,0.00397940396,0.00402610506,opposite_break,-13.747437950481446,0.0
1787560800000,1787560980000,1,0.00402610506,0.00401529678,confirmed_pivot,-4.681865365927615,0.0
1787560980000,1787562300000,-1,0.00401529678,0.00400320048,confirmed_pivot,1.0155669589135998,0.0
1787562300000,1787562660000,1,0.00400320048,0.00400829818,confirmed_pivot,-0.7278672838289331,0.0
1787562660000,1787563440000,-1,0.00400829818,0.00402610506,opposite_break,-6.44694632972649,0.0
1787563440000,1787564460000,1,0.00402610506,0.0040331932,confirmed_pivot,-0.24121532983542648,0.0
1787564460000,1787565180000,-1,0.0040331932,0.0040312060799999995,confirmed_pivot,-1.506815810360744,0.0
1787565180000,1787566020000,1,0.0040312060799999995,0.0040371924,confirmed_pivot,-0.5164902112866394,0.0
1787566020000,1787568360000,-1,0.0040371924,0.00402870558,confirmed_pivot,0.10426107509774618,0.0
1787568360000,1787568480000,1,0.00402870558,0.00402099564,opposite_break,-3.9118374145373895,0.0
1787568480000,1787568600000,-1,0.00402099564,0.0040288056,confirmed_pivot,-3.9442373630625838,0.0
1787568600000,1787568720000,1,0.0040288056,0.00400959792,opposite_break,-6.762819114429382,0.0
1787568720000,1787569080000,-1,0.00400959792,0.00401160216,confirmed_pivot,-2.500360455095159,0.0
1787569080000,1787569320000,1,0.00401160216,0.00399979988,opposite_break,-4.939094468929028,0.0
1787569320000,1787569440000,-1,0.00399979988,0.00400550094,confirmed_pivot,-3.426761645885163,0.0
1787569440000,1787570160000,1,0.00400550094,0.0040116975,confirmed_pivot,-0.454534518221964,0.0
1787570160000,1787570880000,-1,0.0040116975,0.00402620508,opposite_break,-5.619935845113121,0.0
1787570880000,1787571960000,1,0.00402620508,0.00410797824,confirmed_pivot,18.28992195300683,0.0
1787571960000,1787572680000,-1,0.00410797824,0.0040868172000000005,confirmed_pivot,3.1563566802144054,0.0
1787572680000,1787573100000,1,0.0040868172000000005,0.0040571884,opposite_break,-9.242597295519008,0.0
1787573100000,1787574000000,-1,0.0040571884,0.00405371058,confirmed_pivot,-1.1419432679043973,0.0
1787574000000,1787574600000,1,0.00405371058,0.00406578668,confirmed_pivot,0.9760447032210726,0.0
1787574600000,1787575620000,-1,0.00406578668,0.0040993196999999995,opposite_break,-10.255856900982216,0.0
1787575620000,1787578020000,1,0.0040993196999999995,0.004151169600000001,confirmed_pivot,10.635767368912763,0.0
1787578020000,1787580720000,-1,0.004151169600000001,0.0041033205,opposite_break,9.538181697033155,0.0
1787580720000,1787581200000,1,0.0041033205,0.0040976803,confirmed_pivot,-3.373170777179214,0.0
1787581200000,1787581920000,-1,0.0040976803,0.004147229279999999,opposite_break,-14.104050425798105,0.0
1787581920000,1787582580000,1,0.004147229279999999,0.00414647054,confirmed_pivot,-2.182768110664876,0.0
1787582580000,1787583240000,-1,0.00414647054,0.00412722528,confirmed_pivot,2.6460007551386173,0.0
1787583240000,1787583960000,1,0.00412722528,0.0041316735,confirmed_pivot,-0.9233028297402186,0.0
1787583960000,1787584080000,-1,0.0041316735,0.0041639326200000005,opposite_break,-9.815568950450743,0.0
1787584080000,1787585160000,1,0.0041639326200000005,0.0041621674,confirmed_pivot,-2.4235070403230448,0.0
1787585160000,1787585280000,-1,0.0041621674,0.0042020402400000005,opposite_break,-11.589405952293223,0.0
1787585280000,1787585940000,1,0.0042020402400000005,0.00412757432,opposite_break,-19.70365104357039,0.0
1787585940000,1787586060000,-1,0.00412757432,0.00415012986,confirmed_pivot,-7.470063962409784,0.0
1787586060000,1787586300000,1,0.00415012986,0.00411497684,opposite_break,-10.46187183646333,0.0
1787586300000,1787586420000,-1,0.00411497684,0.0041257249799999994,confirmed_pivot,-4.614568333754972,0.0
1787586420000,1787587020000,1,0.0041257249799999994,0.00409738036,opposite_break,-8.863345355608198,0.0
1787587020000,1787587260000,-1,0.00409738036,0.00409311846,confirmed_pivot,-0.8591564635702826,0.09965098773500249
1787587260000,1787587800000,1,0.00409311846,0.00411647654,confirmed_pivot,3.700964227651692,0.0
1787587800000,1787588280000,-1,0.00411647654,0.00413752734,opposite_break,-7.118904625167447,0.0
1787588280000,1787589240000,1,0.00413752734,0.0041584681400000005,confirmed_pivot,3.056125913116218,0.0
1787589240000,1787591040000,-1,0.0041584681400000005,0.00404990982,confirmed_pivot,24.13146828630034,0.0
1787591040000,1787592060000,1,0.00404990982,0.0040207956800000005,opposite_break,-9.181647778023773,0.0
1787592060000,1787593020000,-1,0.0040207956800000005,0.00396719328,confirmed_pivot,11.344622972734793,0.0
1787593020000,1787593920000,1,0.00396719328,0.00397890406,confirmed_pivot,0.948953679413421,0.0
1787593920000,1787594460000,-1,0.00397890406,0.00401120208,opposite_break,-10.125432916319166,0.0
1787594460000,1787595900000,1,0.00401120208,0.0040181962,confirmed_pivot,-0.2580967648480732,0.0
1787595900000,1787596260000,-1,0.0040181962,0.00405501084,opposite_break,-11.171143668892933,0.0
1787596260000,1787597580000,1,0.00405501084,0.0040099978400000005,opposite_break,-13.089486261397797,0.0
1787597580000,1787598540000,-1,0.0040099978400000005,0.00400370058,confirmed_pivot,-0.4280397367993539,0.0
1787598540000,1787599860000,1,0.00400370058,0.00401059772,confirmed_pivot,-0.2790314304672752,0.0
1787599860000,1787600280000,-1,0.00401059772,0.0040263051000000005,opposite_break,-5.92038505921268,0.0
1787600280000,1787600460000,1,0.0040263051000000005,0.00402199544,confirmed_pivot,-3.06930553772491,0.0
1787600460000,1787600700000,-1,0.00402199544,0.00401790342,confirmed_pivot,-0.9815721869638423,0.0
1787600700000,1787601180000,1,0.00401790342,0.0039879022600000005,opposite_break,-9.45940250599636,0.0
1787601180000,1787602020000,-1,0.0039879022600000005,0.00400310046,confirmed_pivot,-5.8148874290613435,0.0
1787602020000,1787604120000,1,0.00400310046,0.0040266945,confirmed_pivot,3.888047576003099,0.0
1787604120000,1787605260000,-1,0.0040266945,0.0040380074400000006,opposite_break,-4.812295032563529,0.0
1787605260000,1787605680000,1,0.0040380074400000006,0.00402829418,confirmed_pivot,-4.403053209827774,0.0
1787605680000,1787607600000,-1,0.00402829418,0.0040272052800000005,confirmed_pivot,-1.7294167577404547,0.0
1787607600000,1787608860000,1,0.0040272052800000005,0.00402189546,confirmed_pivot,-3.31716905675104,0.0
1787608860000,1787610660000,-1,0.00402189546,0.00402960576,confirmed_pivot,-3.918998237711492,0.0
1787610660000,1787611920000,1,0.00402960576,0.00402059572,opposite_break,-4.233724710578166,0.0
1787611920000,1787611980000,-1,0.00402059572,0.0040268052,confirmed_pivot,-3.545962318240714,0.0
1787611980000,1787612400000,1,0.0040268052,0.00401429698,opposite_break,-5.1031329203606886,0.0
1787612400000,1787613660000,-1,0.00401429698,0.0040196037600000005,confirmed_pivot,-3.323291925452016,0.0
1787613660000,1787614140000,1,0.0040196037600000005,0.004029194,confirmed_pivot,0.3834811419320927,0.0
1787614140000,1787614860000,-1,0.004029194,0.00403790742,opposite_break,-4.164734043583041,0.0
1787614860000,1787616180000,1,0.00403790742,0.00403909202,confirmed_pivot,-1.807159917500098,-0.10023632488334762
1787616180000,1787618220000,-1,0.00403909202,0.00404590902,opposite_break,-3.689443312064009,0.0
1787618220000,1787620320000,1,0.00404590902,0.0040901818,opposite_break,8.931661340224615,0.0
1787620320000,1787620680000,-1,0.0040901818,0.00409921968,confirmed_pivot,-4.211862044860668,0.0
1787620680000,1787621400000,1,0.00409921968,0.00409678048,confirmed_pivot,-2.594445038378617,0.0
1787621400000,1787621880000,-1,0.00409678048,0.00409771938,confirmed_pivot,-2.2294091432498915,0.0
1787621880000,1787622120000,1,0.00409771938,0.00410957792,confirmed_pivot,0.8910426413827421,0.0
1787622120000,1787622900000,-1,0.00410957792,0.0040973193,confirmed_pivot,0.9859218778361449,0.0
1787622900000,1787624580000,1,0.0040973193,0.0041667664799999995,confirmed_pivot,14.932469192723042,0.0
1787624580000,1787625480000,-1,0.0041667664799999995,0.0041970392399999995,opposite_break,-9.272553646922884,0.0
1787625480000,1787627880000,1,0.0041970392399999995,0.0042337530799999995,confirmed_pivot,6.7388094470138835,0.0
1787627880000,1787628540000,-1,0.0042337530799999995,0.0042693537,opposite_break,-10.417170285235517,0.0
1787628540000,1787628900000,1,0.0042693537,0.00428994184,confirmed_pivot,2.8174860424425625,0.0
1787628900000,1787629980000,-1,0.00428994184,0.0042243446999999995,confirmed_pivot,13.306206841256587,0.0
1787629980000,1787632020000,1,0.0042243446999999995,0.0042028592600000005,confirmed_pivot,-7.081013999638577,0.0
1787632020000,1787634180000,-1,0.0042028592600000005,0.00419913966,opposite_break,-1.1140984340264768,0.0
1787634180000,1787635200000,1,0.00419913966,0.00424275128,confirmed_pivot,8.375460667578736,0.0
1787635200000,1787635560000,-1,0.00424275128,0.0042523503,opposite_break,-4.264714188006753,0.0
1787635560000,1787635860000,1,0.0042523503,0.004246650500000001,confirmed_pivot,-3.3390477731806434,0.0
1787635860000,1787636760000,-1,0.004246650500000001,0.0042351468599999996,confirmed_pivot,0.7115826084584294,0.0
1787636760000,1787637120000,1,0.0042351468599999996,0.00423335316,confirmed_pivot,-2.4231036984629473,0.0
1787637120000,1787638500000,-1,0.00423335316,0.0041983394999999995,confirmed_pivot,6.279175475168807,0.0
1787638500000,1787638620000,1,0.0041983394999999995,0.004194560920000001,opposite_break,-2.899117715467946,0.0
1787638620000,1787639340000,-1,0.004194560920000001,0.00419493882,confirmed_pivot,-2.0901829553113735,0.0
1787639340000,1787639580000,1,0.00419493882,0.0041831632,confirmed_pivot,-4.804294623777036,0.0
1787639580000,1787641200000,-1,0.0041831632,0.0041405279399999995,confirmed_pivot,8.202302233869519,0.0
1787641200000,1787641680000,1,0.0041405279399999995,0.00416026778,confirmed_pivot,2.7627018693660848,0.0
1787641680000,1787642940000,-1,0.00416026778,0.0041753349,opposite_break,-5.625292389231751,0.0
1787642940000,1787643060000,1,0.0041753349,0.00416226738,confirmed_pivot,-5.126564166146276,0.0
1787643060000,1787643720000,-1,0.00416226738,0.00415363056,confirmed_pivot,0.07710270165306543,0.0
1787643720000,1787644140000,1,0.00415363056,0.004114177,opposite_break,-11.489073684010924,0.0
1787644140000,1787644980000,-1,0.004114177,0.004066013039999999,confirmed_pivot,9.817256272639916,0.098722053037582
1787644980000,1787645160000,1,0.004066013039999999,0.004055688700000001,opposite_break,-4.536641067928933,0.0
1787645160000,1787645880000,-1,0.004055688700000001,0.0040854169199999995,opposite_break,-9.337335387698472,0.0
1787645880000,1787646840000,1,0.0040854169199999995,0.0040936811000000005,confirmed_pivot,0.020825776577297228,0.0
1787646840000,1787646960000,-1,0.0040936811000000005,0.00410011986,opposite_break,-3.5744261955333227,0.0
1787646960000,1787647080000,1,0.00410011986,0.00409378108,confirmed_pivot,-3.544452707780153,0.0
1787647080000,1787647440000,-1,0.00409378108,0.004088817599999999,confirmed_pivot,-0.7863436312522909,0.0
1787647440000,1787647800000,1,0.004088817599999999,0.00407488486,opposite_break,-5.404115473382607,0.0
1787647800000,1787648280000,-1,0.00407488486,0.004070113859999999,confirmed_pivot,-0.8279985412886889,0.0
1787648280000,1787648760000,1,0.004070113859999999,0.0040611876,opposite_break,-4.1909297987057315,0.0
1787648760000,1787649240000,-1,0.0040611876,0.00407741532,confirmed_pivot,-5.999802353380439,0.0
1787649240000,1787650020000,1,0.00407741532,0.00408598264,confirmed_pivot,0.09906325657318105,0.0
1787650020000,1787652300000,-1,0.00408598264,0.00403670718,confirmed_pivot,10.071694817577693,0.0
1787652300000,1787653140000,1,0.00403670718,0.00402789426,opposite_break,-4.181012069347124,0.0
1787653140000,1787653260000,-1,0.00402789426,0.0040423083,confirmed_pivot,-5.582133270797588,0.0
1787653260000,1787654940000,1,0.0040423083,0.00403849214,confirmed_pivot,-2.9431106083621734,0.0
1787654940000,1787658420000,-1,0.00403849214,0.00404690922,confirmed_pivot,-4.086297753695936,0.0
1787658420000,1787658840000,1,0.00404690922,0.00403399304,opposite_break,-5.188424330407915,0.0
1787658840000,1787660940000,-1,0.00403399304,0.003989897819999999,confirmed_pivot,8.94184218523117,0.0
1787660940000,1787663280000,1,0.003989897819999999,0.00401889606,confirmed_pivot,5.260647532071505,0.0
1787663280000,1787664960000,-1,0.00401889606,0.00400640112,opposite_break,1.1121568593141866,0.0
1787664960000,1787665860000,1,0.00400640112,0.0039337131,opposite_break,-20.124828194936295,0.0
1787665860000,1787667060000,-1,0.0039337131,0.00398169618,opposite_break,-14.210108327422315,0.0
1787667060000,1787668500000,1,0.00398169618,0.00398340316,confirmed_pivot,-1.571721963979638,0.0
1787668500000,1787669100000,-1,0.00398340316,0.0039582915,confirmed_pivot,4.310375990162233,0.0
1787669100000,1787669940000,1,0.0039582915,0.00397040576,confirmed_pivot,1.0574164990123638,0.0
1787669940000,1787670420000,-1,0.00397040576,0.003962892419999999,confirmed_pivot,-0.10577210627433842,0.0
1787670420000,1787670840000,1,0.003962892419999999,0.00394930998,opposite_break,-5.42397827695735,0.0
1787670840000,1787670960000,-1,0.00394930998,0.00395699124,confirmed_pivot,-3.946907510156916,0.0
1787670960000,1787672400000,1,0.00395699124,0.003971105620000001,confirmed_pivot,1.5633805497130817,0.0
1787672400000,1787673540000,-1,0.003971105620000001,0.00399149814,opposite_break,-7.14036000885792,0.0
1787673540000,1787673780000,1,0.00399149814,0.0039840030400000006,confirmed_pivot,-3.97590469126445,-0.10001633121141829
1787673780000,1787675160000,-1,0.0039840030400000006,0.00395199024,confirmed_pivot,6.043370569315831,0.0
1787675160000,1787675460000,1,0.00395199024,0.003945010840000001,opposite_break,-3.7642808247418924,0.0
1787675460000,1787675580000,-1,0.003945010840000001,0.0039599918400000005,confirmed_pivot,-5.801252165887546,0.0
1787675580000,1787677020000,1,0.0039599918400000005,0.00395910802,opposite_break,-2.222964141259525,0.0
1787677020000,1787677980000,-1,0.00395910802,0.00393218628,confirmed_pivot,4.806750814543467,0.0
1787677980000,1787678640000,1,0.00393218628,0.00392201544,opposite_break,-4.583974521166267,0.0
1787678640000,1787679060000,-1,0.00392201544,0.00392388462,confirmed_pivot,-2.477063185656397,0.0
1787679060000,1787679360000,1,0.00392388462,0.00392791426,confirmed_pivot,-0.9740752468914193,0.0
1787679360000,1787679960000,-1,0.00392791426,0.0039402879000000005,opposite_break,-5.153330958909593,0.0
1787679960000,1787680320000,1,0.0039402879000000005,0.00394191146,confirmed_pivot,-1.5883710832399904,0.0
1787680320000,1787680440000,-1,0.00394191146,0.00394448874,opposite_break,-2.6544686013825087,0.0
1787680440000,1787681820000,1,0.00394448874,0.00395560872,confirmed_pivot,0.8162990826537282,0.0
1787681820000,1787682240000,-1,0.00395560872,0.0039677934,opposite_break,-5.083435583082656,0.0
1787682240000,1787682420000,1,0.0039677934,0.0039658066799999996,confirmed_pivot,-2.5002108426311764,0.0
1787682420000,1787684220000,-1,0.0039658066799999996,0.00396349254,confirmed_pivot,-1.4158933284162938,0.0
1787684220000,1787684640000,1,0.00396349254,0.0039678062800000006,confirmed_pivot,-0.9127199770129442,0.0
1787684640000,1787685000000,-1,0.0039678062800000006,0.0039632925,confirmed_pivot,-0.8612614978772066,0.0
1787685000000,1787686080000,1,0.0039632925,0.0039437111,opposite_break,-6.93574940532387,0.0
1787686080000,1787686560000,-1,0.0039437111,0.003937887419999999,confirmed_pivot,-0.5218228383917272,0.0
1787686560000,1787687760000,1,0.003937887419999999,0.00393101364,confirmed_pivot,-3.743804605769966,0.0
1787687760000,1787688840000,-1,0.00393101364,0.0039047808,confirmed_pivot,4.67997500003583,0.0
1787688840000,1787689260000,1,0.0039047808,0.00390651854,confirmed_pivot,-1.5554162067176733,0.0
1787689260000,1787690040000,-1,0.00390651854,0.00389247834,confirmed_pivot,1.5976381671031197,0.0
1787690040000,1787690340000,1,0.00389247834,0.0038767245,opposite_break,-6.04320455640608,0.0
1787690340000,1787691060000,-1,0.0038767245,0.0038457689999999998,confirmed_pivot,5.992947525675404,0.0
1787691060000,1787691180000,1,0.0038457689999999998,0.00383643256,opposite_break,-4.425289600077372,0.0
1787691180000,1787692320000,-1,0.00383643256,0.0037971592800000002,confirmed_pivot,8.247163912090135,0.0
1787692320000,1787694240000,1,0.0037971592800000002,0.00383503284,confirmed_pivot,7.964208412136935,0.0
1787694240000,1787695020000,-1,0.00383503284,0.00381606306,confirmed_pivot,2.9513917017722617,0.0
1787695020000,1787696280000,1,0.00381606306,0.00385692846,confirmed_pivot,8.69807651449027,0.0
1787696280000,1787697060000,-1,0.00385692846,0.00383706726,confirmed_pivot,3.1546357175626722,0.0
1787697060000,1787697420000,1,0.00383706726,0.00384952994,confirmed_pivot,1.2447221996312612,0.0
1787697420000,1787698020000,-1,0.00384952994,0.0038577714,opposite_break,-4.143041251420914,0.0
1787698020000,1787698200000,1,0.0038577714,0.0038548288799999998,confirmed_pivot,-2.761988509739127,0.0
1787698200000,1787698920000,-1,0.0038548288799999998,0.00386157216,confirmed_pivot,-3.7510565293887206,0.0
1787698920000,1787699220000,1,0.00386157216,0.0038589280600000004,confirmed_pivot,-2.684036395165952,0.0
1787699220000,1787701620000,-1,0.0038589280600000004,0.0038232645,confirmed_pivot,7.2510725789483566,0.0
1787701620000,1787702160000,1,0.0038232645,0.0038140370400000004,opposite_break,-4.411089408017564,0.0
1787702160000,1787703120000,-1,0.0038140370400000004,0.00382256436,confirmed_pivot,-4.137841671301523,0.10016683005259958
1787703120000,1787704800000,1,0.00382256436,0.00381383708,opposite_break,-4.2808125381046,0.0
1787704800000,1787704980000,-1,0.00381383708,0.00381836352,confirmed_pivot,-3.1880335591052305,0.0
1787704980000,1787706480000,1,0.00381836352,0.0038481302200000004,confirmed_pivot,5.787873821924718,0.0
1787706480000,1787707020000,-1,0.0038481302200000004,0.00384246834,confirmed_pivot,-0.5271959221794456,0.0
1787707020000,1787707620000,1,0.00384246834,0.00383333318,opposite_break,-4.375042298982158,0.0
1787707620000,1787707860000,-1,0.00383333318,0.0038365671599999997,confirmed_pivot,-2.8444906372577843,0.0
1787707860000,1787708280000,1,0.0038365671599999997,0.00384952994,confirmed_pivot,1.375365705835942,0.0
1787708280000,1787708400000,-1,0.00384952994,0.00385467078,opposite_break,-3.336781612354454,0.0
1787708400000,1787708640000,1,0.00385467078,0.00385112962,confirmed_pivot,-2.9177486332568012,0.0
1787708640000,1787708940000,-1,0.00385112962,0.00385797144,opposite_break,-3.7783514178366735,0.0
1787708940000,1787709060000,1,0.00385797144,0.0038536291200000003,confirmed_pivot,-3.124419334737131,0.0
1787709060000,1787709540000,-1,0.0038536291200000003,0.0038549708399999998,confirmed_pivot,-2.3485186763378723,0.0
1787709540000,1787711460000,1,0.0038549708399999998,0.0038726253200000002,confirmed_pivot,2.5750866224452285,0.0
1787711460000,1787712240000,-1,0.0038726253200000002,0.0038780754600000003,opposite_break,-3.408757545385267,0.0
1787712240000,1787713440000,1,0.0038780754600000003,0.0038689260599999997,confirmed_pivot,-4.356903751429461,0.0
1787713440000,1787714160000,-1,0.0038689260599999997,0.0038593717199999996,confirmed_pivot,0.4719765101946929,0.0
1787714160000,1787715120000,1,0.0038593717199999996,0.0038532291999999998,opposite_break,-3.5899938967267633,0.0
1787715120000,1787715360000,-1,0.0038532291999999998,0.00385747134,confirmed_pivot,-3.102032067025781,0.0
1787715360000,1787716200000,1,0.00385747134,0.00384803024,opposite_break,-4.445036675243276,0.0
1787716200000,1787716380000,-1,0.00384803024,0.0038506699799999997,confirmed_pivot,-2.686683725229683,0.0
1787716380000,1787717520000,1,0.0038506699799999997,0.00384803024,confirmed_pivot,-2.6848419297671606,0.0
1787717520000,1787717820000,-1,0.00384803024,0.00384816948,confirmed_pivot,-2.036220931569404,0.0
1787717820000,1787718840000,1,0.00384816948,0.00385012982,confirmed_pivot,-1.4910879912700694,0.0
1787718840000,1787719020000,-1,0.00385012982,0.0038524703399999997,confirmed_pivot,-2.608514681200967,0.0
1787719020000,1787719500000,1,0.0038524703399999997,0.00385292926,confirmed_pivot,-1.880995558813236,0.0
1787719500000,1787720580000,-1,0.00385292926,0.0038354669399999998,confirmed_pivot,2.5367514274062297,0.0
1787720580000,1787720700000,1,0.0038354669399999998,0.00382643456,opposite_break,-4.352607325563271,0.0
1787720700000,1787721720000,-1,0.00382643456,0.00381986382,confirmed_pivot,-0.2810863123711457,0.0
1787721720000,1787722080000,1,0.00381986382,0.00382643456,confirmed_pivot,-0.28156982308335476,0.0
1787722080000,1787722260000,-1,0.00382643456,0.0038432685,opposite_break,-6.403779465132183,0.0
1787722260000,1787722560000,1,0.0038432685,0.0038476303200000003,confirmed_pivot,-0.8662103155165382,0.0
1787722560000,1787723400000,-1,0.0038476303200000003,0.00385107006,opposite_break,-2.894883201772797,0.0
1787723400000,1787723520000,1,0.00385107006,0.00384343116,confirmed_pivot,-3.9815949803832504,0.0
1787723520000,1787723760000,-1,0.00384343116,0.00384646914,confirmed_pivot,-2.7912247815569025,0.0
1787723760000,1787724180000,1,0.00384646914,0.00384613062,confirmed_pivot,-2.0879199774367594,0.0
1787724180000,1787724360000,-1,0.00384613062,0.0038582714999999997,opposite_break,-5.159804510227437,0.0
1787724360000,1787724660000,1,0.0038582714999999997,0.00386082768,confirmed_pivot,-1.3381430466983741,0.0
1787724660000,1787726460000,-1,0.00386082768,0.00382496484,confirmed_pivot,7.298188320075537,0.0
1787726460000,1787726700000,1,0.00382496484,0.00382893406,confirmed_pivot,-0.963323600119588,0.0
1787726700000,1787727960000,-1,0.00382893406,0.0038442687,opposite_break,-6.008942018708911,0.0
1787727960000,1787728140000,1,0.0038442687,0.00383593266,confirmed_pivot,-4.166264798295626,0.0
1787728140000,1787729220000,-1,0.00383593266,0.0038307659999999998,confirmed_pivot,-0.6517420616032339,0.0
1787729220000,1787729400000,1,0.0038307659999999998,0.0038182362,opposite_break,-5.267563249752055,0.0
1787729400000,1787729940000,-1,0.0038182362,0.00381886362,confirmed_pivot,-2.16448626724561,0.0
1787729940000,1787730960000,1,0.00381886362,0.00380743836,opposite_break,-4.988803967814924,0.0
1787730960000,1787731500000,-1,0.00380743836,0.00381336252,confirmed_pivot,-3.457369400459533,0.10013031438807063
1787731500000,1787732340000,1,0.00381336252,0.003814237,confirmed_pivot,-1.7709093967808975,0.0
1787732340000,1787732760000,-1,0.003814237,0.0038137626,confirmed_pivot,-1.875499503570436,0.0
1787732760000,1787734380000,1,0.0038137626,0.00381243736,opposite_break,-2.347141366376566,0.0
1787734380000,1787735520000,-1,0.00381243736,0.0038082615,confirmed_pivot,-0.9035791371009022,0.0
1787735520000,1787735700000,1,0.0038082615,0.00379894006,opposite_break,-4.44524136801006,0.0
1787735700000,1787736420000,-1,0.00379894006,0.0037792557000000003,confirmed_pivot,3.1867215720165145,0.0
1787736420000,1787736600000,1,0.0037792557000000003,0.0037747449000000003,opposite_break,-3.1923747842729835,0.0
1787736600000,1787736720000,-1,0.0037747449000000003,0.00378105606,confirmed_pivot,-3.6736153905392452,0.0
1787736720000,1787738100000,1,0.00378105606,0.00376694646,opposite_break,-5.727924203271339,0.0
1787738100000,1787738160000,-1,0.00376694646,0.00377215428,confirmed_pivot,-3.383886889647985,0.0
1787738160000,1787738640000,1,0.00377215428,0.00376314722,opposite_break,-4.385388367519229,0.0
1787738640000,1787739240000,-1,0.00376314722,0.0037650528599999997,confirmed_pivot,-2.5069016778991635,0.0
1787739240000,1787741580000,1,0.0037650528599999997,0.0038205357400000004,confirmed_pivot,12.721545534954519,0.0
1787741580000,1787743020000,-1,0.0038205357400000004,0.00381606306,confirmed_pivot,-0.8281348521031046,0.0
1787743020000,1787743140000,1,0.00381606306,0.00380783828,confirmed_pivot,-4.153149749050462,0.0
1787743140000,1787744160000,-1,0.00380783828,0.0037971592800000002,confirmed_pivot,0.8072828239963972,0.0
1787744160000,1787744280000,1,0.0037971592800000002,0.00377844416,opposite_break,-6.923787363484069,0.0
1787744280000,1787745060000,-1,0.00377844416,0.0037802558999999996,confirmed_pivot,-2.479973148524615,0.0
1787745060000,1787745840000,1,0.0037802558999999996,0.00378434298,confirmed_pivot,-0.9199162628116291,0.0
1787745840000,1787746920000,-1,0.00378434298,0.00380206026,opposite_break,-6.68641383028136,0.0
1787746920000,1787747460000,1,0.00380206026,0.00378754234,confirmed_pivot,-5.8146165731734465,0.0
1787747460000,1787748480000,-1,0.00378754234,0.0037780554599999997,confirmed_pivot,0.5072635570855015,0.0
1787748480000,1787749140000,1,0.0037780554599999997,0.00377764432,confirmed_pivot,-2.108714354341298,0.0
1787749140000,1787751480000,-1,0.00377764432,0.0037651528800000003,opposite_break,1.309981136604165,0.0
1787751480000,1787752020000,1,0.0037651528800000003,0.0037580482400000003,confirmed_pivot,-3.8850590098747886,0.0
1787752020000,1787752560000,-1,0.0037580482400000003,0.0037426483799999997,confirmed_pivot,2.101932406274968,0.0
1787752560000,1787754240000,1,0.0037426483799999997,0.0037392519999999998,opposite_break,-2.906572906536283,0.0
1787754240000,1787756460000,-1,0.0037392519999999998,0.00368643714,confirmed_pivot,12.138569655107382,0.0
1787756460000,1787756640000,1,0.00368643714,0.00366816622,opposite_break,-6.95129806553548,0.0
1787756640000,1787756760000,-1,0.00366816622,0.00368403666,confirmed_pivot,-6.330858932559451,0.0
1787756760000,1787758260000,1,0.00368403666,0.00369945996,confirmed_pivot,2.182335335392723,0.0
1787758260000,1787759820000,-1,0.00369945996,0.00370304046,confirmed_pivot,-2.9688118100350316,0.0
1787759820000,1787760120000,1,0.00370304046,0.0036919614600000004,opposite_break,-5.088721045191967,-0.09984714020651021
1787760120000,1787760300000,-1,0.0036919614600000004,0.00370354056,confirmed_pivot,-5.13943664514836,0.0
1787760300000,1787760660000,1,0.00370354056,0.00370365912,confirmed_pivot,-1.9680194024929836,0.0
1787760660000,1787761200000,-1,0.00370365912,0.00368713728,confirmed_pivot,2.465411449636963,0.0
1787761200000,1787761500000,1,0.00368713728,0.00367486488,opposite_break,-5.325107439449594,0.0
1787761500000,1787761800000,-1,0.00367486488,0.00367753536,confirmed_pivot,-2.727414630820387,0.0
1787761800000,1787762640000,1,0.00367753536,0.00365956794,opposite_break,-6.880837523748477,0.0
1787762640000,1787762760000,-1,0.00365956794,0.0036692337,confirmed_pivot,-4.643871057630876,0.0
1787762760000,1787763300000,1,0.0036692337,0.0036592680000000002,opposite_break,-4.713300681828908,0.0
1787763300000,1787763360000,-1,0.0036592680000000002,0.0036660330599999997,confirmed_pivot,-3.850595545338434,0.0
1787763360000,1787764980000,1,0.0036660330599999997,0.00370915802,confirmed_pivot,9.751622076206907,0.0
1787764980000,1787766900000,-1,0.00370915802,0.00370564098,confirmed_pivot,-1.050847383417752,0.0
1787766900000,1787767560000,1,0.00370564098,0.00369606064,opposite_break,-4.582754160927879,0.0
1787767560000,1787767740000,-1,0.00369606064,0.0037031404799999995,confirmed_pivot,-3.9174252076122205,0.0
1787767740000,1787768040000,1,0.0037031404799999995,0.00369806024,confirmed_pivot,-3.3705015479185017,0.0
1787768040000,1787768280000,-1,0.00369806024,0.00370063998,confirmed_pivot,-2.698290339369926,0.0
1787768280000,1787768820000,1,0.00370063998,0.00370505884,confirmed_pivot,-0.8071141305672243,0.0
1787768820000,1787770020000,-1,0.00370505884,0.00371634312,opposite_break,-5.048686881312806,0.0
1787770020000,1787770320000,1,0.00371634312,0.00371185748,confirmed_pivot,-3.2057967241732683,0.0
1787770320000,1787770500000,-1,0.00371185748,0.0037198438199999998,opposite_break,-4.153726640388062,0.0
1787770500000,1787771040000,1,0.0037198438199999998,0.0037177563,confirmed_pivot,-2.560623666183831,0.0
1787771040000,1787771940000,-1,0.0037177563,0.00371134212,confirmed_pivot,-0.272992186174143,0.0
1787771940000,1787772600000,1,0.00371134212,0.0037336531200000004,confirmed_pivot,4.005560328132873,0.0
1787772600000,1787772780000,-1,0.0037336531200000004,0.0037334465399999997,opposite_break,-1.9446154815794163,0.0
1787772780000,1787772900000,1,0.0037334465399999997,0.00372685448,confirmed_pivot,-3.763911139330114,0.0
1787772900000,1787773620000,-1,0.00372685448,0.00371804346,confirmed_pivot,0.36656168555311597,0.0
1787773620000,1787774340000,1,0.00371804346,0.00371045776,opposite_break,-4.038199494311531,0.0
1787774340000,1787774940000,-1,0.00371045776,0.0037097418,confirmed_pivot,-1.8068497187258847,0.0
1787774940000,1787775240000,1,0.0037097418,0.00370535878,opposite_break,-3.1803077454069943,0.0
1787775240000,1787775360000,-1,0.00370535878,0.00370734132,confirmed_pivot,-2.53558175006194,0.0
1787775360000,1787775480000,1,0.00370734132,0.0036989600600000005,opposite_break,-4.258459099740891,0.0
1787775480000,1787775900000,-1,0.0036989600600000005,0.00369813948,confirmed_pivot,-1.7779374292566383,0.0
1787775900000,1787776320000,1,0.00369813948,0.00370505884,confirmed_pivot,-0.13083290195423913,0.0
1787776320000,1787776680000,-1,0.00370505884,0.00370514088,confirmed_pivot,-2.022164840977275,0.0
1787776680000,1787777220000,1,0.00370514088,0.0037168564800000004,confirmed_pivot,1.1588230458865718,0.0
1787777220000,1787780220000,-1,0.0037168564800000004,0.00379945974,opposite_break,-24.246181337623096,0.0
1787780220000,1787780520000,1,0.00379945974,0.00379284128,confirmed_pivot,-3.7402057114572287,0.0
1787780520000,1787781120000,-1,0.00379284128,0.00381416268,opposite_break,-7.627106389223876,0.0
1787781120000,1787782020000,1,0.00381416268,0.00384033178,confirmed_pivot,4.854173010785152,0.0
1787782020000,1787782620000,-1,0.00384033178,0.003855771,opposite_break,-6.0243031345588305,0.0
1787782620000,1787783280000,1,0.003855771,0.00386252734,confirmed_pivot,-0.24948534028601155,0.0
1787783280000,1787784180000,-1,0.00386252734,0.00384936972,confirmed_pivot,1.4098859271763438,0.0
1787784180000,1787784600000,1,0.00384936972,0.0038375323399999998,opposite_break,-5.072072437874436,0.0
1787784600000,1787785140000,-1,0.0038375323399999998,0.0038352669,confirmed_pivot,-1.4090719662834243,0.0
1787785140000,1787785320000,1,0.0038352669,0.00382033578,opposite_break,-5.889217952471487,0.0
1787785320000,1787785440000,-1,0.00382033578,0.0038279654399999996,confirmed_pivot,-3.999114763676457,0.0
1787785440000,1787787240000,1,0.0038279654399999996,0.0038375323399999998,confirmed_pivot,0.49671352832282145,0.0
1787787240000,1787787600000,-1,0.0038375323399999998,0.00385217028,opposite_break,-5.818229174845264,0.0
1787787600000,1787788140000,1,0.00385217028,0.0038617275000000003,confirmed_pivot,0.4785152488119768,0.0
1787788140000,1787788680000,-1,0.0038617275000000003,0.00386517288,opposite_break,-2.8930783904352926,0.0
1787788680000,1787788740000,1,0.00386517288,0.0038574283600000003,confirmed_pivot,-4.001663501271313,0.0
1787788740000,1787790600000,-1,0.0038574283600000003,0.00383946774,confirmed_pivot,2.7607356264680307,0.09996711902641789
1787790600000,1787791020000,1,0.00383946774,0.00383203344,opposite_break,-3.934347728104697,0.0
1787791020000,1787791440000,-1,0.00383203344,0.0038377674,confirmed_pivot,-3.4978193822859804,0.0
1787791440000,1787792100000,1,0.0038377674,0.0038221354200000004,opposite_break,-6.06912311048331,0.0
1787792100000,1787792160000,-1,0.0038221354200000004,0.00382666518,confirmed_pivot,-3.1863236808076367,0.0
1787792160000,1787794320000,1,0.00382666518,0.0038449308600000003,confirmed_pivot,2.768489915284479,0.0
1787794320000,1787795280000,-1,0.0038449308600000003,0.0038365671599999997,confirmed_pivot,0.17742893301353657,0.0
1787795280000,1787795640000,1,0.0038365671599999997,0.0038437311,confirmed_pivot,-0.1345886148907447,0.0
1787795640000,1787796480000,-1,0.0038437311,0.0038512701,opposite_break,-3.963336873383256,0.0
1787796480000,1787797560000,1,0.0038512701,0.00383063372,opposite_break,-7.352972677766712,0.0
1787797560000,1787797980000,-1,0.00383063372,0.00383556696,confirmed_pivot,-3.2891269698319894,0.0
1787797980000,1787798700000,1,0.00383556696,0.00382643456,opposite_break,-4.37859687893441,0.0
1787798700000,1787798820000,-1,0.00382643456,0.0038306659799999996,confirmed_pivot,-3.106944690568434,0.0
1787798820000,1787799000000,1,0.0038306659799999996,0.00382513482,opposite_break,-3.442472110293309,0.0
1787799000000,1787799120000,-1,0.00382513482,0.00383136612,confirmed_pivot,-3.630669660945408,0.0
1787799120000,1787800380000,1,0.00383136612,0.0038157367,opposite_break,-6.075254123717138,0.0
1787800380000,1787800740000,-1,0.0038157367,0.0038036605800000002,confirmed_pivot,1.1679848664609667,0.0
1787800740000,1787801460000,1,0.0038036605800000002,0.0038137371000000002,confirmed_pivot,0.6465146582558667,0.0
1787801460000,1787803020000,-1,0.0038137371000000002,0.0038022603,confirmed_pivot,1.0123410446934376,0.0
1787803020000,1787804280000,1,0.0038022603,0.0038057387,confirmed_pivot,-1.0860905551363653,0.0
1787804280000,1787804640000,-1,0.0038057387,0.0038072613,confirmed_pivot,-2.400480096019116,0.0
1787804640000,1787805000000,1,0.0038072613,0.0037980402400000003,opposite_break,-4.41954471052448,0.0
1787805000000,1787805600000,-1,0.0037980402400000003,0.00378745734,confirmed_pivot,0.7891971202496193,0.0
1787805600000,1787806320000,1,0.00378745734,0.00377904404,opposite_break,-4.219136994952974,0.0
1787806320000,1787806500000,-1,0.00377904404,0.0037822563,confirmed_pivot,-2.850869221412962,0.0
1787806500000,1787807100000,1,0.0037822563,0.00378844216,confirmed_pivot,-0.3661408297475335,0.0
1787807100000,1787808060000,-1,0.00378844216,0.0037827564,confirmed_pivot,-0.4976817595124473,0.0
1787808060000,1787808480000,1,0.0037827564,0.0037888420800000003,confirmed_pivot,-0.3928136847511048,0.0
1787808480000,1787808960000,-1,0.0037888420800000003,0.00376855356,confirmed_pivot,3.3601623111196925,0.0
1787808960000,1787809440000,1,0.00376855356,0.00377884408,confirmed_pivot,0.7278979365229268,0.0
1787809440000,1787809680000,-1,0.00377884408,0.00379565898,opposite_break,-6.454196718272602,0.0
1787809680000,1787810100000,1,0.00379565898,0.0037980402400000003,confirmed_pivot,-1.3732633114473456,0.0
1787810100000,1787812560000,-1,0.0037980402400000003,0.00379385862,opposite_break,-0.897904878437949,0.0
1787812560000,1787813400000,1,0.00379385862,0.00379794026,confirmed_pivot,-0.925221319923617,0.0
1787813400000,1787815200000,-1,0.00379794026,0.0038100618599999996,opposite_break,-5.194816339738764,0.0
1787815200000,1787815500000,1,0.0038100618599999996,0.00380283928,confirmed_pivot,-3.8937638508577184,0.0
1787815500000,1787816580000,-1,0.00380283928,0.00381786342,opposite_break,-5.954719890239504,0.0
1787816580000,1787816700000,1,0.00381786342,0.00381283728,confirmed_pivot,-3.3151633014676736,0.0
1787816700000,1787817060000,-1,0.00381283728,0.00382136412,opposite_break,-4.238586704124887,0.0
1787817060000,1787818380000,1,0.00382136412,0.00390661852,confirmed_pivot,20.187464459681077,-0.10016449309206368
1787818380000,1787819220000,-1,0.00390661852,0.00390418068,opposite_break,-1.3753478033477884,0.0
1787819220000,1787819640000,1,0.00390418068,0.00394211142,confirmed_pivot,7.70570072592027,0.0
1787819640000,1787820720000,-1,0.00394211142,0.00392618508,confirmed_pivot,2.044093289478819,0.0
1787820720000,1787821260000,1,0.00392618508,0.00392181548,confirmed_pivot,-3.111824916822294,0.0
1787821260000,1787822460000,-1,0.00392181548,0.00393448674,opposite_break,-5.234198886888865,0.0
1787822460000,1787823780000,1,0.00393448674,0.00394711042,confirmed_pivot,1.205260851889554,0.0
1787823780000,1787825280000,-1,0.00394711042,0.00398359656,opposite_break,-11.253003400903069,0.0
1787825280000,1787825400000,1,0.00398359656,0.00397250534,confirmed_pivot,-4.781438484824976,0.0
1787825400000,1787825520000,-1,0.00397250534,0.00398499684,opposite_break,-5.147633654282387,0.0
1787825520000,1787825640000,1,0.00398499684,0.00396900604,confirmed_pivot,-6.0087382352857075,0.0
1787825640000,1787826600000,-1,0.00396900604,0.003955791,confirmed_pivot,1.3328886140973024,0.0
1787826600000,1787827080000,1,0.003955791,0.0039248148799999995,opposite_break,-9.822744902347129,0.0
1787827080000,1787827860000,-1,0.0039248148799999995,0.00392368458,confirmed_pivot,-1.7117239068356018,0.0
1787827860000,1787828820000,1,0.00392368458,0.00394741036,confirmed_pivot,4.040764423525596,0.0
1787828820000,1787831580000,-1,0.00394741036,0.0039168832199999995,confirmed_pivot,5.741193428899074,0.0
1787831580000,1787832840000,1,0.0039168832199999995,0.00392461492,confirmed_pivot,-0.028032017763294448,0.0
1787832840000,1787834400000,-1,0.00392461492,0.00389457876,confirmed_pivot,5.660928975931115,0.0
1787834400000,1787835180000,1,0.00389457876,0.00389882008,confirmed_pivot,-0.9120572618744776,0.0
1787835180000,1787835660000,-1,0.00389882008,0.00389807946,confirmed_pivot,-1.8098500046711399,0.0
1787835660000,1787836200000,1,0.00389807946,0.00390511882,confirmed_pivot,-0.1959524652685729,0.0
1787836200000,1787836620000,-1,0.00390511882,0.00391918368,opposite_break,-5.605248779600368,0.0
1787836620000,1787837400000,1,0.00391918368,0.00393541276,confirmed_pivot,2.1367928231422164,0.0
1787837400000,1787839140000,-1,0.00393541276,0.00393998784,opposite_break,-3.1637038753719615,0.0
1787839140000,1787839260000,1,0.00393998784,0.0039317135000000005,confirmed_pivot,-4.0979926831447955,0.0
1787839260000,1787839440000,-1,0.0039317135000000005,0.00394968978,opposite_break,-6.5766957027767035,0.0
1787839440000,1787839620000,1,0.00394968978,0.003941611520000001,confirmed_pivot,-4.043244454504695,0.0
1787839620000,1787840280000,-1,0.003941611520000001,0.00393538692,confirmed_pivot,-0.41921900004974144,0.0
1787840280000,1787841840000,1,0.00393538692,0.0039960006400000005,confirmed_pivot,13.386824094033619,0.0
1787841840000,1787842620000,-1,0.0039960006400000005,0.00397259436,confirmed_pivot,3.8632839157905474,0.0
1787842620000,1787843280000,1,0.00397259436,0.00396640656,confirmed_pivot,-3.556064284398719,0.0
1787843280000,1787843640000,-1,0.00396640656,0.00399999984,opposite_break,-10.477918935269185,0.0
1787843640000,1787843760000,1,0.00399999984,0.00398310322,confirmed_pivot,-6.2199310137972095,0.0
1787843760000,1787844540000,-1,0.00398310322,0.00399589902,opposite_break,-5.215732832552541,0.0
1787844540000,1787844660000,1,0.00399589902,0.0039887021,confirmed_pivot,-3.799275468177348,0.0
1787844660000,1787845080000,-1,0.0039887021,0.00397789542,confirmed_pivot,0.7120317358371393,0.0
1787845080000,1787845620000,1,0.00397789542,0.00396430698,opposite_break,-5.4125712535698725,0.0
1787845620000,1787847060000,-1,0.00396430698,0.00392498484,confirmed_pivot,8.027811251892487,0.0988470373200009
1787847060000,1787847780000,1,0.00392498484,0.00389702044,opposite_break,-9.117590701318543,0.0
1787847780000,1787848320000,-1,0.00389702044,0.00391348254,confirmed_pivot,-6.228502866153731,0.0
1787848320000,1787849220000,1,0.00391348254,0.00393281328,confirmed_pivot,2.9345842386204195,0.0
1787849220000,1787849400000,-1,0.00393281328,0.0039410880599999995,opposite_break,-4.106139852131357,0.0
1787849400000,1787850180000,1,0.0039410880599999995,0.00391401704,opposite_break,-8.862051435612706,0.0
1787850180000,1787850300000,-1,0.00391401704,0.00392668518,confirmed_pivot,-5.2398448985801656,0.0
1787850300000,1787851320000,1,0.00392668518,0.0039462106,confirmed_pivot,2.967521888271028,0.0
1787851320000,1787852220000,-1,0.0039462106,0.00393358656,confirmed_pivot,1.2022274837536506,0.0
1787852220000,1787852760000,1,0.00393358656,0.00390841816,opposite_break,-8.391935506308021,0.0
1787852760000,1787853360000,-1,0.00390841816,0.0039218842200000005,confirmed_pivot,-5.448844393866188,0.0
1787853360000,1787853720000,1,0.0039218842200000005,0.0039107177,opposite_break,-4.844386232289253,0.0
1787853720000,1787853840000,-1,0.0039107177,0.00391768338,confirmed_pivot,-3.78295806930788,0.0
1787853840000,1787854020000,1,0.00391768338,0.00391041776,opposite_break,-3.8527159231536334,0.0
1787854020000,1787855460000,-1,0.00391041776,0.0038719742399999997,confirmed_pivot,7.8408829648932645,0.0
1787855460000,1787855580000,1,0.0038719742399999997,0.003864227,opposite_break,-3.998849238211796,0.0
1787855580000,1787855760000,-1,0.003864227,0.00386717328,confirmed_pivot,-2.763212482082431,0.0
1787855760000,1787856660000,1,0.00386717328,0.00386862612,confirmed_pivot,-1.6246904250434855,0.0
1787856660000,1787857140000,-1,0.00386862612,0.00388887762,opposite_break,-7.240038936613484,0.0
1787857140000,1787857920000,1,0.00388887762,0.0039022194,confirmed_pivot,1.427322616544556,0.0
1787857920000,1787858340000,-1,0.0039022194,0.00390918168,opposite_break,-3.7859688463442875,0.0
1787858340000,1787858640000,1,0.00390918168,0.00390491886,confirmed_pivot,-3.0893730526232015,0.0
1787858640000,1787859000000,-1,0.00390491886,0.0039204839399999995,opposite_break,-5.990004821764623,0.0
1787859000000,1787859180000,1,0.0039204839399999995,0.00391361712,confirmed_pivot,-3.7497720396221452,0.0
1787859180000,1787863260000,-1,0.00391361712,0.00389897964,confirmed_pivot,1.7438811796693812,0.0
1787863260000,1787863980000,1,0.00389897964,0.00389102164,opposite_break,-4.039005774341451,0.0
1787863980000,1787864160000,-1,0.00389102164,0.0038925783599999997,confirmed_pivot,-2.4004800960190766,0.0
1787864160000,1787864520000,1,0.0038925783599999997,0.00390051974,confirmed_pivot,0.038093491328005324,0.0
1787864520000,1787864700000,-1,0.00390051974,0.00391348254,opposite_break,-5.326675331734094,0.0
1787864700000,1787865240000,1,0.00391348254,0.003904219,confirmed_pivot,-4.364716429781188,0.0
1787865240000,1787865780000,-1,0.003904219,0.0038967792,confirmed_pivot,-0.09251484099637264,0.0
1787865780000,1787866140000,1,0.0038967792,0.0038849228600000003,opposite_break,-5.0395572990124,0.0
1787866140000,1787866380000,-1,0.0038849228600000003,0.0038862771,confirmed_pivot,-2.3489372347536808,0.0
1787866380000,1787866560000,1,0.0038862771,0.00387932398,opposite_break,-3.787357592179939,0.0
1787866560000,1787867100000,-1,0.00387932398,0.00387767538,confirmed_pivot,-1.5746040783115691,0.0
1787867100000,1787867520000,1,0.00387767538,0.00388092366,confirmed_pivot,-1.1631502377075855,0.0
1787867520000,1787868240000,-1,0.00388092366,0.0038977794,opposite_break,-6.3475721807936125,0.0
1787868240000,1787868600000,1,0.0038977794,0.00390081968,confirmed_pivot,-1.2207769069741756,0.0
1787868600000,1787868720000,-1,0.00390081968,0.003914082659999999,opposite_break,-5.403449548839211,0.0
1787868720000,1787869800000,1,0.003914082659999999,0.0039017195000000003,opposite_break,-5.155476752245947,0.0
1787869800000,1787870940000,-1,0.0039017195000000003,0.0038999798399999997,confirmed_pivot,-1.5536840462261403,0.0
1787870940000,1787872200000,1,0.0038999798399999997,0.00389642056,confirmed_pivot,-2.9117279744706366,0.0
1787872200000,1787872680000,-1,0.00389642056,0.00388787742,confirmed_pivot,0.19475362279682984,0.0
1787872680000,1787873160000,1,0.00388787742,0.00389812022,confirmed_pivot,0.631913533940581,0.0
1787873160000,1787873280000,-1,0.00389812022,0.0039037805999999997,opposite_break,-3.4535314613769303,0.0
1787873280000,1787874300000,1,0.0039037805999999997,0.0038902218,opposite_break,-5.469775222511155,0.0
1787874300000,1787874660000,-1,0.0038902218,0.00389057796,confirmed_pivot,-2.0916441730906437,0.0
1787874660000,1787875320000,1,0.00389057796,0.00388752234,confirmed_pivot,-2.8846709705825293,-0.10006662352037794
1787875320000,1787875860000,-1,0.00388752234,0.00386037192,confirmed_pivot,4.990974724533711,0.0
1787875860000,1787877000000,1,0.00386037192,0.0038782242,confirmed_pivot,2.6198729266480214,0.0
1787877000000,1787878680000,-1,0.0038782242,0.0038979794399999997,opposite_break,-7.098981961898872,0.0
1787878680000,1787878800000,1,0.0038979794399999997,0.0038837231,confirmed_pivot,-5.653709281750281,0.0
1787878800000,1787878980000,-1,0.0038837231,0.00389547894,opposite_break,-5.029978074389527,0.0
1787878980000,1787879220000,1,0.00389547894,0.0038936211200000003,confirmed_pivot,-2.4764400497567145,0.0
1787879220000,1787879880000,-1,0.0038936211200000003,0.00390708126,opposite_break,-5.4604291801250815,0.0
1787879880000,1787880900000,1,0.00390708126,0.0039452108,confirmed_pivot,7.749326396144635,0.0
1787880900000,1787882400000,-1,0.0039452108,0.0038820762599999998,confirmed_pivot,14.01883340175381,0.0
1787882400000,1787882940000,1,0.0038820762599999998,0.00386202744,opposite_break,-7.159293594093307,0.0
1787882940000,1787884380000,-1,0.00386202744,0.0038219642399999997,confirmed_pivot,8.383992300168744,0.0
1787884380000,1787885220000,1,0.0038219642399999997,0.00381233738,opposite_break,-4.5163064163048245,0.0
1787885220000,1787885640000,-1,0.00381233738,0.00381756336,confirmed_pivot,-3.3721781307822623,0.0
1787885640000,1787886540000,1,0.00381756336,0.00380553874,opposite_break,-5.146665620763902,0.0
1787886540000,1787886720000,-1,0.00380553874,0.00381136212,confirmed_pivot,-3.5317682405198876,0.0
1787886720000,1787887620000,1,0.00381136212,0.00382783428,confirmed_pivot,2.3175346036131153,0.0
1787887620000,1787888880000,-1,0.00382783428,0.00382436472,confirmed_pivot,-1.092690721187587,0.0
1787888880000,1787889840000,1,0.00382436472,0.00381393706,confirmed_pivot,-4.72391183966363,0.0
1787889840000,1787890320000,-1,0.00381393706,0.0038094617399999997,confirmed_pivot,-0.8254144603004187,0.0
1787890320000,1787890800000,1,0.0038094617399999997,0.0038282342,confirmed_pivot,2.922923189668294,0.0
1787890800000,1787892000000,-1,0.0038282342,0.00380536092,confirmed_pivot,3.98086535040093,0.0
1787892000000,1787892900000,1,0.00380536092,0.00381993586,confirmed_pivot,1.826277024992411,0.0
1787892900000,1787893020000,-1,0.00381993586,0.00382436472,opposite_break,-3.16056630856622,0.0
1787893020000,1787893680000,1,0.00382436472,0.00380983788,opposite_break,-5.794699047427689,0.0
1787893680000,1787893920000,-1,0.00380983788,0.0038137626,confirmed_pivot,-3.031184224563363,0.0
1787893920000,1787896140000,1,0.0038137626,0.00382343516,confirmed_pivot,0.533688761854237,0.0
1787896140000,1787896500000,-1,0.00382343516,0.0038168632199999998,confirmed_pivot,-0.2794236949999519,0.0
1787896500000,1787897160000,1,0.0038168632199999998,0.0038172364000000005,confirmed_pivot,-1.9023263872681537,0.0
1787897160000,1787897580000,-1,0.0038172364000000005,0.0038306659799999996,opposite_break,-5.52166021994318,0.0
1787897580000,1787897760000,1,0.0038306659799999996,0.00382493486,confirmed_pivot,-3.494619711009014,0.0
1787897760000,1787898300000,-1,0.00382493486,0.00381746334,confirmed_pivot,-0.04467480003048474,0.0
1787898300000,1787899080000,1,0.00381746334,0.0038167365000000004,confirmed_pivot,-2.190208286322304,0.0
1787899080000,1787899680000,-1,0.0038167365000000004,0.0038251648799999998,opposite_break,-4.210477034502995,0.0
1787899680000,1787900580000,1,0.0038251648799999998,0.00381613662,opposite_break,-4.357867444396208,0.0
1787900580000,1787901360000,-1,0.00381613662,0.0037878574199999996,confirmed_pivot,5.417836943164912,0.0
1787901360000,1787902800000,1,0.0037878574199999996,0.0037827433,opposite_break,-3.348785160978841,0.0
1787902800000,1787903160000,-1,0.0037827433,0.0037877574,confirmed_pivot,-3.326845017477087,0.0
1787903160000,1787903700000,1,0.0037877574,0.00379094166,confirmed_pivot,-1.1601690910827371,0.0
1787903700000,1787904120000,-1,0.00379094166,0.0037964591399999997,opposite_break,-3.3568706514992472,0.10002264186782554
1787904120000,1787904360000,1,0.0037964591399999997,0.0037907417,confirmed_pivot,-3.5044867729037854,0.0
1787904360000,1787905020000,-1,0.0037907417,0.0037972593,confirmed_pivot,-3.721066249383313,0.0
1787905020000,1787906640000,1,0.0037972593,0.00379314122,confirmed_pivot,-3.0834029480157223,0.0
1787906640000,1787906940000,-1,0.00379314122,0.0037845567599999997,confirmed_pivot,0.2654164349831878,0.0
1787906940000,1787908920000,1,0.0037845567599999997,0.0038110376400000002,confirmed_pivot,4.990091785543879,0.0
1787908920000,1787911860000,-1,0.0038110376400000002,0.00377705526,confirmed_pivot,6.925748206464925,0.0
1787911860000,1787913780000,1,0.00377705526,0.00379344116,confirmed_pivot,2.3339355591001185,0.0
1787913780000,1787914020000,-1,0.00379344116,0.00379665918,opposite_break,-2.8491598746716993,0.0
1787914020000,1787914980000,1,0.00379665918,0.00381333718,confirmed_pivot,2.3884165552094685,0.0
1787914980000,1787915760000,-1,0.00381333718,0.0038212641,opposite_break,-4.080814400996637,0.0
1787915760000,1787916420000,1,0.0038212641,0.00381763632,confirmed_pivot,-2.9484171010320614,0.0
1787916420000,1787921100000,-1,0.00381763632,0.0037942587,confirmed_pivot,4.1297084526899965,0.0
1787921100000,1787921760000,1,0.0037942587,0.0037907417,confirmed_pivot,-2.925999853410037,0.0
1787921760000,1787922180000,-1,0.0037907417,0.00380306046,opposite_break,-5.25294618728569,0.0
1787922180000,1787922420000,1,0.00380306046,0.00380003984,confirmed_pivot,-2.7934660549677326,0.0
1787922420000,1787923680000,-1,0.00380003984,0.00379135812,confirmed_pivot,0.28692384446162156,0.0
1787923680000,1787923800000,1,0.00379135812,0.00377954394,opposite_break,-5.112965181986,0.0
1787923800000,1787924880000,-1,0.00377954394,0.00380156016,opposite_break,-7.830924727918396,0.0
1787924880000,1787925000000,1,0.00380156016,0.00379184148,confirmed_pivot,-4.5539412534247585,0.0
1787925000000,1787925300000,-1,0.00379184148,0.0038103619199999997,opposite_break,-6.8891707466630985,0.0
1787925300000,1787925600000,1,0.0038103619199999997,0.00379664052,confirmed_pivot,-5.59747417379178,0.0
1787925600000,1787926140000,-1,0.00379664052,0.0037596517799999996,confirmed_pivot,7.752234520217485,0.0
1787926140000,1787926260000,1,0.0037596517799999996,0.00374435098,opposite_break,-6.06566886893967,0.0
1787926260000,1787926500000,-1,0.00374435098,0.00374734932,confirmed_pivot,-2.8015643715109455,0.0
1787926500000,1787928420000,1,0.00374734932,0.00380493886,confirmed_pivot,13.352705485166734,0.0
1787928420000,1787928900000,-1,0.00380493886,0.0038182635,opposite_break,-5.505434681281563,0.0
1787928900000,1787929140000,1,0.0038182635,0.0038175363400000002,confirmed_pivot,-2.1902521499628405,0.0
1787929140000,1787930280000,-1,0.0038175363400000002,0.00379195824,confirmed_pivot,4.70685903673679,0.0
1787930280000,1787930580000,1,0.00379195824,0.0038034391600000003,confirmed_pivot,1.0246744173005808,0.0
1787930580000,1787930760000,-1,0.0038034391600000003,0.0038257649999999996,opposite_break,-7.875778446788503,0.0
1787930760000,1787930880000,1,0.0038257649999999996,0.0038107377,confirmed_pivot,-5.9239923779948835,0.0
1787930880000,1787932020000,-1,0.0038107377,0.0037672532999999996,confirmed_pivot,9.42242994053368,0.0
1787932020000,1787933580000,1,0.0037672532999999996,0.0036889620600000003,opposite_break,-22.860263566561702,-0.09899732518649597
1787933580000,1787934480000,-1,0.0036889620600000003,0.0036636325800000003,confirmed_pivot,4.873155393742371,0.0
1787934480000,1787935440000,1,0.0036636325800000003,0.00370245936,confirmed_pivot,8.58729345069847,0.0
1787935440000,1787936580000,-1,0.00370245936,0.00369883962,confirmed_pivot,-1.0213640751481676,0.0
1787936580000,1787937360000,1,0.00369883962,0.00370185948,confirmed_pivot,-1.1843820089717836,0.0
1787937360000,1787937660000,-1,0.00370185948,0.003715743,opposite_break,-5.754168302466256,0.0
1787937660000,1787937780000,1,0.003715743,0.00370485888,confirmed_pivot,-4.92626155253472,0.0
1787937780000,1787938140000,-1,0.00370485888,0.00370394064,confirmed_pivot,-1.7519046555424351,0.0
1787938140000,1787938680000,1,0.00370394064,0.00368536278,opposite_break,-7.010685630210232,0.0
1787938680000,1787939160000,-1,0.00368536278,0.0036917381999999996,confirmed_pivot,-3.731660029409504,0.0
1787939160000,1787939580000,1,0.0036917381999999996,0.00369646056,confirmed_pivot,-0.7221093738444755,0.0
1787939580000,1787940540000,-1,0.00369646056,0.0036874373399999995,confirmed_pivot,0.4434842664736436,0.0
1787940540000,1787941200000,1,0.0036874373399999995,0.00367086568,opposite_break,-6.489591771612173,0.0
1787941200000,1787942100000,-1,0.00367086568,0.0036611320799999998,confirmed_pivot,0.6542332107341653,0.0
1787942100000,1787942220000,1,0.0036611320799999998,0.00364707044,opposite_break,-5.836949351469374,0.0
1787942220000,1787942460000,-1,0.00364707044,0.00365233032,confirmed_pivot,-3.4436627881527926,0.0
1787942460000,1787942700000,1,0.00365233032,0.00364597066,opposite_break,-3.7395196445429986,0.0
1787942700000,1787943120000,-1,0.00364597066,0.00364582902,confirmed_pivot,-1.9611127863546802,0.0
1787943120000,1787943900000,1,0.00364582902,0.0036678662800000003,confirmed_pivot,4.03846823842556,0.0
1787943900000,1787945220000,-1,0.0036678662800000003,0.0036933385199999997,opposite_break,-8.951647168554732,0.0
1787945220000,1787945400000,1,0.0036933385199999997,0.0036867625,confirmed_pivot,-3.7787278215699036,0.0
1787945400000,1787945760000,-1,0.0036867625,0.0036776353799999996,confirmed_pivot,0.47812196201958246,0.0
1787945760000,1787946360000,1,0.0036776353799999996,0.00366956594,opposite_break,-4.191998316048236,0.0
1787946360000,1787947680000,-1,0.00366956594,0.0036747348,confirmed_pivot,-3.409983890356218,0.0
1787947680000,1787949180000,1,0.0036747348,0.00366556674,opposite_break,-4.492395353264712,0.0
1787949180000,1787949480000,-1,0.00366556674,0.0036677334,confirmed_pivot,-2.5916756708677537,0.0
1787949480000,1787950560000,1,0.0036677334,0.00366486688,opposite_break,-2.7807692565658937,0.0
1787950560000,1787950680000,-1,0.00366486688,0.0036678334199999997,confirmed_pivot,-2.8102631383979917,0.0
1787950680000,1787951040000,1,0.0036678334199999997,0.00366286728,opposite_break,-3.352617006254277,0.0
1787951040000,1787951220000,-1,0.00366286728,0.0036673333199999996,confirmed_pivot,-3.2204935910207713,0.0
1787951220000,1787951880000,1,0.0036673333199999996,0.00366936598,confirmed_pivot,-1.4462932155836057,0.0
1787951880000,1787952300000,-1,0.00366936598,0.00366713328,confirmed_pivot,-1.3909212893504233,0.0
1787952300000,1787952900000,1,0.00366713328,0.00367036578,confirmed_pivot,-1.1194027450237956,0.0
1787952900000,1787953860000,-1,0.00367036578,0.00365253036,confirmed_pivot,2.864162454130105,0.0
1787953860000,1787955120000,1,0.00365253036,0.00366066772,confirmed_pivot,0.22564136058267747,0.0
1787955120000,1787956020000,-1,0.00366066772,0.0036698338199999997,opposite_break,-4.506446037117983,0.0
1787956020000,1787957760000,1,0.0036698338199999997,0.00368956194,confirmed_pivot,3.3703772014397355,0.0
1787957760000,1787958660000,-1,0.00368956194,0.0036918382200000002,opposite_break,-2.6175682417192387,0.0
1787958660000,1787958960000,1,0.0036918382200000002,0.003689262,confirmed_pivot,-2.6971171613257248,0.0
1787958960000,1787959680000,-1,0.003689262,0.00369633912,opposite_break,-3.920220662018534,0.0
1787959680000,1787960940000,1,0.00369633912,0.00368916202,opposite_break,-3.9397362274486705,0.0
1787960940000,1787961060000,-1,0.00368916202,0.00369403866,confirmed_pivot,-3.323204731463666,0.0
1787961060000,1787962380000,1,0.00369403866,0.0036962606000000005,confirmed_pivot,-1.4865076724453354,-0.08739961330020297
1787962380000,1787962980000,-1,0.0036962606000000005,0.00370464078,opposite_break,-4.269472065903413,0.0
1787962980000,1787963040000,1,0.00370464078,0.0036977603,confirmed_pivot,-3.8554024339168786,0.0
1787963040000,1787963820000,-1,0.0036977603,0.0036944387399999996,confirmed_pivot,-1.1008390781845692,0.0
1787963820000,1787965080000,1,0.0036944387399999996,0.0036846629200000002,opposite_break,-4.643444611562131,0.0
1787965080000,1787965380000,-1,0.0036846629200000002,0.00368543694,confirmed_pivot,-2.21027541374117,0.0
1787965380000,1787965500000,1,0.00368543694,0.00367906404,opposite_break,-3.7274823049882437,0.0
1787965500000,1787965800000,-1,0.00367906404,0.00368133612,confirmed_pivot,-2.6181876844959437,0.0
1787965800000,1787966640000,1,0.00368133612,0.00367366512,opposite_break,-4.081670553896583,0.0
1787966640000,1787966760000,-1,0.00367366512,0.0036776353799999996,confirmed_pivot,-3.0818161509505444,0.0
1787966760000,1787967960000,1,0.0036776353799999996,0.00367666452,confirmed_pivot,-2.2637262914300864,0.0
1787967960000,1787968320000,-1,0.00367666452,0.0036827364,opposite_break,-3.653115710431967,0.0
1787968320000,1787969700000,1,0.0036827364,0.0036716655200000003,opposite_break,-5.003149810016187,0.0
1787969700000,1787970600000,-1,0.0036716655200000003,0.00366343254,confirmed_pivot,0.24454350079262266,0.0
1787970600000,1787970900000,1,0.00366343254,0.00365846816,opposite_break,-3.3537619611796865,0.0
1787970900000,1787971020000,-1,0.00365846816,0.0036632325,confirmed_pivot,-3.3035795670283834,0.0
1787971020000,1787971380000,1,0.0036632325,0.00366616662,confirmed_pivot,-1.1998362429903198,0.0
1787971380000,1787971680000,-1,0.00366616662,0.00366583302,confirmed_pivot,-1.9089147781287417,0.0
1787971680000,1787972640000,1,0.00366583302,0.00367336518,confirmed_pivot,0.052637913114763624,0.0
1787972640000,1787973660000,-1,0.00367336518,0.00367343454,confirmed_pivot,-2.018900750836859,0.0
1787973660000,1787973840000,1,0.00367343454,0.0036717655,confirmed_pivot,-2.4538997338441724,0.0
1787973840000,1787975940000,-1,0.0036717655,0.00363182622,confirmed_pivot,8.888282293626949,0.0
1787975940000,1787977740000,1,0.00363182622,0.00364647056,confirmed_pivot,2.0281926429839556,0.0
1787977740000,1787979120000,-1,0.00364647056,0.00365293044,opposite_break,-3.7733147090044916,0.0
1787979120000,1787979480000,1,0.00365293044,0.00365036978,confirmed_pivot,-2.7002869017127904,0.0
1787979480000,1787979780000,-1,0.00365036978,0.00365093004,confirmed_pivot,-2.1536338217220203,0.0
1787979780000,1787980560000,1,0.00365093004,0.00365336918,confirmed_pivot,-1.3325807853605924,0.0
1787980560000,1787981760000,-1,0.00365336918,0.00365393064,confirmed_pivot,-2.1538364814256052,0.0
1787981760000,1787982120000,1,0.00365393064,0.00365716842,confirmed_pivot,-1.114777334689627,0.0
1787982120000,1787982300000,-1,0.00365716842,0.00366293244,opposite_break,-3.5776642903417617,0.0
1787982300000,1787982540000,1,0.00366293244,0.0036597679000000003,confirmed_pivot,-2.863072282053753,0.0
1787982540000,1787983080000,-1,0.0036597679000000003,0.00365343054,confirmed_pivot,-0.26663943360992426,0.0
1787983080000,1787983380000,1,0.00365343054,0.0036435711400000003,opposite_break,-4.695970401561209,0.0
1787983380000,1787983800000,-1,0.0036435711400000003,0.00364482882,confirmed_pivot,-2.345523013446533,0.0
1787983800000,1787986440000,1,0.00364482882,0.00362767432,confirmed_pivot,-6.701824515314238,0.0
1787986440000,1787987160000,-1,0.00362767432,0.00363392664,opposite_break,-3.7252299318865028,0.0
1787987160000,1787987280000,1,0.00363392664,0.0036261746200000004,confirmed_pivot,-4.131101903587046,0.0
1787987280000,1787987880000,-1,0.0036261746200000004,0.0036246247800000003,confirmed_pivot,-1.5721690203655698,0.0
1787987880000,1787988240000,1,0.0036246247800000003,0.00362287528,confirmed_pivot,-2.482187979744562,0.0
1787988240000,1787989200000,-1,0.00362287528,0.0036286255799999998,opposite_break,-3.588807191839014,0.0
1787989200000,1787989320000,1,0.0036286255799999998,0.0036240750400000003,confirmed_pivot,-3.252813044436358,0.0
1787989320000,1787989620000,-1,0.0036240750400000003,0.00362562498,confirmed_pivot,-2.428106461062602,0.0
1787989620000,1787989860000,1,0.00362562498,0.0036187761,opposite_break,-3.887131503600856,0.0
1787989860000,1787990760000,-1,0.0036187761,0.00361482282,confirmed_pivot,-0.8064624169481323,0.10000950321297856
1787990760000,1787991720000,1,0.00361482282,0.00361297726,confirmed_pivot,-2.5100428241735555,0.0
1787991720000,1787991900000,-1,0.00361297726,0.00362302446,opposite_break,-4.783645308633931,0.0
1787991900000,1787992140000,1,0.00362302446,0.00361947596,confirmed_pivot,-2.978450887963392,0.0
1787992140000,1787992500000,-1,0.00361947596,0.0036172233,confirmed_pivot,-1.377005764116114,0.0
1787992500000,1787993040000,1,0.0036172233,0.00361167752,opposite_break,-3.531626267031938,0.0
1787993040000,1787993580000,-1,0.00361167752,0.0036089216400000002,confirmed_pivot,-1.2361898689117634,0.0
1787993580000,1787993700000,1,0.0036089216400000002,0.00360357914,opposite_break,-3.4788787434022432,0.0
1787993700000,1787993820000,-1,0.00360357914,0.00361062198,confirmed_pivot,-3.9563557691146434,0.0
1787993820000,1787994240000,1,0.00361062198,0.00361257734,confirmed_pivot,-1.4589838950684166,0.0
1787994240000,1787994360000,-1,0.00361257734,0.00362352456,opposite_break,-5.0333377499400065,0.0
1787994360000,1787995260000,1,0.00362352456,0.00361407704,confirmed_pivot,-4.604666347286951,0.0
1787995260000,1787995740000,-1,0.00361407704,0.0036156229799999997,confirmed_pivot,-2.4281828867709043,0.0
1787995740000,1787996520000,1,0.0036156229799999997,0.00362047576,confirmed_pivot,-0.6591723620474332,0.0
1787996520000,1787997540000,-1,0.00362047576,0.00362792544,opposite_break,-4.059709876361655,0.0
1787997540000,1787997600000,1,0.00362792544,0.00362267532,confirmed_pivot,-3.445693955606761,0.0
1787997600000,1787998620000,-1,0.00362267532,0.00363012588,opposite_break,-4.058702450872667,0.0
1787998620000,1787998920000,1,0.00363012588,0.00362987388,confirmed_pivot,-2.069349661229947,0.0
1787998920000,1787999700000,-1,0.00362987388,0.00363362658,opposite_break,-3.034871409912429,0.0
1787999700000,1787999880000,1,0.00363362658,0.00362957394,confirmed_pivot,-3.1142001718845016,0.0
1787999880000,1788001380000,-1,0.00362957394,0.0036259250399999997,confirmed_pivot,-0.9936700669610642,0.0
1788001380000,1788001620000,1,0.0036259250399999997,0.003624275,opposite_break,-2.454612255304534,0.0
1788001620000,1788001860000,-1,0.003624275,0.0036282255,confirmed_pivot,-3.091101116774995,0.0
1788001860000,1788002340000,1,0.0036282255,0.0036302738,confirmed_pivot,-1.43601859917465,0.0
1788002340000,1788003180000,-1,0.0036302738,0.0036326263799999997,confirmed_pivot,-2.6486928286234463,0.0
1788003180000,1788004680000,1,0.0036326263799999997,0.0036197759000000003,opposite_break,-5.533980150196288,0.0
1788004680000,1788004800000,-1,0.0036197759000000003,0.00362182422,confirmed_pivot,-2.566435154176186,0.0
1788004800000,1788006120000,1,0.00362182422,0.0036322734000000002,confirmed_pivot,0.8821748892054726,0.0
1788006120000,1788006540000,-1,0.0036322734000000002,0.00361712328,confirmed_pivot,2.1751455493411336,0.0
1788006540000,1788006840000,1,0.00361712328,0.00361147756,opposite_break,-3.5592706809816077,0.0
1788006840000,1788007020000,-1,0.00361147756,0.00361432272,confirmed_pivot,-2.7885983264976484,0.0
1788007020000,1788008400000,1,0.00361432272,0.0036148768800000003,confirmed_pivot,-1.8468299919824278,0.0
1788008400000,1788009360000,-1,0.0036148768800000003,0.0036197238,opposite_break,-3.3421665747021376,0.0
1788009360000,1788009600000,1,0.0036197238,0.00361767632,confirmed_pivot,-2.5650797223810455,0.0
1788009600000,1788010500000,-1,0.00361767632,0.00362102406,confirmed_pivot,-2.9263094438476402,0.0
1788010500000,1788010800000,1,0.00362102406,0.00362197546,confirmed_pivot,-1.7375193911304638,0.0
1788010800000,1788011340000,-1,0.00362197546,0.00362512488,opposite_break,-2.8704005465570135,0.0
1788011340000,1788012000000,1,0.00362512488,0.0036263745799999998,confirmed_pivot,-1.6556117812968012,0.0
1788012000000,1788012120000,-1,0.0036263745799999998,0.0036302259,opposite_break,-3.0630924177722565,0.0
1788012120000,1788012660000,1,0.0036302259,0.0036326733200000003,confirmed_pivot,-1.3264957478264567,0.0
1788012660000,1788012840000,-1,0.0036326733200000003,0.00364062798,opposite_break,-4.19194349686243,0.0
1788012840000,1788012960000,1,0.00364062798,0.0036352728,confirmed_pivot,-3.4694785760559927,0.0
1788012960000,1788013500000,-1,0.0036352728,0.00364362858,opposite_break,-4.30082754174602,0.0
1788013500000,1788013740000,1,0.00364362858,0.0036370724400000003,confirmed_pivot,-3.797544320502581,0.0
1788013740000,1788014520000,-1,0.0036370724400000003,0.0036502299,opposite_break,-5.621213950855388,0.0
1788014520000,1788015180000,1,0.0036502299,0.0036678662800000003,confirmed_pivot,2.826749027506553,0.0
1788015180000,1788017040000,-1,0.0036678662800000003,0.00365153016,confirmed_pivot,2.4583021494448882,0.0
1788017040000,1788017400000,1,0.00365153016,0.00364117162,opposite_break,-4.833930162581437,0.0
1788017400000,1788017700000,-1,0.00364117162,0.00363592704,confirmed_pivot,-0.5582045759216316,0.0
1788017700000,1788017940000,1,0.00363592704,0.00363517282,opposite_break,-2.2072279701189865,0.0
1788017940000,1788018060000,-1,0.00363517282,0.0036380274599999997,confirmed_pivot,-2.7860684433703655,0.0
1788018060000,1788018720000,1,0.0036380274599999997,0.00364397106,confirmed_pivot,-0.3678912638003531,0.0
1788018720000,1788019380000,-1,0.00364397106,0.0036505299599999996,opposite_break,-3.701728361146671,0.10000353844742114
1788019380000,1788020220000,1,0.0036505299599999996,0.00365406904,confirmed_pivot,-1.0314992730533752,0.0
1788020220000,1788020880000,-1,0.00365406904,0.0036387276000000002,confirmed_pivot,2.202652241075296,0.0
1788020880000,1788022320000,1,0.0036387276000000002,0.0036419714600000003,confirmed_pivot,-1.1094095254615848,0.0
1788022320000,1788022860000,-1,0.0036419714600000003,0.00363502686,confirmed_pivot,-0.09126878770207292,0.0
1788022860000,1788023640000,1,0.00363502686,0.0036359726600000003,confirmed_pivot,-1.7400695410541485,0.0
1788023640000,1788024660000,-1,0.0036359726600000003,0.00362832552,confirmed_pivot,0.10529282142629093,0.0
1788024660000,1788025740000,1,0.00362832552,0.00363067372,confirmed_pivot,-1.3534615934901724,0.0
1788025740000,1788026280000,-1,0.00363067372,0.00363062598,confirmed_pivot,-1.9868377762131635,0.0
1788026280000,1788028140000,1,0.00363062598,0.00364237138,confirmed_pivot,1.2318544142626813,0.0
1788028140000,1788028740000,-1,0.00364237138,0.0036510300599999997,opposite_break,-4.379586751529938,0.0
1788028740000,1788028980000,1,0.0036510300599999997,0.00364927,confirmed_pivot,-2.4815901022736897,0.0
1788028980000,1788029220000,-1,0.00364927,0.00365253036,opposite_break,-2.8943214286693006,0.0
1788029220000,1788031320000,1,0.00365253036,0.00365536878,confirmed_pivot,-1.2236665268951097,0.0
1788031320000,1788032520000,-1,0.00365536878,0.00365533092,confirmed_pivot,-1.9896322745307045,0.0
1788032520000,1788034140000,1,0.00365533092,0.0036548688800000003,confirmed_pivot,-2.126275286725484,0.0
1788034140000,1788034680000,-1,0.0036548688800000003,0.00366033192,opposite_break,-3.496224138141903,0.0
1788034680000,1788034920000,1,0.00366033192,0.00365456894,confirmed_pivot,-3.572867473723491,0.0
1788034920000,1788037620000,-1,0.00365456894,0.00364502886,confirmed_pivot,0.6130633288861338,0.0
1788037620000,1788038100000,1,0.00364502886,0.00365156954,confirmed_pivot,-0.20738337857767264,0.0
1788038100000,1788039000000,-1,0.00365156954,0.00364732932,confirmed_pivot,-0.8376340164125804,0.0
1788039000000,1788040560000,1,0.00364732932,0.00365516882,confirmed_pivot,0.14723152555911945,0.0
1788040560000,1788040980000,-1,0.00365516882,0.00365113008,confirmed_pivot,-0.8939556723401564,0.0
1788040980000,1788041940000,1,0.00365113008,0.00364217142,opposite_break,-4.45121404713136,0.0
1788041940000,1788042420000,-1,0.00364217142,0.00364442874,confirmed_pivot,-2.620392908360115,0.0
1788042420000,1788042900000,1,0.00364442874,0.0036482702,confirmed_pivot,-0.9469903752323103,0.0
1788042900000,1788043020000,-1,0.0036482702,0.00365073,opposite_break,-2.674911578643508,0.0
1788043020000,1788043080000,1,0.00365073,0.0036483701800000003,confirmed_pivot,-2.6457503512995246,0.0
1788043080000,1788043200000,-1,0.0036483701800000003,0.0036512301,opposite_break,-2.784673642957967,0.0
1788043200000,1788044700000,1,0.0036512301,0.00365156954,confirmed_pivot,-1.9071270364473099,0.0
1788044700000,1788046080000,-1,0.00365156954,0.00365733132,confirmed_pivot,-3.5794692437925963,0.0
1788046080000,1788046380000,1,0.00365733132,0.00365636858,confirmed_pivot,-2.2629724178229034,0.0
1788046380000,1788047220000,-1,0.00365636858,0.0036570312599999997,confirmed_pivot,-2.1814211739013696,0.0
1788047220000,1788047580000,1,0.0036570312599999997,0.00365696846,confirmed_pivot,-2.017155226613986,0.0
1788047580000,1788048540000,-1,0.00365696846,0.00365313048,confirmed_pivot,-0.8494341621967362,0.10001863674810037
1788048540000,1788049260000,1,0.00365313048,0.0036552688,confirmed_pivot,-1.415246268455192,0.0
1788049260000,1788049920000,-1,0.0036552688,0.00365513088,confirmed_pivot,-1.9622304329574594,0.0
1788049920000,1788050340000,1,0.00365513088,0.0036505697400000003,confirmed_pivot,-3.2466253629745783,0.0
1788050340000,1788051840000,-1,0.0036505697400000003,0.0036522303,confirmed_pivot,-2.4553318189723488,0.0
1788051840000,1788052080000,1,0.0036522303,0.0036441710200000002,opposite_break,-4.2044668760345365,0.0
1788052080000,1788052800000,-1,0.0036441710200000002,0.00364062798,confirmed_pivot,-1.026779198743471,0.0
1788052800000,1788053160000,1,0.00364062798,0.0036371724199999998,opposite_break,-2.9482167524296807,0.0
1788053160000,1788053580000,-1,0.0036371724199999998,0.0036364271399999997,confirmed_pivot,-1.7948886679394498,0.0
1788053580000,1788054180000,1,0.0036364271399999997,0.0036371724199999998,confirmed_pivot,-1.7952565275376053,0.0
1788054180000,1788055140000,-1,0.0036371724199999998,0.0036311260800000003,confirmed_pivot,-0.3359638639293565,0.0
1788055140000,1788055620000,1,0.0036311260800000003,0.0036317734999999998,confirmed_pivot,-1.821880990703713,0.0
1788055620000,1788056520000,-1,0.0036317734999999998,0.00364062798,opposite_break,-4.440497591603726,0.0
1788056520000,1788056640000,1,0.00364062798,0.0036359726600000003,confirmed_pivot,-3.2774347462988236,0.0
1788056640000,1788056940000,-1,0.0036359726600000003,0.00363992784,confirmed_pivot,-3.088879249163454,0.0
1788056940000,1788058860000,1,0.00363992784,0.0036343729800000003,opposite_break,-3.524564602357519,0.0
1788058860000,1788059640000,-1,0.0036343729800000003,0.00363552696,confirmed_pivot,-2.317835837531408,0.0
1788059640000,1788060120000,1,0.00363552696,0.0036357727,confirmed_pivot,-1.9324735416073149,0.0
1788060120000,1788060300000,-1,0.0036357727,0.00363882762,confirmed_pivot,-2.841079784773112,0.0
1788060300000,1788060660000,1,0.00363882762,0.00363857214,confirmed_pivot,-2.0701392169822093,0.0
1788060660000,1788060780000,-1,0.00363857214,0.0036442287,opposite_break,-3.5561644354260573,0.0
1788060780000,1788061020000,1,0.0036442287,0.0036422714,confirmed_pivot,-2.536558723660789,0.0
1788061020000,1788062400000,-1,0.0036422714,0.00363312648,confirmed_pivot,0.5132846827395177,0.0
1788062400000,1788062820000,1,0.00363312648,0.00363347316,confirmed_pivot,-1.9046734756120176,0.0
1788062820000,1788063060000,-1,0.00363347316,0.00363412668,confirmed_pivot,-2.1800408290341835,0.0
1788063060000,1788064260000,1,0.00363412668,0.0036355727399999998,confirmed_pivot,-1.6024866309834416,0.0
1788064260000,1788067140000,-1,0.0036355727399999998,0.0036449288399999996,confirmed_pivot,-4.576060711688551,0.0
1788067140000,1788068220000,1,0.0036449288399999996,0.0036387721000000002,opposite_break,-3.6874357580049297,0.0
1788068220000,1788068340000,-1,0.0036387721000000002,0.00364312848,confirmed_pivot,-3.1984087654183804,0.0
1788068340000,1788069660000,1,0.00364312848,0.0036402718000000003,confirmed_pivot,-2.783344132842592,0.0
1788069660000,1788069840000,-1,0.0036402718000000003,0.0036440286599999996,confirmed_pivot,-3.0330593611167505,0.0
1788069840000,1788070200000,1,0.0036440286599999996,0.0036381722200000003,opposite_break,-3.6055262199829605,0.0
1788070200000,1788070500000,-1,0.0036381722200000003,0.00363862758,confirmed_pivot,-2.125286911239117,0.0
1788070500000,1788071400000,1,0.00363862758,0.0036435711400000003,confirmed_pivot,-0.6427254970677054,0.0
1788071400000,1788071760000,-1,0.0036435711400000003,0.00364612908,opposite_break,-2.702744050168191,0.0
1788071760000,1788072240000,1,0.00364612908,0.0036511696200000002,confirmed_pivot,-0.6189464636286446,0.0
1788072240000,1788072480000,-1,0.0036511696200000002,0.0036533305200000003,opposite_break,-2.59242958424924,0.0
1788072480000,1788073260000,1,0.0036533305200000003,0.00365456894,confirmed_pivot,-1.6613551461531006,0.0
1788073260000,1788073920000,-1,0.00365456894,0.00365353056,confirmed_pivot,-1.715583863086108,0.0
1788073920000,1788074220000,1,0.00365353056,0.0036458706799999997,opposite_break,-4.094472728319014,0.0
1788074220000,1788074820000,-1,0.0036458706799999997,0.00364592904,confirmed_pivot,-2.016023157464303,0.0
1788074820000,1788076860000,1,0.00364592904,0.0036321734200000003,opposite_break,-5.8093305225160226,-0.040232377918139633
1788076860000,1788076980000,-1,0.0036321734200000003,0.0036391276799999997,confirmed_pivot,-3.9165423714816407,0.0
1788076980000,1788078180000,1,0.0036391276799999997,0.00363687248,confirmed_pivot,-2.6190892428373624,0.0
1788078180000,1788078540000,-1,0.00363687248,0.00364012788,confirmed_pivot,-2.896004855248564,0.0
1788078540000,1788078960000,1,0.00364012788,0.0036407717000000004,confirmed_pivot,-1.8233094547215605,0.0
1788078960000,1788081240000,-1,0.0036407717000000004,0.003635727,opposite_break,-0.6130015512919159,0.0
1788081240000,1788081540000,1,0.003635727,0.003629274,opposite_break,-3.773110852382485,0.0
1788081540000,1788081660000,-1,0.003629274,0.00363162618,confirmed_pivot,-2.64876120678678,0.0
1788081660000,1788081840000,1,0.00363162618,0.0036240750400000003,opposite_break,-4.077193104715313,0.0
1788081840000,1788082380000,-1,0.0036240750400000003,0.00362382462,confirmed_pivot,-1.93083189027998,0.0
1788082380000,1788083400000,1,0.00362382462,0.00362037578,confirmed_pivot,-2.9507610111662057,0.0
1788083400000,1788083700000,-1,0.00362037578,0.00362142414,confirmed_pivot,-2.2898617225862443,0.0
1788083700000,1788084000000,1,0.00362142414,0.0036218754800000003,confirmed_pivot,-1.8754941032672818,0.0
1788084000000,1788084360000,-1,0.0036218754800000003,0.00362532492,confirmed_pivot,-2.953342945958907,0.0
1788084360000,1788084720000,1,0.00362532492,0.00362287528,confirmed_pivot,-2.6750264911427304,0.0
1788084720000,1788085200000,-1,0.00362287528,0.0036250248599999997,confirmed_pivot,-2.593928693013068,0.0
1788085200000,1788085740000,1,0.0036250248599999997,0.00362717442,confirmed_pivot,-1.4076149756390182,0.0
1788085740000,1788085920000,-1,0.00362717442,0.00363392664,opposite_break,-3.863426303056044,0.0
1788085920000,1788087060000,1,0.00363392664,0.00363997186,confirmed_pivot,-0.3381131821637202,0.0
1788087060000,1788087180000,-1,0.00363997186,0.00364312848,opposite_break,-2.8680772109045765,0.0
1788087180000,1788087300000,1,0.00364312848,0.00364107164,confirmed_pivot,-2.5640161117787312,0.0
1788087300000,1788087480000,-1,0.00364107164,0.00364302846,opposite_break,-2.5379671189330857,0.0
1788087480000,1788088320000,1,0.00364302846,0.0036402718000000003,confirmed_pivot,-2.7559379154560757,0.0
1788088320000,1788089400000,-1,0.0036402718000000003,0.00364552896,opposite_break,-3.4456110557457893,0.0
1788089400000,1788089460000,1,0.00364552896,0.00364017182,confirmed_pivot,-3.468040144166069,0.0
1788089460000,1788090000000,-1,0.00364017182,0.00363682722,confirmed_pivot,-1.080278413890928,0.0
1788090000000,1788090780000,1,0.00363682722,0.0036348728800000003,opposite_break,-2.5368376174878335,0.0
1788090780000,1788091500000,-1,0.0036348728800000003,0.00365083002,opposite_break,-6.394403234260967,0.0
1788091500000,1788092160000,1,0.00365083002,0.0036562686,confirmed_pivot,-0.5118065233833442,0.0
1788092160000,1788092880000,-1,0.0036562686,0.00364732932,confirmed_pivot,0.4473637631546248,0.0
1788092880000,1788093300000,1,0.00364732932,0.00363317322,opposite_break,-5.877342202814856,0.0
1788093300000,1788093720000,-1,0.00363317322,0.0036407279999999998,confirmed_pivot,-4.081468270868685,0.0
1788093720000,1788094140000,1,0.0036407279999999998,0.00363297326,opposite_break,-4.127867080429973,0.0
1788094140000,1788094620000,-1,0.00363297326,0.00364592904,opposite_break,-5.569730590309862,0.0
1788094620000,1788094920000,1,0.00364592904,0.00364017182,confirmed_pivot,-3.5775026658225597,0.0
1788094920000,1788095880000,-1,0.00364017182,0.0036387276000000002,confirmed_pivot,-1.6028582464001002,0.0
1788095880000,1788096660000,1,0.0036387276000000002,0.0036469704599999997,confirmed_pivot,0.26304852828210734,0.0
1788096660000,1788096780000,-1,0.0036469704599999997,0.00365453076,opposite_break,-4.075108746562293,0.0
1788096780000,1788096960000,1,0.00365453076,0.00365086968,confirmed_pivot,-3.000790295715001,0.0
1788096960000,1788098580000,-1,0.00365086968,0.0036787355999999996,opposite_break,-9.640312682976823,0.0
1788098580000,1788098700000,1,0.0036787355999999996,0.0036689660600000003,confirmed_pivot,-4.653023082169681,0.0
1788098700000,1788099900000,-1,0.0036689660600000003,0.00366553296,confirmed_pivot,-1.0633510793500764,0.0
1788099900000,1788100500000,1,0.00366553296,0.0036664665599999997,confirmed_pivot,-1.7455577646750697,0.0
1788100500000,1788100860000,-1,0.0036664665599999997,0.00366653316,confirmed_pivot,-2.0181827923176696,0.0
1788100860000,1788101160000,1,0.00366653316,0.0036687661,confirmed_pivot,-1.3916031949919248,0.0
1788101160000,1788101340000,-1,0.0036687661,0.0036739346400000003,opposite_break,-3.410203975663721,0.0
1788101340000,1788101400000,1,0.0036739346400000003,0.00366696646,confirmed_pivot,-3.8947565762901375,0.0
1788101400000,1788102180000,-1,0.00366696646,0.00366863358,confirmed_pivot,-2.4550865512960964,0.0
1788102180000,1788102660000,1,0.00366863358,0.00367696446,confirmed_pivot,0.26856919300180504,0.0
1788102660000,1788103020000,-1,0.00367696446,0.0036674333400000003,confirmed_pivot,0.5947085493449791,0.0
1788103020000,1788104640000,1,0.0036674333400000003,0.00367966392,confirmed_pivot,1.3315805052913774,0.0
1788104640000,1788105480000,-1,0.00367966392,0.0036776353799999996,confirmed_pivot,-1.4481646736911007,0.0
1788105480000,1788106020000,1,0.0036776353799999996,0.0036802638,confirmed_pivot,-1.2439853104740808,0.042025588191943054
1788106020000,1788106380000,-1,0.0036802638,0.00368403666,confirmed_pivot,-3.026185367472845,0.0
1788106380000,1788107220000,1,0.00368403666,0.00370165952,confirmed_pivot,2.778789888589262,0.0
1788107220000,1788108120000,-1,0.00370165952,0.00371604306,opposite_break,-5.889586133518776,0.0
1788108120000,1788108240000,1,0.00371604306,0.0037087581000000004,confirmed_pivot,-3.9584474459774954,0.0
1788108240000,1788108420000,-1,0.0037087581000000004,0.00372464478,opposite_break,-6.287841442125751,0.0
1788108420000,1788110640000,1,0.00372464478,0.0037342530000000003,opposite_break,0.5770542822073752,0.0
1788110640000,1788110820000,-1,0.0037342530000000003,0.0037372472999999996,confirmed_pivot,-2.8026489635274636,0.0
1788110820000,1788111660000,1,0.0037372472999999996,0.0037602478000000003,confirmed_pivot,4.148241648338504,0.0
1788111660000,1788111900000,-1,0.0037602478000000003,0.0037772553,opposite_break,-6.527496166608915,0.0
1788111900000,1788112020000,1,0.0037772553,0.00376964592,confirmed_pivot,-4.0125117357039075,0.0
1788112020000,1788112680000,-1,0.00376964592,0.00375495084,confirmed_pivot,1.9021635963093355,0.0
1788112680000,1788113400000,1,0.00375495084,0.00374855014,opposite_break,-3.70289827283064,0.0
1788113400000,1788114540000,-1,0.00374855014,0.00373704726,confirmed_pivot,1.071689706676831,0.0
1788114540000,1788115020000,1,0.00373704726,0.0037590480400000004,confirmed_pivot,3.881322255475099,0.0
1788115020000,1788115740000,-1,0.0037590480400000004,0.0037520502599999997,confirmed_pivot,-0.13655539767970282,0.0
1788115740000,1788116640000,1,0.0037520502599999997,0.0037376523199999998,opposite_break,-5.833515295181549,0.0
1788116640000,1788116760000,-1,0.0037376523199999998,0.0037427484,confirmed_pivot,-3.364807543147866,0.0
1788116760000,1788117360000,1,0.0037427484,0.0037368524800000004,confirmed_pivot,-3.573716277588811,0.0
1788117360000,1788117540000,-1,0.0037368524800000004,0.00374164818,confirmed_pivot,-3.2846361277819343,0.0
1788117540000,1788117720000,1,0.00374164818,0.0037272544,opposite_break,-5.843062075387336,0.0
1788117720000,1788117900000,-1,0.0037272544,0.003740748,confirmed_pivot,-5.623872199332582,0.0
1788117900000,1788118500000,1,0.003740748,0.0037239550600000003,opposite_break,-6.48470387740622,0.0
1788118500000,1788118860000,-1,0.0037239550600000003,0.0037204439399999996,confirmed_pivot,-1.0562101144151024,0.0
1788118860000,1788119700000,1,0.0037204439399999996,0.0036995599400000004,opposite_break,-7.607695301007338,0.0
1788119700000,1788119820000,-1,0.0036995599400000004,0.0037058410199999996,confirmed_pivot,-3.699488907321002,0.0
1788119820000,1788120900000,1,0.0037058410199999996,0.0037097579,confirmed_pivot,-0.944109286155923,0.0
1788120900000,1788122880000,-1,0.0037097579,0.00366703326,confirmed_pivot,9.528343841521332,0.0
1788122880000,1788123720000,1,0.00366703326,0.0036284741600000003,opposite_break,-12.504551818545458,0.0
1788123720000,1788125520000,-1,0.0036284741600000003,0.0036625323600000003,opposite_break,-11.395756093795654,0.0
1788125520000,1788126420000,1,0.0036625323600000003,0.0036452708,opposite_break,-6.708299270835688,0.0
1788126420000,1788126960000,-1,0.0036452708,0.0036541306799999997,confirmed_pivot,-4.4329440435534915,0.0
1788126960000,1788127140000,1,0.0036541306799999997,0.0036523693799999997,confirmed_pivot,-2.481520463849412,0.0
1788127140000,1788127320000,-1,0.0036523693799999997,0.0036727343999999997,confirmed_pivot,-7.581413843744352,0.0
1788127320000,1788127920000,1,0.0036727343999999997,0.0036417715,opposite_break,-10.422045737911162,0.0
1788127920000,1788128400000,-1,0.0036417715,0.0036362270999999997,confirmed_pivot,-0.476031678538794,0.0
1788128400000,1788130320000,1,0.0036362270999999997,0.0036029792600000003,opposite_break,-11.134355816224842,0.0
1788130320000,1788130440000,-1,0.0036029792600000003,0.00360812148,confirmed_pivot,-3.4286405356659295,0.0
1788130440000,1788131040000,1,0.00360812148,0.0035952808,opposite_break,-5.555268133599526,0.0
1788131040000,1788131520000,-1,0.0035952808,0.00357561498,confirmed_pivot,3.475368104766689,0.0
1788131520000,1788134820000,1,0.00357561498,0.0034073184,confirmed_pivot,-48.991323498706215,0.029478338296927042
1788134820000,1788135060000,-1,0.0034073184,0.0034024803599999997,confirmed_pivot,-0.5786834479570977,0.0
1788135060000,1788136800000,1,0.0034024803599999997,0.0034346129400000002,confirmed_pivot,7.434425484825001,0.0
1788136800000,1788136920000,-1,0.0034346129400000002,0.00344338854,opposite_break,-4.557602778961084,0.0
1788136920000,1788137820000,1,0.00344338854,0.00343951196,confirmed_pivot,-3.1246780242812013,0.0
1788137820000,1788138660000,-1,0.00343951196,0.0034151829,confirmed_pivot,5.080478086199244,0.0
1788138660000,1788139680000,1,0.0034151829,0.0034291140400000003,confirmed_pivot,2.075099128658767,0.0
1788139680000,1788140220000,-1,0.0034291140400000003,0.00342338454,confirmed_pivot,-0.32748942347788046,0.0
1788140220000,1788141120000,1,0.00342338454,0.00341371712,opposite_break,-4.821112401237787,0.0
1788141120000,1788141600000,-1,0.00341371712,0.0034186836,confirmed_pivot,-3.456314716551478,0.0
1788141600000,1788142560000,1,0.0034186836,0.00345600866,confirmed_pivot,8.907044729146664,0.0
1788142560000,1788144840000,-1,0.00345600866,0.00341088204,confirmed_pivot,11.070495784000743,0.0
1788144840000,1788145560000,1,0.00341088204,0.0034248149000000003,confirmed_pivot,2.080741279461071,0.0
1788145560000,1788145800000,-1,0.0034248149000000003,0.0034401879,opposite_break,-6.493198449936526,0.0
1788145800000,1788145980000,1,0.0034401879,0.00343691248,confirmed_pivot,-2.9511528658070363,0.0
1788145980000,1788146580000,-1,0.00343691248,0.00344348856,opposite_break,-3.9152818462226318,0.0
1788146580000,1788147060000,1,0.00344348856,0.00344251136,confirmed_pivot,-2.2834981975372566,0.0
1788147060000,1788147420000,-1,0.00344251136,0.00344348856,confirmed_pivot,-2.2841463971233384,0.0
1788147420000,1788148260000,1,0.00344348856,0.00345160954,confirmed_pivot,0.35599999205454114,0.0
1788148260000,1788148380000,-1,0.00345160954,0.0034550908799999996,opposite_break,-3.0096221196559694,0.0
1788148380000,1788148560000,1,0.0034550908799999996,0.0034481102400000002,confirmed_pivot,-4.018372194018631,0.0
1788148560000,1788149220000,-1,0.0034481102400000002,0.0034360870799999997,confirmed_pivot,1.490370760303927,0.0
1788149220000,1788149400000,1,0.0034360870799999997,0.00342741438,opposite_break,-4.521480712881043,0.0
1788149400000,1788152100000,-1,0.00342741438,0.0034328864399999996,opposite_break,-3.598152850137606,0.0
1788152100000,1788152220000,1,0.0034328864399999996,0.00342821422,confirmed_pivot,-3.359656913090138,0.0
1788152220000,1788153300000,-1,0.00342821422,0.00344078802,opposite_break,-5.6714082003895125,0.0
1788153300000,1788154080000,1,0.00344078802,0.00346090768,confirmed_pivot,3.8415514769200545,0.0
1788154080000,1788154200000,-1,0.00346090768,0.00346689324,opposite_break,-3.7312064099900955,0.0
1788154200000,1788154380000,1,0.00346689324,0.0034646069400000004,confirmed_pivot,-2.658807047660761,0.0
1788154380000,1788154860000,-1,0.0034646069400000004,0.00346249236,confirmed_pivot,-1.3890520290880692,0.0
1788154860000,1788155460000,1,0.00346249236,0.0034653068,confirmed_pivot,-1.1879763858887382,0.0
1788155460000,1788155940000,-1,0.0034653068,0.00346759338,confirmed_pivot,-2.66050907238576,0.0
1788155940000,1788156360000,1,0.00346759338,0.00347010584,confirmed_pivot,-1.2761701661802158,0.0
1788156360000,1788156600000,-1,0.00347010584,0.00346709328,confirmed_pivot,-1.1309854226232812,0.0
1788156600000,1788157860000,1,0.00346709328,0.00348120362,confirmed_pivot,2.0657197605021684,0.0
1788157860000,1788159000000,-1,0.00348120362,0.00348449676,opposite_break,-2.9469233919732645,0.0
1788159000000,1788159060000,1,0.00348449676,0.00348050376,confirmed_pivot,-3.1447871169782093,0.0
1788159060000,1788159180000,-1,0.00348050376,0.0034861971,opposite_break,-3.6374162285059946,0.0
1788159180000,1788159360000,1,0.0034861971,0.00348310324,confirmed_pivot,-2.8865724029200908,0.0
1788159360000,1788160380000,-1,0.00348310324,0.00349309848,opposite_break,-4.872506081674445,0.0
1788160380000,1788160860000,1,0.00349309848,0.0034963006,confirmed_pivot,-1.0842176656868032,0.0
1788160860000,1788161040000,-1,0.0034963006,0.0035022002999999997,opposite_break,-3.6890995299430354,0.0
1788161040000,1788161460000,1,0.0035022002999999997,0.00350819822,confirmed_pivot,-0.28909783372457776,0.0
1788161460000,1788161820000,-1,0.00350819822,0.00351180222,opposite_break,-3.0283352803251615,0.0
1788161820000,1788163080000,1,0.00351180222,0.0035097979,confirmed_pivot,-2.570167553456333,0.0
1788163080000,1788163980000,-1,0.0035097979,0.0035363071199999998,opposite_break,-9.480540413167276,0.07993172113984114
1788163980000,1788164100000,1,0.0035363071199999998,0.00352709444,confirmed_pivot,-4.602564485405795,0.0
1788164100000,1788164760000,-1,0.00352709444,0.00352210428,confirmed_pivot,-0.5837775979709566,0.0
1788164760000,1788165900000,1,0.00352210428,0.00353359314,confirmed_pivot,1.2586687467413853,0.0
1788165900000,1788167220000,-1,0.00353359314,0.00355111008,opposite_break,-6.96221728005723,0.0
1788167220000,1788167520000,1,0.00355111008,0.00355538878,confirmed_pivot,-0.7963140528721204,0.0
1788167520000,1788170760000,-1,0.00355538878,0.00356651316,confirmed_pivot,-5.132007515645071,0.0
1788170760000,1788171300000,1,0.00356651316,0.00357198546,confirmed_pivot,-0.46717859860638855,0.0
1788171300000,1788171600000,-1,0.00357198546,0.0035682135,confirmed_pivot,-0.9429598741983299,0.0
1788171600000,1788173460000,1,0.0035682135,0.0035777843,confirmed_pivot,0.6795563662320798,0.0
1788173460000,1788173580000,-1,0.0035777843,0.00360282042,opposite_break,-9.004658195856003,0.0
1788173580000,1788173760000,1,0.00360282042,0.00359398106,confirmed_pivot,-4.451002162355884,0.0
1788173760000,1788174600000,-1,0.00359398106,0.0035952189,confirmed_pivot,-2.3447647105853044,0.0
1788174600000,1788175260000,1,0.0035952189,0.0035927813,confirmed_pivot,-2.6773335554061264,0.0
1788175260000,1788175920000,-1,0.0035927813,0.00359651916,confirmed_pivot,-3.041420990473375,0.0
1788175920000,1788175980000,1,0.00359651916,0.00357458494,confirmed_pivot,-8.092637020735324,0.0
1788175980000,1788177540000,-1,0.00357458494,0.00357461478,confirmed_pivot,-2.0083561701572066,0.0
1788177540000,1788180000000,1,0.00357461478,0.0035772844,opposite_break,-1.253919500662957,0.0
1788180000000,1788180720000,-1,0.0035772844,0.00356661318,confirmed_pivot,0.986033545445892,0.0
1788180720000,1788180960000,1,0.00356661318,0.00356138758,opposite_break,-3.463678323534925,0.0
1788180960000,1788181080000,-1,0.00356138758,0.00356661318,confirmed_pivot,-3.468760555401265,0.0
1788181080000,1788181500000,1,0.00356661318,0.0035806837200000005,confirmed_pivot,1.9411253058848912,0.0
1788181500000,1788182940000,-1,0.0035806837200000005,0.00359311848,confirmed_pivot,-5.476206147578857,0.0
1788182940000,1788183180000,1,0.00359311848,0.00358008384,confirmed_pivot,-5.624040073401621,0.0
1788183180000,1788184500000,-1,0.00358008384,0.00357141414,confirmed_pivot,0.4240688452703991,0.0
1788184500000,1788184680000,1,0.00357141414,0.0035549888600000003,opposite_break,-6.594497887047001,0.0
1788184680000,1788185400000,-1,0.0035549888600000003,0.0035474093399999996,confirmed_pivot,0.13421189736181116,0.0
1788185400000,1788187740000,1,0.0035474093399999996,0.00359248136,confirmed_pivot,10.69291013931889,0.0
1788187740000,1788188280000,-1,0.00359248136,0.00360252036,opposite_break,-4.797241792786888,0.0
1788188280000,1788188400000,1,0.00360252036,0.0035985801400000004,confirmed_pivot,-3.0926460884733418,0.0
1788188400000,1788189720000,-1,0.0035985801400000004,0.0035592117,confirmed_pivot,8.950932564197538,0.0
1788189720000,1788189840000,1,0.0035592117,0.0035477903,opposite_break,-5.205760028266899,0.0
1788189840000,1788190080000,-1,0.0035477903,0.0035523103199999995,confirmed_pivot,-3.275312134429008,0.0
1788190080000,1788191220000,1,0.0035523103199999995,0.00355258934,confirmed_pivot,-1.921532480304109,0.0
1788191220000,1788192120000,-1,0.00355258934,0.0035497098,confirmed_pivot,-1.088892852445503,0.09974977856573763
1788192120000,1788192600000,1,0.0035497098,0.0035366925200000002,opposite_break,-5.663472073125499,0.0
1788192600000,1788192720000,-1,0.0035366925200000002,0.0035523103199999995,confirmed_pivot,-6.420349722683636,0.0
1788192720000,1788194400000,1,0.0035523103199999995,0.00354938998,confirmed_pivot,-2.8212738745187993,0.0
1788194400000,1788194580000,-1,0.00354938998,0.0035582114999999997,opposite_break,-4.487847649809295,0.0
1788194580000,1788194820000,1,0.0035582114999999997,0.0035572884,confirmed_pivot,-2.259168658186703,0.0
1788194820000,1788194940000,-1,0.0035572884,0.0035632125000000002,opposite_break,-3.667006841503227,0.0
1788194940000,1788195060000,1,0.0035632125000000002,0.00355788828,confirmed_pivot,-3.4927248318757624,0.0
1788195060000,1788196380000,-1,0.00355788828,0.0035642126999999996,opposite_break,-3.7793544714673977,0.0
1788196380000,1788196680000,1,0.0035642126999999996,0.0035462906,opposite_break,-7.023319147030614,0.0
1788196680000,1788198000000,-1,0.0035462906,0.00356751336,opposite_break,-7.990479956718718,0.0
1788198000000,1788198300000,1,0.00356751336,0.00357198546,confirmed_pivot,-0.7476913331026207,0.0
1788198300000,1788198480000,-1,0.00357198546,0.0035747148,opposite_break,-2.7648601514743762,0.0
1788198480000,1788198600000,1,0.0035747148,0.0035697859,confirmed_pivot,-3.3774444607440675,0.0
1788198600000,1788198720000,-1,0.0035697859,0.00357691524,opposite_break,-3.999130911464399,0.0
1788198720000,1788200820000,1,0.00357691524,0.00356768632,opposite_break,-4.577553691207905,0.0
1788200820000,1788200880000,-1,0.00356768632,0.0035761150799999996,confirmed_pivot,-4.364890857332872,0.0
1788200880000,1788201600000,1,0.0035761150799999996,0.00357768432,confirmed_pivot,-1.561627429506486,0.0
1788201600000,1788201780000,-1,0.00357768432,0.00359031792,opposite_break,-5.53475389913674,0.0
1788201780000,1788202020000,1,0.00359031792,0.0035893819800000004,confirmed_pivot,-2.26042375099746,0.0
1788202020000,1788202620000,-1,0.0035893819800000004,0.003585717,confirmed_pivot,-0.9779173683820545,0.0
1788202620000,1788202800000,1,0.003585717,0.00358238338,confirmed_pivot,-2.928764422847654,0.0
1788202800000,1788204240000,-1,0.00358238338,0.00357491484,confirmed_pivot,0.08688120365276708,0.0
1788204240000,1788205920000,1,0.00357491484,0.00356488688,confirmed_pivot,-4.802285505631725,0.0
1788205920000,1788206340000,-1,0.00356488688,0.00356441274,confirmed_pivot,-1.8668641794322007,0.0
1788206340000,1788207120000,1,0.00356441274,0.0035701858200000002,confirmed_pivot,-0.3819755621229588,0.0
1788207120000,1788207240000,-1,0.0035701858200000002,0.00358031592,opposite_break,-4.840252751886096,0.0
1788207240000,1788208440000,1,0.00358031592,0.00356668652,opposite_break,-5.802952282490186,0.0
1788208440000,1788210420000,-1,0.00356668652,0.00356701326,confirmed_pivot,-2.091700444703008,0.0
1788210420000,1788211020000,1,0.00356701326,0.00355948796,opposite_break,-4.107582493259383,0.0
1788211020000,1788211260000,-1,0.00355948796,0.00356411268,confirmed_pivot,-3.300564792470789,0.0
1788211260000,1788212280000,1,0.00356411268,0.00357568472,confirmed_pivot,1.243575329386144,0.0
1788212280000,1788212820000,-1,0.00357568472,0.00358741734,opposite_break,-5.284504518619769,0.0
1788212820000,1788213120000,1,0.00358741734,0.00358318322,confirmed_pivot,-3.1790894337372015,0.0
1788213120000,1788213660000,-1,0.00358318322,0.00357791544,confirmed_pivot,-0.5283901335081257,0.0
1788213660000,1788214500000,1,0.00357791544,0.0035660866400000005,opposite_break,-5.302753068976831,0.0
1788214500000,1788215520000,-1,0.0035660866400000005,0.00356641314,confirmed_pivot,-2.0916485024041505,0.0
1788215520000,1788216300000,1,0.00356641314,0.00355938798,confirmed_pivot,-3.9678412355781383,0.0
1788216300000,1788217560000,-1,0.00355938798,0.0035569112399999997,confirmed_pivot,-1.3034710590890777,0.0
1788217560000,1788218700000,1,0.0035569112399999997,0.00354998986,opposite_break,-3.9439502853604504,0.0
1788218700000,1788219300000,-1,0.00354998986,0.0035522102999999998,confirmed_pivot,-2.6261033207570352,0.0
1788219300000,1788219720000,1,0.0035522102999999998,0.0035446909200000003,opposite_break,-4.114700421875206,0.0
1788219720000,1788220080000,-1,0.0035446909200000003,0.0035457089999999998,confirmed_pivot,-2.287499842158155,0.0
1788220080000,1788220500000,1,0.0035457089999999998,0.0035497899,confirmed_pivot,-0.8502104656641698,0.0
1788220500000,1788220740000,-1,0.0035497899,0.0035552109,opposite_break,-3.528659766596274,0.0
1788220740000,1788220860000,1,0.0035552109,0.00355238938,confirmed_pivot,-2.8311838141584595,-0.03834801361573233
1788220860000,1788221160000,-1,0.00355238938,0.00355911168,opposite_break,-3.8942243037557747,0.0
1788221160000,1788221220000,1,0.00355911168,0.00355248936,confirmed_pivot,-3.8588058692218357,0.0
1788221220000,1788221460000,-1,0.00355248936,0.0035620122599999996,opposite_break,-4.6833079381832485,0.0
1788221460000,1788221700000,1,0.0035620122599999996,0.0035622874000000005,confirmed_pivot,-1.9228343868752313,0.0
1788221700000,1788222900000,-1,0.0035622874000000005,0.0035634125399999998,confirmed_pivot,-2.3161634684498686,0.0
1788222900000,1788224100000,1,0.0035634125399999998,0.0035528892800000002,opposite_break,-4.950187951013813,0.0
1788224100000,1788224280000,-1,0.0035528892800000002,0.00355541094,confirmed_pivot,-2.7104588578678284,0.0
1788224280000,1788224580000,1,0.00355541094,0.00355958794,confirmed_pivot,-0.8263457950657671,0.0
1788224580000,1788224760000,-1,0.00355958794,0.00356761338,opposite_break,-4.2568526400839595,0.0
1788224760000,1788224880000,1,0.00356761338,0.0035560886400000003,confirmed_pivot,-5.227147684932109,0.0
1788224880000,1788225540000,-1,0.0035560886400000003,0.0035542106999999997,confirmed_pivot,-1.471380460302436,0.0
1788225540000,1788226260000,1,0.0035542106999999997,0.0035422914,opposite_break,-5.350218010429056,0.0
1788226260000,1788226500000,-1,0.0035422914,0.0035477093999999997,confirmed_pivot,-3.531047953875182,0.0
1788226500000,1788227220000,1,0.0035477093999999997,0.0035555887400000002,confirmed_pivot,0.21874448341245412,0.0
1788227220000,1788228900000,-1,0.0035555887400000002,0.00354710928,confirmed_pivot,0.38721069298930466,0.0
1788228900000,1788229740000,1,0.00354710928,0.00354869012,confirmed_pivot,-1.5547757243046454,0.0
1788229740000,1788230040000,-1,0.00354869012,0.00356031192,opposite_break,-5.278229827517229,0.0
1788230040000,1788230160000,1,0.00356031192,0.00355188948,confirmed_pivot,-4.3632810127489225,0.0
1788230160000,1788230940000,-1,0.00355188948,0.00354480882,confirmed_pivot,-0.004515427659087856,0.0
1788230940000,1788232080000,1,0.00354480882,0.00354609064,confirmed_pivot,-1.6387567722199836,0.0
1788232080000,1788233400000,-1,0.00354609064,0.0035537106,opposite_break,-4.150982796085553,0.0
1788233400000,1788233940000,1,0.0035537106,0.00357458494,confirmed_pivot,3.8680821280157405,0.0
1788233940000,1788234240000,-1,0.00357458494,0.0035761150799999996,opposite_break,-2.428488947866339,0.0
1788234240000,1788234300000,1,0.0035761150799999996,0.0035701858200000002,confirmed_pivot,-3.656359095692021,0.0
1788234300000,1788235260000,-1,0.0035701858200000002,0.00356111208,confirmed_pivot,0.5440731093375262,0.0
1788235260000,1788235500000,1,0.00356111208,0.00355208944,opposite_break,-4.531124311032656,0.0
1788235500000,1788235740000,-1,0.00355208944,0.0035534105400000003,confirmed_pivot,-2.3722938631861537,0.0
1788235740000,1788235920000,1,0.0035534105400000003,0.0035506897200000003,opposite_break,-2.764926863756104,0.0
1788235920000,1788237480000,-1,0.0035506897200000003,0.00355081002,confirmed_pivot,-2.033914622086388,0.0
1788237480000,1788237600000,1,0.00355081002,0.00354359114,opposite_break,-4.030990416096717,0.0
1788237600000,1788238800000,-1,0.00354359114,0.00352760538,confirmed_pivot,2.5156862425161286,0.0
1788238800000,1788239280000,1,0.00352760538,0.0035339930600000002,confirmed_pivot,-0.19104133467435136,0.0
1788239280000,1788239400000,-1,0.0035339930600000002,0.00354200826,opposite_break,-4.2702973842285195,0.0
1788239400000,1788241020000,1,0.00354200826,0.0035544889600000002,confirmed_pivot,1.5200988774657125,0.0
1788241020000,1788241380000,-1,0.0035544889600000002,0.00356351256,opposite_break,-4.5411876929840576,0.0
1788241380000,1788243600000,1,0.00356351256,0.0035437911,opposite_break,-7.528741153082896,0.0
1788243600000,1788245460000,-1,0.0035437911,0.0035415081600000003,confirmed_pivot,-1.3551473900366573,0.0
1788245460000,1788245580000,1,0.0035415081600000003,0.0035340930399999997,opposite_break,-4.091680873043813,0.0
1788245580000,1788248580000,-1,0.0035340930399999997,0.0035222043,confirmed_pivot,1.3673784490970586,0.0
1788248580000,1788248820000,1,0.0035222043,0.0035197959000000003,opposite_break,-2.6830925735907636,0.0
1788248820000,1788248940000,-1,0.0035197959000000003,0.0035272053,confirmed_pivot,-4.1071703049598955,0.0
1788248940000,1788249840000,1,0.0035272053,0.0035284941600000003,confirmed_pivot,-1.6514972712247957,-0.01653730447728688
1788249840000,1788250560000,-1,0.0035284941600000003,0.00351100206,confirmed_pivot,2.962341244175531,0.0
1788250560000,1788250680000,1,0.00351100206,0.0034968005,opposite_break,-6.040828856705268,0.0
1788250680000,1788250860000,-1,0.0034968005,0.0035040006599999997,confirmed_pivot,-4.061129927200461,0.0
1788250860000,1788250980000,1,0.0035040006599999997,0.0034944009800000004,opposite_break,-4.736894552982004,0.0
1788250980000,1788252300000,-1,0.0034944009800000004,0.00348209628,confirmed_pivot,1.524782865645987,0.0
1788252300000,1788252660000,1,0.00348209628,0.00346860614,opposite_break,-5.870269164412648,0.0
1788252660000,1788253500000,-1,0.00346860614,0.00347499486,confirmed_pivot,-3.843711410832054,0.0
1788253500000,1788254820000,1,0.00347499486,0.00348720242,confirmed_pivot,1.509459130538144,0.0
1788254820000,1788257580000,-1,0.00348720242,0.0034880974799999997,confirmed_pivot,-2.2569265996321626,0.0
1788257580000,1788257940000,1,0.0034880974799999997,0.00347390508,opposite_break,-6.064739498048608,0.0
1788257940000,1788258000000,-1,0.00347390508,0.00348359658,confirmed_pivot,-4.792589686992891,0.0
1788258000000,1788258360000,1,0.00348359658,0.00348760234,confirmed_pivot,-0.8512578457060989,0.0
1788258360000,1788258660000,-1,0.00348760234,0.0034997998200000002,opposite_break,-5.500880057329033,0.0
1788258660000,1788258840000,1,0.0034997998200000002,0.00348870212,confirmed_pivot,-5.167781836162298,0.0
1788258840000,1788259620000,-1,0.00348870212,0.00349049796,confirmed_pivot,-2.5152735252730207,0.0
1788259620000,1788260040000,1,0.00349049796,0.00348260334,opposite_break,-4.259484311516449,0.0
1788260040000,1788260220000,-1,0.00348260334,0.00348709728,confirmed_pivot,-3.2916871377031676,0.0
1788260220000,1788262500000,1,0.00348709728,0.0034963006,confirmed_pivot,0.6366103213501935,0.0
1788262500000,1788262620000,-1,0.0034963006,0.0035077014,opposite_break,-5.264078838072387,0.0
1788262620000,1788262800000,1,0.0035077014,0.0035046989200000003,confirmed_pivot,-2.855111988722756,0.0
1788262800000,1788262920000,-1,0.0035046989200000003,0.0035105019599999997,opposite_break,-3.657444240602379,0.0
1788262920000,1788263100000,1,0.0035105019599999997,0.0035035991400000003,confirmed_pivot,-3.9643678478388784,0.0
1788263100000,1788263520000,-1,0.0035035991400000003,0.0035136025799999996,opposite_break,-4.858044838999272,0.0
1788263520000,1788267000000,1,0.0035136025799999996,0.0035037990999999997,confirmed_pivot,-4.787360350811185,0.0
1788267000000,1788267360000,-1,0.0035037990999999997,0.00351960378,opposite_break,-6.515237383330633,0.0
1788267360000,1788267480000,1,0.00351960378,0.00350749836,confirmed_pivot,-5.435987496297142,0.0
1788267480000,1788267960000,-1,0.00350749836,0.0034918982399999997,confirmed_pivot,2.4520961999822903,0.0
1788267960000,1788269700000,1,0.0034918982399999997,0.00350589868,confirmed_pivot,2.0053972363181183,0.0
1788269700000,1788270240000,-1,0.00350589868,0.00350080002,confirmed_pivot,-0.5442366919742854,0.0
1788270240000,1788271500000,1,0.00350080002,0.00353649256,confirmed_pivot,8.185342566354288,0.0
1788271500000,1788273300000,-1,0.00353649256,0.00352490484,confirmed_pivot,1.2798903216129283,0.0
1788273300000,1788274860000,1,0.00352490484,0.0034966005400000003,opposite_break,-10.021775617636107,0.0
1788274860000,1788275580000,-1,0.0034966005400000003,0.00348899766,confirmed_pivot,0.17653769509518202,0.0
1788275580000,1788277980000,1,0.00348899766,0.0035236951200000003,confirmed_pivot,7.934876981258878,0.0
1788277980000,1788279060000,-1,0.0035236951200000003,0.0035037006,confirmed_pivot,3.7797192510798894,0.09974018410537173
1788279060000,1788279180000,1,0.0035037006,0.00349470092,opposite_break,-4.566052681556144,0.0
1788279180000,1788279840000,-1,0.00349470092,0.00348629712,confirmed_pivot,0.40713125173526477,0.0
1788279840000,1788280320000,1,0.00348629712,0.003479304,opposite_break,-4.003881665714204,0.0
1788280320000,1788280800000,-1,0.003479304,0.0034861971,confirmed_pivot,-3.983153268584762,0.0
1788280800000,1788282300000,1,0.0034861971,0.0034762046200000002,confirmed_pivot,-4.863431766379393,0.0
1788282300000,1788283140000,-1,0.0034762046200000002,0.00348339654,confirmed_pivot,-4.0709689753533365,0.0
1788283140000,1788283560000,1,0.00348339654,0.00349160154,confirmed_pivot,0.35310419180695507,0.0
1788283560000,1788283740000,-1,0.00349160154,0.0035001998999999997,opposite_break,-4.465045985745474,0.0
1788283740000,1788284640000,1,0.0035001998999999997,0.0035008996800000003,confirmed_pivot,-1.800274201481857,0.0
1788284640000,1788284940000,-1,0.0035008996800000003,0.00350049996,confirmed_pivot,-1.885709458546816,0.0
1788284940000,1788286620000,1,0.00350049996,0.00347020582,opposite_break,-10.645578119075319,0.0
1788286620000,1788286800000,-1,0.00347020582,0.00347649516,confirmed_pivot,-3.8141947960884863,0.0
1788286800000,1788287280000,1,0.00347649516,0.00346290728,opposite_break,-5.904591116991445,0.0
1788287280000,1788287400000,-1,0.00346290728,0.0034734945599999996,confirmed_pivot,-5.06039591103334,0.0
1788287400000,1788287820000,1,0.0034734945599999996,0.00345340918,opposite_break,-7.776688079799315,0.0
1788287820000,1788288060000,-1,0.00345340918,0.0034516902,confirmed_pivot,-1.5017390380597955,0.0
1788288060000,1788289620000,1,0.0034516902,0.0035017995,confirmed_pivot,12.502805234374772,0.0
1788289620000,1788290220000,-1,0.0035017995,0.0034990996799999998,confirmed_pivot,-1.2282482706390536,0.0
1788290220000,1788290700000,1,0.0034990996799999998,0.0034908016999999998,confirmed_pivot,-4.369089988313788,0.0
1788290700000,1788292080000,-1,0.0034908016999999998,0.0034921983,confirmed_pivot,-2.400480096019223,0.0
1788292080000,1788292500000,1,0.0034921983,0.0034819034800000004,opposite_break,-4.945000339757176,0.0
1788292500000,1788293160000,-1,0.0034819034800000004,0.00348099606,confirmed_pivot,-1.7391290639680315,0.0
1788293160000,1788294120000,1,0.00348099606,0.00348870212,confirmed_pivot,0.21153767694879644,0.0
1788294120000,1788294360000,-1,0.00348870212,0.00348559698,confirmed_pivot,-1.109054016913292,0.0
1788294360000,1788295320000,1,0.00348559698,0.003474305,opposite_break,-5.236371871081913,0.0
1788295320000,1788295860000,-1,0.003474305,0.0034771953,confirmed_pivot,-2.8327392960606086,0.0
1788295860000,1788296880000,1,0.0034771953,0.00347150556,opposite_break,-3.6346652314869323,0.0
1788296880000,1788297300000,-1,0.00347150556,0.00345849156,confirmed_pivot,1.752554554456768,0.0
1788297300000,1788298440000,1,0.00345849156,0.00345600866,opposite_break,-2.717196227594709,0.0
1788298440000,1788298620000,-1,0.00345600866,0.0034616922000000002,confirmed_pivot,-3.6461832419135956,0.0
1788298620000,1788299400000,1,0.0034616922000000002,0.0034657067200000004,confirmed_pivot,-0.8414609825795054,0.0
1788299400000,1788301500000,-1,0.0034657067200000004,0.00345689124,confirmed_pivot,0.5461749054173792,0.0
1788301500000,1788301800000,1,0.00345689124,0.00344891008,opposite_break,-4.306459268299114,0.0
1788301800000,1788302640000,-1,0.00344891008,0.0034523903399999996,confirmed_pivot,-3.0100988947788236,0.0
1788302640000,1788303120000,1,0.0034523903399999996,0.00346360714,confirmed_pivot,1.2457463080493856,0.0
1788303120000,1788304020000,-1,0.00346360714,0.00346579302,confirmed_pivot,-2.6317303872979045,0.0
1788304020000,1788304500000,1,0.00346579302,0.00345490888,opposite_break,-5.13730675699726,0.0
1788304500000,1788304620000,-1,0.00345490888,0.00345929172,confirmed_pivot,-3.26985196784696,0.0
1788304620000,1788306000000,1,0.00345929172,0.0034765045600000004,confirmed_pivot,2.9708519985705353,0.0
1788306000000,1788308580000,-1,0.0034765045600000004,0.0034786956,confirmed_pivot,-2.5309100011650068,0.09996247495213985
1788308580000,1788308940000,1,0.0034786956,0.00346750636,opposite_break,-5.2132879807018275,0.0
1788308940000,1788309120000,-1,0.00346750636,0.00347139414,confirmed_pivot,-3.122324626392345,0.0
1788309120000,1788311760000,1,0.00347139414,0.00347290528,confirmed_pivot,-1.5651231755550752,0.0
1788311760000,1788313320000,-1,0.00347290528,0.00344838954,confirmed_pivot,5.066203585028317,0.0
1788313320000,1788313500000,1,0.00344838954,0.0034405117600000003,opposite_break,-4.282196407543854,0.0
1788313500000,1788314880000,-1,0.0034405117600000003,0.0034586916,opposite_break,-7.28933516564983,0.0
1788314880000,1788315000000,1,0.0034586916,0.00345340918,confirmed_pivot,-3.5257612387297472,0.0
1788315000000,1788315180000,-1,0.00345340918,0.00346179222,opposite_break,-4.429895388185684,0.0
1788315180000,1788315300000,1,0.00346179222,0.0034518095,confirmed_pivot,-4.880801806181227,0.0
1788315300000,1788315420000,-1,0.0034518095,0.0034647928199999997,opposite_break,-5.765069688811001,0.0
1788315420000,1788316260000,1,0.0034647928199999997,0.00347470492,confirmed_pivot,0.8579451685657815,0.0
1788316260000,1788316560000,-1,0.00347470492,0.00348009588,opposite_break,-3.5530386275217047,0.0
1788316560000,1788316620000,1,0.00348009588,0.00347520482,confirmed_pivot,-3.4040328509568774,0.0
1788316620000,1788318000000,-1,0.00347520482,0.0034783955399999996,confirmed_pivot,-2.9190568284258505,0.0
1788318000000,1788318420000,1,0.0034783955399999996,0.00348440298,confirmed_pivot,-0.2746549404785177,0.0
1788318420000,1788318720000,-1,0.00348440298,0.00349289844,opposite_break,-4.440577484524982,0.0
1788318720000,1788318960000,1,0.00349289844,0.00348920202,confirmed_pivot,-3.0572089751340448,0.0
1788318960000,1788319140000,-1,0.00348920202,0.0034970992800000002,opposite_break,-4.265606065423528,0.0
1788319140000,1788320580000,1,0.0034970992800000002,0.0034825033600000004,opposite_break,-6.169548220546901,0.0
1788320580000,1788321480000,-1,0.0034825033600000004,0.00347689524,confirmed_pivot,-0.38801932412199713,0.0
1788321480000,1788321720000,1,0.00347689524,0.00347340518,opposite_break,-3.002782568738046,0.0
1788321720000,1788321840000,-1,0.00347340518,0.00347939574,confirmed_pivot,-3.7264183846239094,0.0
1788321840000,1788324120000,1,0.00347939574,0.0034749048800000004,confirmed_pivot,-3.2894104250410416,0.0
1788324120000,1788325740000,-1,0.0034749048800000004,0.00346579302,confirmed_pivot,0.6248119516872879,0.0
1788325740000,1788325860000,1,0.00346579302,0.00345340918,opposite_break,-5.56958886136831,0.0
1788325860000,1788326940000,-1,0.00345340918,0.00347629512,opposite_break,-8.633684207673294,0.0
1788326940000,1788327060000,1,0.00347629512,0.00347020582,confirmed_pivot,-3.749912044291574,0.0
1788327060000,1788328020000,-1,0.00347020582,0.00347359458,confirmed_pivot,-2.977506504210751,0.0
1788328020000,1788329940000,1,0.00347359458,0.00345400906,opposite_break,-7.6327628424616,0.0
1788329940000,1788330300000,-1,0.00345400906,0.0034521903,confirmed_pivot,-1.4729085163430973,0.0
1788330300000,1788330660000,1,0.0034521903,0.0034481102400000002,opposite_break,-3.1806938742629036,0.0
1788330660000,1788330900000,-1,0.0034481102400000002,0.0034515901799999998,confirmed_pivot,-3.0102403048457993,0.0
1788330900000,1788331440000,1,0.0034515901799999998,0.00346170752,confirmed_pivot,0.9282800485891987,0.0
1788331440000,1788332220000,-1,0.00346170752,0.0034580914799999998,confirmed_pivot,-0.9543726559543666,0.0
1788332220000,1788332700000,1,0.0034580914799999998,0.00346170752,confirmed_pivot,-0.9553706196342739,0.0
1788332700000,1788333120000,-1,0.00346170752,0.0034686936,opposite_break,-4.020120428891618,0.0
1788333120000,1788333360000,1,0.0034686936,0.00346420702,confirmed_pivot,-3.2921560497589097,0.0
1788333360000,1788335220000,-1,0.00346420702,0.00345849156,confirmed_pivot,-0.3484891558242431,0.0
1788335220000,1788335640000,1,0.00345849156,0.0034478103,opposite_break,-5.085327390534404,0.0
1788335640000,1788335760000,-1,0.0034478103,0.0034536906,confirmed_pivot,-3.7072227842697365,0.0
1788335760000,1788336180000,1,0.0034536906,0.00344301126,opposite_break,-5.188824053897569,-0.09976313454366759
1788336180000,1788336300000,-1,0.00344301126,0.00345479082,confirmed_pivot,-5.424717106501675,0.0
1788336300000,1788336540000,1,0.00345479082,0.00345400906,confirmed_pivot,-2.2260565923351745,0.0
1788336540000,1788337020000,-1,0.00345400906,0.0034588916399999996,opposite_break,-3.415011511289939,0.0
1788337020000,1788337860000,1,0.0034588916399999996,0.0034427113200000002,opposite_break,-6.673213665635199,0.0
1788337860000,1788338280000,-1,0.0034427113200000002,0.00344828952,confirmed_pivot,-3.621912986883734,0.0
1788338280000,1788338520000,1,0.00344828952,0.0034356127400000003,opposite_break,-5.672575387463283,0.0
1788338520000,1788338760000,-1,0.0034356127400000003,0.0034306859999999996,confirmed_pivot,-0.564545217048921,0.0
1788338760000,1788339540000,1,0.0034306859999999996,0.00341651656,opposite_break,-6.126075822736217,0.0
1788339540000,1788339660000,-1,0.00341651656,0.0034293857399999997,confirmed_pivot,-5.7705215103654295,0.0
1788339660000,1788340860000,1,0.0034293857399999997,0.00343571272,confirmed_pivot,-0.15691394926005175,0.0
1788340860000,1788341160000,-1,0.00343571272,0.003435687,confirmed_pivot,-1.9925064398282957,0.0
1788341160000,1788341460000,1,0.003435687,0.00343171352,confirmed_pivot,-3.1553748988194346,0.0
1788341460000,1788341700000,-1,0.00343171352,0.0034300858799999998,confirmed_pivot,-1.5252320362685217,0.0
1788341700000,1788342900000,1,0.0034300858799999998,0.00342351516,confirmed_pivot,-3.9136982307859123,0.0
1788342900000,1788344040000,-1,0.00342351516,0.00340548096,confirmed_pivot,3.273011322082235,0.0
1788344040000,1788345180000,1,0.00340548096,0.0034003198,opposite_break,-3.5140295601593525,0.0
1788345180000,1788345360000,-1,0.0034003198,0.00340838154,confirmed_pivot,-4.373247875096873,0.0
1788345360000,1788345660000,1,0.00340838154,0.0033988201000000003,opposite_break,-4.802467519525261,0.0
1788345660000,1788345780000,-1,0.0033988201000000003,0.0034067812199999998,confirmed_pivot,-4.344661054581684,0.0
1788345780000,1788346260000,1,0.0034067812199999998,0.0033837231200000003,opposite_break,-8.76152661778482,0.0
1788346260000,1788346380000,-1,0.0033837231200000003,0.0033896778,confirmed_pivot,-3.7615609991161865,0.0
1788346380000,1788346860000,1,0.0033896778,0.0034004197800000004,confirmed_pivot,1.16585783462968,0.0
1788346860000,1788347280000,-1,0.0034004197800000004,0.00339887964,confirmed_pivot,-1.5466206410550085,0.0
1788347280000,1788349260000,1,0.00339887964,0.0034064185800000003,confirmed_pivot,0.21584811988229813,0.0
1788349260000,1788350160000,-1,0.0034064185800000003,0.0034121823,opposite_break,-3.6937095616709263,0.0
1788350160000,1788350460000,1,0.0034121823,0.0034097179200000003,confirmed_pivot,-2.721507646294147,0.0
1788350460000,1788351720000,-1,0.0034097179200000003,0.00341788344,opposite_break,-4.397173523374549,0.0
1788351720000,1788352680000,1,0.00341788344,0.00340471892,opposite_break,-5.847806898880104,0.0
1788352680000,1788352860000,-1,0.00340471892,0.00340848156,confirmed_pivot,-3.106230126039327,0.0
1788352860000,1788353220000,1,0.00340848156,0.00339912004,opposite_break,-4.743790252454797,0.0
1788353220000,1788354060000,-1,0.00339912004,0.0033892777199999997,confirmed_pivot,0.8984449516529518,0.0
1788354060000,1788354480000,1,0.0033892777199999997,0.0033978203000000003,confirmed_pivot,0.5179516478220487,0.0
1788354480000,1788355020000,-1,0.0033978203000000003,0.0033944787600000003,confirmed_pivot,-1.0155802118199038,0.0
1788355020000,1788355260000,1,0.0033944787600000003,0.0033925213599999998,confirmed_pivot,-2.576065646084786,0.0
1788355260000,1788356400000,-1,0.0033925213599999998,0.00339027792,confirmed_pivot,-1.3380488428229558,0.0
1788356400000,1788358200000,1,0.00339027792,0.0034128173,confirmed_pivot,4.641591383163073,0.0
1788358200000,1788358500000,-1,0.0034128173,0.0034201838999999997,confirmed_pivot,-4.160668430741881,0.0
1788358500000,1788358680000,1,0.0034201838999999997,0.00341541678,confirmed_pivot,-3.3924259686736904,0.0
1788358680000,1788360300000,-1,0.00341541678,0.0034230844799999997,opposite_break,-4.2472711807663,0.0
1788360300000,1788360420000,1,0.0034230844799999997,0.0034133172,confirmed_pivot,-4.850503041046678,0.0
1788360420000,1788360960000,-1,0.0034133172,0.0034061811,confirmed_pivot,0.09275484270845613,0.0
1788360960000,1788361080000,1,0.0034061811,0.0034017195199999998,opposite_break,-3.308538298213257,0.0
1788361080000,1788361380000,-1,0.0034017195199999998,0.00339897966,confirmed_pivot,-1.1937607307495184,0.0
1788361380000,1788361740000,1,0.00339897966,0.0033853228000000003,opposite_break,-6.013911380687555,0.0
1788361740000,1788362160000,-1,0.0033853228000000003,0.0033807760199999998,confirmed_pivot,-0.6555708129220084,0.0
1788362160000,1788362280000,1,0.0033807760199999998,0.0033758247,opposite_break,-3.463086773787395,0.0
1788362280000,1788363300000,-1,0.0033758247,0.00339727932,opposite_break,-8.361726845591203,0.0
1788363300000,1788364920000,1,0.00339727932,0.00340471892,confirmed_pivot,0.08714966657493288,-0.10053044446165822
1788364920000,1788365280000,-1,0.00340471892,0.0034176833999999996,opposite_break,-5.811605241116255,0.0
1788365280000,1788366120000,1,0.0034176833999999996,0.00341411704,confirmed_pivot,-3.0424586548886934,0.0
1788366120000,1788366660000,-1,0.00341411704,0.00341448276,confirmed_pivot,-2.107227056281505,0.0
1788366660000,1788367020000,1,0.00341448276,0.0034037191200000003,opposite_break,-5.1491962665524245,0.0
1788367020000,1788367560000,-1,0.0034037191200000003,0.00339907968,confirmed_pivot,-0.6355867578167649,0.0
1788367560000,1788367980000,1,0.00339907968,0.0033923214000000004,opposite_break,-3.9862793331163355,0.0
1788367980000,1788368700000,-1,0.0033923214000000004,0.00338857758,confirmed_pivot,-0.8952804353973491,0.0
1788368700000,1788368820000,1,0.00338857758,0.00337742438,opposite_break,-5.288119140539178,0.0
1788368820000,1788370140000,-1,0.00337742438,0.0033778754399999998,confirmed_pivot,-2.1336850242075878,0.0
1788370140000,1788371820000,1,0.0033778754399999998,0.00339002186,confirmed_pivot,1.5922797615060258,0.0
1788371820000,1788372600000,-1,0.00339002186,0.0034011800999999998,opposite_break,-5.294786494385537,0.0
1788372600000,1788372780000,1,0.0034011800999999998,0.00339542078,confirmed_pivot,-3.691636582255593,0.0
1788372780000,1788375300000,-1,0.00339542078,0.0034071812999999997,opposite_break,-5.467105046108494,0.0
1788375300000,1788376260000,1,0.0034071812999999997,0.0034063186,confirmed_pivot,-2.2529472969341895,0.0
1788376260000,1788376980000,-1,0.0034063186,0.0034044807599999997,confirmed_pivot,-1.4599219697181862,0.0
1788376980000,1788377280000,1,0.0034044807599999997,0.0033951208400000003,opposite_break,-4.746545138354484,0.0
1788377280000,1788377580000,-1,0.0033951208400000003,0.0033948788399999997,confirmed_pivot,-1.9286499622792341,0.0
1788377580000,1788378840000,1,0.0033948788399999997,0.0033938211,confirmed_pivot,-2.3112577237070706,0.0
1788378840000,1788379200000,-1,0.0033938211,0.0034035805799999997,opposite_break,-4.878536962363639,0.0
1788379200000,1788379740000,1,0.0034035805799999997,0.0034172164200000003,confirmed_pivot,2.0023157494924564,0.0
1788379740000,1788380460000,-1,0.0034172164200000003,0.00340088004,confirmed_pivot,2.785390905970263,0.0
1788380460000,1788380880000,1,0.00340088004,0.00341211744,confirmed_pivot,1.3009581249446294,0.0
1788380880000,1788381360000,-1,0.00341211744,0.00342328452,opposite_break,-5.276044062539646,0.0
1788381360000,1788381660000,1,0.00342328452,0.0034169164799999997,confirmed_pivot,-3.8583532636078868,0.0
1788381660000,1788382440000,-1,0.0034169164799999997,0.0034230844799999997,opposite_break,-3.806941444468661,0.0
1788382440000,1788382500000,1,0.0034230844799999997,0.0034167165200000003,confirmed_pivot,-3.858438515662745,0.0
1788382500000,1788383340000,-1,0.0034167165200000003,0.00341488284,confirmed_pivot,-1.462784322534183,0.0
1788383340000,1788384420000,1,0.00341488284,0.0034048189000000003,confirmed_pivot,-4.944134991172798,0.0
1788384420000,1788384960000,-1,0.0034048189000000003,0.0034066812,confirmed_pivot,-2.5475070348087274,0.0
1788384960000,1788385560000,1,0.0034066812,0.00341491688,confirmed_pivot,0.4150907692800798,0.0
1788385560000,1788386040000,-1,0.00341491688,0.0034116821999999997,confirmed_pivot,-1.0518320668465928,0.0
1788386040000,1788386280000,1,0.0034116821999999997,0.0034104177799999997,confirmed_pivot,-2.370244209733254,0.0
1788386280000,1788387180000,-1,0.0034104177799999997,0.00339777942,confirmed_pivot,1.7095157180419038,0.0
1788387180000,1788387660000,1,0.00339777942,0.00339052176,opposite_break,-4.1338649287598725,0.0
1788387660000,1788388020000,-1,0.00339052176,0.0033930784799999997,confirmed_pivot,-2.754832707518042,0.0
1788388020000,1788388140000,1,0.0033930784799999997,0.00338842218,opposite_break,-3.3709213410235317,0.0
1788388140000,1788388680000,-1,0.00338842218,0.0034031805,opposite_break,-6.359869442242924,0.0
1788388680000,1788389160000,1,0.0034031805,0.00339692048,confirmed_pivot,-3.8376221831313497,0.0
1788389160000,1788389940000,-1,0.00339692048,0.0033975793799999997,confirmed_pivot,-2.1941637738895814,0.0
1788389940000,1788391800000,1,0.0033975793799999997,0.0034199158800000003,confirmed_pivot,4.567665094553457,0.0
1788391800000,1788392280000,-1,0.0034199158800000003,0.0034171833,confirmed_pivot,-1.200181327266925,0.0
1788392280000,1788393300000,1,0.0034171833,0.00342561474,confirmed_pivot,0.4648980814111221,0.0
1788393300000,1788394320000,-1,0.00342561474,0.0034271853,confirmed_pivot,-2.3587883207204183,0.10014552891607421
1788394320000,1788394560000,1,0.0034271853,0.0034163166,opposite_break,-5.168148305257851,0.0
1788394560000,1788394800000,-1,0.0034163166,0.00341828352,confirmed_pivot,-2.576318635105347,0.0
1788394800000,1788395220000,1,0.00341828352,0.00341141758,opposite_break,-4.006584304627753,0.0
1788395220000,1788395880000,-1,0.00341141758,0.0034076813999999998,confirmed_pivot,-0.9037061302825246,0.0
1788395880000,1788396600000,1,0.0034076813999999998,0.0034098179,confirmed_pivot,-1.37366107641389,0.0
1788396600000,1788397140000,-1,0.0034098179,0.0034125823799999997,confirmed_pivot,-2.811551983465021,0.0
1788397140000,1788397320000,1,0.0034125823799999997,0.00339802026,opposite_break,-6.262917714531365,0.0
1788397320000,1788397620000,-1,0.00339802026,0.0034230844799999997,opposite_break,-9.383500479776288,0.0
1788397620000,1788398400000,1,0.0034230844799999997,0.0034403118,confirmed_pivot,3.0276564252367866,0.0
1788398400000,1788401220000,-1,0.0034403118,0.00344288844,confirmed_pivot,-2.749704326218292,0.0
1788401220000,1788402000000,1,0.00344288844,0.00344171152,confirmed_pivot,-2.3414990350368896,0.0
1788402000000,1788402600000,-1,0.00344171152,0.00345499086,opposite_break,-5.862211943899256,0.0
1788402600000,1788403020000,1,0.00345499086,0.00346590668,confirmed_pivot,1.1562758403360842,0.0
1788403020000,1788403740000,-1,0.00346590668,0.00347299446,opposite_break,-4.047045242429943,0.0
1788403740000,1788404820000,1,0.00347299446,0.00346340718,opposite_break,-4.757762164699764,0.0
1788404820000,1788406320000,-1,0.00346340718,0.00346579302,confirmed_pivot,-2.6895596491775553,0.0
1788406320000,1788406560000,1,0.00346579302,0.00344931,opposite_break,-6.751159946649031,0.0
1788406560000,1788407100000,-1,0.00344931,0.00345199026,confirmed_pivot,-2.7778194073597207,0.0
1788407100000,1788408360000,1,0.00345199026,0.00345450896,confirmed_pivot,-1.2710925841373115,0.0
1788408360000,1788408540000,-1,0.00345450896,0.0034596918,opposite_break,-3.5018119507207635,0.0
1788408540000,1788408900000,1,0.0034596918,0.00344761034,opposite_break,-5.488570438557453,0.0
1788408900000,1788409860000,-1,0.00344761034,0.0034423883399999997,confirmed_pivot,-0.48381299378500153,0.0
1788409860000,1788410100000,1,0.0034423883399999997,0.00343771232,opposite_break,-3.357006682168758,0.0
1788410100000,1788410760000,-1,0.00343771232,0.0034421883,confirmed_pivot,-3.3033248750728217,0.0
1788410760000,1788412440000,1,0.0034421883,0.0034498099,opposite_break,0.21195871242719622,0.0
1788412440000,1788412560000,-1,0.0034498099,0.00345329052,confirmed_pivot,-3.0099398868325586,0.0
1788412560000,1788412680000,1,0.00345329052,0.0034432112200000003,opposite_break,-4.915833649582354,0.0
1788412680000,1788413400000,-1,0.0034432112200000003,0.0034151829,confirmed_pivot,6.148308810401784,0.0
1788413400000,1788414420000,1,0.0034151829,0.0034291140400000003,confirmed_pivot,2.075099128658767,0.0
1788414420000,1788414540000,-1,0.0034291140400000003,0.0034386876,opposite_break,-4.794638337545528,0.0
1788414540000,1788415260000,1,0.0034386876,0.00344851016,confirmed_pivot,0.8536286459985412,0.0
1788415260000,1788415620000,-1,0.00344851016,0.00345729132,opposite_break,-4.548909747158765,0.0
1788415620000,1788417960000,1,0.00345729132,0.0034543090000000005,confirmed_pivot,-2.861754883878136,0.0
1788417960000,1788418560000,-1,0.0034543090000000005,0.00345579102,confirmed_pivot,-2.4294641909567494,0.0
1788418560000,1788419280000,1,0.00345579102,0.0034738051000000004,confirmed_pivot,3.2075098916138556,0.0
1788419280000,1788419580000,-1,0.0034738051000000004,0.00347859558,opposite_break,-3.380408613021945,0.0
1788419580000,1788419700000,1,0.00347859558,0.003474305,confirmed_pivot,-3.2321896355655007,0.0
1788419700000,1788420540000,-1,0.003474305,0.00347179422,confirmed_pivot,-1.276606175911386,0.0
1788420540000,1788421500000,1,0.00347179422,0.00346860614,confirmed_pivot,-2.917361951250671,0.0
1788421500000,1788421920000,-1,0.00346860614,0.0034582915199999997,confirmed_pivot,0.9766811806428124,0.0
1788421920000,1788422100000,1,0.0034582915199999997,0.00345760834,opposite_break,-2.197350864163046,0.0
1788422100000,1788422280000,-1,0.00345760834,0.00346089204,confirmed_pivot,-2.9506524096364246,0.0
1788422280000,1788423000000,1,0.00346089204,0.00348510284,confirmed_pivot,4.888496065309232,-0.10004588296836904
1788423000000,1788424140000,-1,0.00348510284,0.00348209628,confirmed_pivot,-1.136448277663965,0.0
1788424140000,1788424560000,1,0.00348209628,0.0034713056,opposite_break,-5.09580449625017,0.0
1788424560000,1788424620000,-1,0.0034713056,0.00347409468,confirmed_pivot,-2.8042706121869876,0.0
1788424620000,1788424860000,1,0.00347409468,0.00346990588,opposite_break,-3.2045184675277363,0.0
1788424860000,1788426420000,-1,0.00346990588,0.0034647928199999997,confirmed_pivot,-0.5249821646458146,0.0
1788426420000,1788426840000,1,0.0034647928199999997,0.00346870612,confirmed_pivot,-0.8716824055296746,0.0
1788426840000,1788427620000,-1,0.00346870612,0.00346449276,confirmed_pivot,-0.7841076141670459,0.0
1788427620000,1788427740000,1,0.00346449276,0.00345940798,opposite_break,-3.4662161453038136,0.0
1788427740000,1788429180000,-1,0.00345940798,0.0034528904399999997,confirmed_pivot,-0.11411155385027316,0.0
1788429180000,1788429660000,1,0.0034528904399999997,0.00345010984,opposite_break,-2.804491033894415,0.0
1788429660000,1788430740000,-1,0.00345010984,0.00345899166,confirmed_pivot,-4.576932976719452,0.0
1788430740000,1788431040000,1,0.00345899166,0.0034573084000000002,confirmed_pivot,-2.486146514733135,0.0
1788431040000,1788431580000,-1,0.0034573084000000002,0.00345379062,confirmed_pivot,-0.9814915614701573,0.0
1788431580000,1788431760000,1,0.00345379062,0.00344421102,opposite_break,-4.770874512364103,0.0
1788431760000,1788432000000,-1,0.00344421102,0.00344978982,confirmed_pivot,-3.621381142901134,0.0
1788432000000,1788433080000,1,0.00344978982,0.00345910804,confirmed_pivot,0.6983967910253446,0.0
1788433080000,1788434220000,-1,0.00345910804,0.00346799346,opposite_break,-4.571271355837664,0.0
1788434220000,1788434520000,1,0.00346799346,0.00346220742,confirmed_pivot,-3.666743039359611,0.0
1788434520000,1788434820000,-1,0.00346220742,0.00347359458,opposite_break,-5.292277376033019,0.0
1788434820000,1788435360000,1,0.00347359458,0.00347840418,confirmed_pivot,-0.6167670724542775,0.0
1788435360000,1788435600000,-1,0.00347840418,0.00348089604,opposite_break,-2.71709661411455,0.0
1788435600000,1788435900000,1,0.00348089604,0.0034792040200000004,confirmed_pivot,-2.485601397047087,0.0
1788435900000,1788436020000,-1,0.0034792040200000004,0.00348439674,opposite_break,-3.4939948017189026,0.0
1788436020000,1788436140000,1,0.00348439674,0.00347550476,confirmed_pivot,-4.5493905208968854,0.0
1788436140000,1788437160000,-1,0.00347550476,0.00348279642,confirmed_pivot,-4.100112692695592,0.0
1788437160000,1788437820000,1,0.00348279642,0.00348260334,confirmed_pivot,-2.0553827719852795,0.0
1788437820000,1788438600000,-1,0.00348260334,0.0034745947799999996,confirmed_pivot,0.30188964328055024,0.0
1788438600000,1788438960000,1,0.0034745947799999996,0.00348670252,confirmed_pivot,1.4811634236094804,0.0
1788438960000,1788439620000,-1,0.00348670252,0.00348889764,confirmed_pivot,-2.6301986210168367,0.0
1788439620000,1788440400000,1,0.00348889764,0.0035030992400000003,confirmed_pivot,2.0664415709256376,0.0
1788440400000,1788441180000,-1,0.0035030992400000003,0.00350190024,opposite_break,-1.6573893807243842,0.0
1788441180000,1788442200000,1,0.00350190024,0.00348860214,opposite_break,-5.793598043786696,0.0
1788442200000,1788442260000,-1,0.00348860214,0.00349489884,confirmed_pivot,-3.8067399052848305,0.0
1788442260000,1788443100000,1,0.00349489884,0.0035052988000000003,confirmed_pivot,0.9727784738972336,0.0
1788443100000,1788443400000,-1,0.0035052988000000003,0.00350160018,confirmed_pivot,-0.943793715959263,0.0
1788443400000,1788443820000,1,0.00350160018,0.0034922014200000004,opposite_break,-4.681448696978145,0.0
1788443820000,1788443940000,-1,0.0034922014200000004,0.00350230032,confirmed_pivot,-4.894735350058785,0.0
1788443940000,1788445140000,1,0.00350230032,0.00350769832,confirmed_pivot,-0.46026853573761817,0.0
1788445140000,1788445440000,-1,0.00350769832,0.00352750536,opposite_break,-7.652380915129553,0.0
1788445440000,1788447240000,1,0.00352750536,0.00369756034,confirmed_pivot,46.16007565754621,0.0
1788447240000,1788449400000,-1,0.00369756034,0.0037570512600000002,opposite_break,-18.10532498301309,0.0
1788449400000,1788450180000,1,0.0037570512600000002,0.00381393706,confirmed_pivot,13.125935279360508,0.0
1788450180000,1788450540000,-1,0.00381393706,0.0037905579599999996,confirmed_pivot,4.136042292213518,0.0
1788450540000,1788452100000,1,0.0037905579599999996,0.00379714042,opposite_break,-0.3669969948169498,-0.1018016355565765
1788452100000,1788452220000,-1,0.00379714042,0.0038092617,confirmed_pivot,-5.1954049463358185,0.0
1788452220000,1788452340000,1,0.0038092617,0.00377814422,opposite_break,-10.160731650440189,0.0
1788452340000,1788452880000,-1,0.00377814422,0.00378715728,confirmed_pivot,-4.387964178879267,0.0
1788452880000,1788453720000,1,0.00378715728,0.00381683648,confirmed_pivot,5.828964737371555,0.0
1788453720000,1788454260000,-1,0.00381683648,0.0038547708,opposite_break,-11.94861962752984,0.0
1788454260000,1788454680000,1,0.0038547708,0.0038467304999999998,confirmed_pivot,-4.08371914096684,0.0
1788454680000,1788456300000,-1,0.0038467304999999998,0.0038084615399999995,confirmed_pivot,7.958386468716805,0.0
1788456300000,1788457860000,1,0.0038084615399999995,0.00383693246,confirmed_pivot,5.468225366403539,0.0
1788457860000,1788458520000,-1,0.00383693246,0.00384986982,opposite_break,-5.3751694863036645,0.0
1788458520000,1788459360000,1,0.00384986982,0.00385642856,confirmed_pivot,-0.29807719056851045,0.0
1788459360000,1788463080000,-1,0.00385642856,0.00381256236,confirmed_pivot,9.386199826297231,0.0
1788463080000,1788463500000,1,0.00381256236,0.00381493686,confirmed_pivot,-1.3778133244750295,0.0
1788463500000,1788465120000,-1,0.00381493686,0.0037862570999999995,confirmed_pivot,5.52527258341063,0.0
1788465120000,1788465660000,1,0.0037862570999999995,0.00378954194,confirmed_pivot,-1.133298380609007,0.0
1788465660000,1788465840000,-1,0.00378954194,0.00379695924,confirmed_pivot,-3.959265108436742,0.0
1788465840000,1788466380000,1,0.00379695924,0.0037753447800000003,opposite_break,-7.68687841379081,0.0
1788466380000,1788467220000,-1,0.0037753447800000003,0.0037837566,confirmed_pivot,-4.230321284722397,0.0
1788467220000,1788467580000,1,0.0037837566,0.00376734638,opposite_break,-6.332680854788514,0.0
1788467580000,1788467940000,-1,0.00376734638,0.00376585302,confirmed_pivot,-1.603207879175613,0.0
1788467940000,1788468180000,1,0.00376585302,0.00375614862,opposite_break,-4.57436908676798,0.0
1788468180000,1788471780000,-1,0.00375614862,0.00378255636,confirmed_pivot,-9.03756704387274,0.0
1788471780000,1788472620000,1,0.00378255636,0.00376494686,opposite_break,-6.650794020158419,0.0
1788472620000,1788473100000,-1,0.00376494686,0.00374504886,confirmed_pivot,3.2903530224062614,0.0
1788473100000,1788474300000,1,0.00374504886,0.0037132572,opposite_break,-10.480495055543857,0.0
1788474300000,1788475020000,-1,0.0037132572,0.0036892377,confirmed_pivot,4.475048240665867,0.0
1788475020000,1788475800000,1,0.0036892377,0.0036847629,opposite_break,-3.211720567639166,0.0
1788475800000,1788476280000,-1,0.0036847629,0.0036716341799999997,confirmed_pivot,1.5665384928838781,0.0
1788476280000,1788477060000,1,0.0036716341799999997,0.00366416702,opposite_break,-4.031709172072124,0.0
1788477060000,1788478620000,-1,0.00366416702,0.00368243634,opposite_break,-6.9909267836812745,0.0
1788478620000,1788479040000,1,0.00368243634,0.00369406104,confirmed_pivot,1.1536391203439647,0.0
1788479040000,1788479580000,-1,0.00369406104,0.0037090416599999997,opposite_break,-6.059380843365715,0.0
1788479580000,1788479760000,1,0.0037090416599999997,0.0037046589200000002,confirmed_pivot,-3.180455131366594,0.0
1788479760000,1788480600000,-1,0.0037046589200000002,0.00370614108,confirmed_pivot,-2.300296784136859,0.10018331188232572
1788480600000,1788481140000,1,0.00370614108,0.00369596066,confirmed_pivot,-4.744158778758718,0.0
1788481140000,1788481920000,-1,0.00369596066,0.0036998398199999997,confirmed_pivot,-3.050617016037132,0.0
1788481920000,1788482580000,1,0.0036998398199999997,0.00370315922,confirmed_pivot,-1.1037231984814788,0.0
1788482580000,1788483180000,-1,0.00370315922,0.00368933772,confirmed_pivot,1.7360860492517443,0.0
1788483180000,1788483300000,1,0.00368933772,0.00367806424,opposite_break,-5.0526363739886255,0.0
1788483300000,1788484020000,-1,0.00367806424,0.0036685335600000002,confirmed_pivot,0.5938129563500141,0.0
1788484020000,1788485160000,1,0.0036685335600000002,0.00365196946,opposite_break,-6.510667717593455,0.0
1788485160000,1788485280000,-1,0.00365196946,0.00365913168,confirmed_pivot,-3.963155031422355,0.0
1788485280000,1788485640000,1,0.00365913168,0.00365096966,opposite_break,-4.22835871815355,0.0
1788485640000,1788485820000,-1,0.00365096966,0.0036559310399999997,confirmed_pivot,-3.3602801015880597,0.0
1788485820000,1788486060000,1,0.0036559310399999997,0.00364617062,opposite_break,-4.6670797324447815,0.0
1788486060000,1788486720000,-1,0.00364617062,0.0036612321,opposite_break,-6.134897417389661,0.0
1788486720000,1788487200000,1,0.0036612321,0.0036647669,confirmed_pivot,-1.0354981318993166,0.0
1788487200000,1788488700000,-1,0.0036647669,0.00364862958,confirmed_pivot,2.407772106869959,0.0
1788488700000,1788489300000,1,0.00364862958,0.00365686848,confirmed_pivot,0.25582260943028623,0.0
1788489300000,1788489600000,-1,0.00365686848,0.00366963378,opposite_break,-5.494264387654485,0.0
1788489600000,1788491340000,1,0.00366963378,0.00368296326,confirmed_pivot,1.62874099115135,0.0
1788491340000,1788491700000,-1,0.00368296326,0.00367893564,confirmed_pivot,-0.9053250506767511,0.0
1788491700000,1788491940000,1,0.00367893564,0.00367206544,opposite_break,-3.865574848708154,0.0
1788491940000,1788492120000,-1,0.00367206544,0.00367853556,confirmed_pivot,-3.7637458334620875,0.0
1788492120000,1788492300000,1,0.00367853556,0.00367196546,opposite_break,-3.784277953262479,0.0
1788492300000,1788492960000,-1,0.00367196546,0.0036672333,confirmed_pivot,-0.7099845541575052,0.0
1788492960000,1788494400000,1,0.0036672333,0.00366236738,opposite_break,-3.3255371781227985,0.0
1788494400000,1788495060000,-1,0.00366236738,0.00366433272,confirmed_pivot,-2.5371676666691974,0.0
1788495060000,1788496560000,1,0.00366433272,0.00368396306,confirmed_pivot,3.3517819364394468,0.0
1788496560000,1788497580000,-1,0.00368396306,0.00366163218,confirmed_pivot,4.067707660456304,0.0
1788497580000,1788498120000,1,0.00366163218,0.00365796826,opposite_break,-2.999624183988873,0.0
1788498120000,1788499080000,-1,0.00365796826,0.0036630324599999996,confirmed_pivot,-3.385814156845519,0.0
1788499080000,1788499260000,1,0.0036630324599999996,0.00366106764,confirmed_pivot,-2.5358552514709243,0.0
1788499260000,1788499980000,-1,0.00366106764,0.0036555309600000002,confirmed_pivot,-0.48617473781503784,0.0
1788499980000,1788500220000,1,0.0036555309600000002,0.0036502698,opposite_break,-3.4377935510632693,0.0
1788500220000,1788500580000,-1,0.0036502698,0.0036502299,confirmed_pivot,-1.989058370425068,0.0
1788500580000,1788500880000,1,0.0036502299,0.00363307324,opposite_break,-6.695458590156172,0.0
1788500880000,1788502020000,-1,0.00363307324,0.0036326263799999997,confirmed_pivot,-1.8768792065418605,0.0
1788502020000,1788502440000,1,0.0036326263799999997,0.00363997186,confirmed_pivot,0.020063103764728973,0.0
1788502440000,1788503280000,-1,0.00363997186,0.00362552496,confirmed_pivot,1.9729282137912727,0.0
1788503280000,1788504420000,1,0.00362552496,0.00363517282,confirmed_pivot,0.6584321570910512,0.0
1788504420000,1788504840000,-1,0.00363517282,0.0036400278599999997,opposite_break,-3.336908939586435,0.0
1788504840000,1788505020000,1,0.0036400278599999997,0.00363637258,confirmed_pivot,-3.003185926164787,0.0
1788505020000,1788507600000,-1,0.00363637258,0.0036432285,confirmed_pivot,-3.8872587362870963,0.0
1788507600000,1788508380000,1,0.0036432285,0.0036355727399999998,confirmed_pivot,-4.099265593689793,0.0
1788508380000,1788508800000,-1,0.0036355727399999998,0.00363212628,confirmed_pivot,-0.9512193173723357,0.0998500170292288
1788508800000,1788509340000,1,0.00363212628,0.00363517282,confirmed_pivot,-1.1620628729901847,0.0
1788509340000,1788510300000,-1,0.00363517282,0.00364362858,opposite_break,-4.328421832775503,0.0
1788510300000,1788511140000,1,0.00364362858,0.0036497699,confirmed_pivot,-0.3161898790463724,0.0
1788511140000,1788511380000,-1,0.0036497699,0.0036560310600000003,opposite_break,-3.7172099424679494,0.0
1788511380000,1788513600000,1,0.0036560310600000003,0.00369216142,confirmed_pivot,7.872517231841988,0.0
1788513600000,1788514080000,-1,0.00369216142,0.00367193424,confirmed_pivot,3.4838900245049373,0.0
1788514080000,1788515580000,1,0.00367193424,0.00366756634,opposite_break,-3.1883470168027266,0.0
1788515580000,1788515700000,-1,0.00366756634,0.00367683522,confirmed_pivot,-4.529783518517004,0.0
1788515700000,1788516000000,1,0.00367683522,0.00366386708,opposite_break,-5.523457289989676,0.0
1788516000000,1788516120000,-1,0.00366386708,0.00366643314,confirmed_pivot,-2.7010696632586484,0.0
1788516120000,1788516420000,1,0.00366643314,0.00365806824,opposite_break,-4.27920018746071,0.0
1788516420000,1788516780000,-1,0.00365806824,0.0036586315799999997,confirmed_pivot,-2.154153313443876,0.0
1788516780000,1788517020000,1,0.0036586315799999997,0.0036472704000000003,opposite_break,-5.102203261471705,0.0
1788517020000,1788517260000,-1,0.0036472704000000003,0.00364912968,confirmed_pivot,-2.510282780240159,0.0
1788517260000,1788517380000,1,0.00364912968,0.0036462706000000003,opposite_break,-2.7827129125210215,0.0
1788517380000,1788517500000,-1,0.0036462706000000003,0.0036492296999999997,confirmed_pivot,-2.8123530656225735,0.0
1788517500000,1788519000000,1,0.0036492296999999997,0.0036622674,confirmed_pivot,1.5691538682808241,0.0
1788519000000,1788519240000,-1,0.0036622674,0.00366053196,confirmed_pivot,-1.5256557617829651,0.0
1788519240000,1788519660000,1,0.00366053196,0.0036607677,confirmed_pivot,-1.9356639246499068,0.0
1788519660000,1788521220000,-1,0.0036607677,0.0036827364,opposite_break,-8.007119408314288,0.0
1788521220000,1788521400000,1,0.0036827364,0.00367946396,confirmed_pivot,-2.887700667362423,0.0
1788521400000,1788521580000,-1,0.00367946396,0.0036857369999999997,opposite_break,-3.7065836513858996,0.0
1788521580000,1788522360000,1,0.0036857369999999997,0.0036872624,confirmed_pivot,-1.586548199179652,0.0
1788522360000,1788523440000,-1,0.0036872624,0.0036877374,confirmed_pivot,-2.128950681676524,0.0
1788523440000,1788525060000,1,0.0036877374,0.00355598866,confirmed_pivot,-37.6904456537497,0.0
1788525060000,1788525300000,-1,0.00355598866,0.0035571112799999997,confirmed_pivot,-2.3160141179977196,0.0
1788525300000,1788525900000,1,0.0035571112799999997,0.00354409104,opposite_break,-5.6566805860512135,0.0
1788525900000,1788526740000,-1,0.00354409104,0.00354340854,confirmed_pivot,-1.807233366104543,0.0
1788526740000,1788526860000,1,0.00354340854,0.0035282942,opposite_break,-6.261215010787336,0.0
1788526860000,1788526980000,-1,0.0035282942,0.0035480094600000003,confirmed_pivot,-7.593347419838253,0.0
1788526980000,1788527460000,1,0.0035480094600000003,0.003524295,opposite_break,-8.67719345370632,0.0
1788527460000,1788527820000,-1,0.003524295,0.0035284055399999997,confirmed_pivot,-3.1675102509862127,0.0
1788527820000,1788529020000,1,0.0035284055399999997,0.00352169552,opposite_break,-3.899812791927409,0.0
1788529020000,1788529080000,-1,0.00352169552,0.0035441086799999997,confirmed_pivot,-8.370673737291055,0.0
1788529080000,1788529860000,1,0.0035441086799999997,0.0035632872,confirmed_pivot,3.405968950139652,0.0
1788529860000,1788531120000,-1,0.0035632872,0.00354440874,confirmed_pivot,3.3033441873560685,0.0
1788531120000,1788532680000,1,0.00354440874,0.0035161966199999998,opposite_break,-9.95165285592882,0.0
1788532680000,1788532800000,-1,0.0035161966199999998,0.00352410468,confirmed_pivot,-4.251287090993292,0.0
1788532800000,1788532920000,1,0.00352410468,0.00350769832,opposite_break,-6.650813505346816,0.0
1788532920000,1788533160000,-1,0.00350769832,0.00351230232,confirmed_pivot,-3.313854151516675,0.0
1788533160000,1788533280000,1,0.00351230232,0.003494301,opposite_break,-7.120094183692066,0.0
1788533280000,1788533520000,-1,0.003494301,0.0034967992199999996,confirmed_pivot,-2.7156562127875183,0.0
1788533520000,1788534420000,1,0.0034967992199999996,0.0034993000000000003,confirmed_pivot,-1.2855525688430336,0.0
1788534420000,1788535560000,-1,0.0034993000000000003,0.0035312061,opposite_break,-11.12696999399867,0.0
1788535560000,1788535920000,1,0.0035312061,0.00351789628,confirmed_pivot,-5.765430225100635,0.0
1788535920000,1788536760000,-1,0.00351789628,0.0035287056,opposite_break,-5.075738583173823,0.0
1788536760000,1788537900000,1,0.0035287056,0.00351049776,opposite_break,-7.1808193471849275,-0.026058870708851423
1788537900000,1788537960000,-1,0.00351049776,0.00351840354,confirmed_pivot,-4.254291647803191,0.0
1788537960000,1788538980000,1,0.00351840354,0.00352449496,confirmed_pivot,-0.27042904237180654,0.0
1788538980000,1788539340000,-1,0.00352449496,0.00352910568,opposite_break,-3.309501296605657,0.0
1788539340000,1788542160000,1,0.00352910568,0.00352569472,opposite_break,-2.9655559648755543,0.0
1788542160000,1788542340000,-1,0.00352569472,0.00352940574,confirmed_pivot,-3.05361675216166,0.0
1788542340000,1788543960000,1,0.00352940574,0.00351809624,opposite_break,-5.20115943937913,0.0
1788543960000,1788544080000,-1,0.00351809624,0.00352490484,confirmed_pivot,-3.937243365462863,0.0
1788544080000,1788545340000,1,0.00352490484,0.00354699046,confirmed_pivot,4.2593276645733145,0.0
1788545340000,1788546180000,-1,0.00354699046,0.00355141014,opposite_break,-3.247282655505013,0.0
1788546180000,1788546420000,1,0.00355141014,0.00354839018,confirmed_pivot,-2.8495048223295343,0.0
1788546420000,1788547980000,-1,0.00354839018,0.00354760938,confirmed_pivot,-1.779736511388954,0.0
1788547980000,1788548700000,1,0.00354760938,0.00355168952,confirmed_pivot,-0.8510403983654113,0.0
1788548700000,1788549420000,-1,0.00355168952,0.00355791144,opposite_break,-3.753571612870051,0.0
1788549420000,1788549780000,1,0.00355791144,0.00356048776,confirmed_pivot,-1.276613900204259,0.0
1788549780000,1788549900000,-1,0.00356048776,0.00357041394,opposite_break,-4.7906587101986435,0.0
1788549900000,1788550080000,1,0.00357041394,0.00356668652,confirmed_pivot,-3.04293021553682,0.0
1788550080000,1788550860000,-1,0.00356668652,0.00356451276,confirmed_pivot,-1.3899285098933103,0.0
1788550860000,1788552240000,1,0.00356451276,0.0035844829600000004,confirmed_pivot,3.596902337922981,0.0
1788552240000,1788552960000,-1,0.0035844829600000004,0.0035734145399999996,confirmed_pivot,1.0909585967179076,0.0
1788552960000,1788554340000,1,0.0035734145399999996,0.00357618462,confirmed_pivot,-1.225583852916047,0.0
1788554340000,1788554940000,-1,0.00357618462,0.00358601706,opposite_break,-4.752171234381059,0.0
1788554940000,1788555060000,1,0.00358601706,0.00357568472,confirmed_pivot,-4.8784045048575395,0.0
1788555060000,1788556620000,-1,0.00357568472,0.0035762151000000002,confirmed_pivot,-2.1484779620055834,0.0
1788556620000,1788557280000,1,0.0035762151000000002,0.0035674863600000002,opposite_break,-4.438335227654518,0.0
1788557280000,1788557460000,-1,0.0035674863600000002,0.0035722143,confirmed_pivot,-3.3266113622925406,0.0
1788557460000,1788558780000,1,0.0035722143,0.00354938998,opposite_break,-8.383014501677536,0.0
1788558780000,1788559260000,-1,0.00354938998,0.0035167032,confirmed_pivot,7.2183352532031435,0.0
1788559260000,1788561840000,1,0.0035167032,0.0035111976200000003,confirmed_pivot,-3.5639859570747072,0.0
1788561840000,1788562200000,-1,0.0035111976200000003,0.00351150216,confirmed_pivot,-2.08682067288471,0.0
1788562200000,1788563400000,1,0.00351150216,0.0035137971,confirmed_pivot,-1.3471041863177855,0.0
1788563400000,1788564120000,-1,0.0035137971,0.00351830352,opposite_break,-3.2837754405341437,0.0
1788564120000,1788564660000,1,0.00351830352,0.0035171964200000003,confirmed_pivot,-2.314354032764004,0.0
1788564660000,1788565020000,-1,0.0035171964200000003,0.00352560498,opposite_break,-4.393090278421132,0.0
1788565020000,1788565740000,1,0.00352560498,0.0035220954400000002,confirmed_pivot,-2.9944478975632833,0.0
1788565740000,1788566760000,-1,0.0035220954400000002,0.00352150416,confirmed_pivot,-1.751102813414944,0.08085197313676427
1788566760000,1788567180000,1,0.00352150416,0.0035155967400000003,confirmed_pivot,-3.6758499527088246,0.0
1788567180000,1788567660000,-1,0.0035155967400000003,0.00351830352,confirmed_pivot,-2.7707046570989275,0.0
1788567660000,1788568440000,1,0.00351830352,0.0035041990200000003,opposite_break,-6.004883438822744,0.0
1788568440000,1788568740000,-1,0.0035041990200000003,0.00350350056,confirmed_pivot,-1.8004798083642344,0.0
1788568740000,1788568920000,1,0.00350350056,0.00349310124,opposite_break,-4.965297279701287,0.0
1788568920000,1788568980000,-1,0.00349310124,0.0035040006599999997,confirmed_pivot,-5.123390554806709,0.0
1788568980000,1788569280000,1,0.0035040006599999997,0.0034903018,opposite_break,-5.905581781482748,0.0
1788569280000,1788569460000,-1,0.0034903018,0.00349579902,confirmed_pivot,-3.576573469950276,0.0
1788569460000,1788570180000,1,0.00349579902,0.00348820222,opposite_break,-4.1709495187168235,0.0
1788570180000,1788570240000,-1,0.00348820222,0.00349579902,confirmed_pivot,-4.180033243600121,0.0
1788570240000,1788570780000,1,0.00349579902,0.0035027993,confirmed_pivot,0.00048105740365000926,0.0
1788570780000,1788571800000,-1,0.0035027993,0.00350430072,confirmed_pivot,-2.4290629554481553,0.0
1788571800000,1788573000000,1,0.00350430072,0.00348890208,opposite_break,-6.389817709480095,0.0
1788573000000,1788573120000,-1,0.00348890208,0.0034936986,confirmed_pivot,-3.376168321697393,0.0
1788573120000,1788573540000,1,0.0034936986,0.00348590268,opposite_break,-4.229191745389925,0.0
1788573540000,1788574200000,-1,0.00348590268,0.0034841967,confirmed_pivot,-1.5101165647000117,0.0
1788574200000,1788575160000,1,0.0034841967,0.0034848029,confirmed_pivot,-1.8261884009017482,0.0
1788575160000,1788575460000,-1,0.0034848029,0.00348329652,confirmed_pivot,-1.5672965090795066,0.0
1788575460000,1788575640000,1,0.00348329652,0.00345600866,opposite_break,-9.82608428064574,0.0
1788575640000,1788575820000,-1,0.00345600866,0.0034664931599999995,confirmed_pivot,-5.03673559081868,0.0
1788575820000,1788576180000,1,0.0034664931599999995,0.00346010784,opposite_break,-3.84016941201736,0.0
1788576180000,1788576240000,-1,0.00346010784,0.00346759338,confirmed_pivot,-4.165546822956765,0.0
1788576240000,1788578340000,1,0.00346759338,0.0034483102,confirmed_pivot,-7.555408235321946,0.0
1788578340000,1788578520000,-1,0.0034483102,0.00345529092,confirmed_pivot,-4.026413029779022,0.0
1788578520000,1788579180000,1,0.00345529092,0.00345540878,confirmed_pivot,-1.9659241022750027,0.0
1788579180000,1788579360000,-1,0.00345540878,0.0034588916399999996,confirmed_pivot,-3.0089523648196446,0.0
1788579360000,1788580020000,1,0.0034588916399999996,0.00346010784,confirmed_pivot,-1.6487360905007808,0.0
1788580020000,1788580740000,-1,0.00346010784,0.00346339254,confirmed_pivot,-2.9502549781800744,0.0
1788580740000,1788580920000,1,0.00346339254,0.00345760834,confirmed_pivot,-3.6684264729634326,0.0
1788580920000,1788581520000,-1,0.00345760834,0.00345659118,confirmed_pivot,-1.705525594607952,0.0
1788581520000,1788583020000,1,0.00345659118,0.00347410504,confirmed_pivot,3.0617343009017004,0.0
1788583020000,1788583200000,-1,0.00347410504,0.00347579502,opposite_break,-2.486936911959351,0.0
1788583200000,1788583560000,1,0.00347579502,0.0034768045,confirmed_pivot,-1.7098590353581948,0.0
1788583560000,1788584100000,-1,0.0034768045,0.0034841967,opposite_break,-4.128273879074822,0.0
1788584100000,1788584400000,1,0.0034841967,0.00347850416,confirmed_pivot,-3.632183240400825,0.0
1788584400000,1788585540000,-1,0.00347850416,0.00347639514,confirmed_pivot,-1.393092857476974,0.0
1788585540000,1788586440000,1,0.00347639514,0.0034762046200000002,confirmed_pivot,-2.0547490927627488,0.0
1788586440000,1788587460000,-1,0.0034762046200000002,0.00347499486,confirmed_pivot,-1.651640253558987,0.0
1788587460000,1788588840000,1,0.00347499486,0.0034868025000000004,confirmed_pivot,1.3944891532876804,0.0
1788588840000,1788589260000,-1,0.0034868025000000004,0.0034940986799999996,opposite_break,-4.094605639407231,0.0
1788589260000,1788589560000,1,0.0034940986799999996,0.00349450096,confirmed_pivot,-1.8849838665689247,0.0
1788589560000,1788589860000,-1,0.00349450096,0.00350250036,opposite_break,-4.2914285878462,0.0
1788589860000,1788590520000,1,0.00350250036,0.0035040990400000004,confirmed_pivot,-1.5440168006148207,0.0
1788590520000,1788590760000,-1,0.0035040990400000004,0.00350680122,opposite_break,-2.771919443235697,0.0
1788590760000,1788591660000,1,0.00350680122,0.0035089980600000003,confirmed_pivot,-1.3741752034635062,0.0
1788591660000,1788592080000,-1,0.0035089980600000003,0.0035166031800000002,opposite_break,-4.16948684206451,0.0
1788592080000,1788592200000,1,0.0035166031800000002,0.0035087981,confirmed_pivot,-4.217274603044682,0.0
1788592200000,1788593340000,-1,0.0035087981,0.00352000386,opposite_break,-5.196811398182132,0.0
1788593340000,1788593520000,1,0.00352000386,0.00351539678,confirmed_pivot,-3.307519282095305,0.0
1788593520000,1788593880000,-1,0.00351539678,0.0035233045199999998,opposite_break,-4.251708195511229,0.0
1788593880000,1788596040000,1,0.0035233045199999998,0.00351369712,confirmed_pivot,-4.787585203109188,-0.06349690886213832
1788596040000,1788596280000,-1,0.00351369712,0.0035220042600000003,opposite_break,-4.36658051505596,0.0
1788596280000,1788596400000,1,0.0035220042600000003,0.00351419702,confirmed_pivot,-4.214487031881162,0.0
1788596400000,1788596880000,-1,0.00351419702,0.00350990184,confirmed_pivot,-0.7765412253407954,0.0
1788596880000,1788597240000,1,0.00350990184,0.00350609864,opposite_break,-3.0824795031874093,0.0
1788597240000,1788597420000,-1,0.00350609864,0.00351000186,confirmed_pivot,-3.1143791493555835,0.0
1788597420000,1788599400000,1,0.00351000186,0.00353149356,confirmed_pivot,4.11686522012271,0.0
1788599400000,1788600720000,-1,0.00353149356,0.00352640514,confirmed_pivot,-0.5576900160055972,0.0
1788600720000,1788601020000,1,0.00352640514,0.00352709444,confirmed_pivot,-1.8047272866667838,0.0
1788601020000,1788603360000,-1,0.00352709444,0.0035316061799999998,confirmed_pivot,-3.2804453685112147,0.0
1788603360000,1788603660000,1,0.0035316061799999998,0.00352619462,confirmed_pivot,-3.5307902876078336,0.0
1788603660000,1788603840000,-1,0.00352619462,0.00352990584,confirmed_pivot,-3.0535241585729547,0.0
1788603840000,1788604560000,1,0.00352990584,0.00353049376,confirmed_pivot,-1.8336125362482654,0.0
1788604560000,1788605400000,-1,0.00353049376,0.00353680722,opposite_break,-3.790053711920418,0.0
1788605400000,1788605700000,1,0.00353680722,0.00353209344,confirmed_pivot,-3.331445545963305,0.0
1788605700000,1788608940000,-1,0.00353209344,0.0035227044,confirmed_pivot,0.6608664803613213,0.0
1788608940000,1788609300000,1,0.0035227044,0.00352669452,confirmed_pivot,-0.8684461063493971,0.0
1788609300000,1788610020000,-1,0.00352669452,0.00353150616,opposite_break,-3.3657127411194123,0.0
1788610020000,1788611160000,1,0.00353150616,0.00352409504,confirmed_pivot,-4.096473443500971,0.0
1788611160000,1788611520000,-1,0.00352409504,0.00352560498,confirmed_pivot,-2.428890232199852,0.0
1788611520000,1788613080000,1,0.00352560498,0.0035727853,confirmed_pivot,11.36880902635893,0.0
1788613080000,1788614160000,-1,0.0035727853,0.00358131612,opposite_break,-4.390110264952186,0.0
1788614160000,1788614220000,1,0.00358131612,0.00357308524,confirmed_pivot,-4.295985287107267,0.0
1788614220000,1788615660000,-1,0.00357308524,0.00357111408,confirmed_pivot,-1.4477794322085231,0.0
1788615660000,1788615900000,1,0.00357111408,0.00355868812,opposite_break,-5.476095627838359,0.0
1788615900000,1788615960000,-1,0.00355868812,0.0035647127999999997,confirmed_pivot,-3.6946426538776764,0.0
1788615960000,1788616800000,1,0.0035647127999999997,0.0035527893,opposite_break,-5.341524876842756,0.0
1788616800000,1788616920000,-1,0.0035527893,0.0035627124,confirmed_pivot,-4.795837934999483,0.0
1788616920000,1788617160000,1,0.0035627124,0.0035527893,opposite_break,-4.782480252966884,0.0
1788617160000,1788617220000,-1,0.0035527893,0.00355901166,confirmed_pivot,-3.7531527580315656,0.0
1788617220000,1788618120000,1,0.00355901166,0.00356548676,confirmed_pivot,-0.1824659433680591,0.0
1788618120000,1788618420000,-1,0.00356548676,0.0035777153999999997,opposite_break,-5.433154983865258,0.0
1788618420000,1788618600000,1,0.0035777153999999997,0.00357248536,confirmed_pivot,-3.460376071277098,0.0
1788618600000,1788620040000,-1,0.00357248536,0.0035669132399999996,confirmed_pivot,-0.43870819389431537,0.0
1788620040000,1788620460000,1,0.0035669132399999996,0.0035687861000000005,confirmed_pivot,-1.475460429197071,0.0
1788620460000,1788621660000,-1,0.0035687861000000005,0.00356551296,confirmed_pivot,-1.0819250444848574,0.0
1788621660000,1788622860000,1,0.00356551296,0.00356318722,confirmed_pivot,-2.651635342814661,0.0
1788622860000,1788627300000,-1,0.00356318722,0.00359111808,opposite_break,-9.746413296801123,0.10015471485666139
1788627300000,1788627600000,1,0.00359111808,0.00358218342,confirmed_pivot,-4.485500376528945,0.0
1788627600000,1788630300000,-1,0.00358218342,0.0035848168199999995,confirmed_pivot,-2.735873374122037,0.0
1788630300000,1788631320000,1,0.0035848168199999995,0.00365566872,confirmed_pivot,17.744676409993122,0.0
1788631320000,1788633060000,-1,0.00365566872,0.00363832752,confirmed_pivot,2.748390111235302,0.0
1788633060000,1788633720000,1,0.00363832752,0.00362267532,opposite_break,-6.297729578781777,0.0
1788633720000,1788633900000,-1,0.00362267532,0.00362732532,confirmed_pivot,-3.284865351940981,0.0
1788633900000,1788634260000,1,0.00362732532,0.00362117562,opposite_break,-3.693686051848199,0.0
1788634260000,1788635160000,-1,0.00362117562,0.00361732332,confirmed_pivot,-0.9351103882666598,0.0
1788635160000,1788636600000,1,0.00361732332,0.0036274743599999998,confirmed_pivot,0.8034234329929211,0.0
1788636600000,1788636720000,-1,0.0036274743599999998,0.00363312648,opposite_break,-3.5597000994377925,0.0
1788636720000,1788636780000,1,0.00363312648,0.0036246749200000003,confirmed_pivot,-4.323923619636696,0.0
1788636780000,1788637260000,-1,0.0036246749200000003,0.00362092404,confirmed_pivot,-0.964146864789675,0.0
1788637260000,1788637680000,1,0.00362092404,0.0036104777600000004,opposite_break,-4.882091312801923,0.0
1788637680000,1788637980000,-1,0.0036104777600000004,0.0036075213599999997,confirmed_pivot,-1.1803421605896531,0.0
1788637980000,1788639600000,1,0.0036075213599999997,0.00360437898,opposite_break,-2.8701923860541187,0.0
1788639600000,1788639660000,-1,0.00360437898,0.0036156229799999997,confirmed_pivot,-5.122658317133917,0.0
1788639660000,1788640800000,1,0.0036156229799999997,0.0036104777600000004,confirmed_pivot,-3.421629082576347,0.0
1788640800000,1788640980000,-1,0.0036104777600000004,0.00362082402,opposite_break,-4.8684863745011535,0.0
1788640980000,1788642240000,1,0.00362082402,0.0036209756599999998,confirmed_pivot,-1.9581619103377665,0.0
1788642240000,1788642420000,-1,0.0036209756599999998,0.00362242434,confirmed_pivot,-2.4004800960192405,0.0
1788642420000,1788643860000,1,0.00362242434,0.0036456707200000003,confirmed_pivot,4.41093683132673,0.0
1788643860000,1788644580000,-1,0.0036456707200000003,0.0036494297399999997,confirmed_pivot,-3.032122566461341,0.0
1788644580000,1788645300000,1,0.0036494297399999997,0.0036430712400000002,confirmed_pivot,-3.740584681046483,0.0
1788645300000,1788646260000,-1,0.0036430712400000002,0.00364852956,confirmed_pivot,-3.499772571013427,0.0
1788646260000,1788646440000,1,0.00364852956,0.00364507084,confirmed_pivot,-2.947028446166729,0.0
1788646440000,1788648420000,-1,0.00364507084,0.00362202426,confirmed_pivot,4.328992656834055,0.0
1788648420000,1788648960000,1,0.00362202426,0.0036278742800000003,confirmed_pivot,-0.38649065812709216,0.0
1788648960000,1788650160000,-1,0.0036278742800000003,0.0036182235,confirmed_pivot,0.6628350473049716,0.0
1788650160000,1788650580000,1,0.0036182235,0.00361387708,opposite_break,-3.2000567626627214,0.0
1788650580000,1788650880000,-1,0.00361387708,0.0036140226599999997,confirmed_pivot,-2.0403238894887528,0.0
1788650880000,1788652680000,1,0.0036140226599999997,0.0036072784000000004,opposite_break,-3.864270474717868,0.0
1788652680000,1788652800000,-1,0.0036072784000000004,0.00361412268,confirmed_pivot,-3.799115721148531,0.10013449474817357
1788652800000,1788654660000,1,0.00361412268,0.00362017582,confirmed_pivot,-0.3268174892170246,0.0
1788654660000,1788654780000,-1,0.00362017582,0.00362852556,opposite_break,-4.308752435123447,0.0
1788654780000,1788655200000,1,0.00362852556,0.00362417502,confirmed_pivot,-3.197783889939085,0.0
1788655200000,1788656280000,-1,0.00362417502,0.0036219242400000002,confirmed_pivot,-1.378332788133514,0.0
1788656280000,1788657000000,1,0.0036219242400000002,0.00362717442,confirmed_pivot,-0.5518941114020208,0.0
1788657000000,1788657660000,-1,0.00362717442,0.0036364271399999997,opposite_break,-4.5534952686393515,0.0
1788657660000,1788657720000,1,0.0036364271399999997,0.00363147356,confirmed_pivot,-3.360848500322123,0.0
1788657720000,1788658380000,-1,0.00363147356,0.00363092604,confirmed_pivot,-1.8490784771127073,0.0
1788658380000,1788659040000,1,0.00363092604,0.0036435711400000003,confirmed_pivot,1.4791275726454614,0.0
1788659040000,1788660480000,-1,0.0036435711400000003,0.00366103206,opposite_break,-6.79704670182445,0.0
1788660480000,1788660660000,1,0.00366103206,0.00365636858,confirmed_pivot,-3.272541852583518,0.0
1788660660000,1788661440000,-1,0.00365636858,0.0036397278,confirmed_pivot,2.5557280168948333,0.0
1788661440000,1788661560000,1,0.0036397278,0.0036364725600000003,opposite_break,-2.893469220417983,0.0
1788661560000,1788661740000,-1,0.0036364725600000003,0.0036391276799999997,confirmed_pivot,-2.7308662656317044,0.0
1788661740000,1788662580000,1,0.0036391276799999997,0.00365536878,confirmed_pivot,2.458447278222512,0.0
1788662580000,1788665340000,-1,0.00365536878,0.00365513088,confirmed_pivot,-1.9348525649989199,0.0
1788665340000,1788666300000,1,0.00365513088,0.0036830632400000002,confirmed_pivot,5.634316952283892,0.0
1788666300000,1788667860000,-1,0.0036830632400000002,0.0036554309399999996,confirmed_pivot,5.510034581974928,0.0
1788667860000,1788668040000,1,0.0036554309399999996,0.0036512696,opposite_break,-3.1372608943336875,0.0
1788668040000,1788668640000,-1,0.0036512696,0.00362762538,confirmed_pivot,4.482091659295761,0.0
1788668640000,1788670260000,1,0.00362762538,0.00363587268,confirmed_pivot,0.2711972259935944,0.0
1788670260000,1788672060000,-1,0.00363587268,0.0036377274,opposite_break,-2.5106269892817252,0.0
1788672060000,1788672420000,1,0.0036377274,0.00363787228,confirmed_pivot,-1.9602127636061868,0.0
1788672420000,1788672900000,-1,0.00363787228,0.00364612908,opposite_break,-4.2719480410125135,0.0
1788672900000,1788673380000,1,0.00364612908,0.0036597679000000003,confirmed_pivot,1.7368894191756015,0.0
1788673380000,1788673560000,-1,0.0036597679000000003,0.0036613321199999997,opposite_break,-2.427837027588405,0.0
1788673560000,1788673680000,1,0.0036613321199999997,0.00365246936,confirmed_pivot,-4.418217454689598,0.0
1788673680000,1788675120000,-1,0.00365246936,0.0036492296999999997,confirmed_pivot,-1.1121350132283296,0.0
1788675120000,1788675720000,1,0.0036492296999999997,0.00364237138,opposite_break,-3.8775090206022935,0.0
1788675720000,1788676320000,-1,0.00364237138,0.00363862758,confirmed_pivot,-0.9711252892614423,0.0
1788676320000,1788677220000,1,0.00363862758,0.00364337118,confirmed_pivot,-0.6976253282838125,0.0
1788677220000,1788678000000,-1,0.00364337118,0.0036414281400000002,confirmed_pivot,-1.4661584165026662,0.0
1788678000000,1788678600000,1,0.0036414281400000002,0.0036347729,opposite_break,-3.825817922085999,0.0
1788678600000,1788679020000,-1,0.0036347729,0.00362892564,confirmed_pivot,-0.38969106983270985,0.0
1788679020000,1788680280000,1,0.00362892564,0.00361897606,opposite_break,-4.7390008520537865,0.0
1788680280000,1788680400000,-1,0.00361897606,0.00362632512,confirmed_pivot,-4.032732170104492,0.0
1788680400000,1788680760000,1,0.00362632512,0.0036282742,confirmed_pivot,-1.4630567156648375,0.0
1788680760000,1788681420000,-1,0.0036282742,0.00363592704,opposite_break,-4.111332390479207,0.0
1788681420000,1788681600000,1,0.00363592704,0.0036315735400000004,confirmed_pivot,-3.2961136040836636,-0.09995470096121623
1788681600000,1788682140000,-1,0.0036315735400000004,0.00362982582,confirmed_pivot,-1.5182617945827273,0.0
1788682140000,1788682380000,1,0.00362982582,0.00362957394,confirmed_pivot,-2.0693223676501673,0.0
1788682380000,1788682860000,-1,0.00362957394,0.00362692524,confirmed_pivot,-1.2695151706980061,0.0
1788682860000,1788683160000,1,0.00362692524,0.0036207757000000004,opposite_break,-3.693828809109828,0.0
1788683160000,1788684000000,-1,0.0036207757000000004,0.0036177234,confirmed_pivot,-1.1561608469697662,0.0
1788684000000,1788684180000,1,0.0036177234,0.0036101778199999998,opposite_break,-4.0836403413263005,0.0
1788684180000,1788684720000,-1,0.0036101778199999998,0.0036142227,confirmed_pivot,-3.1215305954099266,0.0
1788684720000,1788685020000,1,0.0036142227,0.00361497686,confirmed_pivot,-1.791544156922112,0.0
1788685020000,1788685380000,-1,0.00361497686,0.00361652316,confirmed_pivot,-2.4281759911460057,0.0
1788685380000,1788685620000,1,0.00361652316,0.00361507684,confirmed_pivot,-2.39952009598081,0.0
1788685620000,1788686520000,-1,0.00361507684,0.00363362658,opposite_break,-7.136347182042119,0.0
1788686520000,1788687240000,1,0.00363362658,0.00363907204,confirmed_pivot,-0.502869125313343,0.0
1788687240000,1788687660000,-1,0.00363907204,0.00363712728,confirmed_pivot,-1.4650546242003455,0.0
1788687660000,1788690720000,1,0.00363712728,0.0036220754399999998,opposite_break,-6.134248543537474,0.0
1788690720000,1788690840000,-1,0.0036220754399999998,0.0036277253999999997,confirmed_pivot,-3.561427986160332,0.0
1788690840000,1788691140000,1,0.0036277253999999997,0.00362797426,confirmed_pivot,-1.9314691404150834,0.0
1788691140000,1788691380000,-1,0.00362797426,0.00363452676,opposite_break,-3.807910428780197,0.0
1788691380000,1788692220000,1,0.00363452676,0.00363517282,confirmed_pivot,-1.8224214643008505,0.0
1788692220000,1788692340000,-1,0.00363517282,0.00363952776,opposite_break,-3.1991988155325073,0.0
1788692340000,1788692460000,1,0.00363952776,0.0036367725,confirmed_pivot,-2.7562807379163794,0.0
1788692460000,1788693300000,-1,0.0036367725,0.0036377274,confirmed_pivot,-2.2628305454905226,0.0
1788693300000,1788693660000,1,0.0036377274,0.0036323733799999997,confirmed_pivot,-3.470331718643982,0.0
1788693660000,1788693900000,-1,0.0036323733799999997,0.0036441286800000003,opposite_break,-5.239494971742291,0.0
1788693900000,1788693960000,1,0.0036441286800000003,0.00363417302,confirmed_pivot,-4.7292407083715435,0.0
1788693960000,1788694920000,-1,0.00363417302,0.00363602706,confirmed_pivot,-2.510678503688906,0.0
1788694920000,1788696360000,1,0.00363602706,0.00362967392,opposite_break,-3.7455279499487686,0.0
1788696360000,1788696540000,-1,0.00362967392,0.0036353269199999997,confirmed_pivot,-3.558997619268113,0.0
1788696540000,1788697200000,1,0.0036353269199999997,0.0036387721000000002,confirmed_pivot,-1.0532530097731883,0.0
1788697200000,1788697680000,-1,0.0036387721000000002,0.0036347268,confirmed_pivot,-0.8871671023309303,0.0
1788697680000,1788698040000,1,0.0036347268,0.0036267745000000003,opposite_break,-4.185679457394031,0.0
1788698040000,1788698340000,-1,0.0036267745000000003,0.00363052596,confirmed_pivot,-3.035413549973854,0.0
1788698340000,1788698760000,1,0.00363052596,0.00362107564,opposite_break,-4.600413764841898,0.0
1788698760000,1788700080000,-1,0.00362107564,0.00362282442,confirmed_pivot,-2.483427841347077,0.0
1788700080000,1788700440000,1,0.00362282442,0.0036167765,opposite_break,-3.667724233789863,0.0
1788700440000,1788700920000,-1,0.0036167765,0.003595719,confirmed_pivot,3.8279955922076683,0.0
1788700920000,1788703380000,1,0.003595719,0.00361297726,confirmed_pivot,2.794869048443522,0.0
1788703380000,1788704160000,-1,0.00361297726,0.00360552096,confirmed_pivot,0.06581878680298447,0.0
1788704160000,1788704280000,1,0.00360552096,0.00359448096,opposite_break,-5.058908857376426,0.0
1788704280000,1788704820000,-1,0.00359448096,0.00358181622,confirmed_pivot,1.5269083022211878,0.0
1788704820000,1788706440000,1,0.00358181622,0.00357818422,confirmed_pivot,-3.0129966969661948,0.0
1788706440000,1788709140000,-1,0.00357818422,0.0035797158,opposite_break,-2.4284607738838595,0.0
1788709140000,1788710100000,1,0.0035797158,0.00357508484,confirmed_pivot,-3.292373277230525,0.0
1788710100000,1788710760000,-1,0.00357508484,0.00357731532,confirmed_pivot,-2.5244044725942834,0.1001151066389798
1788710760000,1788711900000,1,0.00357731532,0.00358888208,confirmed_pivot,1.2301299176500171,0.0
1788711900000,1788712080000,-1,0.00358888208,0.00359381862,opposite_break,-3.3768846202938216,0.0
1788712080000,1788712680000,1,0.00359381862,0.0036012796000000004,confirmed_pivot,0.07398308265216569,0.0
1788712680000,1788712860000,-1,0.0036012796000000004,0.00360612108,opposite_break,-3.345722081673303,0.0
1788712860000,1788713700000,1,0.00360612108,0.0035996799200000004,confirmed_pivot,-3.784387905244607,0.0
1788713700000,1788714000000,-1,0.0035996799200000004,0.00360282042,confirmed_pivot,-2.8733111192841103,0.0
1788714000000,1788714960000,1,0.00360282042,0.00358798226,opposite_break,-6.114365999957422,0.0
1788714960000,1788715980000,-1,0.00358798226,0.00358761738,confirmed_pivot,-1.8982032648066625,0.0
1788715980000,1788716700000,1,0.00358761738,0.0035980802400000004,confirmed_pivot,0.913464852263643,0.0
1788716700000,1788718620000,-1,0.0035980802400000004,0.00359741934,confirmed_pivot,-1.816135034275864,0.0
1788718620000,1788719040000,1,0.00359741934,0.0035972804,confirmed_pivot,-2.038583508588113,0.0
1788719040000,1788719580000,-1,0.0035972804,0.00360492084,opposite_break,-4.126072918863846,0.0
1788719580000,1788719700000,1,0.00360492084,0.00360007984,confirmed_pivot,-3.3415437438564632,0.0
1788719700000,1788720600000,-1,0.00360007984,0.00359631912,confirmed_pivot,-0.9543341016570492,0.0
1788720600000,1788720960000,1,0.00359631912,0.00359198146,opposite_break,-3.2049326534737705,0.0
1788720960000,1788721020000,-1,0.00359198146,0.00359841954,confirmed_pivot,-3.794140128997153,0.0
1788721020000,1788721500000,1,0.00359841954,0.00359947996,confirmed_pivot,-1.7056042053394735,0.0
1788721500000,1788721920000,-1,0.00359947996,0.00359751936,confirmed_pivot,-1.4547655156273536,0.0
1788721920000,1788723660000,1,0.00359751936,0.0035920814400000004,opposite_break,-3.510063334308067,0.0
1788723660000,1788723960000,-1,0.0035920814400000004,0.00359651916,confirmed_pivot,-3.2366528415902662,0.0
1788723960000,1788725100000,1,0.00359651916,0.0035953807800000004,confirmed_pivot,-2.3162061897648014,0.0
1788725100000,1788725460000,-1,0.0035953807800000004,0.00359731932,confirmed_pivot,-2.5397143331226006,0.0
1788725460000,1788727980000,1,0.00359731932,0.0036251748200000003,confirmed_pivot,5.735661481394543,0.0
1788727980000,1788728400000,-1,0.0036251748200000003,0.0036272253,opposite_break,-2.5661879997279096,0.0
1788728400000,1788728820000,1,0.0036272253,0.0036257747,confirmed_pivot,-2.3995200959808773,0.0
1788728820000,1788729240000,-1,0.0036257747,0.00363932772,opposite_break,-5.741703261374809,0.0
1788729240000,1788729600000,1,0.00363932772,0.0036452708,confirmed_pivot,-0.3686171247034271,0.0
1788729600000,1788730620000,-1,0.0036452708,0.00364632912,opposite_break,-2.290617179936257,0.0
1788730620000,1788730740000,1,0.00364632912,0.00364287128,confirmed_pivot,-2.9473588494941523,0.0
1788730740000,1788730980000,-1,0.00364287128,0.0036532304999999997,opposite_break,-4.846540111623078,0.0
1788730980000,1788731100000,1,0.0036532304999999997,0.0036413715800000003,confirmed_pivot,-5.242899970313773,0.0
1788731100000,1788731940000,-1,0.0036413715800000003,0.0036422283,confirmed_pivot,-2.2355092582997966,0.0
1788731940000,1788734640000,1,0.0036422283,0.0036223753800000004,confirmed_pivot,-7.4453113441570045,0.0
1788734640000,1788735180000,-1,0.0036223753800000004,0.0036272253,opposite_break,-3.3402172361274456,0.0
1788735180000,1788735300000,1,0.0036272253,0.0036236751199999998,confirmed_pivot,-2.9777804042115372,0.0
1788735300000,1788735420000,-1,0.0036236751199999998,0.00362962578,opposite_break,-3.6438037248770225,0.0
1788735420000,1788735480000,1,0.00362962578,0.00362107564,confirmed_pivot,-4.353297661446476,0.0
1788735480000,1788736140000,-1,0.00362107564,0.0036353269199999997,opposite_break,-5.939583896678721,0.0
1788736140000,1788737040000,1,0.0036353269199999997,0.0036424713600000003,confirmed_pivot,-0.03668398549405527,0.0
1788737040000,1788737280000,-1,0.0036424713600000003,0.00364582902,opposite_break,-2.9227300170178423,0.0
1788737280000,1788737400000,1,0.00364582902,0.00364237138,confirmed_pivot,-2.9474339967813843,0.0
1788737400000,1788737820000,-1,0.00364237138,0.0036472292999999998,opposite_break,-3.3350582388992507,0.0
1788737820000,1788738300000,1,0.0036472292999999998,0.00365136958,confirmed_pivot,-0.8659501830607921,0.0
1788738300000,1788739140000,-1,0.00365136958,0.00365563098,confirmed_pivot,-3.1682360020099356,0.0
1788739140000,1788740280000,1,0.00365563098,0.00365946796,confirmed_pivot,-1.0513613001495834,-0.09991982287008631
1788740280000,1788741000000,-1,0.00365946796,0.0036677334,opposite_break,-4.26090391566098,0.0
1788741000000,1788742020000,1,0.0036677334,0.0036543689800000003,opposite_break,-5.640137960954226,0.0
1788742020000,1788742200000,-1,0.0036543689800000003,0.0036613321199999997,confirmed_pivot,-3.9073342561044457,0.0
1788742200000,1788742740000,1,0.0036613321199999997,0.0036422714,opposite_break,-7.20074624642348,0.0
1788742740000,1788743520000,-1,0.0036422714,0.0036418282199999997,confirmed_pivot,-1.8782015036001183,0.0
1788743520000,1788743640000,1,0.0036418282199999997,0.00362937398,opposite_break,-5.416357117469906,0.0
1788743640000,1788744540000,-1,0.00362937398,0.00361142214,confirmed_pivot,2.951209751054672,0.0
1788744540000,1788745020000,1,0.00361142214,0.00360487888,opposite_break,-3.8100118143485,0.0
1788745020000,1788745920000,-1,0.00360487888,0.00359331852,confirmed_pivot,1.210071890126906,0.0
1788745920000,1788746700000,1,0.00359331852,0.0035857827,opposite_break,-4.0950784457594125,0.0
1788746700000,1788748140000,-1,0.0035857827,0.0036062211,opposite_break,-7.705543283479049,0.0
1788748140000,1788749340000,1,0.0036062211,0.0036473703800000003,confirmed_pivot,9.399226386867975,0.0
1788749340000,1788750180000,-1,0.0036473703800000003,0.00361062198,confirmed_pivot,8.08538880550985,0.0
1788750180000,1788750420000,1,0.00361062198,0.0036117774999999998,opposite_break,-1.6802865305772783,0.0
1788750420000,1788751140000,-1,0.0036117774999999998,0.00360512088,confirmed_pivot,-0.15512538632294648,0.0
1788751140000,1788751440000,1,0.00360512088,0.00359598066,opposite_break,-4.532808214741448,0.0
1788751440000,1788752460000,-1,0.00359598066,0.00357561498,confirmed_pivot,3.669119944599463,0.0
1788752460000,1788752700000,1,0.00357561498,0.0035707857,opposite_break,-3.3492646011903053,0.0
1788752700000,1788754260000,-1,0.0035707857,0.00358251636,opposite_break,-5.288461320991537,0.0
1788754260000,1788755100000,1,0.00358251636,0.0035866825200000004,confirmed_pivot,-0.8382484762747733,0.0
1788755100000,1788756300000,-1,0.0035866825200000004,0.0035932185,opposite_break,-3.8241134930447576,0.0
1788756300000,1788756660000,1,0.0035932185,0.0035907817,confirmed_pivot,-2.6774882184314786,0.0
1788756660000,1788757140000,-1,0.0035907817,0.0035962191,opposite_break,-3.515780644643412,0.0
1788757140000,1788757980000,1,0.0035962191,0.0036018794800000004,confirmed_pivot,-0.42759312968433183,0.0
1788757980000,1788758100000,-1,0.0036018794800000004,0.00361212228,opposite_break,-4.846581307600984,0.0
1788758100000,1788759600000,1,0.00361212228,0.00362667452,confirmed_pivot,2.0246942470618823,0.0
1788759600000,1788761400000,-1,0.00362667452,0.00361662318,confirmed_pivot,0.7742746928389959,0.0
1788761400000,1788761760000,1,0.00361662318,0.0036232752,confirmed_pivot,-0.1625489719943285,0.0
1788761760000,1788762660000,-1,0.0036232752,0.00361582302,confirmed_pivot,0.058809162494738,0.0
1788762660000,1788762840000,1,0.00361582302,0.00360437898,opposite_break,-5.161823987723838,0.0
1788762840000,1788763260000,-1,0.00360437898,0.00360292044,confirmed_pivot,-1.594937561199461,0.0
1788763260000,1788763380000,1,0.00360292044,0.0035969804600000004,opposite_break,-3.647008341932607,0.0
1788763380000,1788764220000,-1,0.0035969804600000004,0.0035972192999999997,confirmed_pivot,-2.0664665384363268,0.0
1788764220000,1788764700000,1,0.0035972192999999997,0.00359218142,opposite_break,-3.3990923822742167,0.0
1788764700000,1788764820000,-1,0.00359218142,0.00359781942,confirmed_pivot,-3.5710893577307363,0.0
1788764820000,1788765600000,1,0.00359781942,0.0036023793800000004,confirmed_pivot,-0.733844168310037,0.0
1788765600000,1788766260000,-1,0.0036023793800000004,0.00358681722,confirmed_pivot,2.3242869550292733,0.0
1788766260000,1788769500000,1,0.00358681722,0.00358218342,confirmed_pivot,-3.389934834761338,-0.09932928781913232
1788769500000,1788769920000,-1,0.00358218342,0.00359011788,opposite_break,-4.2171936857436805,0.0
1788769920000,1788770160000,1,0.00359011788,0.00358538278,confirmed_pivot,-3.3176071254795874,0.0
1788770160000,1788770520000,-1,0.00358538278,0.00359351856,opposite_break,-4.271421569107817,0.0
1788770520000,1788770760000,1,0.00359351856,0.00359308124,confirmed_pivot,-2.1215751839611636,0.0
1788770760000,1788770940000,-1,0.00359308124,0.0035967191999999996,opposite_break,-3.0135028174312986,0.0
1788770940000,1788771000000,1,0.0035967191999999996,0.00358738238,confirmed_pivot,-4.593330938928938,0.0
1788771000000,1788772200000,-1,0.00358738238,0.00360011988,opposite_break,-5.554189698618147,0.0
1788772200000,1788772380000,1,0.00360011988,0.00359788028,confirmed_pivot,-2.6214683051054415,0.0
1788772380000,1788773280000,-1,0.00359788028,0.0036026203799999997,confirmed_pivot,-3.3187876557136695,0.0
1788773280000,1788773820000,1,0.0036026203799999997,0.0035917815000000002,opposite_break,-5.005601472781186,0.0
1788773820000,1788774060000,-1,0.0035917815000000002,0.0035927184,confirmed_pivot,-2.261106334001627,0.0
1788774060000,1788774720000,1,0.0035927184,0.0035863825800000002,confirmed_pivot,-3.76175349005919,0.0
1788774720000,1788775260000,-1,0.0035863825800000002,0.00358341654,confirmed_pivot,-1.1721446405195417,0.0
1788775260000,1788776520000,1,0.00358341654,0.0035912816,confirmed_pivot,0.19265465019043604,0.0
1788776520000,1788777780000,-1,0.0035912816,0.0035987196,opposite_break,-4.073198047181764,0.0
1788777780000,1788779400000,1,0.0035987196,0.00359648056,opposite_break,-2.6215546662763263,0.0
1788779400000,1788779520000,-1,0.00359648056,0.00360312048,confirmed_pivot,-3.8480733620314402,0.0
1788779520000,1788783180000,1,0.00360312048,0.00361837618,confirmed_pivot,2.2297903677093482,0.0
1788783180000,1788783660000,-1,0.00361837618,0.0036277253999999997,opposite_break,-4.5864002951731875,0.0
1788783660000,1788783780000,1,0.0036277253999999997,0.0036212756,confirmed_pivot,-3.776140553526954,0.0
1788783780000,1788784200000,-1,0.0036212756,0.0036287256,opposite_break,-4.059343398221332,0.0
1788784200000,1788784440000,1,0.0036287256,0.00362657454,confirmed_pivot,-2.5921938379688756,0.0
1788784440000,1788784620000,-1,0.00362657454,0.00363832752,opposite_break,-5.244034515281146,0.0
1788784620000,1788785520000,1,0.00363832752,0.00368296326,confirmed_pivot,10.255934633394405,0.0
1788785520000,1788787440000,-1,0.00368296326,0.0036967392,opposite_break,-5.74419047014884,0.0
1788787440000,1788787560000,1,0.0036967392,0.00368656254,confirmed_pivot,-4.750121874975697,0.0
1788787560000,1788788340000,-1,0.00368656254,0.00366563298,confirmed_pivot,3.6829334461799723,0.0
1788788340000,1788788700000,1,0.00366563298,0.00365556874,opposite_break,-4.742821175730376,0.0
1788788700000,1788789300000,-1,0.00365556874,0.00367193424,opposite_break,-6.481345220169405,0.0
1788789300000,1788789480000,1,0.00367193424,0.0036656667200000003,confirmed_pivot,-3.7051646545825836,0.0
1788789480000,1788790980000,-1,0.0036656667200000003,0.00363632712,confirmed_pivot,6.011895745939607,0.0
1788790980000,1788793260000,1,0.00363632712,0.0036511696200000002,confirmed_pivot,2.0776467602288555,0.0
1788793260000,1788793800000,-1,0.0036511696200000002,0.0036352269,confirmed_pivot,2.370835754269966,0.0
1788793800000,1788793920000,1,0.0036352269,0.0036247748999999998,opposite_break,-4.87232359553683,0.0
1788793920000,1788794400000,-1,0.0036247748999999998,0.0036183235199999998,confirmed_pivot,-0.21841864442396597,0.0
1788794400000,1788796380000,1,0.0036183235199999998,0.0035641870200000003,opposite_break,-16.94680152315388,0.0
1788796380000,1788796740000,-1,0.0035641870200000003,0.0035642126999999996,confirmed_pivot,-2.0072122141332818,0.0
1788796740000,1788798360000,1,0.0035642126999999996,0.0035907817,confirmed_pivot,5.346986615024574,-0.09994016350371011
1788798360000,1788798600000,-1,0.0035907817,0.00359791944,opposite_break,-3.9897833778087985,0.0
1788798600000,1788799620000,1,0.00359791944,0.0036301738199999998,confirmed_pivot,6.9557662858620235,0.0
1788799620000,1788800880000,-1,0.0036301738199999998,0.00363432672,opposite_break,-3.1451388021965836,0.0
1788800880000,1788800940000,1,0.00363432672,0.0036267745000000003,confirmed_pivot,-4.0759464850754075,0.0
1788800940000,1788802140000,-1,0.0036267745000000003,0.00362852556,confirmed_pivot,-2.483297503056692,0.0
1788802140000,1788802440000,1,0.00362852556,0.0036171764199999998,opposite_break,-5.124627530527913,0.0
1788802440000,1788802740000,-1,0.0036171764199999998,0.0036178234199999997,confirmed_pivot,-2.179047667240927,0.0
1788802740000,1788803880000,1,0.0036178234199999997,0.00361637658,opposite_break,-2.3995200959807153,0.0
1788803880000,1788804300000,-1,0.00361637658,0.00361302246,confirmed_pivot,-1.0715916758867874,0.0
1788804300000,1788804540000,1,0.00361302246,0.00360807824,confirmed_pivot,-3.3670758581444775,0.0
1788804540000,1788804720000,-1,0.00360807824,0.00361052196,confirmed_pivot,-2.6779685908362403,0.0
1788804720000,1788804840000,1,0.00361052196,0.00360517882,opposite_break,-3.4784003307931624,0.0
1788804840000,1788805020000,-1,0.00360517882,0.0036072213,confirmed_pivot,-2.5671070929014537,0.0
1788805020000,1788805980000,1,0.0036072213,0.0035922814,opposite_break,-6.1375227242088375,0.0
1788805980000,1788806160000,-1,0.0035922814,0.00359531892,confirmed_pivot,-2.846414069900008,0.0
1788806160000,1788806820000,1,0.00359531892,0.00359038178,opposite_break,-3.3718401537518883,0.0
1788806820000,1788806880000,-1,0.00359038178,0.00359581902,confirmed_pivot,-3.5159048740493475,0.0
1788806880000,1788807360000,1,0.00359581902,0.00360247936,confirmed_pivot,-0.14960663398463936,0.0
1788807360000,1788807900000,-1,0.00360247936,0.00359301846,confirmed_pivot,0.6288452905945503,0.0
1788807900000,1788808140000,1,0.00359301846,0.00359018182,opposite_break,-2.7886971334958286,0.0
1788808140000,1788808260000,-1,0.00359018182,0.0035927184,confirmed_pivot,-2.7072389943749093,0.0
1788808260000,1788809160000,1,0.0035927184,0.0036110776400000003,confirmed_pivot,3.1050148433565656,0.0
1788809160000,1788810480000,-1,0.0036110776400000003,0.00362982582,opposite_break,-7.197043666997857,0.0
1788810480000,1788810900000,1,0.00362982582,0.0036311736200000003,confirmed_pivot,-1.6290587298758208,0.0
1788810900000,1788812400000,-1,0.0036311736200000003,0.0036287256,opposite_break,-1.325158123394744,0.0
1788812400000,1788812760000,1,0.0036287256,0.0036225753399999998,confirmed_pivot,-3.693186649329497,0.0
1788812760000,1788813240000,-1,0.0036225753399999998,0.0036342266999999998,opposite_break,-5.219535900666726,0.0
1788813240000,1788813480000,1,0.0036342266999999998,0.00363297326,confirmed_pivot,-2.344553783614998,0.0
1788813480000,1788816120000,-1,0.00363297326,0.0036380274599999997,opposite_break,-3.392593294231852,0.0
1788816120000,1788816900000,1,0.0036380274599999997,0.0036250748400000004,opposite_break,-5.55678111896367,0.0
1788816900000,1788817080000,-1,0.0036250748400000004,0.0036282255,confirmed_pivot,-2.869998772218306,0.0
1788817080000,1788817800000,1,0.0036282255,0.0036105777400000003,opposite_break,-6.85915559548312,0.0
1788817800000,1788818280000,-1,0.0036105777400000003,0.00363162618,opposite_break,-7.835489485956787,0.0
1788818280000,1788818400000,1,0.00363162618,0.0036207757000000004,confirmed_pivot,-4.984786699604518,0.0
1788818400000,1788818880000,-1,0.0036207757000000004,0.0036152229,confirmed_pivot,-0.4648723752756846,0.0
1788818880000,1788819360000,1,0.0036152229,0.00360447896,opposite_break,-4.968889154801448,0.0
1788819360000,1788819780000,-1,0.00360447896,0.00360632112,confirmed_pivot,-2.5115863292485296,0.0
1788819780000,1788820140000,1,0.00360632112,0.00360847816,confirmed_pivot,-1.4024705819874779,0.0
1788820140000,1788821220000,-1,0.00360847816,0.0035712140999999997,confirmed_pivot,8.337134494393103,0.0
1788821220000,1788822960000,1,0.0035712140999999997,0.00360357914,confirmed_pivot,7.053692681152942,0.0
1788822960000,1788823560000,-1,0.00360357914,0.00359861958,confirmed_pivot,-0.6223364696244587,0.0
1788823560000,1788824340000,1,0.00359861958,0.0036012796000000004,confirmed_pivot,-1.2615612956786608,0.0
1788824340000,1788824460000,-1,0.0036012796000000004,0.00361642314,opposite_break,-6.209249273508113,0.0
1788824460000,1788825060000,1,0.00361642314,0.0036288740800000004,confirmed_pivot,1.4394451585110613,0.0
1788825060000,1788825960000,-1,0.0036288740800000004,0.0036248248199999998,confirmed_pivot,-0.7832004741259612,0.09983895610949389
1788825960000,1788826800000,1,0.0036248248199999998,0.0036180762400000004,confirmed_pivot,-3.859905445030421,0.0
1788826800000,1788827520000,-1,0.0036180762400000004,0.00361432272,confirmed_pivot,-0.96152726731913,0.0
1788827520000,1788827940000,1,0.00361432272,0.003624275,confirmed_pivot,0.7508134968092504,0.0
1788827940000,1788828120000,-1,0.003624275,0.00363612708,opposite_break,-5.273463542363592,0.0
1788828120000,1788828240000,1,0.00363612708,0.0036290740399999998,confirmed_pivot,-3.9377724719126683,0.0
1788828240000,1788828480000,-1,0.0036290740399999998,0.00363412668,opposite_break,-3.393659259704778,0.0
1788828480000,1788829500000,1,0.00363412668,0.00363907204,confirmed_pivot,-0.6405496904692423,0.0
1788829500000,1788831480000,-1,0.00363907204,0.00364862958,opposite_break,-4.62899372005834,0.0
1788831480000,1788831600000,1,0.00364862958,0.0036437711,confirmed_pivot,-3.3302587762279128,0.0
1788831600000,1788832140000,-1,0.0036437711,0.0036465291599999997,confirmed_pivot,-2.757681529446128,0.0
1788832140000,1788832260000,1,0.0036465291599999997,0.0036417715,confirmed_pivot,-3.303404451590819,0.0
1788832260000,1788832800000,-1,0.0036417715,0.00365583102,opposite_break,-5.864487247483801,0.0
1788832800000,1788834180000,1,0.00365583102,0.00366536678,confirmed_pivot,0.6057616415761429,0.0
1788834180000,1788834300000,-1,0.00366536678,0.00367513488,opposite_break,-4.667637016124175,0.0
1788834300000,1788834360000,1,0.00367513488,0.0036652668,confirmed_pivot,-4.682408195042844,0.0
1788834360000,1788834720000,-1,0.0036652668,0.0036581314799999996,confirmed_pivot,-0.05131366698855766,0.0
1788834720000,1788834840000,1,0.0036581314799999996,0.00364497086,opposite_break,-5.594036860588619,0.0
1788834840000,1788837420000,-1,0.00364497086,0.0035972192999999997,confirmed_pivot,11.113770561117825,0.0
1788837420000,1788837600000,1,0.0035972192999999997,0.0035893819800000004,opposite_break,-4.176537493835663,0.0
1788837600000,1788837840000,-1,0.0035893819800000004,0.0035967191999999996,confirmed_pivot,-4.046189918187302,0.0
1788837840000,1788840240000,1,0.0035967191999999996,0.00360687848,confirmed_pivot,0.8217717746773834,0.0
1788840240000,1788841080000,-1,0.00360687848,0.0036032204999999996,confirmed_pivot,-0.9848180357880498,0.0
1788841080000,1788841440000,1,0.0036032204999999996,0.00359458094,opposite_break,-4.395335073165645,0.0
1788841440000,1788841560000,-1,0.00359458094,0.00360232032,confirmed_pivot,-4.155221849031414,0.0
1788841560000,1788842160000,1,0.00360232032,0.00360157954,confirmed_pivot,-2.2054340409127917,0.0
1788842160000,1788843720000,-1,0.00360157954,0.00360832152,confirmed_pivot,-3.873822833855771,0.0
1788843720000,1788843960000,1,0.00360832152,0.0036050788400000004,confirmed_pivot,-2.897768478236812,0.0
1788843960000,1788844080000,-1,0.0036050788400000004,0.00361842354,opposite_break,-5.705340518988365,0.0
1788844080000,1788844920000,1,0.00361842354,0.0036287741,confirmed_pivot,0.8576559171953784,0.0
1788844920000,1788845100000,-1,0.0036287741,0.00363232632,opposite_break,-2.9798824953032956,0.0
1788845100000,1788845340000,1,0.00363232632,0.0036317734999999998,confirmed_pivot,-2.1520422812673425,0.0
1788845340000,1788846480000,-1,0.0036317734999999998,0.0036113221199999997,confirmed_pivot,3.6368689787510453,0.0
1788846480000,1788846840000,1,0.0036113221199999997,0.0036032792,opposite_break,-4.224912874844731,0.0
1788846840000,1788847740000,-1,0.0036032792,0.00359631912,confirmed_pivot,-0.06647231777099616,0.0
1788847740000,1788848340000,1,0.00359631912,0.00358318322,opposite_break,-5.64894317276269,0.0
1788848340000,1788848580000,-1,0.00358318322,0.00358081602,confirmed_pivot,-1.338697729221854,0.0
1788848580000,1788849300000,1,0.00358081602,0.00357268532,opposite_break,-4.2683570601318115,0.0
1788849300000,1788849900000,-1,0.00357268532,0.0035745147599999996,confirmed_pivot,-2.5125750733623553,0.0
1788849900000,1788850140000,1,0.0035745147599999996,0.003574285,confirmed_pivot,-2.0642129786588415,0.0
1788850140000,1788850620000,-1,0.003574285,0.00358341654,opposite_break,-4.557342668533681,0.0
1788850620000,1788851400000,1,0.00358341654,0.0035936811200000004,confirmed_pivot,0.8616029717830582,0.0
1788851400000,1788852300000,-1,0.0035936811200000004,0.00360412068,opposite_break,-4.9078816987522815,0.0
1788852300000,1788852660000,1,0.00360412068,0.003609278,confirmed_pivot,-0.5704799762698252,0.0
1788852660000,1788853080000,-1,0.003609278,0.00361882362,opposite_break,-4.647389760500525,0.0
1788853080000,1788853380000,1,0.00361882362,0.0036090780399999998,confirmed_pivot,-4.690331290586661,0.0
1788853380000,1788854040000,-1,0.0036090780399999998,0.00360502086,confirmed_pivot,-0.8747161643532284,0.0
1788854040000,1788854580000,1,0.00360502086,0.00359458094,opposite_break,-4.993051219126621,-0.10000829787154131
1788854580000,1788854820000,-1,0.00359458094,0.00359751936,confirmed_pivot,-2.818275751498225,0.0
1788854820000,1788857340000,1,0.00359751936,0.00362017582,confirmed_pivot,4.29150291494196,0.0
1788857340000,1788857820000,-1,0.00362017582,0.00361792344,confirmed_pivot,-1.3772036243255963,0.0
1788857820000,1788858000000,1,0.00361792344,0.00361007784,opposite_break,-4.166368230279637,0.0
1788858000000,1788858120000,-1,0.00361007784,0.00361382262,confirmed_pivot,-3.0383501259907244,0.0
1788858120000,1788861120000,1,0.00361382262,0.00364267132,confirmed_pivot,5.974893715176303,0.0
1788861120000,1788861300000,-1,0.00364267132,0.0036530304599999997,opposite_break,-4.846674385104717,0.0
1788861300000,1788863040000,1,0.0036530304599999997,0.00363987188,confirmed_pivot,-5.598497621068156,0.0
1788863040000,1788863940000,-1,0.00363987188,0.00362782542,confirmed_pivot,1.3128931065563392,0.0
1788863940000,1788864540000,1,0.00362782542,0.00361767632,opposite_break,-4.794773652586659,0.0
1788864540000,1788865260000,-1,0.00361767632,0.00362182422,confirmed_pivot,-3.147711274512316,0.0
1788865260000,1788865680000,1,0.00362182422,0.0036050788400000004,opposite_break,-6.618842219791565,0.0
1788865680000,1788866460000,-1,0.0036050788400000004,0.00359661918,confirmed_pivot,0.34894160040077127,0.0
1788866460000,1788867600000,1,0.00359661918,0.00360197946,confirmed_pivot,-0.5111240718012273,0.0
1788867600000,1788867840000,-1,0.00360197946,0.0036142227,opposite_break,-5.402430073823973,0.0
1788867840000,1788868500000,1,0.0036142227,0.00360207944,confirmed_pivot,-5.356493981402938,0.0
1788868500000,1788869820000,-1,0.00360207944,0.0035961190799999997,confirmed_pivot,-0.34364553603502357,0.0
1788869820000,1788870360000,1,0.0035961190799999997,0.00360657854,confirmed_pivot,0.9056325187096752,0.0
1788870360000,1788870780000,-1,0.00360657854,0.0036222243,opposite_break,-6.3424552068675855,0.0
1788870780000,1788872880000,1,0.0036222243,0.0036326733200000003,confirmed_pivot,0.8818124211690597,0.0
1788872880000,1788875100000,-1,0.0036326733200000003,0.00356651316,confirmed_pivot,16.230739272751403,0.0
1788875100000,1788875940000,1,0.00356651316,0.0035963805800000004,confirmed_pivot,6.366029015297484,0.0
1788875940000,1788876360000,-1,0.0035963805800000004,0.00361452276,opposite_break,-7.0496107895231015,0.0
1788876360000,1788876900000,1,0.00361452276,0.00362217542,confirmed_pivot,0.11508070293637251,0.0
1788876900000,1788878100000,-1,0.00362217542,0.00362632512,confirmed_pivot,-3.1467831395090116,0.0
1788878100000,1788879120000,1,0.00362632512,0.0036380722400000003,confirmed_pivot,1.2361612628931278,0.0
1788879120000,1788879420000,-1,0.0036380722400000003,0.0036449288399999996,opposite_break,-3.8865641326570524,0.0
1788879420000,1788881220000,1,0.0036449288399999996,0.00365986788,confirmed_pivot,2.0944834906572676,0.0
1788881220000,1788882120000,-1,0.00365986788,0.00366793344,opposite_break,-4.205988255510398,0.0
1788882120000,1788882420000,1,0.00366793344,0.00367066572,confirmed_pivot,-1.2558349913786158,0.0
1788882420000,1788884340000,-1,0.00367066572,0.0036477294,confirmed_pivot,4.354834817265881,0.10004125355223031
1788884340000,1788884700000,1,0.0036477294,0.00364267132,opposite_break,-3.3852513072926245,0.0
1788884700000,1788885180000,-1,0.00364267132,0.00365203026,confirmed_pivot,-4.5718210941962845,0.0
1788885180000,1788885780000,1,0.00365203026,0.0036707657,confirmed_pivot,3.1250135479436505,0.0
1788885780000,1788887040000,-1,0.0036707657,0.00367803546,opposite_break,-3.982428287373354,0.0
1788887040000,1788887160000,1,0.00367803546,0.00367346516,confirmed_pivot,-3.2413501037860715,0.0
1788887160000,1788888540000,-1,0.00367346516,0.00365203026,confirmed_pivot,3.84089788944675,0.0
1788888540000,1788889140000,1,0.00365203026,0.00365896806,confirmed_pivot,-0.10218927375478493,0.0
1788889140000,1788890040000,-1,0.00365896806,0.00366103206,opposite_break,-2.5646575663193882,0.0
1788890040000,1788890160000,1,0.00366103206,0.00365336918,confirmed_pivot,-4.090999749398483,0.0
1788890160000,1788890460000,-1,0.00365336918,0.0036497298,confirmed_pivot,-1.002832946655455,0.0
1788890460000,1788891180000,1,0.0036497298,0.00365516882,confirmed_pivot,-0.5112374674968456,0.0
1788891180000,1788891360000,-1,0.00365516882,0.00366343254,opposite_break,-4.263092110749574,0.0
1788891360000,1788891960000,1,0.00366343254,0.0036757647,confirmed_pivot,1.3629192582320924,0.0
1788891960000,1788892980000,-1,0.0036757647,0.0036571312800000003,confirmed_pivot,3.0743328102584275,0.0
1788892980000,1788893340000,1,0.0036571312800000003,0.0036250748400000004,opposite_break,-10.756695100100396,0.0
1788893340000,1788893940000,-1,0.0036250748400000004,0.0036205239599999997,confirmed_pivot,-0.7433553564922573,0.0
1788893940000,1788896460000,1,0.0036205239599999997,0.0036402718000000003,confirmed_pivot,3.448960531116228,0.0
1788896460000,1788897600000,-1,0.0036402718000000003,0.0036373273199999997,confirmed_pivot,-1.1903284584407585,0.0
1788897600000,1788898560000,1,0.0036373273199999997,0.00366216742,confirmed_pivot,4.822388450869579,0.0
1788898560000,1788899820000,-1,0.00366216742,0.00364642914,confirmed_pivot,2.301829073669202,0.0
1788899820000,1788900900000,1,0.00364642914,0.0036435711400000003,confirmed_pivot,-2.782996704551259,0.0
1788900900000,1788902220000,-1,0.0036435711400000003,0.00366013188,opposite_break,-6.5497398302478995,0.0
1788902220000,1788902280000,1,0.00366013188,0.00365366912,confirmed_pivot,-3.763952079234928,0.0
1788902280000,1788903540000,-1,0.00365366912,0.00365002986,confirmed_pivot,-1.0029476834508793,0.0
1788903540000,1788903599999,1,0.00365002986,0.00364747036,sample_end,-2.7005259129578203,0.0
