entry_time,exit_time,side,entry_price,exit_price,reason,net_pnl,funding
1786313520000,1786314720000,1,0.00294619459,0.00294030594,opposite_break,-2.997731478761525,0.0
1786314720000,1786320600000,-1,0.00294030594,0.0028911890900000002,opposite_break,15.811056207640666,0.09803061514068158
1786320600000,1786322700000,1,0.0028911890900000002,0.00288551142,opposite_break,-2.9628018051909213,0.0
1786322700000,1786324620000,-1,0.00288551142,0.00290749072,opposite_break,-8.620933155066217,0.0
1786324620000,1786325580000,1,0.00290749072,0.00289561041,opposite_break,-5.08406113330611,0.0
1786325580000,1786326300000,-1,0.00289561041,0.00290339031,opposite_break,-3.688134399268224,0.0
1786326300000,1786328220000,1,0.00290339031,0.0029070092699999997,opposite_break,0.2458368093126172,0.0
1786328220000,1786329900000,-1,0.0029070092699999997,0.00290559053,opposite_break,-0.5117148800837372,0.0
1786329900000,1786331640000,1,0.00290559053,0.00289701027,opposite_break,-3.95154110032154,0.0
1786331640000,1786335360000,-1,0.00289701027,0.0029048904599999997,opposite_break,-3.7214712273007278,0.0
1786335360000,1786336860000,1,0.0029048904599999997,0.00287811216,opposite_break,-10.213741866879051,0.0
1786336860000,1786339500000,-1,0.00287811216,0.0028922892,opposite_break,-5.928275109334183,0.0
1786339500000,1786342260000,1,0.0028922892,0.00289751022,opposite_break,0.8042488593462984,0.0
1786342260000,1786350420000,-1,0.00289751022,0.0028975897299999996,opposite_break,-0.9276660894744827,0.09978843146237462
1786350420000,1786351140000,1,0.0028975897299999996,0.00288941103,opposite_break,-3.821176015832839,0.0
1786351140000,1786351980000,-1,0.00288941103,0.00289948992,opposite_break,-4.489960182300572,0.0
1786351980000,1786353600000,1,0.00289948992,0.00289361061,opposite_break,-3.026691075718563,0.0
1786353600000,1786357440000,-1,0.00289361061,0.0028794879200000002,opposite_break,3.8830866517316016,0.0
1786357440000,1786359900000,1,0.0028794879200000002,0.00287281269,opposite_break,-3.3170412831598908,0.0
1786359900000,1786360680000,-1,0.00287281269,0.00288118809,opposite_break,-3.91685835598277,0.0
1786360680000,1786365000000,1,0.00288118809,0.00288661131,opposite_break,0.8813448552052179,0.0
1786365000000,1786370520000,-1,0.00288661131,0.0028911890900000002,opposite_break,-2.586659372577709,0.0
1786370520000,1786372260000,1,0.0028911890900000002,0.0028819117800000004,opposite_break,-4.207217188620435,0.0
1786372260000,1786373040000,-1,0.0028819117800000004,0.00289018899,opposite_break,-3.873560760072851,0.0
1786373040000,1786373580000,1,0.00289018899,0.00287701227,opposite_break,-5.556840983606365,0.0
1786373580000,1786376520000,-1,0.00287701227,0.00286678665,opposite_break,2.556026825704193,0.0
1786376520000,1786378920000,1,0.00286678665,0.00286091388,opposite_break,-3.1476497440086937,-0.10011906536539787
1786378920000,1786380060000,-1,0.00286091388,0.00287248722,opposite_break,-5.047352404050662,0.0
1786380060000,1786380960000,1,0.00287248722,0.00285931404,opposite_break,-5.583690857987578,0.0
1786380960000,1786381920000,-1,0.00285931404,0.0028671866899999997,opposite_break,-3.7547118696342703,0.0
1786381920000,1786383960000,1,0.0028671866899999997,0.0028647135,opposite_break,-1.862152929776577,0.0
1786383960000,1786386300000,-1,0.0028647135,0.002870287,opposite_break,-2.946542560015236,0.0
1786386300000,1786386960000,1,0.002870287,0.00286191378,opposite_break,-3.9157479339173666,0.0
1786386960000,1786388580000,-1,0.00286191378,0.00286418639,opposite_break,-1.7944845581616167,0.0
1786388580000,1786391640000,1,0.00286418639,0.00286501347,opposite_break,-0.7113782598485849,0.0
1786391640000,1786394040000,-1,0.00286501347,0.00286918689,opposite_break,-2.45741259289792,0.0
1786394040000,1786396500000,1,0.00286918689,0.00286421355,opposite_break,-2.732495484112599,0.0
1786396500000,1786397400000,-1,0.00286421355,0.00286788676,opposite_break,-2.283090991940902,0.0
1786397400000,1786398720000,1,0.00286788676,0.00286661331,opposite_break,-1.4438157366436333,0.0
1786398720000,1786399860000,-1,0.00286661331,0.00287318729,opposite_break,-3.2944381675251906,0.0
1786399860000,1786401300000,1,0.00287318729,0.00287201277,opposite_break,-1.4085820454815219,0.0
1786401300000,1786403700000,-1,0.00287201277,0.00287768774,opposite_break,-2.9769436766814272,0.0
1786403700000,1786404240000,1,0.00287768774,0.00287201277,opposite_break,-2.9710729681184276,0.0
1786404240000,1786408200000,-1,0.00287201277,0.00288658863,opposite_break,-5.977549222387259,0.1001259475597666
1786408200000,1786408860000,1,0.00288658863,0.00287441253,opposite_break,-5.2160534492232316,0.0
1786408860000,1786409820000,-1,0.00287441253,0.00288288826,opposite_break,-3.9501568673582477,0.0
1786409820000,1786410180000,1,0.00288288826,0.00287521245,opposite_break,-3.6612103567967482,0.0
1786410180000,1786413000000,-1,0.00287521245,0.0028792879,opposite_break,-2.4181518047475143,0.0
1786413000000,1786415820000,1,0.0028792879,0.0028847115,opposite_break,0.8827183624117025,0.0
1786415820000,1786421940000,-1,0.0028847115,0.00287198717,opposite_break,3.413159570723091,0.0
1786421940000,1786423080000,1,0.00287198717,0.00286551342,opposite_break,-3.2529742446585983,0.0
1786423080000,1786424820000,-1,0.00286551342,0.00286548652,opposite_break,-0.9906078087744339,0.0
1786424820000,1786425600000,1,0.00286548652,0.00286361361,opposite_break,-1.6532829702511571,0.0
1786425600000,1786426860000,-1,0.00286361361,0.0028639863699999996,opposite_break,-1.1302362786297082,0.0
1786426860000,1786427940000,1,0.0028639863699999996,0.00286331364,opposite_break,-1.2347754312110863,0.0
1786427940000,1786428420000,-1,0.00286331364,0.00286788676,opposite_break,-2.5979411043492453,0.0
1786428420000,1786430820000,1,0.00286788676,0.00286841313,opposite_break,-0.8165524446997059,0.0
1786430820000,1786436760000,-1,0.00286841313,0.00285558553,opposite_break,3.5735865809539717,0.0993308798582999
1786436760000,1786439100000,1,0.00285558553,0.00285421455,opposite_break,-1.4798646356777452,0.0
1786439100000,1786440000000,-1,0.00285421455,0.00285898587,opposite_break,-2.6725111502217747,0.0
1786440000000,1786443300000,1,0.00285898587,0.00285621435,opposite_break,-1.968921976518907,0.0
1786443300000,1786445280000,-1,0.00285621435,0.0028618861600000003,opposite_break,-2.986771722857668,0.0
1786445280000,1786447800000,1,0.0028618861600000003,0.0028611138600000002,opposite_break,-1.269722066792522,0.0
1786447800000,1786449000000,-1,0.0028611138600000002,0.00286568654,opposite_break,-2.59901582525621,0.0
1786449000000,1786450560000,1,0.00286568654,0.0028615138199999997,opposite_break,-2.455369797703123,0.0
1786450560000,1786452300000,-1,0.0028615138199999997,0.0028574857199999996,opposite_break,0.408385317531033,0.0
1786452300000,1786454340000,1,0.0028574857199999996,0.00284841513,opposite_break,-4.172738411795011,0.0
1786454340000,1786455540000,-1,0.00284841513,0.00285618559,opposite_break,-3.729358213316384,0.0
1786455540000,1786459140000,1,0.00285618559,0.00284241573,opposite_break,-5.8186557337822995,0.0
1786459140000,1786461780000,-1,0.00284241573,0.00280288026,opposite_break,12.916063479918934,0.0
1786461780000,1786462680000,1,0.00280288026,0.0027833216399999997,opposite_break,-7.974554342895966,0.0
1786462680000,1786464360000,-1,0.0027833216399999997,0.00279187916,opposite_break,-4.118612833549584,-0.042504547336469536
1786464360000,1786469880000,1,0.00279187916,0.00278892108,opposite_break,-2.0590003329513973,0.0
1786469880000,1786470420000,-1,0.00278892108,0.00279577955,opposite_break,-3.4604135571308703,0.0
1786470420000,1786473720000,1,0.00279577955,0.0027877212,opposite_break,-3.880885520820097,0.0
1786473720000,1786474740000,-1,0.0027877212,0.0027934793199999998,opposite_break,-3.0665621296705567,0.0
1786474740000,1786476960000,1,0.0027934793199999998,0.00279332064,opposite_break,-1.0567753120148344,0.0
1786476960000,1786478280000,-1,0.00279332064,0.00280568054,opposite_break,-5.427017712510185,0.0
1786478280000,1786480560000,1,0.00280568054,0.00281591838,opposite_break,2.6471440472691374,0.0
1786480560000,1786481820000,-1,0.00281591838,0.00282238221,opposite_break,-3.296608438984694,0.0
1786481820000,1786487760000,1,0.00282238221,0.00283541643,opposite_break,3.6158535310495257,0.0
1786487760000,1786488780000,-1,0.00283541643,0.0028387838499999997,opposite_break,-2.1882218337853945,0.0
1786488780000,1786489440000,1,0.0028387838499999997,0.0028347165,opposite_break,-2.4320626507015892,0.0
1786489440000,1786491420000,-1,0.0028347165,0.0028355835299999996,opposite_break,-1.3060142045949787,0.0
1786491420000,1786501320000,1,0.0028355835299999996,0.0028510148700000002,opposite_break,4.388003938787368,-0.05130834625774542
1786501320000,1786503780000,-1,0.0028510148700000002,0.0028520851799999996,opposite_break,-1.37560139242604,0.0
1786503780000,1786504380000,1,0.0028520851799999996,0.00284231574,opposite_break,-4.423654857320821,0.0
1786504380000,1786505040000,-1,0.00284231574,0.0028492849,opposite_break,-3.453156235204231,0.0
1786505040000,1786510800000,1,0.0028492849,0.00285311466,opposite_break,0.34344063663128155,0.0
1786510800000,1786511640000,-1,0.00285311466,0.00285388536,opposite_break,-1.2702609049718327,0.0
1786511640000,1786513080000,1,0.00285388536,0.0028502149500000003,opposite_break,-2.2854667697652546,0.0
1786513080000,1786521240000,-1,0.0028502149500000003,0.00283408338,opposite_break,4.662603020519656,0.0
1786521240000,1786522320000,1,0.00283408338,0.00282701727,opposite_break,-3.5920821514432686,-0.10006762750925133
1786522320000,1786524060000,-1,0.00282701727,0.00283088306,opposite_break,-2.3681284992644955,0.0
1786524060000,1786524240000,1,0.00283088306,0.00282381759,opposite_break,-3.4946057874252023,0.0
1786524240000,1786525800000,-1,0.00282381759,0.00282488246,opposite_break,-1.3772915215107193,0.0
1786525800000,1786530540000,1,0.00282488246,0.00284041593,opposite_break,4.49605283931005,0.0
1786530540000,1786534380000,-1,0.00284041593,0.00284618459,opposite_break,-3.031936333352469,0.0
1786534380000,1786534620000,1,0.00284618459,0.0028394160300000003,opposite_break,-3.3769279560324685,0.0
1786534620000,1786537800000,-1,0.0028394160300000003,0.00285408538,opposite_break,-6.1689095644781595,0.0
1786537800000,1786538580000,1,0.00285408538,0.00283591638,opposite_break,-7.362779343342468,0.0
1786538580000,1786547220000,-1,0.00283591638,0.00279667964,opposite_break,12.842565544898152,0.0
1786547220000,1786548840000,1,0.00279667964,0.0027897209999999998,opposite_break,-3.48693507133341,0.0
1786548840000,1786551300000,-1,0.0027897209999999998,0.00279557953,opposite_break,-3.0235896903669324,0.07750187577897574
1786551300000,1786552620000,1,0.00279557953,0.00278882109,opposite_break,-3.4163364724594025,0.0
1786552620000,1786554060000,-1,0.00278882109,0.00278917889,opposite_break,-1.1283620886559445,0.0
1786554060000,1786555260000,1,0.00278917889,0.00278492148,opposite_break,-2.5256394311087838,0.0
1786555260000,1786556220000,-1,0.00278492148,0.0027936793400000002,opposite_break,-4.146314534512596,0.0
1786556220000,1786557780000,1,0.0027936793400000002,0.00278322165,opposite_break,-4.741467750196575,0.0
1786557780000,1786559460000,-1,0.00278322165,0.0027867786499999997,opposite_break,-2.2786543608555045,0.0
1786559460000,1786560660000,1,0.0027867786499999997,0.0027827217,opposite_break,-2.4550569077310054,0.0
1786560660000,1786564440000,-1,0.0027827217,0.00277947792,opposite_break,0.16626894094365052,0.0
1786564440000,1786566180000,1,0.00277947792,0.0027778221899999998,opposite_break,-1.5954003530995005,0.0
1786566180000,1786566420000,-1,0.0027778221899999998,0.00278417839,opposite_break,-3.289339513124272,0.0
1786566420000,1786568100000,1,0.00278417839,0.0027850214700000002,opposite_break,-0.6973403489422056,0.0
1786568100000,1786578480000,-1,0.0027850214700000002,0.0026760675799999997,opposite_break,38.14094311991086,0.0
1786578480000,1786579320000,1,0.0026760675799999997,0.0026688330900000003,opposite_break,-3.439913106566391,0.2621385191251411
1786579320000,1786580100000,-1,0.0026688330900000003,0.0026818681600000002,opposite_break,-5.886625388401466,0.0
1786580100000,1786581660000,1,0.0026818681600000002,0.0026775322200000003,opposite_break,-2.6159526760629386,0.0
1786581660000,1786583460000,-1,0.0026775322200000003,0.0026850684800000003,opposite_break,-3.816036376212156,0.0
1786583460000,1786585560000,1,0.0026850684800000003,0.0026767323000000003,opposite_break,-4.103091028054522,0.0
1786585560000,1786585920000,-1,0.0026767323000000003,0.00268596857,opposite_break,-4.452301948536091,0.0
1786585920000,1786586700000,1,0.00268596857,0.00267833214,opposite_break,-3.8416608705885507,0.0
1786586700000,1786589340000,-1,0.00267833214,0.00268846882,opposite_break,-4.786590986433775,0.0
1786589340000,1786593840000,1,0.00268846882,0.00271382859,opposite_break,8.42807665331225,0.0
1786593840000,1786600560000,-1,0.00271382859,0.0027240723800000003,opposite_break,-4.77655093352833,0.0
1786600560000,1786600800000,1,0.0027240723800000003,0.00271612836,opposite_break,-3.9147712991387307,0.0
1786600800000,1786602000000,-1,0.00271612836,0.00272077205,opposite_break,-2.7105273496721636,0.0
1786602000000,1786606980000,1,0.00272077205,0.00272302767,opposite_break,-0.1713777749223142,0.0
1786606980000,1786613400000,-1,0.00272302767,0.00270077005,opposite_break,7.072836361886856,-0.1051006658334838
1786613400000,1786615740000,1,0.00270077005,0.00270402957,opposite_break,0.2062819787267356,0.0
1786615740000,1786623300000,-1,0.00270402957,0.00269566954,opposite_break,2.0932391079584627,0.0
1786623300000,1786623780000,1,0.00269566954,0.00268783119,opposite_break,-3.906302389349969,0.0
1786623780000,1786624560000,-1,0.00268783119,0.0026948694600000002,opposite_break,-3.619877751697729,0.0
1786624560000,1786629900000,1,0.0026948694600000002,0.00269333064,opposite_break,-1.570732873272585,0.0
1786629900000,1786630380000,-1,0.00269333064,0.00270347032,opposite_break,-4.766618806222781,0.0
1786630380000,1786633620000,1,0.00270347032,0.0026920307699999997,opposite_break,-5.229315979692431,0.0
1786633620000,1786638180000,-1,0.0026920307699999997,0.00266146612,opposite_break,10.131790254908513,-0.22763871811168043
1786638180000,1786638540000,1,0.00266146612,0.00264543543,opposite_break,-7.0202437049997295,0.0
1786638540000,1786639860000,-1,0.00264543543,0.0026545654300000002,opposite_break,-4.452953300773031,0.0
1786639860000,1786642260000,1,0.0026545654300000002,0.00264733524,opposite_break,-3.722319376019337,0.0
1786642260000,1786643100000,-1,0.00264733524,0.0026530652799999998,opposite_break,-3.1655379845280334,0.0
1786643100000,1786652040000,1,0.0026530652799999998,0.0026713328400000003,opposite_break,5.88201167066668,0.0
1786652040000,1786655460000,-1,0.0026713328400000003,0.00267436741,opposite_break,-2.136543990152773,0.0
1786655460000,1786661100000,1,0.00267436741,0.00268253172,opposite_break,2.0512740375488656,0.0
1786661100000,1786663980000,-1,0.00268253172,0.0026866686399999997,opposite_break,-2.5429411063962606,0.0
1786663980000,1786667460000,1,0.0026866686399999997,0.00268253172,opposite_break,-2.402610106172179,0.136415391218472
1786667460000,1786668180000,-1,0.00268253172,0.00268786876,opposite_break,-2.9905481378613725,0.0
1786668180000,1786682220000,1,0.00268786876,0.0026855314199999997,opposite_break,-1.8691537938036087,0.0
1786682220000,1786689960000,-1,0.0026855314199999997,0.0026671666899999997,opposite_break,5.841816196289374,0.0
1786689960000,1786690500000,1,0.0026671666899999997,0.00265923405,opposite_break,-3.9726952236343362,0.0
1786690500000,1786692360000,-1,0.00265923405,0.0026642664,opposite_break,-2.8933520255577987,0.0
1786692360000,1786692780000,1,0.0026642664,0.002659734,opposite_break,-2.700330642611391,0.0
1786692780000,1786696440000,-1,0.002659734,0.0026587658499999996,opposite_break,-0.6637652532921221,-0.027949820245182413
1786696440000,1786699740000,1,0.0026587658499999996,0.00266243373,opposite_break,0.3788525454396646,0.0
1786699740000,1786705440000,-1,0.00266243373,0.0026424642199999997,opposite_break,6.504222369884284,0.0
1786705440000,1786706880000,1,0.0026424642199999997,0.00263393658,opposite_break,-4.225540809782295,0.0
1786706880000,1786708620000,-1,0.00263393658,0.0026392638999999996,opposite_break,-3.023580863894391,0.0
1786708620000,1786709580000,1,0.0026392638999999996,0.00262893708,opposite_break,-4.91080883954026,0.0
1786709580000,1786712700000,-1,0.00262893708,0.0026372637,opposite_break,-4.168878925774835,0.0
1786712700000,1786716180000,1,0.0026372637,0.00264153582,opposite_break,0.6190963156244091,0.0
1786716180000,1786720320000,-1,0.00264153582,0.00262776275,opposite_break,4.21664572203305,0.0
1786720320000,1786727520000,1,0.00262776275,0.0026667333000000002,opposite_break,13.828763591005359,0.005863492813420846
1786727520000,1786728780000,-1,0.0026667333000000002,0.00267586756,opposite_break,-4.426974542223581,0.0
1786728780000,1786729740000,1,0.00267586756,0.00267003297,opposite_break,-3.179357750052452,0.0
1786729740000,1786731540000,-1,0.00267003297,0.00267076705,opposite_break,-1.2750704010968614,0.0
1786731540000,1786732440000,1,0.00267076705,0.00266363361,opposite_break,-3.669597589950743,0.0
1786732440000,1786740120000,-1,0.00266363361,0.00264906488,opposite_break,4.472229480164908,0.0
1786740120000,1786741080000,1,0.00264906488,0.00264193578,opposite_break,-3.6898304770851253,0.0
1786741080000,1786742640000,-1,0.00264193578,0.0026480647800000002,opposite_break,-3.321049794783474,0.0
1786742640000,1786743360000,1,0.0026480647800000002,0.00264233574,opposite_break,-3.1624000754241988,0.0
1786743360000,1786744800000,-1,0.00264233574,0.0026417641500000003,opposite_break,-0.783571865473915,0.0
1786744800000,1786745820000,1,0.0026417641500000003,0.00264083589,opposite_break,-1.3512031420367818,0.0
1786745820000,1786747620000,-1,0.00264083589,0.00264306428,opposite_break,-1.8442418566947356,0.0
1786747620000,1786753440000,1,0.00264306428,0.00266103387,opposite_break,5.874467660695828,0.07909558408469733
1786753440000,1786754880000,-1,0.00266103387,0.00266446642,opposite_break,-2.29057593505933,0.0
1786754880000,1786755840000,1,0.00266446642,0.0026594340300000003,opposite_break,-2.8877602537019813,0.0
1786755840000,1786759320000,-1,0.0026594340300000003,0.00265706568,opposite_break,-0.10900810162216201,0.0
1786759320000,1786764360000,1,0.00265706568,0.00266213376,opposite_break,0.9064436374791132,0.0
1786764360000,1786767240000,-1,0.00266213376,0.00266376635,opposite_break,-1.6135703320181478,0.0
1786767240000,1786771320000,1,0.00266376635,0.00266223375,opposite_break,-1.5750630868957558,0.0
1786771320000,1786776540000,-1,0.00266223375,0.00265556553,opposite_break,1.505998622397461,0.0
1786776540000,1786778340000,1,0.00265556553,0.00265023495,opposite_break,-3.0063201791898,0.0
1786778340000,1786781340000,-1,0.00265023495,0.00264446442,opposite_break,1.0866090287580144,-0.09184509848834346
1786781340000,1786783620000,1,0.00264446442,0.00264133584,opposite_break,-2.182476000187628,0.0
1786783620000,1786785000000,-1,0.00264133584,0.00264316429,opposite_break,-1.6925905435032056,0.0
1786785000000,1786787520000,1,0.00264316429,0.0026422357499999998,opposite_break,-1.3511229829759506,0.0
1786787520000,1786787760000,-1,0.0026422357499999998,0.00264456443,opposite_break,-1.881770046446503,0.0
1786787760000,1786791300000,1,0.00264456443,0.0026396360100000003,opposite_break,-2.862671876744401,0.0
1786791300000,1786792500000,-1,0.0026396360100000003,0.0026428642600000002,opposite_break,-2.2236020848192446,0.0
1786792500000,1786794660000,1,0.0026428642600000002,0.0026385361200000003,opposite_break,-2.6368513493008265,0.0
1786794660000,1786796340000,-1,0.0026385361200000003,0.00264216419,opposite_break,-2.3757189099990783,0.0
1786796340000,1786800420000,1,0.00264216419,0.00264413556,opposite_break,-0.25425364462298106,0.0
1786800420000,1786802220000,-1,0.00264413556,0.00264646462,opposite_break,-1.8812802812575513,0.0
1786802220000,1786802760000,1,0.00264646462,0.00264253572,opposite_break,-2.4838420738079385,0.0
1786802760000,1786804620000,-1,0.00264253572,0.00264516449,opposite_break,-1.9952881109967127,0.0
1786804620000,1786806120000,1,0.00264516449,0.00264383559,opposite_break,-1.5021372224757055,0.0
1786806120000,1786807080000,-1,0.00264383559,0.0026472647,opposite_break,-2.297669404246162,0.0
1786807080000,1786809960000,1,0.0026472647,0.0026485351200000004,opposite_break,-0.44713098512577143,0.07320984441034552
1786809960000,1786810920000,-1,0.0026485351200000004,0.00265206518,opposite_break,-2.333501301655238,0.0
1786810920000,1786814940000,1,0.00265206518,0.00265233474,opposite_break,-0.8984092766527879,0.0
1786814940000,1786815420000,-1,0.00265233474,0.00265596557,opposite_break,-2.3696029238752288,0.0
1786815420000,1786817040000,1,0.00265596557,0.00264883509,opposite_break,-3.683361125046502,0.0
1786817040000,1786819560000,-1,0.00264883509,0.00264666464,opposite_break,-0.18019236712842712,0.0
1786819560000,1786820040000,1,0.00264666464,0.00264383559,opposite_break,-2.0683769421576583,0.0
1786820040000,1786821180000,-1,0.00264383559,0.0026452645,opposite_break,-1.540738788904873,0.0
1786821180000,1786822080000,1,0.0026452645,0.00264263571,opposite_break,-1.99327519232956,0.0
1786822080000,1786823220000,-1,0.00264263571,0.00264496447,opposite_break,-1.8816668794654978,0.0
1786823220000,1786824300000,1,0.00264496447,0.0026442355500000004,opposite_break,-1.2754500290128838,0.0
1786824300000,1786826400000,-1,0.0026442355500000004,0.00264376435,opposite_break,-0.8217119499810749,0.0
1786826400000,1786831140000,1,0.00264376435,0.00264383559,opposite_break,-0.9730670473713613,0.0
1786831140000,1786831920000,-1,0.00264383559,0.00265206518,opposite_break,-4.1143028810653215,0.0
1786831920000,1786833240000,1,0.00265206518,0.00264383559,opposite_break,-4.101535839703621,0.0
1786833240000,1786839180000,-1,0.00264383559,0.00262646262,opposite_break,5.517812263356324,-0.056596731947314474
1786839180000,1786841340000,1,0.00262646262,0.00262303767,opposite_break,-2.3033642660409317,0.0
1786841340000,1786844640000,-1,0.00262303767,0.00261566154,opposite_break,1.8134624787907927,0.0
1786844640000,1786846440000,1,0.00261566154,0.0026057394,opposite_break,-4.791461081008283,0.0
1786846440000,1786849500000,-1,0.0026057394,0.0026154615199999996,opposite_break,-4.732906314422587,0.0
1786849500000,1786852620000,1,0.0026154615199999996,0.00261343863,opposite_break,-1.7730484809424538,0.0
1786852620000,1786854120000,-1,0.00261343863,0.00261746172,opposite_break,-2.5401553718519017,0.0
1786854120000,1786856280000,1,0.00261746172,0.00261293868,opposite_break,-2.7271612591148195,0.0
1786856280000,1786862520000,-1,0.00261293868,0.00260296027,opposite_break,2.820755259744555,0.0
1786862520000,1786863540000,1,0.00260296027,0.0025932406499999997,opposite_break,-4.732196876750705,0.0
1786863540000,1786864320000,-1,0.0025932406499999997,0.0026012601,opposite_break,-4.093989647663477,0.0
1786864320000,1786869060000,1,0.0026012601,0.00260233974,opposite_break,-0.5556264170583216,0.02953610475169323
1786869060000,1786871700000,-1,0.00260233974,0.00260656063,opposite_break,-2.622770609113476,0.0
1786871700000,1786873380000,1,0.00260656063,0.0026006399100000003,opposite_break,-3.270332626024393,0.0
1786873380000,1786876140000,-1,0.0026006399100000003,0.0026045604299999997,opposite_break,-2.50827503835368,0.0
1786876140000,1786879440000,1,0.0026045604299999997,0.00260563941,opposite_break,-0.5859414519323463,0.0
1786879440000,1786880580000,-1,0.00260563941,0.0026088608599999998,opposite_break,-2.236955778543357,0.0
1786880580000,1786881000000,1,0.0026088608599999998,0.0026037396,opposite_break,-2.962043836251078,0.0
1786881000000,1786883040000,-1,0.0026037396,0.00260596057,opposite_break,-1.8534188614713443,0.0
1786883040000,1786883580000,1,0.00260596057,0.00260233974,opposite_break,-2.388746870026474,0.0
1786883580000,1786884540000,-1,0.00260233974,0.0026057605500000003,opposite_break,-2.315170480008235,0.0
1786884540000,1786887000000,1,0.0026057605500000003,0.00260663931,opposite_break,-0.6629311852926284,0.0
1786887000000,1786887360000,-1,0.00260663931,0.00260946092,opposite_break,-2.083011674906339,0.0
1786887360000,1786892040000,1,0.00260946092,0.0026137386,opposite_break,0.6384767931302577,0.0
1786892040000,1786892940000,-1,0.0026137386,0.00261996197,opposite_break,-3.382212852119145,0.0
1786892940000,1786893720000,1,0.00261996197,0.00261553842,opposite_break,-2.6875581690217807,0.0
1786893720000,1786894080000,-1,0.00261553842,0.00262146212,opposite_break,-3.265943334909961,0.0
1786894080000,1786896420000,1,0.00262146212,0.00261813816,opposite_break,-2.367381200228833,-0.10003577698082472
1786896420000,1786897260000,-1,0.00261813816,0.00262506248,opposite_break,-3.6460720315843664,0.0
1786897260000,1786898460000,1,0.00262506248,0.00261923805,opposite_break,-3.2176682762231916,0.0
1786898460000,1786901940000,-1,0.00261923805,0.0026157615500000003,opposite_break,0.32795804871566503,0.0
1786901940000,1786902300000,1,0.0026157615500000003,0.0026119387799999998,opposite_break,-2.460706009307502,0.0
1786902300000,1786908060000,-1,0.0026119387799999998,0.0025932592999999998,opposite_break,6.155152288829678,0.0
1786908060000,1786910040000,1,0.0025932592999999998,0.0025906409100000002,opposite_break,-2.0091859325442494,0.0
1786910040000,1786911840000,-1,0.0025906409100000002,0.0025958595599999998,opposite_break,-3.0154315115017414,0.0
1786911840000,1786912140000,1,0.0025958595599999998,0.00259154082,opposite_break,-2.6628714035669026,0.0
1786912140000,1786918380000,-1,0.00259154082,0.00256095607,opposite_break,10.807663664352471,0.0
1786918380000,1786923060000,1,0.00256095607,0.0025722427500000002,opposite_break,3.4050098290051602,0.0
1786923060000,1786926660000,-1,0.0025722427500000002,0.00256745672,opposite_break,0.64986148877295,-0.21171359584938085
1786926660000,1786932360000,1,0.00256745672,0.00259014096,opposite_break,7.83087831759055,0.0
1786932360000,1786933620000,-1,0.00259014096,0.00259715969,opposite_break,-3.711141777009791,0.0
1786933620000,1786937220000,1,0.00259715969,0.00261123885,opposite_break,4.418273075076091,0.0
1786937220000,1786938840000,-1,0.00261123885,0.00262076205,opposite_break,-4.6488280648856115,0.0
1786938840000,1786942980000,1,0.00262076205,0.00261083889,opposite_break,-4.784471169368474,0.0
1786942980000,1786944060000,-1,0.00261083889,0.00261256123,opposite_break,-1.660018194382107,0.0
1786944060000,1786944840000,1,0.00261256123,0.0026068392900000003,opposite_break,-3.1890698538766538,0.0
1786944840000,1786947540000,-1,0.0026068392900000003,0.0026090608800000002,opposite_break,-1.8526420495219624,0.0
1786947540000,1786950000000,1,0.0026090608800000002,0.00260993898,opposite_break,-0.6636103983898745,0.0
1786950000000,1786952400000,-1,0.00260993898,0.00261016099,opposite_break,-1.0851058230488604,0.0
1786952400000,1786953900000,1,0.00261016099,0.00260293968,opposite_break,-3.865468595099962,-0.10023711219437081
1786953900000,1786957800000,-1,0.00260293968,0.00258455843,opposite_break,6.06525808734851,0.0
1786957800000,1786958640000,1,0.00258455843,0.0025791420599999997,opposite_break,-3.094617692585924,0.0
1786958640000,1786958820000,-1,0.0025791420599999997,0.0025842584,opposite_break,-2.9847290497834247,0.0
1786958820000,1786962000000,1,0.0025842584,0.00258254172,opposite_break,-1.6639512751511287,0.0
1786962000000,1786962900000,-1,0.00258254172,0.0025904590199999997,opposite_break,-4.067233566317662,0.0
1786962900000,1786965420000,1,0.0025904590199999997,0.00259164081,opposite_break,-0.5440193819394405,0.0
1786965420000,1786966860000,-1,0.00259164081,0.00259465944,opposite_break,-2.1653386932891046,0.0
1786966860000,1786967520000,1,0.00259465944,0.0025907409,opposite_break,-2.5094777640644432,0.0
1786967520000,1786973280000,-1,0.0025907409,0.00257515749,opposite_break,5.018047464723353,0.0
1786973280000,1786975620000,1,0.00257515749,0.00258144183,opposite_break,1.4391509468417039,0.0
1786975620000,1786975920000,-1,0.00258144183,0.0025873587100000003,opposite_break,-3.2932294546417475,0.0
1786975920000,1786976520000,1,0.0025873587100000003,0.00257734224,opposite_break,-4.869375253731298,0.0
1786976520000,1786978200000,-1,0.00257734224,0.00258495847,opposite_break,-3.9565488031576797,0.0
1786978200000,1786979700000,1,0.00258495847,0.0025807419,opposite_break,-2.6303788876731624,0.0
1786979700000,1786980600000,-1,0.0025807419,0.00258645862,opposite_break,-3.2162535354658877,0.0
1786980600000,1786984140000,1,0.00258645862,0.00258104187,opposite_break,-3.012658549936469,0.08056713832135462
1786984140000,1786987680000,-1,0.00258104187,0.00259405938,opposite_break,-6.046031568251873,0.0
1786987680000,1786988160000,1,0.00259405938,0.0025837416,opposite_break,-4.975476116510509,0.0
1786988160000,1786989060000,-1,0.0025837416,0.0025924592199999996,opposite_break,-4.375716368076356,0.0
1786989060000,1786993380000,1,0.0025924592199999996,0.00259184079,opposite_break,-1.2384302828106033,0.0
1786993380000,1786998480000,-1,0.00259184079,0.0025832583,opposite_break,2.313004902974864,0.0
1786998480000,1787003700000,1,0.0025832583,0.00260313966,opposite_break,6.692385744004036,0.0
1787003700000,1787009040000,-1,0.00260313966,0.00258815879,opposite_break,4.757801114289785,0.0
1787009040000,1787010120000,1,0.00258815879,0.00258324165,opposite_break,-2.898910317631628,0.0
1787010120000,1787014320000,-1,0.00258324165,0.00258455843,opposite_break,-1.5136917763383937,-0.0036975255102440763
1787014320000,1787016420000,1,0.00258455843,0.0025758423900000002,opposite_break,-4.370665518287238,0.0
1787016420000,1787018640000,-1,0.0025758423900000002,0.00257205718,opposite_break,0.4702384818661599,0.0
1787018640000,1787019300000,1,0.00257205718,0.0025627437000000004,opposite_break,-4.619213185610344,0.0
1787019300000,1787023440000,-1,0.0025627437000000004,0.00255765574,opposite_break,0.9863492318800642,0.0
1787023440000,1787025720000,1,0.00255765574,0.00255284469,opposite_break,-2.8800984040955275,0.0
1787025720000,1787027400000,-1,0.00255284469,0.00255945592,opposite_break,-3.5910450568773395,0.0
1787027400000,1787031000000,1,0.00255945592,0.00256154382,opposite_break,-0.18464856780972339,0.0
1787031000000,1787033520000,-1,0.00256154382,0.0025588558599999997,opposite_break,0.04987623440321087,0.0
1787033520000,1787035680000,1,0.0025588558599999997,0.00256014396,opposite_break,-0.49686265251362594,0.0
1787035680000,1787039280000,-1,0.00256014396,0.00255385536,opposite_break,1.4575744170261027,0.0
1787039280000,1787040300000,1,0.00255385536,0.00254694528,opposite_break,-3.713404681618412,-0.009013090702207974
1787040300000,1787041620000,-1,0.00254694528,0.00254985496,opposite_break,-2.142990728092927,0.0
1787041620000,1787044740000,1,0.00254985496,0.00255494448,opposite_break,0.9950057237766625,0.0
1787044740000,1787045580000,-1,0.00255494448,0.00256095607,opposite_break,-3.3541003892967516,0.0
1787045580000,1787048700000,1,0.00256095607,0.00256234374,opposite_break,-0.4584146986167601,0.0
1787048700000,1787049480000,-1,0.00256234374,0.00256595657,opposite_break,-2.410675842812648,0.0
1787049480000,1787054100000,1,0.00256595657,0.00257734224,opposite_break,3.4349843243839326,0.0
1787054100000,1787054820000,-1,0.00257734224,0.00258405838,opposite_break,-3.607142336673068,0.0
1787054820000,1787055060000,1,0.00258405838,0.0025768422900000003,opposite_break,-3.7911451269145218,0.0
1787055060000,1787057580000,-1,0.0025768422900000003,0.0025740573799999996,opposite_break,0.08128559742037367,0.0
1787057580000,1787058120000,1,0.0025740573799999996,0.0025667433,opposite_break,-3.8400388494834954,0.0
1787058120000,1787061840000,-1,0.0025667433,0.00256615659,opposite_break,-0.7713042223583085,0.0
1787061840000,1787062500000,1,0.00256615659,0.00255664431,opposite_break,-4.704966367621353,0.0
1787062500000,1787062860000,-1,0.00255664431,0.0025667566500000003,opposite_break,-4.957295166334824,0.0
1787062860000,1787065200000,1,0.0025667566500000003,0.00257934204,opposite_break,3.9007751884073603,0.0
1787065200000,1787065620000,-1,0.00257934204,0.0025913591099999997,opposite_break,-5.6612966983625554,0.0
1787065620000,1787072340000,1,0.0025913591099999997,0.0026017398000000003,opposite_break,2.903275935769725,-0.1006074376160084
1787072340000,1787073120000,-1,0.0026017398000000003,0.002610261,opposite_break,-4.276830603890398,0.0
1787073120000,1787075220000,1,0.002610261,0.00260403957,opposite_break,-3.382259584386331,0.0
1787075220000,1787077620000,-1,0.00260403957,0.0026111610900000004,opposite_break,-3.7361645506793177,0.0
1787077620000,1787080380000,1,0.0026111610900000004,0.00260883909,opposite_break,-1.8888149447724605,0.0
1787080380000,1787081220000,-1,0.00260883909,0.0026142614,opposite_break,-3.0794771037411053,0.0
1787081220000,1787082180000,1,0.0026142614,0.00260753922,opposite_break,-3.570063923217454,0.0
1787082180000,1787087520000,-1,0.00260753922,0.0025872587,opposite_break,6.781535980118368,0.0
1787087520000,1787091840000,1,0.0025872587,0.00258534144,opposite_break,-1.7406686351078768,0.0
1787091840000,1787094180000,-1,0.00258534144,0.0025859585699999996,opposite_break,-1.2388228322366373,0.0
1787094180000,1787098260000,1,0.0025859585699999996,0.00257354262,opposite_break,-5.898890945882274,-0.0999965749644628
1787098260000,1787099580000,-1,0.00257354262,0.00257855783,opposite_break,-2.949731691251404,0.0
1787099580000,1787104980000,1,0.00257855783,0.0025930406700000004,opposite_break,4.613835149084182,0.0
1787104980000,1787106420000,-1,0.0025930406700000004,0.0025932592999999998,opposite_break,-1.0843562993554579,0.0
1787106420000,1787108040000,1,0.0025932592999999998,0.00258584139,opposite_break,-3.859028036648648,0.0
1787108040000,1787109300000,-1,0.00258584139,0.00259285926,opposite_break,-3.71531694177121,0.0
1787109300000,1787112240000,1,0.00259285926,0.00259384059,opposite_break,-0.6217151659054152,0.0
1787112240000,1787113320000,-1,0.00259384059,0.0025962596,opposite_break,-1.933064088182841,0.0
1787113320000,1787113920000,1,0.0025962596,0.00259164081,opposite_break,-2.778127505046086,0.0
1787113920000,1787114820000,-1,0.00259164081,0.00259665964,opposite_break,-2.9375136383193534,0.0
1787114820000,1787116800000,1,0.00259665964,0.00259294068,opposite_break,-2.4314931625000513,0.0
1787116800000,1787120280000,-1,0.00259294068,0.00259075905,opposite_break,-0.1582064210585582,0.0
1787120280000,1787124300000,1,0.00259075905,0.00259254072,opposite_break,-0.3126419205212838,0.0
1787124300000,1787124900000,-1,0.00259254072,0.00259745972,opposite_break,-2.8983152172051247,0.0
1787124900000,1787126340000,1,0.00259745972,0.0025881411599999998,opposite_break,-4.585772918164936,0.0
1787126340000,1787128680000,-1,0.0025881411599999998,0.0025891588899999997,opposite_break,-1.2934271425133463,0.09999763691405457
1787128680000,1787129880000,1,0.0025891588899999997,0.00258344163,opposite_break,-3.2070493209474416,0.0
1787129880000,1787130240000,-1,0.00258344163,0.00259015899,opposite_break,-3.6014594647527205,0.0
1787130240000,1787133720000,1,0.00259015899,0.0025812418500000003,opposite_break,-4.440978513060179,0.0
1787133720000,1787135580000,-1,0.0025812418500000003,0.0025822582,opposite_break,-1.3939414568998458,0.0
1787135580000,1787136600000,1,0.0025822582,0.0025768422900000003,opposite_break,-3.0963054914492156,0.0
1787136600000,1787137380000,-1,0.0025768422900000003,0.00258515849,opposite_break,-4.228896906996819,0.0
1787137380000,1787144640000,1,0.00258515849,0.0026137386,opposite_break,10.04992984201919,0.0
1787144640000,1787148420000,-1,0.0026137386,0.00260306028,opposite_break,3.087501007178032,0.0
1787148420000,1787154420000,1,0.00260306028,0.00270282969,opposite_break,37.308573205611694,0.0
1787154420000,1787156340000,-1,0.00270282969,0.00271547152,opposite_break,-5.579828303943199,0.09976766238645246
1787156340000,1787159280000,1,0.00271547152,0.00270282969,opposite_break,-5.653154706995425,0.0
1787159280000,1787161560000,-1,0.00270282969,0.00269786976,opposite_break,0.8360054217845716,0.0
1787161560000,1787162760000,1,0.00269786976,0.0026953304399999997,opposite_break,-1.940760883876103,0.0
1787162760000,1787163360000,-1,0.0026953304399999997,0.00270287026,opposite_break,-3.7987625554364963,0.0
1787163360000,1787165520000,1,0.00270287026,0.00270622935,opposite_break,0.2421648588490377,0.0
1787165520000,1787169060000,-1,0.00270622935,0.00270907088,opposite_break,-2.0505210007422336,0.0
1787169060000,1787177580000,1,0.00270907088,0.0028762123500000003,opposite_break,60.66612342937306,0.0
1787177580000,1787179260000,-1,0.0028762123500000003,0.00289008898,opposite_break,-5.827031743674821,0.0
1787179260000,1787183400000,1,0.00289008898,0.0028805119200000003,opposite_break,-4.312102684810599,0.0
1787183400000,1787185020000,-1,0.0028805119200000003,0.00289988996,opposite_break,-7.630819989802318,0.09983399061927853
1787185020000,1787188140000,1,0.00289988996,0.00289451052,opposite_break,-2.8541221750359833,0.0
1787188140000,1787190480000,-1,0.00289451052,0.0029132913,opposite_break,-7.491657314826358,0.0
1787190480000,1787192820000,1,0.0029132913,0.00291340863,opposite_break,-0.959746100570176,0.0
1787192820000,1787196120000,-1,0.00291340863,0.00290649062,opposite_break,1.3757288743254033,0.0
1787196120000,1787196420000,1,0.00290649062,0.0028851114600000004,opposite_break,-8.351983272528004,0.0
1787196420000,1787197380000,-1,0.0028851114600000004,0.0029040903799999996,opposite_break,-7.58151677093236,0.0
1787197380000,1787202420000,1,0.0029040903799999996,0.0029425057200000004,opposite_break,12.2213971694644,0.0
1787202420000,1787207040000,-1,0.0029425057200000004,0.00291449142,opposite_break,8.52531951237816,0.0
1787207040000,1787210340000,1,0.00291449142,0.00292930704,opposite_break,4.080890644721878,0.0
1787210340000,1787211000000,-1,0.00292930704,0.00294889486,opposite_break,-7.6901876936737645,0.0
1787211000000,1787217720000,1,0.00294889486,0.0031531846500000003,opposite_break,68.14119722294886,-0.10089339027841773
1787217720000,1787221020000,-1,0.0031531846500000003,0.00310161013,opposite_break,15.364505408841342,0.0
1787221020000,1787227740000,1,0.00310161013,0.00311908806,opposite_break,4.632297517354416,0.0
1787227740000,1787232540000,-1,0.00311908806,0.0031463146,opposite_break,-9.73337101934852,0.0
1787232540000,1787235540000,1,0.0031463146,0.0031127886900000003,opposite_break,-11.650284954022014,0.0
1787235540000,1787238240000,-1,0.0031127886900000003,0.00315811578,opposite_break,-15.56885065494105,0.0
1787238240000,1787245620000,1,0.00315811578,0.0031909808700000004,opposite_break,9.299703279086394,-0.10164351859196247
1787245620000,1787247180000,-1,0.0031909808700000004,0.0032049204600000003,opposite_break,-5.370618428370569,0.0
1787247180000,1787250720000,1,0.0032049204600000003,0.0031260873600000003,opposite_break,-25.585222763999568,0.0
1787250720000,1787253420000,-1,0.0031260873600000003,0.0031278127500000003,opposite_break,-1.552208718504881,0.0
1787253420000,1787262600000,1,0.0031278127500000003,0.00320307966,opposite_break,23.051720022242343,0.0
1787262600000,1787266380000,-1,0.00320307966,0.0032035203199999997,opposite_break,-1.1376426367115453,0.0
1787266380000,1787269560000,1,0.0032035203199999997,0.003219678,opposite_break,4.041204533392961,0.0
1787269560000,1787273640000,-1,0.003219678,0.00321012098,opposite_break,2.0694611417664235,0.09966151894692576
1787273640000,1787282400000,1,0.00321012098,0.0032166783,opposite_break,1.04168047897059,0.0
1787282400000,1787286180000,-1,0.0032166783,0.00325012498,opposite_break,-11.403092948399667,0.0
1787286180000,1787294460000,1,0.00325012498,0.00341485848,opposite_break,49.659939006407065,0.0
1787294460000,1787296620000,-1,0.00341485848,0.00341794176,opposite_break,-1.9033527035064206,0.0
1787296620000,1787302920000,1,0.00341794176,0.0035036496000000004,opposite_break,23.96248124485319,-0.10084402374369304
1787302920000,1787304960000,-1,0.0035036496000000004,0.0034883488000000003,opposite_break,3.369286928692883,0.0
1787304960000,1787309760000,1,0.0034883488000000003,0.00363223674,opposite_break,40.22752748521013,0.0
1787309760000,1787310420000,-1,0.00363223674,0.00367096706,opposite_break,-11.668270802194426,0.0
1787310420000,1787311080000,1,0.00367096706,0.003609639,opposite_break,-17.69788776857072,0.0
1787311080000,1787314740000,-1,0.003609639,0.00354715468,opposite_break,16.319062144441542,0.0
1787314740000,1787319180000,1,0.00354715468,0.00359224074,opposite_break,11.704130785184685,0.0
1787319180000,1787319720000,-1,0.00359224074,0.00363756372,opposite_break,-13.623218980028597,0.0
1787319720000,1787326200000,1,0.00363756372,0.00367843212,opposite_break,10.229484606801618,0.0
1787326200000,1787329020000,-1,0.00367843212,0.0037345734199999998,opposite_break,-16.015600281893924,0.25432147216026374
1787329020000,1787337240000,1,0.0037345734199999998,0.0040138985700000004,opposite_break,73.756995251415,0.0
1787337240000,1787340540000,-1,0.0040138985700000004,0.00381868183,opposite_break,47.65951268170692,0.0
1787340540000,1787341620000,1,0.00381868183,0.00376582338,opposite_break,-14.835146033886824,0.0
1787341620000,1787342700000,-1,0.00376582338,0.00382818278,opposite_break,-17.567579890058536,0.0
1787342700000,1787345880000,1,0.00382818278,0.00381851811,opposite_break,-3.5233480792681213,0.0
1787345880000,1787347440000,-1,0.00381851811,0.00386908687,opposite_break,-14.249654164924195,0.0
1787347440000,1787356800000,1,0.00386908687,0.00412108785,opposite_break,63.80423809403898,-0.29509618635158746
1787356800000,1787360640000,-1,0.00412108785,0.00411861182,opposite_break,-0.3988800760458752,0.0
1787360640000,1787365980000,1,0.00411861182,0.00421217874,opposite_break,21.706712996322253,0.0
1787365980000,1787368800000,-1,0.00421217874,0.0042484248,opposite_break,-9.609364717984393,0.0
1787368800000,1787371080000,1,0.0042484248,0.00424397556,opposite_break,-2.046744520463214,0.0
1787371080000,1787371920000,-1,0.00424397556,0.0043054305,opposite_break,-15.48775248602034,0.0
1787371920000,1787374620000,1,0.0043054305,0.00440415954,opposite_break,21.919816143821244,0.0
1787374620000,1787377920000,-1,0.00440415954,0.00409800976,opposite_break,68.54853749235428,0.0
1787377920000,1787379180000,1,0.00409800976,0.00400969899,opposite_break,-22.538898095498876,0.0
1787379180000,1787380800000,-1,0.00400969899,0.0040888088399999994,opposite_break,-20.739487957174347,0.0
1787380800000,1787384520000,1,0.0040888088399999994,0.00418918104,opposite_break,23.5357554793392,0.0
1787384520000,1787388720000,-1,0.00418918104,0.00412001196,opposite_break,15.958231098983411,0.43861452495259073
1787388720000,1787389440000,1,0.00412001196,0.00403919604,opposite_break,-20.605649892336807,0.0
1787389440000,1787389980000,-1,0.00403919604,0.00414601456,opposite_break,-27.458713120544743,0.0
1787389980000,1787390700000,1,0.00414601456,0.00408789117,opposite_break,-15.0120897947354,0.0
1787390700000,1787394960000,-1,0.00408789117,0.0040084008,opposite_break,18.45504708360424,0.0
1787394960000,1787397600000,1,0.0040084008,0.00398590137,opposite_break,-6.6102623981612885,0.0
1787397600000,1787398380000,-1,0.00398590137,0.00401880184,opposite_break,-9.258337871265397,0.0
1787398380000,1787404860000,1,0.00401880184,0.00397230273,opposite_break,-12.564606142660606,0.0
1787404860000,1787406540000,-1,0.00397230273,0.004021502109999999,opposite_break,-13.391799677865718,0.0
1787406540000,1787407680000,1,0.004021502109999999,0.0039806019,opposite_break,-11.165296144777885,0.0
1787407680000,1787409180000,-1,0.0039806019,0.00401920188,opposite_break,-10.701869455973437,0.0
1787409180000,1787410200000,1,0.00401920188,0.00397850211,opposite_break,-11.121268184468589,0.0
1787410200000,1787410740000,-1,0.00397850211,0.0040184018,opposite_break,-11.033836539802717,0.0
1787410740000,1787419680000,1,0.0040184018,0.0040838915699999995,opposite_break,14.892038363858912,-0.39727972150520147
1787419680000,1787426100000,-1,0.0040838915699999995,0.00409850981,opposite_break,-4.5812775313231135,0.0
1787426100000,1787430120000,1,0.00409850981,0.004128787080000001,opposite_break,6.383691333655785,0.0
1787430120000,1787434080000,-1,0.004128787080000001,0.00411451141,opposite_break,2.4593229338920075,0.0
1787434080000,1787435280000,1,0.00411451141,0.004044795479999999,opposite_break,-17.93544265441722,0.0
1787435280000,1787436480000,-1,0.004044795479999999,0.00408920888,opposite_break,-11.985872319062498,0.0
1787436480000,1787439420000,1,0.00408920888,0.00407639232,opposite_break,-4.1326723813629345,0.0
1787439420000,1787442660000,-1,0.00407639232,0.00408110807,opposite_break,-2.157422422726809,0.0
1787442660000,1787448840000,1,0.00408110807,0.00409469049,opposite_break,2.111981975351306,-0.21447460387884315
1787448840000,1787452860000,-1,0.00409469049,0.004112511209999999,opposite_break,-5.354329198639588,0.0
1787452860000,1787453940000,1,0.004112511209999999,0.00407539242,opposite_break,-10.02130807930357,0.0
1787453940000,1787457000000,-1,0.00407539242,0.00402290225,opposite_break,11.886222889181271,0.0
1787457000000,1787459700000,1,0.00402290225,0.00400909905,opposite_break,-4.429439131910252,0.0
1787459700000,1787461560000,-1,0.00400909905,0.0040164015999999995,opposite_break,-2.822404780694896,0.0
1787461560000,1787464500000,1,0.0040164015999999995,0.00396110385,opposite_break,-14.761099269804038,0.0
1787464500000,1787465880000,-1,0.00396110385,0.00397159712,opposite_break,-3.6504017649019973,0.0
1787465880000,1787466480000,1,0.00397159712,0.003889611,opposite_break,-21.6327893953151,0.0
1787466480000,1787468820000,-1,0.003889611,0.00389558952,opposite_break,-2.5378168305263236,0.0
1787468820000,1787470620000,1,0.00389558952,0.0038824117200000003,opposite_break,-4.381057226994466,0.0
1787470620000,1787472540000,-1,0.0038824117200000003,0.00393569353,opposite_break,-14.410021183224707,0.32073556016361904
1787472540000,1787477520000,1,0.00393569353,0.00396380358,opposite_break,6.13876595340498,0.0
1787477520000,1787480520000,-1,0.00396380358,0.004030102969999999,opposite_break,-17.734567784763694,0.0
1787480520000,1787482380000,1,0.004030102969999999,0.00400219974,opposite_break,-7.920239654571212,0.0
1787482380000,1787484120000,-1,0.00400219974,0.00404280424,opposite_break,-11.150618382179841,0.0
1787484120000,1787489400000,1,0.00404280424,0.00404869509,opposite_break,0.4563912139858287,0.0
1787489400000,1787490420000,-1,0.00404869509,0.00406000596,opposite_break,-3.79510439374668,0.0
1787490420000,1787495040000,1,0.00406000596,0.0041098889699999995,opposite_break,11.280294409961817,0.0
1787495040000,1787499540000,-1,0.0041098889699999995,0.00410551051,opposite_break,0.06588018848577881,0.0
1787499540000,1787501580000,1,0.00410551051,0.00408519144,opposite_break,-6.0467298560149425,-0.09998561664868323
1787501580000,1787504340000,-1,0.00408519144,0.004099809939999999,opposite_break,-4.5802016783818,0.0
1787504340000,1787507460000,1,0.004099809939999999,0.00407739222,opposite_break,-6.465256065016305,0.0
1787507460000,1787508960000,-1,0.00407739222,0.00410711067,opposite_break,-8.292236709324886,0.0
1787508960000,1787512320000,1,0.00410711067,0.00406989297,opposite_break,-10.057240999546718,0.0
1787512320000,1787514300000,-1,0.00406989297,0.00409660962,opposite_break,-7.567742326894758,0.0
1787514300000,1787515380000,1,0.00409660962,0.00407499246,opposite_break,-6.274203164127718,0.0
1787515380000,1787516460000,-1,0.00407499246,0.004099509909999999,opposite_break,-7.019571561366524,0.0
1787516460000,1787521320000,1,0.004099509909999999,0.00418278168,opposite_break,19.30245954814648,0.0
1787521320000,1787533140000,-1,0.00418278168,0.00406590655,opposite_break,27.135618437776117,0.17968468103264715
1787533140000,1787534160000,1,0.00406590655,0.00403219674,opposite_break,-9.286701792248534,0.0
1787534160000,1787537700000,-1,0.00403219674,0.004014501409999999,opposite_break,3.3907028368363497,0.0
1787537700000,1787539620000,1,0.004014501409999999,0.00403449651,opposite_break,3.978227781965221,0.0
1787539620000,1787541900000,-1,0.00403449651,0.00402360232,opposite_break,1.701610242562861,0.0
1787541900000,1787543940000,1,0.00402360232,0.00399030093,opposite_break,-9.272373027411826,0.0
1787543940000,1787544240000,-1,0.00399030093,0.004014501409999999,opposite_break,-7.067858205370794,0.0
1787544240000,1787547120000,1,0.004014501409999999,0.00401709825,opposite_break,-0.3534585456776175,0.0
1787547120000,1787548500000,-1,0.00401709825,0.00405190515,opposite_break,-9.669019596421359,0.0
1787548500000,1787549460000,1,0.00405190515,0.00400519944,opposite_break,-12.521088331744377,0.0
1787549460000,1787550120000,-1,0.00400519944,0.00402980294,opposite_break,-7.145961547922196,0.0
1787550120000,1787551500000,1,0.00402980294,0.00400009995,opposite_break,-8.367143988683448,0.0
1787551500000,1787551980000,-1,0.00400009995,0.00402030199,opposite_break,-6.052908995436541,0.0
1787551980000,1787553180000,1,0.00402030199,0.00400269969,opposite_break,-5.3761635055678765,0.0
1787553180000,1787554200000,-1,0.00400269969,0.00401200116,opposite_break,-3.3249610152490883,0.0
1787554200000,1787557320000,1,0.00401200116,0.00402439752,opposite_break,2.08827473519493,0.0
1787557320000,1787557740000,-1,0.00402439752,0.0040374037,opposite_break,-4.233448739924574,0.0
1787557740000,1787558040000,1,0.0040374037,0.00401749821,opposite_break,-5.927804780829916,0.0
1787558040000,1787560800000,-1,0.00401749821,0.0040257025299999995,opposite_break,-2.9431889578862966,0.09997863819832294
1787560800000,1787568000000,1,0.0040257025299999995,0.00403249671,opposite_break,0.6868566068641488,0.0
1787568000000,1787570880000,-1,0.00403249671,0.00402580254,opposite_break,0.6608859390737076,0.0
1787570880000,1787573100000,1,0.00402580254,0.0040575942,opposite_break,6.8930260126470575,0.0
1787573100000,1787574420000,-1,0.0040575942,0.0040758075399999994,opposite_break,-5.490948520677369,0.0
1787574420000,1787578440000,1,0.0040758075399999994,0.00409529043,opposite_break,3.7777399604595345,0.0
1787578440000,1787580720000,-1,0.00409529043,0.00410291025,opposite_break,-2.86156025813304,0.0
1787580720000,1787583120000,1,0.00410291025,0.00410868909,opposite_break,0.40776917555040315,0.0
1787583120000,1787584080000,-1,0.00410868909,0.00416351631,opposite_break,-14.350884529936613,0.0
1787584080000,1787585940000,1,0.00416351631,0.00412798716,opposite_break,-9.529181293155677,0.0
1787585940000,1787587680000,-1,0.00412798716,0.00413061302,opposite_break,-1.5375174010958057,0.09891212936815434
1787587680000,1787590320000,1,0.00413061302,0.00411118884,opposite_break,-5.700142040902152,0.0
1787590320000,1787594460000,-1,0.00411118884,0.0040108010399999994,opposite_break,23.43040147482028,0.0
1787594460000,1787597580000,1,0.0040108010399999994,0.00401039892,opposite_break,-1.1002091442560218,0.0
1787597580000,1787600280000,-1,0.00401039892,0.00402590255,opposite_break,-4.8677902434205045,0.0
1787600280000,1787601180000,1,0.00402590255,0.003988301130000001,opposite_break,-10.335203429104151,0.0
1787601180000,1787603940000,-1,0.003988301130000001,0.00403960392,opposite_break,-13.869750733941956,0.0
1787603940000,1787607300000,1,0.00403960392,0.0040246974900000005,opposite_break,-4.6882271331688985,0.0
1787607300000,1787608800000,-1,0.0040246974900000005,0.00403180314,opposite_break,-2.76639432967655,0.0
1787608800000,1787610600000,1,0.00403180314,0.0040185981,opposite_break,-4.273581824731522,0.0
1787610600000,1787611260000,-1,0.0040185981,0.004039203880000001,opposite_break,-6.130167878693886,0.0
1787611260000,1787611920000,1,0.004039203880000001,0.004020997859999999,opposite_break,-5.505075141193771,0.0
1787611920000,1787613720000,-1,0.004020997859999999,0.00401960192,opposite_break,-0.6526638365335428,0.0
1787613720000,1787617140000,1,0.00401960192,0.00402049791,opposite_break,-0.8778991017597411,-0.10069280691357617
1787617140000,1787618220000,-1,0.00402049791,0.00404550451,opposite_break,-7.222886781701995,0.0
1787618220000,1787620320000,1,0.00404550451,0.0040905909,opposite_break,10.13924028353139,0.0
1787620320000,1787622000000,-1,0.0040905909,0.00412321228,opposite_break,-8.978722753722513,0.0
1787622000000,1787622780000,1,0.00412321228,0.0040838915699999995,opposite_break,-10.531658080189953,0.0
1787622780000,1787624280000,-1,0.0040838915699999995,0.00415281524,opposite_break,-17.8853973356105,0.0
1787624280000,1787629560000,1,0.00415281524,0.004250874870000001,opposite_break,22.601001855551157,0.0
1787629560000,1787634180000,-1,0.004250874870000001,0.00419871983,opposite_break,11.27538309543339,0.0
1787634180000,1787638620000,1,0.00419871983,0.00419498046,opposite_break,-1.8901523479360742,0.0
1787638620000,1787642940000,-1,0.00419498046,0.00417491745,opposite_break,3.7850143037376176,0.0
1787642940000,1787643240000,1,0.00417491745,0.00415428453,opposite_break,-5.939643426961713,0.0
1787643240000,1787645880000,-1,0.00415428453,0.00408500846,opposite_break,15.78191937300929,0.09776894121404825
1787645880000,1787647260000,1,0.00408500846,0.004081191840000001,opposite_break,-1.9338320170821612,0.0
1787647260000,1787649540000,-1,0.004081191840000001,0.00409090905,opposite_break,-3.3821640800397637,0.0
1787649540000,1787651520000,1,0.00409090905,0.00405309465,opposite_break,-10.23889833238895,0.0
1787651520000,1787654820000,-1,0.00405309465,0.004050004960000001,opposite_break,-0.23731491318630643,0.0
1787654820000,1787656500000,1,0.004050004960000001,0.00402039792,opposite_break,-8.306716108318241,0.0
1787656500000,1787662140000,-1,0.00402039792,0.00401790175,opposite_break,-0.3788132083702826,0.0
1787662140000,1787663400000,1,0.00401790175,0.00400549941,opposite_break,-4.085226967035785,0.0
1787663400000,1787664960000,-1,0.00400549941,0.0040060005599999995,opposite_break,-1.1251780424052975,0.0
1787664960000,1787665860000,1,0.0040060005599999995,0.003934106549999999,opposite_break,-18.937606827244245,0.0
1787665860000,1787667060000,-1,0.003934106549999999,0.00398129809,opposite_break,-13.00148881834446,0.0
1787667060000,1787668860000,1,0.00398129809,0.0039626037,opposite_break,-5.693203669409198,0.0
1787668860000,1787672220000,-1,0.0039626037,0.00397709767,opposite_break,-4.65951734840392,0.0
1787672220000,1787674320000,1,0.00397709767,0.00396470349,opposite_break,-4.215208418555113,-0.10037847524121782
1787674320000,1787676180000,-1,0.00396470349,0.00397649761,opposite_break,-3.9762672264806005,0.0
1787676180000,1787677020000,1,0.00397649761,0.00395950401,opposite_break,-5.271372666561234,0.0
1787677020000,1787679960000,-1,0.00395950401,0.00393989395,opposite_break,3.9551320014951896,0.0
1787679960000,1787684040000,1,0.00393989395,0.003955004460000001,opposite_break,2.833340424048765,0.0
1787684040000,1787693760000,-1,0.003955004460000001,0.0038343834,opposite_break,29.513586457498107,0.0
1787693760000,1787694720000,1,0.0038343834,0.0038156184,opposite_break,-5.891429871097401,0.0
1787694720000,1787695320000,-1,0.0038156184,0.00384258422,opposite_break,-8.070755007890746,0.0
1787695320000,1787696820000,1,0.00384258422,0.00383631633,opposite_break,-2.6303497064274675,0.0
1787696820000,1787698020000,-1,0.00383631633,0.0038573857000000003,opposite_break,-6.494829641694359,0.0
1787698020000,1787700840000,1,0.0038573857000000003,0.0038420157600000003,opposite_break,-4.982556120846311,0.0
1787700840000,1787704260000,-1,0.0038420157600000003,0.00382948291,opposite_break,2.3631190583663995,0.09943738492108632
1787704260000,1787704800000,1,0.00382948291,0.00381421854,opposite_break,-4.984020342579446,0.0
1787704800000,1787705400000,-1,0.00381421854,0.00382878284,opposite_break,-4.820332263918994,0.0
1787705400000,1787707620000,1,0.00382878284,0.00383371659,opposite_break,0.2879505918909657,0.0
1787707620000,1787708400000,-1,0.00383371659,0.00385428539,opposite_break,-6.36792011534691,0.0
1787708400000,1787713800000,1,0.00385428539,0.00385701426,opposite_break,-0.29234467897043515,0.0
1787713800000,1787719140000,-1,0.00385701426,0.003860386,opposite_break,-1.8746210520880786,0.0
1787719140000,1787719620000,1,0.003860386,0.00384641532,opposite_break,-4.617175759107964,0.0
1787719620000,1787722260000,-1,0.00384641532,0.00384288425,opposite_break,-0.08152520175581357,0.0
1787722260000,1787724960000,1,0.00384288425,0.00383751621,opposite_break,-2.3961794399609597,0.0
1787724960000,1787727960000,-1,0.00383751621,0.00384388435,opposite_break,-2.6602728747821915,0.0
1787727960000,1787728860000,1,0.00384388435,0.00382431753,opposite_break,-6.087831685154662,0.0
1787728860000,1787731860000,-1,0.00382431753,0.00382808277,opposite_break,-1.8853560389375148,0.09968837498700063
1787731860000,1787732520000,1,0.00382808277,0.00381021894,opposite_break,-5.6641880956508315,0.0
1787732520000,1787733840000,-1,0.00381021894,0.00382678264,opposite_break,-5.349351601826864,0.0
1787733840000,1787734380000,1,0.00382678264,0.0038128186800000003,opposite_break,-4.647183373864086,0.0
1787734380000,1787739420000,-1,0.0038128186800000003,0.0037798779499999997,opposite_break,7.643789052407946,0.0
1787739420000,1787743200000,1,0.0037798779499999997,0.00380491947,opposite_break,5.6216421723353465,0.0
1787743200000,1787746920000,-1,0.00380491947,0.00380168013,opposite_break,-0.1482185902871923,0.0
1787746920000,1787749560000,1,0.00380168013,0.00376802316,opposite_break,-9.84875643522381,0.0
1787749560000,1787751480000,-1,0.00376802316,0.00376477644,opposite_break,-0.13791841980082825,0.0
1787751480000,1787752320000,1,0.00376477644,0.00374222574,opposite_break,-6.986922466503719,0.0
1787752320000,1787758020000,-1,0.00374222574,0.00371087105,opposite_break,7.382809997186382,0.0
1787758020000,1787759700000,1,0.00371087105,0.00369503046,opposite_break,-5.26656423563946,0.0
1787759700000,1787760540000,-1,0.00369503046,0.0037116711299999996,opposite_break,-5.405715327986647,0.10006358648529247
1787760540000,1787760900000,1,0.0037116711299999996,0.00368513145,opposite_break,-8.146756603945079,0.0
1787760900000,1787763900000,-1,0.00368513145,0.00368526849,opposite_break,-1.0372058695491457,0.0
1787763900000,1787766420000,1,0.00368526849,0.0037068292799999998,opposite_break,4.847609112735168,0.0
1787766420000,1787768520000,-1,0.0037068292799999998,0.0037170716699999997,opposite_break,-3.7644950497962757,0.0
1787768520000,1787771700000,1,0.0037170716699999997,0.0037079291699999998,opposite_break,-3.458367651006287,0.0
1787771700000,1787772420000,-1,0.0037079291699999998,0.00373827379,opposite_break,-9.187802656974815,0.0
1787772420000,1787773140000,1,0.00373827379,0.0037144285199999997,opposite_break,-7.375495403454765,0.0
1787773140000,1787776920000,-1,0.0037144285199999997,0.0037170716699999997,opposite_break,-1.7119457436752408,0.0
1787776920000,1787783940000,1,0.0037170716699999997,0.00383891607,opposite_break,31.763284814468065,0.0
1787783940000,1787787600000,-1,0.00383891607,0.00385178514,opposite_break,-4.3539427015917305,0.0
1787787600000,1787788980000,1,0.00385178514,0.00384531543,opposite_break,-2.778939088227439,-0.10011358006329503
1787788980000,1787795400000,-1,0.00384531543,0.0038429842599999996,opposite_break,-0.3934605294524383,0.0
1787795400000,1787797560000,1,0.0038429842599999996,0.00383101686,opposite_break,-4.1125332529984355,0.0
1787797560000,1787803440000,-1,0.00383101686,0.0038115811199999996,opposite_break,4.075795429937223,0.0
1787803440000,1787805000000,1,0.0038115811199999996,0.0037984201200000002,opposite_break,-4.451171334377735,0.0
1787805000000,1787809320000,-1,0.0037984201200000002,0.00378707867,opposite_break,1.9873264058532185,0.0
1787809320000,1787811000000,1,0.00378707867,0.00378232173,opposite_break,-2.2554694381355445,0.0
1787811000000,1787812560000,-1,0.00378232173,0.0037934793100000003,opposite_break,-3.9514038167240217,0.0
1787812560000,1787814600000,1,0.0037934793100000003,0.00378932103,opposite_break,-2.0956171156764216,0.0
1787814600000,1787815200000,-1,0.00378932103,0.00380968093,opposite_break,-6.3756543160979025,0.0
1787815200000,1787826420000,1,0.00380968093,0.003920707890000001,opposite_break,28.028331650861034,-0.10047166863393993
1787826420000,1787835060000,-1,0.003920707890000001,0.00391569153,opposite_break,0.280092350874001,0.0
1787835060000,1787835540000,1,0.00391569153,0.0038918107800000002,opposite_break,-7.095681807958971,0.0
1787835540000,1787836620000,-1,0.0038918107800000002,0.00391879184,opposite_break,-7.936244348960733,0.0
1787836620000,1787838600000,1,0.00391879184,0.00390090987,opposite_break,-5.560851850451839,0.0
1787838600000,1787839140000,-1,0.00390090987,0.003939593920000001,opposite_break,-10.92163195634162,0.0
1787839140000,1787842500000,1,0.003939593920000001,0.00396140382,opposite_break,4.533310156494312,0.0
1787842500000,1787843640000,-1,0.00396140382,0.003999599919999999,opposite_break,-10.646882717955144,0.0
1787843640000,1787845620000,1,0.003999599919999999,0.00396470349,opposite_break,-9.720617682430486,0.0
1787845620000,1787848860000,-1,0.00396470349,0.00393089305,opposite_break,7.630962014261386,0.09883715162769968
1787848860000,1787850180000,1,0.00393089305,0.003914408520000001,opposite_break,-5.191487157097644,0.0
1787850180000,1787857140000,-1,0.003914408520000001,0.0038884888099999996,opposite_break,5.624926785873942,0.0
1787857140000,1787860920000,1,0.0038884888099999996,0.00390330963,opposite_break,2.8095543831589986,0.0
1787860920000,1787864400000,-1,0.00390330963,0.0039050904700000002,opposite_break,-1.4564665857677255,0.0
1787864400000,1787865600000,1,0.0039050904700000002,0.0038923107299999996,opposite_break,-4.270948580610119,0.0
1787865600000,1787868240000,-1,0.0038923107299999996,0.0038973896999999996,opposite_break,-2.3055251333954954,0.0
1787868240000,1787869800000,1,0.0038973896999999996,0.00390210975,opposite_break,0.21047427589814593,0.0
1787869800000,1787873040000,-1,0.00390210975,0.00390259022,opposite_break,-1.1231923922693465,0.0
1787873040000,1787874300000,1,0.00390259022,0.0038906109,opposite_break,-4.068047031594338,0.0
1787874300000,1787878680000,-1,0.0038906109,0.00389758972,opposite_break,-2.6945905358976208,0.10006577630263669
1787878680000,1787881140000,1,0.00389758972,0.00391930803,opposite_break,4.569455074660764,0.0
1787881140000,1787887200000,-1,0.00391930803,0.00382618258,opposite_break,22.772566996985905,0.0
1787887200000,1787889960000,1,0.00382618258,0.00380731923,opposite_break,-5.927605499944528,0.0
1787889960000,1787890440000,-1,0.00380731923,0.00382448241,opposite_break,-5.510197478239794,0.0
1787890440000,1787891640000,1,0.00382448241,0.00380831913,opposite_break,-5.224152873015771,0.0
1787891640000,1787892720000,-1,0.00380831913,0.0038243824,opposite_break,-5.220051179114281,0.0
1787892720000,1787893680000,1,0.0038243824,0.00381021894,opposite_break,-4.701611604006987,0.0
1787893680000,1787895060000,-1,0.00381021894,0.00381988195,opposite_break,-3.5373454012067853,0.0
1787895060000,1787896320000,1,0.00381988195,0.00381441852,opposite_break,-2.429546346320948,0.0
1787896320000,1787897580000,-1,0.00381441852,0.00383028299,opposite_break,-5.161159073598416,0.0
1787897580000,1787898120000,1,0.00383028299,0.00381201876,opposite_break,-5.76599194698144,0.0
1787898120000,1787899680000,-1,0.00381201876,0.00382478244,opposite_break,-4.349947270458909,0.0
1787899680000,1787900580000,1,0.00382478244,0.0038165183099999997,opposite_break,-3.1595994189411627,0.0
1787900580000,1787903340000,-1,0.0038165183099999997,0.00379797976,opposite_break,3.859879546863689,0.0
1787903340000,1787906820000,1,0.00379797976,0.00378082188,opposite_break,-5.615211814609513,-0.09983728823241544
1787906820000,1787907600000,-1,0.00378082188,0.00379887985,opposite_break,-5.7785903590358325,0.0
1787907600000,1787909580000,1,0.00379887985,0.00380171979,opposite_break,-0.25280078810592366,0.0
1787909580000,1787913000000,-1,0.00380171979,0.0037869786600000003,opposite_break,2.87942862169752,0.0
1787913000000,1787917020000,1,0.0037869786600000003,0.00380471949,opposite_break,3.6823500148796056,0.0
1787917020000,1787922180000,-1,0.00380471949,0.00380268023,opposite_break,-0.46375031448114745,0.0
1787922180000,1787923440000,1,0.00380268023,0.0037840215599999998,opposite_break,-5.904262135393991,0.0
1787923440000,1787924880000,-1,0.0037840215599999998,0.00380118008,opposite_break,-5.5367339978898755,0.0
1787924880000,1787925840000,1,0.00380118008,0.00376322364,opposite_break,-10.980443173321056,0.0
1787925840000,1787927580000,-1,0.00376322364,0.0037913791,opposite_break,-8.485480647650292,0.0
1787927580000,1787931720000,1,0.0037913791,0.00377442252,opposite_break,-5.4701680478219945,0.0
1787931720000,1787935140000,-1,0.00377442252,0.00370287025,opposite_break,18.06543153388141,0.09880928751982966
1787935140000,1787938680000,1,0.00370287025,0.00368573139,opposite_break,-5.626219503640429,0.0
1787938680000,1787943660000,-1,0.00368573139,0.0036669666599999998,opposite_break,4.093727778409871,0.0
1787943660000,1787945580000,1,0.0036669666599999998,0.00367383258,opposite_break,0.8714342605995287,0.0
1787945580000,1787949660000,-1,0.00367383258,0.0036759675599999995,opposite_break,-1.5814221098772943,0.0
1787949660000,1787950560000,1,0.0036759675599999995,0.0036652334400000004,opposite_break,-3.9186201360273105,0.0
1787950560000,1787951700000,-1,0.0036652334400000004,0.00367326729,opposite_break,-3.1930027259054503,0.0
1787951700000,1787952240000,1,0.00367326729,0.00366083388,opposite_break,-4.383144300125286,0.0
1787952240000,1787952780000,-1,0.00366083388,0.0036756675299999997,opposite_break,-5.0540126406936805,0.0
1787952780000,1787960940000,1,0.0036756675299999997,0.0036895310099999998,opposite_break,2.769804572069134,0.0
1787960940000,1787962980000,-1,0.0036895310099999998,0.00370427039,opposite_break,-4.90941073553963,0.08750639296022614
1787962980000,1787963580000,1,0.00370427039,0.0036936306,opposite_break,-3.87086767038086,0.0
1787963580000,1787967060000,-1,0.0036936306,0.00368246821,opposite_break,2.0235755559855026,0.0
1787967060000,1787969700000,1,0.00368246821,0.00367203276,opposite_break,-3.8324025300954276,0.0
1787969700000,1787971260000,-1,0.00367203276,0.00367186715,opposite_break,-0.9548770896586304,0.0
1787971260000,1787973540000,1,0.00367186715,0.00366543342,opposite_break,-2.7512924276140596,0.0
1787973540000,1787976960000,-1,0.00366543342,0.0036461645799999998,opposite_break,4.259534742824588,0.0
1787976960000,1787981700000,1,0.0036461645799999998,0.00365043492,opposite_break,0.1706012540992241,0.0
1787981700000,1787982000000,-1,0.00365043492,0.00365906587,opposite_break,-3.365544288350175,0.0
1787982000000,1787982840000,1,0.00365906587,0.00365143482,opposite_break,-3.0844758596816217,0.0
1787982840000,1787986320000,-1,0.00365143482,0.00363096306,opposite_break,4.6093006967601315,0.0
1787986320000,1787987640000,1,0.00363096306,0.00362293767,opposite_break,-3.209159711197885,0.0
1787987640000,1787989200000,-1,0.00362293767,0.00362826279,opposite_break,-2.4705697545163643,0.0
1787989200000,1787989860000,1,0.00362826279,0.00361913805,opposite_break,-3.5136485855260196,0.0
1787989860000,1787991900000,-1,0.00361913805,0.00362266223,opposite_break,-1.8742496269243234,0.09999950126246221
1787991900000,1787993040000,1,0.00362266223,0.00361203876,opposite_break,-3.9310373396307017,0.0
1787993040000,1787994060000,-1,0.00361203876,0.00361696166,opposite_break,-2.3635959570932066,0.0
1787994060000,1787997960000,1,0.00361696166,0.0036141385500000002,opposite_break,-1.7801294871895,0.0
1787997960000,1787998620000,-1,0.0036141385500000002,0.00362976294,opposite_break,-5.325291346398397,0.0
1787998620000,1788001140000,1,0.00362976294,0.00363013695,opposite_break,-0.8970117329480493,0.0
1788001140000,1788001980000,-1,0.00363013695,0.00363096306,opposite_break,-1.2276837117673405,0.0
1788001980000,1788004680000,1,0.00363096306,0.00362013795,opposite_break,-3.9798423355482697,0.0
1788004680000,1788005100000,-1,0.00362013795,0.00362566253,opposite_break,-2.5268319512520483,0.0
1788005100000,1788006360000,1,0.00362566253,0.00361123884,opposite_break,-4.976232767311698,0.0
1788006360000,1788009360000,-1,0.00361123884,0.0036193618999999996,opposite_break,-3.250507897727372,0.0
1788009360000,1788015840000,1,0.0036193618999999996,0.0036552344400000002,opposite_break,8.906332862154683,0.0
1788015840000,1788018540000,-1,0.0036552344400000002,0.00364646461,opposite_break,1.400452025452081,0.0
1788018540000,1788020580000,1,0.00364646461,0.00363703626,opposite_break,-3.68425636112235,-0.09993515335392217
1788020580000,1788026460000,-1,0.00363703626,0.0036355635199999997,opposite_break,-0.5948689359505392,0.0
1788026460000,1788032040000,1,0.0036355635199999997,0.0036526347,opposite_break,3.693259880107984,0.0
1788032040000,1788034680000,-1,0.0036526347,0.00365996596,opposite_break,-3.008119133840569,0.0
1788034680000,1788037320000,1,0.00365996596,0.00364503546,opposite_break,-5.0773698206745,0.0
1788037320000,1788037860000,-1,0.00364503546,0.0036533653,opposite_break,-3.286398859889329,0.0
1788037860000,1788038760000,1,0.0036533653,0.00364513545,opposite_break,-3.251550118735812,0.0
1788038760000,1788040140000,-1,0.00364513545,0.00365516548,opposite_break,-3.7529964668391576,0.0
1788040140000,1788040860000,1,0.00365516548,0.00364483548,opposite_break,-3.8247243678827374,0.0
1788040860000,1788043020000,-1,0.00364483548,0.003650365,opposite_break,-2.517842105729246,0.0
1788043020000,1788052080000,1,0.003650365,0.00364453551,opposite_break,-2.696361940518261,-0.10019956908418748
1788052080000,1788055500000,-1,0.00364453551,0.0036379637599999997,opposite_break,0.8040806179442037,0.0
1788055500000,1788058860000,1,0.0036379637599999997,0.00363473649,opposite_break,-1.886665337479759,0.0
1788058860000,1788060000000,-1,0.00363473649,0.00363996396,opposite_break,-2.4389168924319646,0.0
1788060000000,1788061740000,1,0.00363996396,0.0036343365299999998,opposite_break,-2.5452395536905956,0.0
1788061740000,1788062700000,-1,0.0036343365299999998,0.00363976394,opposite_break,-2.4941169207025027,0.0
1788062700000,1788064560000,1,0.00363976394,0.00363253671,opposite_break,-2.984638702970333,0.0
1788064560000,1788069600000,-1,0.00363253671,0.00364506447,opposite_break,-4.450487876831282,0.0
1788069600000,1788070200000,1,0.00364506447,0.00363853611,opposite_break,-2.790118082602765,0.0
1788070200000,1788071040000,-1,0.00363853611,0.00364256422,opposite_break,-2.107622388004856,0.0
1788071040000,1788074220000,1,0.00364256422,0.00364623534,opposite_break,0.007335552206063967,0.0
1788074220000,1788078840000,-1,0.00364623534,0.00364266423,opposite_break,0.020115160750965214,0.04022899821929761
1788078840000,1788079080000,1,0.00364266423,0.0036361363500000002,opposite_break,-2.791165929119856,0.0
1788079080000,1788081240000,-1,0.0036361363500000002,0.0036353635,opposite_break,-0.7873466914957451,0.0
1788081240000,1788081540000,1,0.0036353635,0.0036296370000000002,opposite_break,-2.5744331344031774,0.0
1788081540000,1788084600000,-1,0.0036296370000000002,0.00362706267,opposite_break,-0.2903926301719992,0.0
1788084600000,1788084900000,1,0.00362706267,0.00362033793,opposite_break,-2.8531186917704123,0.0
1788084900000,1788085560000,-1,0.00362033793,0.00363066303,opposite_break,-3.8533973208406715,0.0
1788085560000,1788089520000,1,0.00363066303,0.00363873609,opposite_break,1.2224655395794546,0.0
1788089520000,1788091500000,-1,0.00363873609,0.00365046501,opposite_break,-4.2249616816809885,0.0
1788091500000,1788092580000,1,0.00365046501,0.00364413555,opposite_break,-2.7330107952465195,0.0
1788092580000,1788094620000,-1,0.00364413555,0.0036455645199999997,opposite_break,-1.3923247270534505,0.0
1788094620000,1788095580000,1,0.0036455645199999997,0.00363583638,opposite_break,-3.667152337218687,0.0
1788095580000,1788096240000,-1,0.00363583638,0.0036472646899999997,opposite_break,-4.144812626304043,0.0
1788096240000,1788102120000,1,0.0036472646899999997,0.00366083388,opposite_break,2.718514162732806,0.0
1788102120000,1788102480000,-1,0.00366083388,0.00368496846,opposite_break,-7.595941821320818,0.0
1788102480000,1788102900000,1,0.00368496846,0.0036592340399999998,opposite_break,-7.980128342808232,0.0
1788102900000,1788103500000,-1,0.0036592340399999998,0.00368316828,opposite_break,-7.5440490709908525,0.0
1788103500000,1788110640000,1,0.00368316828,0.0037346265,opposite_break,13.006160391889644,0.041962456844355754
1788110640000,1788111600000,-1,0.0037346265,0.00377487745,opposite_break,-11.783160103158918,0.0
1788111600000,1788113400000,1,0.00377487745,0.0037489250700000003,opposite_break,-7.871588324012975,0.0
1788113400000,1788114780000,-1,0.0037489250700000003,0.00376527649,opposite_break,-5.363809733332326,0.0
1788114780000,1788116640000,1,0.00376527649,0.00373802616,opposite_break,-8.233653333914905,0.0
1788116640000,1788125520000,-1,0.00373802616,0.0036621661800000003,opposite_break,19.30427470042096,0.0
1788125520000,1788126420000,1,0.0036621661800000003,0.0036456354,opposite_break,-5.51167800637605,0.0
1788126420000,1788135360000,-1,0.0036456354,0.00342584255,opposite_break,59.29054447874847,-0.028912158357909296
1788135360000,1788138300000,1,0.00342584255,0.0034186581000000002,opposite_break,-3.0960851732663133,0.0
1788138300000,1788139440000,-1,0.0034186581000000002,0.00343004297,opposite_break,-4.3318811363440215,0.0
1788139440000,1788141120000,1,0.00343004297,0.00341405856,opposite_break,-5.657789402270899,0.0
1788141120000,1788145440000,-1,0.00341405856,0.00343304327,opposite_break,-6.5635256458518,0.0
1788145440000,1788148860000,1,0.00343304327,0.00343975599,opposite_break,0.9543486965720716,0.0
1788148860000,1788152100000,-1,0.00343975599,0.0034325432199999997,opposite_break,1.09793264579803,0.0
1788152100000,1788175800000,1,0.0034325432199999997,0.0035805419100000003,opposite_break,42.013048053623805,-0.08173070782193968
1788175800000,1788177840000,-1,0.0035805419100000003,0.00359825979,opposite_break,-5.950853637682881,0.0
1788177840000,1788180000000,1,0.00359825979,0.0035776422,opposite_break,-6.727013169607726,0.0
1788180000000,1788181320000,-1,0.0035776422,0.00359175914,opposite_break,-4.947851037199843,0.0
1788181320000,1788184260000,1,0.00359175914,0.00356854311,opposite_break,-7.460461595707064,0.0
1788184260000,1788186600000,-1,0.00356854311,0.00356365633,opposite_break,0.37008948450110535,0.0
1788186600000,1788189060000,1,0.00356365633,0.00358094187,opposite_break,3.848081753719418,0.0
1788189060000,1788194580000,-1,0.00358094187,0.00355785575,opposite_break,5.5491242001087855,0.09895999791808964
1788194580000,1788196680000,1,0.00355785575,0.0035466453,opposite_break,-4.149325201000673,0.0
1788196680000,1788198000000,-1,0.0035466453,0.00356715668,opposite_break,-6.786210335158181,0.0
1788198000000,1788200820000,1,0.00356715668,0.0035680431599999997,opposite_break,-0.7516126036830901,0.0
1788200820000,1788201480000,-1,0.0035680431599999997,0.0035879587599999996,opposite_break,-6.584449768819471,0.0
1788201480000,1788202560000,1,0.0035879587599999996,0.00358044192,opposite_break,-3.0939709964781277,0.0
1788202560000,1788206940000,-1,0.00358044192,0.0035716571299999997,opposite_break,1.454775860461458,0.0
1788206940000,1788208440000,1,0.0035716571299999997,0.00356704326,opposite_break,-2.2911550289262115,0.0
1788208440000,1788211680000,-1,0.00356704326,0.00357355732,opposite_break,-2.82709223156429,0.0
1788211680000,1788213420000,1,0.00357355732,0.0035746425,opposite_break,-0.6964824367221261,0.0
1788213420000,1788220380000,-1,0.0035746425,0.00355405537,opposite_break,4.762093290447985,0.0
1788220380000,1788222780000,1,0.00355405537,0.00355554441,opposite_break,-0.6196006918147166,-0.038360481705157004
1788222780000,1788223620000,-1,0.00355554441,0.0035662565899999997,opposite_break,-4.014316474252581,0.0
1788223620000,1788224100000,1,0.0035662565899999997,0.00355324464,opposite_break,-4.646805465839886,0.0
1788224100000,1788224760000,-1,0.00355324464,0.00356725669,opposite_break,-4.945423815512933,0.0
1788224760000,1788225060000,1,0.00356725669,0.00355404456,opposite_break,-4.701870956474336,0.0
1788225060000,1788226680000,-1,0.00355404456,0.00355405537,opposite_break,-1.0030431258857768,0.0
1788226680000,1788228240000,1,0.00355405537,0.0035486451,opposite_break,-2.521519588761993,0.0
1788228240000,1788229440000,-1,0.0035486451,0.00355315528,opposite_break,-2.271593795051474,0.0
1788229440000,1788230400000,1,0.00355315528,0.0035448454800000003,opposite_break,-3.337540705510508,0.0
1788230400000,1788233400000,-1,0.0035448454800000003,0.0035533553000000003,opposite_break,-3.4018183466772873,0.0
1788233400000,1788234600000,1,0.0035533553000000003,0.0035610438600000003,opposite_break,1.1626646004130186,0.0
1788234600000,1788239100000,-1,0.0035610438600000003,0.00353875384,opposite_break,5.26253589867333,0.0
1788239100000,1788243600000,1,0.00353875384,0.00354414555,opposite_break,0.5228564598321297,0.0
1788243600000,1788254460000,-1,0.00354414555,0.00347974794,opposite_break,17.195680274191794,0.016458259734846388
1788254460000,1788257940000,1,0.00347974794,0.00347425254,opposite_break,-2.57846269175463,0.0
1788257940000,1788258180000,-1,0.00347425254,0.00349424939,opposite_break,-6.7586051084817305,0.0
1788258180000,1788260040000,1,0.00349424939,0.00348295167,opposite_break,-4.231615686137297,0.0
1788260040000,1788260700000,-1,0.00348295167,0.00349184915,opposite_break,-3.5558576699973887,0.0
1788260700000,1788267780000,1,0.00349184915,0.0034871512500000003,opposite_break,-2.3447176118703643,0.0
1788267780000,1788270660000,-1,0.0034871512500000003,0.0035159515599999997,opposite_break,-9.263108792599533,0.0
1788270660000,1788273180000,1,0.0035159515599999997,0.00351384858,opposite_break,-1.5978263562879993,0.0
1788273180000,1788274140000,-1,0.00351384858,0.00353415338,opposite_break,-6.781396647433323,0.0
1788274140000,1788274860000,1,0.00353415338,0.00349695027,opposite_break,-11.52147556906542,0.0
1788274860000,1788276840000,-1,0.00349695027,0.0035111510800000002,opposite_break,-5.062943224239799,0.0
1788276840000,1788278580000,1,0.0035111510800000002,0.00350314965,opposite_break,-3.3778194372086427,-0.10009651877469199
1788278580000,1788283260000,-1,0.00350314965,0.00349224919,opposite_break,2.1131728072194162,0.0
1788283260000,1788286620000,1,0.00349224919,0.00347055291,opposite_break,-7.209588915388953,0.0
1788286620000,1788288660000,-1,0.00347055291,0.00349204917,opposite_break,-7.196997621914953,0.0
1788288660000,1788290100000,1,0.00349204917,0.00348705126,opposite_break,-2.4305099389536684,0.0
1788290100000,1788293700000,-1,0.00348705126,0.00349414938,opposite_break,-3.036582926515408,0.0
1788293700000,1788295320000,1,0.00349414938,0.0034746524999999997,opposite_break,-6.577074543962488,0.0
1788295320000,1788296160000,-1,0.0034746524999999997,0.00348624859,opposite_break,-4.339006719377121,0.0
1788296160000,1788296880000,1,0.00348624859,0.00347185278,opposite_break,-5.127247877926049,0.0
1788296880000,1788302880000,-1,0.00347185278,0.00346064603,opposite_break,2.22950138888095,0.0
1788302880000,1788304500000,1,0.00346064603,0.00345525444,opposite_break,-2.5571931247183346,0.0
1788304500000,1788305460000,-1,0.00345525444,0.00346544651,opposite_break,-3.9512055369792587,0.0
1788305460000,1788308940000,1,0.00346544651,0.00346785318,opposite_break,-0.4061525234738479,-0.10028144973445283
1788308940000,1788314880000,-1,0.00346785318,0.0034583458,opposite_break,1.742945908107898,0.0
1788314880000,1788320580000,1,0.0034583458,0.0034828516800000002,opposite_break,6.082469040545378,0.0
1788320580000,1788323640000,-1,0.0034828516800000002,0.00347474744,opposite_break,1.3280612742028792,0.0
1788323640000,1788325380000,1,0.00347474744,0.00346715325,opposite_break,-3.1844444915972843,0.0
1788325380000,1788326940000,-1,0.00346715325,0.00347594756,opposite_break,-3.537732404819419,0.0
1788326940000,1788329940000,1,0.00347594756,0.00345435453,opposite_break,-7.209021601292566,0.0
1788329940000,1788331260000,-1,0.00345435453,0.0034653465,opposite_break,-4.183652948616179,0.0
1788331260000,1788335640000,1,0.0034653465,0.0034481551500000003,opposite_break,-5.958452011941558,0.0
1788335640000,1788336420000,-1,0.0034481551500000003,0.0034567456400000003,opposite_break,-3.3926516894113465,0.09992328796458014
1788336420000,1788337860000,1,0.0034567456400000003,0.00344305566,opposite_break,-4.958386423248749,0.0
1788337860000,1788339960000,-1,0.00344305566,0.0034360435699999996,opposite_break,1.0376075026914684,0.0
1788339960000,1788343320000,1,0.0034360435699999996,0.0034116588,opposite_break,-8.093209710085151,0.0
1788343320000,1788346800000,-1,0.0034116588,0.0034089408599999997,opposite_break,-0.2029393531380343,0.0
1788346800000,1788347220000,1,0.0034089408599999997,0.0033930606600000002,opposite_break,-5.656067838032085,0.0
1788347220000,1788348840000,-1,0.0033930606600000002,0.00340604057,opposite_break,-4.8273409338339395,0.0
1788348840000,1788352680000,1,0.00340604057,0.0034050594599999997,opposite_break,-1.287905979053019,0.0
1788352680000,1788354360000,-1,0.0034050594599999997,0.0034078407499999997,opposite_break,-1.8172193988647762,0.0
1788354360000,1788354900000,1,0.0034078407499999997,0.00338916105,opposite_break,-6.478648070629342,0.0
1788354900000,1788356580000,-1,0.00338916105,0.00341784175,opposite_break,-9.466708995726217,0.0
1788356580000,1788360840000,1,0.00341784175,0.0033983601300000004,opposite_break,-6.697127197302129,0.0
1788360840000,1788363300000,-1,0.0033983601300000004,0.00339693966,opposite_break,-0.5818041112080341,0.0
1788363300000,1788367020000,1,0.00339693966,0.00340405956,opposite_break,0.9943863383196456,-0.10054049650090045
1788367020000,1788370500000,-1,0.00340405956,0.0033848384499999998,opposite_break,4.649349024609972,0.0
1788370500000,1788374340000,1,0.0033848384499999998,0.00339326064,opposite_break,1.4869662258180223,0.0
1788374340000,1788375300000,-1,0.00339326064,0.00340684065,opposite_break,-5.004054343729981,0.0
1788375300000,1788377280000,1,0.00340684065,0.00339546042,opposite_break,-4.338735518786304,0.0
1788377280000,1788379200000,-1,0.00339546042,0.00340324029,opposite_break,-3.2924019049528055,0.0
1788379200000,1788383040000,1,0.00340324029,0.00341235873,opposite_break,1.6780009647806002,0.0
1788383040000,1788385200000,-1,0.00341235873,0.00341564153,opposite_break,-1.962513516273866,0.0
1788385200000,1788386640000,1,0.00341564153,0.0034026597000000004,opposite_break,-4.79880001195551,0.0
1788386640000,1788388680000,-1,0.0034026597000000004,0.00340284025,opposite_break,-1.0530879638065977,0.0
1788388680000,1788394200000,1,0.00340284025,0.00342205776,opposite_break,4.543851564880217,-0.10081578175760675
1788394200000,1788397620000,-1,0.00342205776,0.00342274224,opposite_break,-1.2001200120011255,0.0
1788397620000,1788400080000,1,0.00342274224,0.00344145582,opposite_break,4.464689391860356,0.0
1788400080000,1788401700000,-1,0.00344145582,0.00344924489,opposite_break,-3.264438348942673,0.0
1788401700000,1788404820000,1,0.00344924489,0.0034637535899999998,opposite_break,3.2042377715893897,0.0
1788404820000,1788407760000,-1,0.0034637535899999998,0.0034567456400000003,opposite_break,1.0242357872228205,0.0
1788407760000,1788408900000,1,0.0034567456400000003,0.00344795517,opposite_break,-3.5417186220852885,0.0
1788408900000,1788414300000,-1,0.00344795517,0.00343594356,opposite_break,2.4854327311338866,0.0
1788414300000,1788421680000,1,0.00343594356,0.00346105386,opposite_break,6.304469474463708,0.0
1788421680000,1788422640000,-1,0.00346105386,0.00348144811,opposite_break,-6.795402191458481,0.10004120536858678
1788422640000,1788423840000,1,0.00348144811,0.0034741525500000003,opposite_break,-3.0945055016199974,0.0
1788423840000,1788430920000,-1,0.0034741525500000003,0.00346384635,opposite_break,1.9680196685664706,0.0
1788430920000,1788431760000,1,0.00346384635,0.00344455551,opposite_break,-6.566411622155252,0.0
1788431760000,1788432780000,-1,0.00344455551,0.00345954592,opposite_break,-5.354090146452591,0.0
1788432780000,1788438300000,1,0.00345954592,0.0034741525500000003,opposite_break,3.2200124012229985,0.0
1788438300000,1788438720000,-1,0.0034741525500000003,0.0034923491999999997,opposite_break,-6.240342231085796,0.0
1788438720000,1788442200000,1,0.0034923491999999997,0.00348895107,opposite_break,-1.9725347439482448,0.0
1788442200000,1788444900000,-1,0.00348895107,0.00351355132,opposite_break,-8.05442685528988,0.0
1788444900000,1788452100000,1,0.00351355132,0.00379752021,opposite_break,79.67080703833288,-0.10982762591325976
1788452100000,1788453240000,-1,0.00379752021,0.00382418238,opposite_break,-8.024452698041063,0.0
1788453240000,1788455280000,1,0.00382418238,0.00382291767,opposite_break,-1.3305484726908217,0.0
1788455280000,1788457500000,-1,0.00382291767,0.00383878384,opposite_break,-5.152352850695837,0.0
1788457500000,1788462840000,1,0.00383878384,0.00380421954,opposite_break,-9.999469438737561,0.0
1788462840000,1788478620000,-1,0.00380421954,0.00368206817,opposite_break,31.125497595493734,0.0
1788478620000,1788482940000,1,0.00368206817,0.00368983098,opposite_break,1.0064222751747514,-0.10079797083170244
1788482940000,1788486720000,-1,0.00368983098,0.0036608660500000003,opposite_break,6.853859058064379,0.0
1788486720000,1788487500000,1,0.0036608660500000003,0.00364933503,opposite_break,-4.1482316841394145,0.0
1788487500000,1788489180000,-1,0.00364933503,0.0036617661399999998,opposite_break,-4.408107354560924,0.0
1788489180000,1788491640000,1,0.0036617661399999998,0.0036717327900000003,opposite_break,1.7204540907685,0.0
1788491640000,1788495360000,-1,0.0036717327900000003,0.00367186715,opposite_break,-1.0366113733454951,0.0
1788495360000,1788496860000,1,0.00367186715,0.0036756324,opposite_break,0.024919263486986476,0.0
1788496860000,1788502260000,-1,0.0036756324,0.00364596456,opposite_break,7.075528423353715,0.0
1788502260000,1788502860000,1,0.00364596456,0.00362913705,opposite_break,-5.613071786139414,0.0
1788502860000,1788504000000,-1,0.00362913705,0.00363566353,opposite_break,-2.799255070843909,0.0
1788504000000,1788508440000,1,0.00363566353,0.00363523644,opposite_break,-1.117413630683246,0.0
1788508440000,1788510300000,-1,0.00363523644,0.00364326429,opposite_break,-3.1095882074179286,0.09985925427177991
1788510300000,1788513900000,1,0.00364326429,0.00366053391,opposite_break,3.7377801378225026,0.0
1788513900000,1788514740000,-1,0.00366053391,0.00368846881,opposite_break,-8.635188783157636,0.0
1788514740000,1788515580000,1,0.00368846881,0.00366793317,opposite_break,-6.5647406111589035,0.0
1788515580000,1788517980000,-1,0.00366793317,0.0036656665299999998,opposite_break,-0.3817299239395961,0.0
1788517980000,1788525120000,1,0.0036656665299999998,0.0035556444000000003,opposite_break,-30.999215159104907,0.0
1788525120000,1788528120000,-1,0.0035556444000000003,0.0035453545,opposite_break,1.8954090431541575,0.0
1788528120000,1788529020000,1,0.0035453545,0.0035220477600000004,opposite_break,-7.5705944581845035,0.0
1788529020000,1788529620000,-1,0.0035220477600000004,0.00356425639,opposite_break,-12.990108366673546,0.0
1788529620000,1788531000000,1,0.00356425639,0.00353794617,opposite_break,-8.377994737915106,0.0
1788531000000,1788535560000,-1,0.00353794617,0.00353085305,opposite_break,1.005871830435473,0.0
1788535560000,1788537900000,1,0.00353085305,0.00351084888,opposite_break,-6.6887448198955415,-0.02604302181309981
1788537900000,1788538740000,-1,0.00351084888,0.00352585255,opposite_break,-5.275653082225489,0.0
1788538740000,1788542160000,1,0.00352585255,0.00352604736,opposite_break,-0.9447757408346431,0.0
1788542160000,1788544740000,-1,0.00352604736,0.00353455342,opposite_break,-3.4135560760023083,0.0
1788544740000,1788556560000,1,0.00353455342,0.0035708428800000002,opposite_break,9.26192306636589,0.0
1788556560000,1788558120000,-1,0.0035708428800000002,0.0035803579999999996,opposite_break,-3.666002924216982,0.0
1788558120000,1788558780000,1,0.0035803579999999996,0.00354974499,opposite_break,-9.545989952680602,0.0
1788558780000,1788563160000,-1,0.00354974499,0.00351445141,opposite_break,8.947539017443587,0.0
1788563160000,1788567240000,1,0.00351445141,0.0035120487600000003,opposite_break,-1.764334664937046,-0.08102782843709881
1788567240000,1788570600000,-1,0.0035120487600000003,0.00350495046,opposite_break,1.0221385394433387,0.0
1788570600000,1788571680000,1,0.00350495046,0.00349275069,opposite_break,-4.478985011103417,0.0
1788571680000,1788574980000,-1,0.00349275069,0.0034883488000000003,opposite_break,0.2609233626691261,0.0
1788574980000,1788575340000,1,0.0034883488000000003,0.00347575239,opposite_break,-4.609189480994627,0.0
1788575340000,1788578880000,-1,0.00347575239,0.00346754672,opposite_break,1.362013145303542,0.0
1788578880000,1788581400000,1,0.00346754672,0.00345305466,opposite_break,-5.177251278679188,0.0
1788581400000,1788582000000,-1,0.00345305466,0.0034634463100000003,opposite_break,-4.010912611791736,0.0
1788582000000,1788584640000,1,0.0034634463100000003,0.00347085288,opposite_break,1.1374278832113967,0.0
1788584640000,1788586320000,-1,0.00347085288,0.00347984795,opposite_break,-3.592898012721322,0.0
1788586320000,1788587280000,1,0.00347984795,0.00347145282,opposite_break,-3.4112928368033817,0.0
1788587280000,1788587700000,-1,0.00347145282,0.00348464843,opposite_break,-4.803078563804265,0.0
1788587700000,1788596700000,1,0.00348464843,0.0035048494800000002,opposite_break,4.730055966937332,-0.06420129619790653
1788596700000,1788600840000,-1,0.0035048494800000002,0.0035302529899999997,opposite_break,-8.251727042782873,0.0
1788600840000,1788606060000,1,0.0035302529899999997,0.00352704726,opposite_break,-1.9076196930010203,0.0
1788606060000,1788609120000,-1,0.00352704726,0.0035283528,opposite_break,-1.3703360555480808,0.0
1788609120000,1788611460000,1,0.0035283528,0.0035211478499999997,opposite_break,-3.040994178643458,0.0
1788611460000,1788611640000,-1,0.0035211478499999997,0.00353455342,opposite_break,-4.809062656940145,0.0
1788611640000,1788615900000,1,0.00353455342,0.00355904406,opposite_break,5.92545613867121,0.0
1788615900000,1788617760000,-1,0.00355904406,0.00356905687,opposite_break,-3.8147491956028254,0.0
1788617760000,1788619680000,1,0.00356905687,0.00356194377,opposite_break,-2.9919950028703326,0.0
1788619680000,1788620340000,-1,0.00356194377,0.0035761575800000002,opposite_break,-4.992459685852967,0.0
1788620340000,1788621300000,1,0.0035761575800000002,0.0035653434300000003,opposite_break,-4.0224459306404174,0.0
1788621300000,1788627300000,-1,0.0035653434300000003,0.00359075904,opposite_break,-8.031986762913247,0.10009414436690045
1788627300000,1788629940000,1,0.00359075904,0.00358254171,opposite_break,-3.2873217733373763,0.0
1788629940000,1788630720000,-1,0.00358254171,0.00359505947,opposite_break,-4.495847332367857,0.0
1788630720000,1788633720000,1,0.00359505947,0.0036230376600000004,opposite_break,6.778508572210135,0.0
1788633720000,1788636360000,-1,0.0036230376600000004,0.00362746271,opposite_break,-2.2219752982086147,0.0
1788636360000,1788637080000,1,0.00362746271,0.0036108388800000003,opposite_break,-5.580479363494165,0.0
1788637080000,1788639180000,-1,0.0036108388800000003,0.00362816278,opposite_break,-5.800148255299476,0.0
1788639180000,1788639600000,1,0.00362816278,0.00360473949,opposite_break,-7.452736488024938,0.0
1788639600000,1788640980000,-1,0.00360473949,0.0036204620099999996,opposite_break,-5.363805291238893,0.0
1788640980000,1788647040000,1,0.0036204620099999996,0.0036354364199999998,opposite_break,3.1339814514446904,0.0
1788647040000,1788648840000,-1,0.0036354364199999998,0.00363176314,opposite_break,0.010914843615885017,0.0
1788648840000,1788650580000,1,0.00363176314,0.00361423854,opposite_break,-5.822957066522756,0.0
1788650580000,1788653940000,-1,0.00361423854,0.00361656162,opposite_break,-1.543137515212246,0.09994166018715522
1788653940000,1788661200000,1,0.00361656162,0.00363873609,opposite_break,5.128302264348007,0.0
1788661200000,1788662400000,-1,0.00363873609,0.00365776574,opposite_break,-6.23235660792312,0.0
1788662400000,1788667080000,1,0.00365776574,0.00366583338,opposite_break,1.2045168425685187,0.0
1788667080000,1788669960000,-1,0.00366583338,0.00364306427,opposite_break,5.2142744073655,0.0
1788669960000,1788670800000,1,0.00364306427,0.0036317367900000003,opposite_break,-4.107772858478722,0.0
1788670800000,1788672060000,-1,0.0036317367900000003,0.0036373637,opposite_break,-2.550146329574652,0.0
1788672060000,1788674880000,1,0.0036373637,0.00364643532,opposite_break,1.4927625989119382,0.0
1788674880000,1788677100000,-1,0.00364643532,0.00365066503,opposite_break,-2.16053747938134,0.0
1788677100000,1788678600000,1,0.00365066503,0.0036351364499999997,opposite_break,-5.251503652746848,0.0
1788678600000,1788680580000,-1,0.0036351364499999997,0.00363206317,opposite_break,-0.15413996632784255,0.0
1788680580000,1788682740000,1,0.00363206317,0.00362443752,opposite_break,-3.1985479880846417,-0.10006103500672321
1788682740000,1788686520000,-1,0.00362443752,0.00363326329,opposite_break,-3.436290551644004,0.0
1788686520000,1788690720000,1,0.00363326329,0.0036224377199999998,opposite_break,-3.9780823329762653,0.0
1788690720000,1788691380000,-1,0.0036224377199999998,0.00363416338,opposite_break,-4.2385712983355734,0.0
1788691380000,1788696360000,1,0.00363416338,0.00363003696,opposite_break,-2.134884802564862,0.0
1788696360000,1788696960000,-1,0.00363003696,0.00364146411,opposite_break,-4.149517126404103,0.0
1788696960000,1788697560000,1,0.00364146411,0.00363153681,opposite_break,-3.724820580477987,0.0
1788697560000,1788702420000,-1,0.00363153681,0.00360676064,opposite_break,5.825914036377337,0.0
1788702420000,1788704040000,1,0.00360676064,0.00360053991,opposite_break,-2.7238791967631215,0.0
1788704040000,1788709140000,-1,0.00360053991,0.0035793579,opposite_break,4.885950867018772,0.0
1788709140000,1788714960000,1,0.0035793579,0.00358834113,opposite_break,1.4084818075890417,-0.09999558859425599
1788714960000,1788716280000,-1,0.00358834113,0.00359855982,opposite_break,-3.8491715181494053,0.0
1788716280000,1788720420000,1,0.00359855982,0.00359414055,opposite_break,-2.227452254774547,0.0
1788720420000,1788721380000,-1,0.00359414055,0.0036019601599999998,opposite_break,-3.1767428669420807,0.0
1788721380000,1788723660000,1,0.0036019601599999998,0.0035924407200000003,opposite_break,-3.6415284615473027,0.0
1788723660000,1788725760000,-1,0.0035924407200000003,0.00360036,opposite_break,-3.2055310741494,0.0
1788725760000,1788731700000,1,0.00360036,0.00363843612,opposite_break,9.57035461453858,0.0
1788731700000,1788733860000,-1,0.00363843612,0.0036163616,opposite_break,5.070068714027623,0.0
1788733860000,1788742020000,1,0.0036163616,0.00365473449,opposite_break,9.50460041246981,-0.1010048331450041
1788742020000,1788748140000,-1,0.00365473449,0.00360586055,opposite_break,12.379460834650063,0.0
1788748140000,1788749880000,1,0.00360586055,0.00361573839,opposite_break,1.7380152235781354,0.0
1788749880000,1788754260000,-1,0.00361573839,0.00358215818,opposite_break,8.291878029096042,0.0
1788754260000,1788760260000,1,0.00358215818,0.0036105389099999998,opposite_break,6.918840601003232,0.0
1788760260000,1788761580000,-1,0.0036105389099999998,0.0036258625499999996,opposite_break,-5.246264117951261,0.0
1788761580000,1788762840000,1,0.0036258625499999996,0.00360473949,opposite_break,-6.822752015241125,0.0
1788762840000,1788765240000,-1,0.00360473949,0.00360686065,opposite_break,-1.588730638063424,0.0
1788765240000,1788765840000,1,0.00360686065,0.00358784118,opposite_break,-6.27050033524299,0.0
1788765840000,1788768540000,-1,0.00358784118,0.00357415738,opposite_break,2.9151448448451904,0.09930093951371616
1788768540000,1788773820000,1,0.00357415738,0.00359214075,opposite_break,4.028983450919085,0.0
1788773820000,1788776220000,-1,0.00359214075,0.00359185915,opposite_break,-0.9215674385809677,0.0
1788776220000,1788779400000,1,0.00359185915,0.00359684028,opposite_break,0.3860898289957083,0.0
1788779400000,1788779820000,-1,0.00359684028,0.0036071606799999998,opposite_break,-3.870730807095933,0.0
1788779820000,1788788100000,1,0.0036071606799999998,0.00365793417,opposite_break,13.068711587031453,0.0
1788788100000,1788789300000,-1,0.00365793417,0.0036715671199999997,opposite_break,-4.728816824223942,0.0
1788789300000,1788789960000,1,0.0036715671199999997,0.00364243572,opposite_break,-8.930355989242996,0.0
1788789960000,1788792780000,-1,0.00364243572,0.0036493649,opposite_break,-2.9032990896541753,0.0
1788792780000,1788793560000,1,0.0036493649,0.0036329366699999997,opposite_break,-5.499417387666588,0.0
1788793560000,1788796920000,-1,0.0036329366699999997,0.00358025799,opposite_break,13.60560206792702,0.09804960349061083
1788796920000,1788802080000,1,0.00358025799,0.00362153781,opposite_break,10.524080165519068,0.0
1788802080000,1788807120000,-1,0.00362153781,0.00360476044,opposite_break,3.6349809295516353,0.0
1788807120000,1788807780000,1,0.00360476044,0.00359044092,opposite_break,-4.9704053787273885,0.0
1788807780000,1788808560000,-1,0.00359044092,0.00359945991,opposite_break,-3.5132009399558393,0.0
1788808560000,1788811560000,1,0.00359945991,0.00362123784,opposite_break,5.047307534812889,0.0
1788811560000,1788812400000,-1,0.00362123784,0.0036283628000000003,opposite_break,-2.9685319757954227,0.0
1788812400000,1788816900000,1,0.0036283628000000003,0.00362543742,opposite_break,-1.8058503162914668,0.0
1788816900000,1788818280000,-1,0.00362543742,0.0036312630899999997,opposite_break,-2.607690923816744,0.0
1788818280000,1788818580000,1,0.0036312630899999997,0.00360553941,opposite_break,-8.080406327705525,0.0
1788818580000,1788822240000,-1,0.00360553941,0.0035911590799999997,opposite_break,2.9903932612958046,0.0
1788822240000,1788827040000,1,0.0035911590799999997,0.0036078391800000004,opposite_break,3.541557916727187,-0.10088748282351226
1788827040000,1788827700000,-1,0.0036078391800000004,0.00362876284,opposite_break,-6.802398828098396,0.0
1788827700000,1788834660000,1,0.00362876284,0.0036492350399999996,opposite_break,4.638826454693233,0.0
1788834660000,1788838380000,-1,0.0036492350399999996,0.00360726069,opposite_break,10.50798364991027,0.0
1788838380000,1788841440000,1,0.00360726069,0.00359494047,opposite_break,-4.413687268052732,0.0
1788841440000,1788843840000,-1,0.00359494047,0.00361686165,opposite_break,-7.100835541791318,0.0
1788843840000,1788845700000,1,0.00361686165,0.00361353861,opposite_break,-1.9183039887632403,0.0
1788845700000,1788850620000,-1,0.00361353861,0.00358305827,opposite_break,7.439256767758794,0.0
1788850620000,1788854580000,1,0.00358305827,0.00359494047,opposite_break,2.2139379357623508,-0.1006213052739441
1788854580000,1788856140000,-1,0.00359494047,0.0036074607099999996,opposite_break,-4.484480542733358,0.0
1788856140000,1788858000000,1,0.0036074607099999996,0.00361043892,opposite_break,-0.17484315581075394,0.0
1788858000000,1788860040000,-1,0.00361043892,0.00362846281,opposite_break,-5.994656423934233,0.0
1788860040000,1788863640000,1,0.00362846281,0.00362873709,opposite_break,-0.9244465564744364,0.0
1788863640000,1788867480000,-1,0.00362873709,0.00360856082,opposite_break,4.562915591385544,0.0
1788867480000,1788868980000,1,0.00360856082,0.00359684028,opposite_break,-4.246357845785123,0.0
1788868980000,1788870120000,-1,0.00359684028,0.00360616058,opposite_break,-3.59254218260696,0.0
1788870120000,1788873240000,1,0.00360616058,0.00361703826,opposite_break,2.014907661155835,0.0
1788873240000,1788875820000,-1,0.00361703826,0.0036088608500000003,opposite_break,1.2619331389101571,0.0
1788875820000,1788883860000,1,0.0036088608500000003,0.00365733423,opposite_break,12.323297103572061,-0.10175454672905994
1788883860000,1788885420000,-1,0.00365733423,0.0036617661399999998,opposite_break,-2.2123928731008777,0.0
1788885420000,1788890340000,1,0.0036617661399999998,0.00364443552,opposite_break,-5.730491797600038,0.0
1788890340000,1788891360000,-1,0.00364443552,0.00366306627,opposite_break,-6.114664609294552,0.0
1788891360000,1788892620000,1,0.00366306627,0.00365913405,opposite_break,-2.0729409735741187,0.0
1788892620000,1788895860000,-1,0.00365913405,0.00364646461,opposite_break,2.464146037503013,0.0
1788895860000,1788897180000,1,0.00364646461,0.00363003696,opposite_break,-5.502837112410602,0.0
1788897180000,1788897720000,-1,0.00363003696,0.00364496446,opposite_break,-5.1142731918629885,0.0
1788897720000,1788899520000,1,0.00364496446,0.0036426357,opposite_break,-1.638578412915387,0.0
1788899520000,1788902220000,-1,0.0036426357,0.0036597659400000003,opposite_break,-5.705056044995136,0.0
1788902220000,1788902580000,1,0.0036597659400000003,0.0036481351499999997,opposite_break,-4.1764257046997475,0.0
1788902580000,1788903599999,-1,0.0036481351499999997,0.0036485648199999997,sample_end,-1.117836872079716,0.0
