entry_time,exit_time,side,entry_price,exit_price,reason,net_pnl,funding
1786313520000,1786313880000,1,0.00294619459,0.0029547045,confirmed_pivot,1.8869970347071092,0.0
1786313880000,1786316100000,-1,0.0029547045,0.0029061905899999997,confirmed_pivot,15.427418361125552,0.0
1786316100000,1786316280000,1,0.0029061905899999997,0.00290440953,opposite_break,-1.612543952253147,0.0
1786316280000,1786317180000,-1,0.00290440953,0.0029029902699999996,confirmed_pivot,-0.5110986879317272,0.0
1786317180000,1786317360000,1,0.0029029902699999996,0.00289741023,opposite_break,-2.921208637051223,0.0
1786317360000,1786318560000,-1,0.00289741023,0.00287718769,confirmed_pivot,5.98301229853802,0.0
1786318560000,1786318920000,1,0.00287718769,0.00287691228,opposite_break,-1.095674083396415,0.0
1786318920000,1786319040000,-1,0.00287691228,0.00288068804,confirmed_pivot,-2.31309108945099,0.0
1786319040000,1786320120000,1,0.00288068804,0.00287461251,opposite_break,-3.2080600699130084,-0.10005942885783634
1786320120000,1786320600000,-1,0.00287461251,0.0028911890900000002,opposite_break,-6.769427438413327,0.0
1786320600000,1786322160000,1,0.0028911890900000002,0.00289521045,confirmed_pivot,0.3902063112723452,0.0
1786322160000,1786323000000,-1,0.00289521045,0.00289458943,confirmed_pivot,-0.7853936628337161,0.0
1786323000000,1786323480000,1,0.00289458943,0.0029007099,confirmed_pivot,1.1133946326197772,0.0
1786323480000,1786324140000,-1,0.0029007099,0.00289658963,confirmed_pivot,0.4211452634405255,0.0
1786324140000,1786324740000,1,0.00289658963,0.00290320965,confirmed_pivot,1.2843104599528898,0.0
1786324740000,1786326060000,-1,0.00290320965,0.0028953895099999996,confirmed_pivot,1.6949655771501968,0.0
1786326060000,1786326900000,1,0.0028953895099999996,0.00292810716,confirmed_pivot,10.294263193970146,0.0
1786326900000,1786327860000,-1,0.00292810716,0.00291909188,confirmed_pivot,2.080415827404345,0.0
1786327860000,1786328220000,1,0.00291909188,0.0029070092699999997,opposite_break,-5.1370978343443685,0.0
1786328220000,1786329900000,-1,0.0029070092699999997,0.00290559053,opposite_break,-0.5117148800837372,0.0
1786329900000,1786330200000,1,0.00290559053,0.00289641033,confirmed_pivot,-4.157915681945795,0.0
1786330200000,1786330740000,-1,0.00289641033,0.0029083908099999996,opposite_break,-5.138388168226079,0.0
1786330740000,1786330860000,1,0.0029083908099999996,0.00290600937,confirmed_pivot,-1.8184076472169943,0.0
1786330860000,1786331880000,-1,0.00290600937,0.0028976897400000002,confirmed_pivot,1.8643368809921528,0.0
1786331880000,1786332420000,1,0.0028976897400000002,0.00290300967,confirmed_pivot,0.8350032308841697,0.0
1786332420000,1786332840000,-1,0.00290300967,0.0028996899399999997,confirmed_pivot,0.14411946309515533,0.0
1786332840000,1786333560000,1,0.0028996899399999997,0.00289641033,opposite_break,-2.1304554151744446,0.0
1786333560000,1786334460000,-1,0.00289641033,0.00288978895,confirmed_pivot,1.2872072445618712,0.0
1786334460000,1786335120000,1,0.00288978895,0.00289231074,confirmed_pivot,-0.12778090420755484,0.0
1786335120000,1786335360000,-1,0.00289231074,0.0029048904599999997,opposite_break,-5.351541376912945,0.0
1786335360000,1786335480000,1,0.0029048904599999997,0.00290060991,confirmed_pivot,-2.472829968603947,0.0
1786335480000,1786336380000,-1,0.00290060991,0.00289408938,confirmed_pivot,1.2491098311802733,0.0
1786336380000,1786336860000,1,0.00289408938,0.00287811216,opposite_break,-6.517877747783969,0.0
1786336860000,1786337040000,-1,0.00287811216,0.0028859885700000002,confirmed_pivot,-3.7380267921873043,0.0
1786337040000,1786337580000,1,0.0028859885700000002,0.00288881109,confirmed_pivot,-0.02248097261187776,0.0
1786337580000,1786338000000,-1,0.00288881109,0.00288798877,confirmed_pivot,-0.7152007748628044,0.0
1786338000000,1786338780000,1,0.00288798877,0.00288631134,opposite_break,-1.5805394059756996,0.0
1786338780000,1786339500000,-1,0.00288631134,0.0028922892,opposite_break,-3.072142685064723,0.0
1786339500000,1786339620000,1,0.0028922892,0.0028892110500000003,confirmed_pivot,-2.06372866344069,0.0
1786339620000,1786339800000,-1,0.0028892110500000003,0.00289548952,opposite_break,-3.174160740178399,0.0
1786339800000,1786340820000,1,0.00289548952,0.0029000099700000003,confirmed_pivot,0.5604234599337854,0.0
1786340820000,1786341240000,-1,0.0029000099700000003,0.0029029902699999996,confirmed_pivot,-2.028199965119195,0.0
1786341240000,1786341480000,1,0.0029029902699999996,0.00290280969,confirmed_pivot,-1.0621737219944762,0.0
1786341480000,1786342380000,-1,0.00290280969,0.0029012901,confirmed_pivot,-0.47624889077727184,0.0
1786342380000,1786344360000,1,0.0029012901,0.0029027097,confirmed_pivot,-0.510945079225237,0.0
1786344360000,1786344840000,-1,0.0029027097,0.00290249022,confirmed_pivot,-0.9243500857147706,0.0
1786344840000,1786345320000,1,0.00290249022,0.0029027097,confirmed_pivot,-0.9244199830585806,0.0
1786345320000,1786346220000,-1,0.0029027097,0.00289698967,confirmed_pivot,0.9715681575047519,0.0
1786346220000,1786347360000,1,0.00289698967,0.00289951002,confirmed_pivot,-0.13044569986329446,0.0
1786347360000,1786348260000,-1,0.00289951002,0.00289418939,confirmed_pivot,0.8359275457858735,0.0
1786348260000,1786348380000,1,0.00289418939,0.0028917108,opposite_break,-1.8559739433638147,0.0
1786348380000,1786349820000,-1,0.0028917108,0.00289378935,confirmed_pivot,-1.6191667835524721,0.09998856040514148
1786349820000,1786350480000,1,0.00289378935,0.0028937106,confirmed_pivot,-1.027199846111725,0.0
1786350480000,1786351980000,-1,0.0028937106,0.00289948992,opposite_break,-2.998199011331696,0.0
1786351980000,1786353600000,1,0.00289948992,0.00289361061,opposite_break,-3.026691075718563,0.0
1786353600000,1786353780000,-1,0.00289361061,0.0028952895,confirmed_pivot,-1.5804960208518386,0.0
1786353780000,1786353900000,1,0.0028952895,0.00289321065,opposite_break,-1.7176520948941543,0.0
1786353900000,1786355220000,-1,0.00289321065,0.00287848782,confirmed_pivot,4.091295863645366,0.0
1786355220000,1786355940000,1,0.00287848782,0.00288061191,confirmed_pivot,-0.2624502559124522,0.0
1786355940000,1786356180000,-1,0.00288061191,0.00287848782,confirmed_pivot,-0.26225673176497993,0.0
1786356180000,1786356480000,1,0.00287848782,0.0028740125700000003,opposite_break,-2.5539452152344864,0.0
1786356480000,1786356960000,-1,0.0028740125700000003,0.0028747874499999997,confirmed_pivot,-1.2697508869974587,0.0
1786356960000,1786358040000,1,0.0028747874499999997,0.00287901207,confirmed_pivot,0.4688069164905668,0.0
1786358040000,1786358580000,-1,0.00287901207,0.0028837883500000003,opposite_break,-2.659829144099543,0.0
1786358580000,1786358760000,1,0.0028837883500000003,0.00287941203,confirmed_pivot,-2.516800579349175,0.0
1786358760000,1786360080000,-1,0.00287941203,0.00287388736,confirmed_pivot,0.9196392448911634,0.0
1786360080000,1786361040000,1,0.00287388736,0.0028784121300000002,confirmed_pivot,0.5736551397059855,0.0
1786361040000,1786361280000,-1,0.0028784121300000002,0.00288368834,opposite_break,-2.8339445036315327,0.0
1786361280000,1786361580000,1,0.00288368834,0.00288291168,confirmed_pivot,-1.2691940246219673,0.0
1786361580000,1786362420000,-1,0.00288291168,0.00288748872,opposite_break,-2.5884387134606244,0.0
1786362420000,1786364640000,1,0.00288748872,0.00289631034,confirmed_pivot,2.053590869092686,0.0
1786364640000,1786365120000,-1,0.00289631034,0.00288978895,confirmed_pivot,1.2527457105994935,0.0
1786365120000,1786366260000,1,0.00288978895,0.00288141183,opposite_break,-3.8974197025702875,0.0
1786366260000,1786366440000,-1,0.00288141183,0.0028844884199999998,confirmed_pivot,-2.068270860469005,0.0
1786366440000,1786366680000,1,0.0028844884199999998,0.00287781219,opposite_break,-3.313371008436803,0.0
1786366680000,1786366860000,-1,0.00287781219,0.00287868784,confirmed_pivot,-1.3044284224121006,0.0
1786366860000,1786368060000,1,0.00287868784,0.00288521145,confirmed_pivot,1.265041768127163,0.0
1786368060000,1786368540000,-1,0.00288521145,0.00288438841,confirmed_pivot,-0.7145957811861947,0.0
1786368540000,1786369200000,1,0.00288438841,0.0028721127600000004,opposite_break,-5.253765592893757,0.0
1786369200000,1786369380000,-1,0.0028721127600000004,0.00287418739,confirmed_pivot,-1.722697013817648,0.0
1786369380000,1786370940000,1,0.00287418739,0.00288721125,confirmed_pivot,3.5290533648886617,0.0
1786370940000,1786373040000,-1,0.00288721125,0.00289018899,opposite_break,-2.0318707611020863,0.0
1786373040000,1786373580000,1,0.00289018899,0.00287701227,opposite_break,-5.556840983606365,0.0
1786373580000,1786374180000,-1,0.00287701227,0.0028716871400000002,confirmed_pivot,0.851849093782262,0.0
1786374180000,1786374780000,1,0.0028716871400000002,0.00286061391,opposite_break,-4.854073527313382,0.0
1786374780000,1786374960000,-1,0.00286061391,0.00286458643,confirmed_pivot,-2.3893892657468694,0.0
1786374960000,1786375080000,1,0.00286458643,0.00286011396,opposite_break,-2.560516281926258,0.0
1786375080000,1786375680000,-1,0.00286011396,0.0028562856,confirmed_pivot,0.3392033441913229,0.0
1786375680000,1786376760000,1,0.0028562856,0.00286661331,confirmed_pivot,2.6139754879555035,0.0
1786376760000,1786376880000,-1,0.00286661331,0.00287178715,opposite_break,-2.805763931236307,0.0
1786376880000,1786377240000,1,0.00287178715,0.00286661331,confirmed_pivot,-2.80070903931718,0.0
1786377240000,1786377840000,-1,0.00286661331,0.00287848782,opposite_break,-5.044294085483038,0.10012511942184486
1786377840000,1786378080000,1,0.00287848782,0.00287641233,confirmed_pivot,-1.720674320935647,0.0
1786378080000,1786379040000,-1,0.00287641233,0.0028688868599999998,confirmed_pivot,1.6175776874799692,0.0
1786379040000,1786379400000,1,0.0028688868599999998,0.00286051392,opposite_break,-3.9170733941036957,0.0
1786379400000,1786379880000,-1,0.00286051392,0.0028632863,confirmed_pivot,-1.9696740752095554,0.0
1786379880000,1786380960000,1,0.0028632863,0.00285931404,opposite_break,-2.3866143493929863,0.0
1786380960000,1786381920000,-1,0.00285931404,0.0028671866899999997,opposite_break,-3.7547118696342703,0.0
1786381920000,1786382340000,1,0.0028671866899999997,0.00286401357,confirmed_pivot,-2.1061482152735227,0.0
1786382340000,1786383180000,-1,0.00286401357,0.00287218719,opposite_break,-3.855331027638915,0.0
1786383180000,1786383360000,1,0.00287218719,0.00287061291,confirmed_pivot,-1.5478378517522837,0.0
1786383360000,1786385160000,-1,0.00287061291,0.0028585858299999996,confirmed_pivot,3.1918203245314976,0.0
1786385160000,1786385580000,1,0.0028585858299999996,0.00286231374,confirmed_pivot,0.30345781676267225,0.0
1786385580000,1786386300000,-1,0.00286231374,0.002870287,opposite_break,-3.7869923965777152,0.0
1786386300000,1786386480000,1,0.002870287,0.0028665133200000002,confirmed_pivot,-2.3140822363755853,0.0
1786386480000,1786387200000,-1,0.0028665133200000002,0.00285788576,confirmed_pivot,2.0112798429278294,0.0
1786387200000,1786387620000,1,0.00285788576,0.0028527147,opposite_break,-2.808495826649204,0.0
1786387620000,1786387740000,-1,0.0028527147,0.0028558855599999998,confirmed_pivot,-2.1120794624151706,0.0
1786387740000,1786388700000,1,0.0028558855599999998,0.00286191378,confirmed_pivot,1.1097504656315285,0.0
1786388700000,1786388820000,-1,0.00286191378,0.0028636863399999998,opposite_break,-1.6196714563496186,0.0
1786388820000,1786389600000,1,0.0028636863399999998,0.00286641333,confirmed_pivot,-0.04821052957910499,0.0
1786389600000,1786389780000,-1,0.00286641333,0.00286878685,opposite_break,-1.8284592927147911,0.0
1786389780000,1786391100000,1,0.00286878685,0.0028743125400000004,confirmed_pivot,0.9251786360497387,0.0
1786391100000,1786392000000,-1,0.0028743125400000004,0.00287038701,confirmed_pivot,0.3664111714867977,0.0
1786392000000,1786392900000,1,0.00287038701,0.00286411356,opposite_break,-3.1844835742200908,0.0
1786392900000,1786393740000,-1,0.00286411356,0.00286688666,confirmed_pivot,-1.9687068937307728,0.0
1786393740000,1786394160000,1,0.00286688666,0.00286731324,confirmed_pivot,-0.8512788398826099,0.0
1786394160000,1786395480000,-1,0.00286731324,0.00286988696,opposite_break,-1.8980556515687128,0.0
1786395480000,1786396260000,1,0.00286988696,0.00287221275,confirmed_pivot,-0.18999349542326605,0.0
1786396260000,1786397040000,-1,0.00287221275,0.00285738571,confirmed_pivot,4.164817097897808,0.0
1786397040000,1786397520000,1,0.00285738571,0.00286381359,confirmed_pivot,1.2484420068021578,0.0
1786397520000,1786397700000,-1,0.00286381359,0.0028701869899999998,opposite_break,-3.2266067603931434,0.0
1786397700000,1786398060000,1,0.0028701869899999998,0.0028743125400000004,confirmed_pivot,0.4366615274082287,0.0
1786398060000,1786398840000,-1,0.0028743125400000004,0.00286818679,confirmed_pivot,1.1322708611919166,0.0
1786398840000,1786399500000,1,0.00286818679,0.00286351362,confirmed_pivot,-2.6284969414422035,0.0
1786399500000,1786399860000,-1,0.00286351362,0.00287318729,opposite_break,-4.379940911543455,0.0
1786399860000,1786400520000,1,0.00287318729,0.0028807119,confirmed_pivot,1.6175974400193862,0.0
1786400520000,1786401000000,-1,0.0028807119,0.00288248822,opposite_break,-1.6169336683754445,0.0
1786401000000,1786401120000,1,0.00288248822,0.00287911206,confirmed_pivot,-2.170680211834497,0.0
1786401120000,1786401480000,-1,0.00287911206,0.00287748772,confirmed_pivot,-0.43553702109117437,0.0
1786401480000,1786401600000,1,0.00287748772,0.00287311266,opposite_break,-2.5196841465581645,0.0
1786401600000,1786401960000,-1,0.00287311266,0.0028734873199999997,confirmed_pivot,-1.1304673273757269,0.0
1786401960000,1786402440000,1,0.0028734873199999997,0.00287551242,confirmed_pivot,-0.29559896230892324,0.0
1786402440000,1786403040000,-1,0.00287551242,0.0028725872299999997,confirmed_pivot,0.01778471713228924,0.0
1786403040000,1786404000000,1,0.0028725872299999997,0.00287421255,confirmed_pivot,-0.4344793700136492,0.0
1786404000000,1786404540000,-1,0.00287421255,0.00287518749,confirmed_pivot,-1.339372072535167,0.0
1786404540000,1786405620000,1,0.00287518749,0.0028743125400000004,confirmed_pivot,-1.3041584342034591,0.0
1786405620000,1786405920000,-1,0.0028743125400000004,0.0028766876399999998,confirmed_pivot,-1.8267324853960984,0.0
1786405920000,1786408380000,1,0.0028766876399999998,0.00288261171,confirmed_pivot,0.9583443425231206,-0.0999632341035122
1786408380000,1786409820000,-1,0.00288261171,0.00288288826,opposite_break,-1.0959852740624507,0.0
1786409820000,1786410180000,1,0.00288288826,0.00287521245,opposite_break,-3.6612103567967482,0.0
1786410180000,1786410300000,-1,0.00287521245,0.00288068804,confirmed_pivot,-2.905364521845967,0.0
1786410300000,1786410900000,1,0.00288068804,0.00287751222,confirmed_pivot,-2.1019006730072674,0.0
1786410900000,1786413000000,-1,0.00287751222,0.0028792879,opposite_break,-1.6173971487079162,0.0
1786413000000,1786413600000,1,0.0028792879,0.0028929106799999997,confirmed_pivot,3.728936140772692,0.0
1786413600000,1786414920000,-1,0.0028929106799999997,0.00288748872,confirmed_pivot,0.8751602037017885,0.0
1786414920000,1786415460000,1,0.00288748872,0.00288791118,confirmed_pivot,-0.8537660884783465,0.0
1786415460000,1786416000000,-1,0.00288791118,0.00288588856,confirmed_pivot,-0.2992750871236678,0.0
1786416000000,1786417020000,1,0.00288588856,0.00288031194,opposite_break,-2.9314091913514093,0.0
1786417020000,1786417380000,-1,0.00288031194,0.0028823882099999996,confirmed_pivot,-1.7212094308783499,0.0
1786417380000,1786417920000,1,0.0028823882099999996,0.00287741223,opposite_break,-2.725476114821986,0.0
1786417920000,1786418640000,-1,0.00287741223,0.0028705870300000003,confirmed_pivot,1.3731784166357934,0.0
1786418640000,1786419900000,1,0.0028705870300000003,0.00286831314,confirmed_pivot,-1.7917380770024818,0.0
1786419900000,1786421160000,-1,0.00286831314,0.00286578655,confirmed_pivot,-0.11869688851339932,0.0
1786421160000,1786422240000,1,0.00286578655,0.0028691130599999997,confirmed_pivot,0.1601864573618742,0.0
1786422240000,1786423560000,-1,0.0028691130599999997,0.0028651864900000002,confirmed_pivot,0.36925007932572496,0.0
1786423560000,1786424220000,1,0.0028651864900000002,0.00285881409,opposite_break,-3.222966575554488,0.0
1786424220000,1786424400000,-1,0.00285881409,0.00286098607,confirmed_pivot,-1.7601284734118607,0.0
1786424400000,1786425180000,1,0.00286098607,0.00286601337,confirmed_pivot,0.7563127631725934,0.0
1786425180000,1786425300000,-1,0.00286601337,0.00286768674,opposite_break,-1.5841587141653966,0.0
1786425300000,1786425420000,1,0.00286768674,0.0028657134,confirmed_pivot,-1.6877854901264802,0.0
1786425420000,1786426860000,-1,0.0028657134,0.0028639863699999996,opposite_break,-0.39704594499914314,0.0
1786426860000,1786427340000,1,0.0028639863699999996,0.0028654134300000003,confirmed_pivot,-0.5019716277488245,0.0
1786427340000,1786427520000,-1,0.0028654134300000003,0.00286748672,opposite_break,-1.7239187976443993,0.0
1786427520000,1786427940000,1,0.00286748672,0.00286331364,opposite_break,-2.4545816135461616,0.0
1786427940000,1786428240000,-1,0.00286331364,0.0028640863800000003,confirmed_pivot,-1.2700110666186368,0.0
1786428240000,1786428900000,1,0.0028640863800000003,0.00287681229,confirmed_pivot,3.4410486826866307,0.0
1786428900000,1786431420000,-1,0.00287681229,0.00286458643,confirmed_pivot,3.2519190329237135,0.0
1786431420000,1786431780000,1,0.00286458643,0.00286381359,opposite_break,-1.2696562309694823,0.0
1786431780000,1786431900000,-1,0.00286381359,0.00286568654,confirmed_pivot,-1.6543325590546178,0.0
1786431900000,1786432020000,1,0.00286568654,0.0028617138,opposite_break,-2.385620365163933,0.0
1786432020000,1786432140000,-1,0.0028617138,0.0028652865,confirmed_pivot,-2.2490719197706293,0.0
1786432140000,1786432260000,1,0.0028652865,0.0028627137,opposite_break,-1.8974717187967078,0.0
1786432260000,1786433460000,-1,0.0028627137,0.00285618559,confirmed_pivot,1.2815323987865068,0.0
1786433460000,1786433580000,1,0.00285618559,0.0028527147,opposite_break,-2.2146110417846208,0.0
1786433580000,1786434300000,-1,0.0028527147,0.00285358533,confirmed_pivot,-1.3053461024336301,0.0
1786434300000,1786434900000,1,0.00285358533,0.00285061491,opposite_break,-2.040422642626986,0.0
1786434900000,1786435860000,-1,0.00285061491,0.00285118509,confirmed_pivot,-1.1001689456539863,0.09995106634729559
1786435860000,1786437240000,1,0.00285118509,0.00285361461,confirmed_pivot,-0.14831722131372993,0.0
1786437240000,1786437780000,-1,0.00285361461,0.0028575857300000003,opposite_break,-2.3923062862367868,0.0
1786437780000,1786438620000,1,0.0028575857300000003,0.0028564143300000002,confirmed_pivot,-1.4097214959146769,0.0
1786438620000,1786439460000,-1,0.0028564143300000002,0.0028530852799999997,confirmed_pivot,0.16604740776542015,0.0
1786439460000,1786439820000,1,0.0028530852799999997,0.0028526147099999996,opposite_break,-1.1648512641024649,0.0
1786439820000,1786439880000,-1,0.0028526147099999996,0.00285468544,confirmed_pivot,-1.7262689061154013,0.0
1786439880000,1786440120000,1,0.00285468544,0.00285581439,confirmed_pivot,-0.6047250918825975,0.0
1786440120000,1786440240000,-1,0.00285581439,0.00286348632,opposite_break,-3.6877678016742816,0.0
1786440240000,1786440540000,1,0.00286348632,0.00286381359,confirmed_pivot,-0.8857663950705232,0.0
1786440540000,1786441320000,-1,0.00286381359,0.00285808578,confirmed_pivot,1.0010638698728556,0.0
1786441320000,1786442460000,1,0.00285808578,0.00285951402,confirmed_pivot,-0.5005307783309985,0.0
1786442460000,1786442580000,-1,0.00285951402,0.00286568654,opposite_break,-3.159669865860677,0.0
1786442580000,1786442700000,1,0.00286568654,0.00286301367,confirmed_pivot,-1.9322490536595804,0.0
1786442700000,1786443480000,-1,0.00286301367,0.0028574857199999996,confirmed_pivot,0.9317804986242009,0.0
1786443480000,1786443780000,1,0.0028574857199999996,0.0028517148,opposite_break,-3.0185698565799965,0.0
1786443780000,1786445160000,-1,0.0028517148,0.00285468544,confirmed_pivot,-2.0422238998094016,0.0
1786445160000,1786445520000,1,0.00285468544,0.0028589140800000003,confirmed_pivot,0.4805574095057782,0.0
1786445520000,1786446000000,-1,0.0028589140800000003,0.00285518549,confirmed_pivot,0.3048500901434559,0.0
1786446000000,1786446540000,1,0.00285518549,0.00286531344,confirmed_pivot,2.54543901279075,0.0
1786446540000,1786447680000,-1,0.00286531344,0.00286308628,confirmed_pivot,-0.2223281582765203,0.0
1786447680000,1786447800000,1,0.00286308628,0.0028611138600000002,opposite_break,-1.6885694656746009,0.0
1786447800000,1786449000000,-1,0.0028611138600000002,0.00286568654,opposite_break,-2.59901582525621,0.0
1786449000000,1786449540000,1,0.00286568654,0.00286621335,confirmed_pivot,-0.8162581330336087,0.0
1786449540000,1786451940000,-1,0.00286621335,0.0028522852,confirmed_pivot,3.8618551284746907,0.0
1786451940000,1786452420000,1,0.0028522852,0.0028539145799999998,confirmed_pivot,-0.4290313920922998,0.0
1786452420000,1786453320000,-1,0.0028539145799999998,0.0028539853699999997,confirmed_pivot,-1.0248169288233908,0.0
1786453320000,1786453980000,1,0.0028539853699999997,0.00285931404,confirmed_pivot,0.8661643191955521,0.0
1786453980000,1786454820000,-1,0.00285931404,0.00284678465,confirmed_pivot,3.3841475681347624,0.0
1786454820000,1786455120000,1,0.00284678465,0.0028491150600000003,confirmed_pivot,-0.18179803484603707,0.0
1786455120000,1786455480000,-1,0.0028491150600000003,0.00285618559,confirmed_pivot,-3.4828991164013208,0.0
1786455480000,1786455840000,1,0.00285618559,0.00285481449,confirmed_pivot,-1.4798058133190306,0.0
1786455840000,1786456680000,-1,0.00285481449,0.0028523852100000003,confirmed_pivot,-0.14863307282718707,0.0
1786456680000,1786457280000,1,0.0028523852100000003,0.00285111486,confirmed_pivot,-1.4451414277947987,0.0
1786457280000,1786460400000,-1,0.00285111486,0.00278687866,confirmed_pivot,21.541469304396994,0.0
1786460400000,1786462680000,1,0.00278687866,0.0027833216399999997,opposite_break,-2.275707314074559,0.0
1786462680000,1786463100000,-1,0.0027833216399999997,0.0027824782199999997,confirmed_pivot,-0.6968220640141345,0.0
1786463100000,1786463400000,1,0.0027824782199999997,0.00277792218,opposite_break,-2.636584950519248,0.0
1786463400000,1786464360000,-1,0.00277792218,0.00279187916,opposite_break,-6.069350904711034,-0.04258716361881671
1786464360000,1786464480000,1,0.00279187916,0.00278602137,confirmed_pivot,-3.097104054102417,0.0
1786464480000,1786464660000,-1,0.00278602137,0.00279707968,opposite_break,-4.971196802054699,0.0
1786464660000,1786464780000,1,0.00279707968,0.00278992098,confirmed_pivot,-3.558068224213037,0.0
1786464780000,1786467000000,-1,0.00278992098,0.0027965796299999996,opposite_break,-3.387873840426717,0.0
1786467000000,1786468500000,1,0.0027965796299999996,0.00279352062,confirmed_pivot,-2.093292843229235,0.0
1786468500000,1786470000000,-1,0.00279352062,0.00279057903,confirmed_pivot,0.053531079716905405,0.0
1786470000000,1786470300000,1,0.00279057903,0.00279332064,confirmed_pivot,-0.018039207798445367,0.0
1786470300000,1786470420000,-1,0.00279332064,0.00279577955,opposite_break,-1.8807221841170925,0.0
1786470420000,1786470480000,1,0.00279577955,0.0027928206900000004,confirmed_pivot,-2.0578017748214634,0.0
1786470480000,1786471260000,-1,0.0027928206900000004,0.0027921791899999998,confirmed_pivot,-0.7701890592909444,0.0
1786471260000,1786473000000,1,0.0027921791899999998,0.00279262071,confirmed_pivot,-0.8419516764608433,0.0
1786473000000,1786473300000,-1,0.00279262071,0.00279517949,confirmed_pivot,-1.9167229122209175,0.0
1786473300000,1786473720000,1,0.00279517949,0.0027877212,opposite_break,-3.6669345856569038,0.0
1786473720000,1786473840000,-1,0.0027877212,0.00278937891,confirmed_pivot,-1.5949443061236395,0.0
1786473840000,1786474320000,1,0.00278937891,0.00278782119,opposite_break,-1.5581676746814865,0.0
1786474320000,1786474500000,-1,0.00278782119,0.00278887886,confirmed_pivot,-1.3795791633967671,0.0
1786474500000,1786474980000,1,0.00278887886,0.00279252072,confirmed_pivot,0.3051979855446312,0.0
1786474980000,1786475760000,-1,0.00279252072,0.00279207918,confirmed_pivot,-0.8418057324208835,0.0
1786475760000,1786476180000,1,0.00279207918,0.00279652032,confirmed_pivot,0.5898257691960826,0.0
1786476180000,1786476720000,-1,0.00279652032,0.0027999799699999998,opposite_break,-2.237745279462133,0.0
1786476720000,1786476780000,1,0.0027999799699999998,0.00279642033,confirmed_pivot,-2.270673439853147,0.0
1786476780000,1786477080000,-1,0.00279642033,0.00279597957,confirmed_pivot,-0.8423054019207521,0.0
1786477080000,1786477740000,1,0.00279597957,0.00280051992,confirmed_pivot,0.6230733134433557,0.0
1786477740000,1786478280000,-1,0.00280051992,0.00280568054,opposite_break,-2.8436577698044987,0.0
1786478280000,1786478580000,1,0.00280568054,0.00280391958,confirmed_pivot,-1.6273271296952514,0.0
1786478580000,1786478820000,-1,0.00280391958,0.00281678165,opposite_break,-5.589468659083269,0.0
1786478820000,1786479240000,1,0.00281678165,0.0028275172200000003,confirmed_pivot,2.8093837394177577,0.0
1786479240000,1786480200000,-1,0.0028275172200000003,0.00282548252,opposite_break,-0.2800336154980556,0.0
1786480200000,1786480560000,1,0.00282548252,0.00281591838,opposite_break,-4.383265641296544,0.0
1786480560000,1786481820000,-1,0.00281591838,0.00282238221,opposite_break,-3.296608438984694,0.0
1786481820000,1786482240000,1,0.00282238221,0.0028227177,confirmed_pivot,-0.8811917628264969,0.0
1786482240000,1786482360000,-1,0.0028227177,0.0028246824399999998,opposite_break,-1.696393539460137,0.0
1786482360000,1786482540000,1,0.0028246824399999998,0.00282201777,confirmed_pivot,-1.942880384458298,0.0
1786482540000,1786484700000,-1,0.00282201777,0.00282888286,opposite_break,-3.433904781896561,0.0
1786484700000,1786485060000,1,0.00282888286,0.00283061691,confirmed_pivot,-0.38732600083695323,0.0
1786485060000,1786485360000,-1,0.00283061691,0.00283168314,opposite_break,-1.3768659443923255,0.0
1786485360000,1786485840000,1,0.00283168314,0.00284391558,confirmed_pivot,3.317687811638423,0.0
1786485840000,1786486380000,-1,0.00284391558,0.00284818479,opposite_break,-2.501923838751893,0.0
1786486380000,1786487760000,1,0.00284818479,0.00283541643,opposite_break,-5.480740106754135,0.0
1786487760000,1786488540000,-1,0.00283541643,0.0028339833700000002,confirmed_pivot,-0.494332996441139,0.0
1786488540000,1786489260000,1,0.0028339833700000002,0.00284131584,confirmed_pivot,1.586043320712902,0.0
1786489260000,1786490220000,-1,0.00284131584,0.00282668264,confirmed_pivot,4.152724098423382,0.0
1786490220000,1786491120000,1,0.00282668264,0.00282451752,opposite_break,-1.7655749567981593,0.0
1786491120000,1786491420000,-1,0.00282451752,0.0028355835299999996,opposite_break,-4.919799727423762,0.0
1786491420000,1786491600000,1,0.0028355835299999996,0.00283391658,confirmed_pivot,-1.5875744824204379,0.0
1786491600000,1786492740000,-1,0.00283391658,0.00283968394,opposite_break,-3.036137450453864,0.0
1786492740000,1786493220000,1,0.00283968394,0.0028372162500000003,confirmed_pivot,-1.9198013975455894,-0.05123425869711402
1786493220000,1786493640000,-1,0.0028372162500000003,0.0028380837800000003,confirmed_pivot,-1.3059209057469383,0.0
1786493640000,1786494600000,1,0.0028380837800000003,0.0028396160099999996,confirmed_pivot,-0.46038806331525906,0.0
1786494600000,1786494780000,-1,0.0028396160099999996,0.00284648462,opposite_break,-3.420061121221921,0.0
1786494780000,1786495380000,1,0.00284648462,0.0028427157000000002,confirmed_pivot,-2.3233992249709425,0.0
1786495380000,1786495560000,-1,0.0028427157000000002,0.00284378435,confirmed_pivot,-1.3761137017676115,0.0
1786495560000,1786497360000,1,0.00284378435,0.00285341463,confirmed_pivot,2.3847379672090123,0.0
1786497360000,1786497900000,-1,0.00285341463,0.00285798577,opposite_break,-2.602790397832916,0.0
1786497900000,1786498680000,1,0.00285798577,0.0028546145100000002,confirmed_pivot,-2.1790032005651563,0.0
1786498680000,1786500420000,-1,0.0028546145100000002,0.00285688566,confirmed_pivot,-1.7960043526156197,0.0
1786500420000,1786501320000,1,0.00285688566,0.0028510148700000002,opposite_break,-3.0539340048350807,0.0
1786501320000,1786501680000,-1,0.0028510148700000002,0.0028476847399999997,confirmed_pivot,0.16863475531452465,0.0
1786501680000,1786501980000,1,0.0028476847399999997,0.00284651532,opposite_break,-1.4104510845535894,0.0
1786501980000,1786503600000,-1,0.00284651532,0.00284388436,confirmed_pivot,-0.07526389845670645,0.0
1786503600000,1786503840000,1,0.00284388436,0.0028470152700000003,confirmed_pivot,0.10037686096361753,0.0
1786503840000,1786504560000,-1,0.0028470152700000003,0.0028458845600000003,confirmed_pivot,-0.6026451396588424,0.0
1786504560000,1786505280000,1,0.0028458845600000003,0.00284861511,confirmed_pivot,-0.04100652452332654,0.0
1786505280000,1786505400000,-1,0.00284861511,0.00285358533,opposite_break,-2.74565707123556,0.0
1786505400000,1786508640000,1,0.00285358533,0.00285581439,confirmed_pivot,-0.21924694293264624,0.0
1786508640000,1786509420000,-1,0.00285581439,0.0028522852,confirmed_pivot,0.23640899330297627,0.0
1786509420000,1786510500000,1,0.0028522852,0.00285591438,confirmed_pivot,0.2717400805501262,0.0
1786510500000,1786511340000,-1,0.00285591438,0.0028482848,confirmed_pivot,1.6728374083820285,0.0
1786511340000,1786512060000,1,0.0028482848,0.00285281469,confirmed_pivot,0.5895970287100474,0.0
1786512060000,1786512180000,-1,0.00285281469,0.00285618559,opposite_break,-2.182195766806095,0.0
1786512180000,1786512300000,1,0.00285618559,0.00285121485,confirmed_pivot,-2.739471919259999,0.0
1786512300000,1786513680000,-1,0.00285121485,0.00284488446,confirmed_pivot,1.2213531873965513,0.0
1786513680000,1786514460000,1,0.00284488446,0.00284541543,confirmed_pivot,-0.8134530514466253,0.0
1786514460000,1786514580000,-1,0.00284541543,0.0028493849099999998,confirmed_pivot,-2.3957416193528376,0.0
1786514580000,1786515660000,1,0.0028493849099999998,0.00283811616,opposite_break,-4.952823497264765,0.0
1786515660000,1786516920000,-1,0.00283811616,0.0028326832400000002,confirmed_pivot,0.9152269158708028,0.0
1786516920000,1786520340000,1,0.0028326832400000002,0.00282911706,opposite_break,-2.2583111516556764,0.0
1786520340000,1786521240000,-1,0.00282911706,0.00283408338,opposite_break,-2.7563087898525955,0.0
1786521240000,1786521660000,1,0.00283408338,0.00283331664,confirmed_pivot,-1.3704748552599795,-0.10006762750925133
1786521660000,1786521780000,-1,0.00283331664,0.00283758373,opposite_break,-2.5067936582619823,0.0
1786521780000,1786522320000,1,0.00283758373,0.00282701727,opposite_break,-4.72189079685763,0.0
1786522320000,1786523640000,-1,0.00282701727,0.0028293829100000003,confirmed_pivot,-1.8372155505085794,0.0
1786523640000,1786523820000,1,0.0028293829100000003,0.00282791718,confirmed_pivot,-1.5177797355821752,0.0
1786523820000,1786524060000,-1,0.00282791718,0.00283088306,opposite_break,-2.049310411558844,0.0
1786524060000,1786524180000,1,0.00283088306,0.00282511746,confirmed_pivot,-3.0356606323398587,0.0
1786524180000,1786524360000,-1,0.00282511746,0.00282568254,confirmed_pivot,-1.2001200120011273,0.0
1786524360000,1786524600000,1,0.00282568254,0.0028231176600000004,opposite_break,-1.9072489650587423,0.0
1786524600000,1786525800000,-1,0.0028231176600000004,0.00282488246,opposite_break,-1.6254370567039786,0.0
1786525800000,1786526520000,1,0.00282488246,0.00283341663,confirmed_pivot,2.019560295262811,0.0
1786526520000,1786528860000,-1,0.00283341663,0.0028456845400000002,opposite_break,-5.331888161113849,0.0
1786528860000,1786529100000,1,0.0028456845400000002,0.00284521545,confirmed_pivot,-1.1647601652291406,0.0
1786529100000,1786530660000,-1,0.00284521545,0.0028422841999999997,confirmed_pivot,0.030753444348179615,0.0
1786530660000,1786530900000,1,0.0028422841999999997,0.00284391558,confirmed_pivot,-0.42631904649069996,0.0
1786530900000,1786532400000,-1,0.00284391558,0.00284578455,confirmed_pivot,-1.657510545724409,0.0
1786532400000,1786532580000,1,0.00284578455,0.0028448154900000003,confirmed_pivot,-1.3403544621815207,0.0
1786532580000,1786533060000,-1,0.0028448154900000003,0.00284318429,confirmed_pivot,-0.4263193498006896,0.0
1786533060000,1786533240000,1,0.00284318429,0.00283701627,opposite_break,-3.1683209251271895,0.0
1786533240000,1786533480000,-1,0.00283701627,0.00284158413,confirmed_pivot,-2.6108980333764737,0.0
1786533480000,1786534500000,1,0.00284158413,0.00284301567,confirmed_pivot,-0.49646951681150286,0.0
1786534500000,1786535340000,-1,0.00284301567,0.0028400839799999997,confirmed_pivot,0.03170583122397386,0.0
1786535340000,1786536120000,1,0.0028400839799999997,0.00284091588,confirmed_pivot,-0.7072325833125345,0.0
1786536120000,1786537800000,-1,0.00284091588,0.00285408538,opposite_break,-5.637970748363064,0.0
1786537800000,1786537860000,1,0.00285408538,0.00284141583,confirmed_pivot,-5.436873302297581,0.0
1786537860000,1786539180000,-1,0.00284141583,0.00283498347,confirmed_pivot,1.2649188168984362,0.0
1786539180000,1786540980000,1,0.00283498347,0.0028326167100000002,confirmed_pivot,-1.8344234261089851,0.0
1786540980000,1786541400000,-1,0.0028326167100000002,0.0028311830899999998,confirmed_pivot,-0.493635406111665,0.0
1786541400000,1786541700000,1,0.0028311830899999998,0.00282891708,confirmed_pivot,-1.7999754600822586,0.0
1786541700000,1786543800000,-1,0.00282891708,0.0028131812900000002,confirmed_pivot,4.565259585127068,0.0
1786543800000,1786545240000,1,0.0028131812900000002,0.00281001897,opposite_break,-2.1235460904121655,0.0
1786545240000,1786546680000,-1,0.00281001897,0.00278767874,confirmed_pivot,6.9541812185702,0.0
1786546680000,1786546800000,1,0.00278767874,0.00278342163,opposite_break,-2.52635286984329,0.0
1786546800000,1786546920000,-1,0.00278342163,0.00278947892,confirmed_pivot,-3.1772909212464495,0.0
1786546920000,1786547340000,1,0.00278947892,0.0027907209000000003,confirmed_pivot,-0.5549853411330541,0.0
1786547340000,1786547580000,-1,0.0027907209000000003,0.00279607958,opposite_break,-2.9211377748308323,0.0
1786547580000,1786548060000,1,0.00279607958,0.00279762021,confirmed_pivot,-0.44927902052072044,0.0
1786548060000,1786548900000,-1,0.00279762021,0.0027936793400000002,confirmed_pivot,0.409355144385227,0.0
1786548900000,1786549500000,1,0.0027936793400000002,0.00279342063,confirmed_pivot,-1.0925591714474079,0.0
1786549500000,1786550700000,-1,0.00279342063,0.00279497947,confirmed_pivot,-1.4809196277753942,0.07739923163666189
1786550700000,1786551660000,1,0.00279497947,0.00279012096,confirmed_pivot,-2.737429844162556,0.0
1786551660000,1786552380000,-1,0.00279012096,0.00279237921,confirmed_pivot,-1.8097781986482917,0.0
1786552380000,1786552620000,1,0.00279237921,0.00278882109,opposite_break,-2.2735881026702724,0.0
1786552620000,1786553040000,-1,0.00278882109,0.00278937891,confirmed_pivot,-1.200120012001265,0.0
1786553040000,1786553220000,1,0.00278937891,0.00278382159,opposite_break,-2.991318325411817,0.0
1786553220000,1786553460000,-1,0.00278382159,0.0027842784,confirmed_pivot,-1.1641766148526926,0.0
1786553460000,1786554180000,1,0.0027842784,0.00278642133,confirmed_pivot,-0.23073118873462173,0.0
1786554180000,1786554360000,-1,0.00278642133,0.00279097907,opposite_break,-2.6365144857687994,0.0
1786554360000,1786554540000,1,0.00279097907,0.0027904209300000002,confirmed_pivot,-1.1998800119987176,0.0
1786554540000,1786554720000,-1,0.0027904209300000002,0.0027925792300000003,opposite_break,-1.7738542693628794,0.0
1786554720000,1786554960000,1,0.0027925792300000003,0.00279062091,confirmed_pivot,-1.7009078986812762,0.0
1786554960000,1786555440000,-1,0.00279062091,0.00278617859,confirmed_pivot,0.5926710590009601,0.0
1786555440000,1786555560000,1,0.00278617859,0.00278262171,opposite_break,-2.2759776321445346,0.0
1786555560000,1786555800000,-1,0.00278262171,0.0027852785,confirmed_pivot,-1.9552568304371007,0.0
1786555800000,1786556400000,1,0.0027852785,0.0027865213199999997,confirmed_pivot,-0.5540127890264537,0.0
1786556400000,1786557060000,-1,0.0027865213199999997,0.00279097907,opposite_break,-2.6005543697043327,0.0
1786557060000,1786557780000,1,0.00279097907,0.00278322165,opposite_break,-3.778072173074454,0.0
1786557780000,1786559400000,-1,0.00278322165,0.00278647862,confirmed_pivot,-2.1708009259701324,0.0
1786559400000,1786559700000,1,0.00278647862,0.0027857214,confirmed_pivot,-1.2716121288596465,0.0
1786559700000,1786560300000,-1,0.0027857214,0.0027860785800000003,confirmed_pivot,-1.1282822431562816,0.0
1786560300000,1786560480000,1,0.0027860785800000003,0.0027842215500000003,confirmed_pivot,-1.666205719509876,0.0
1786560480000,1786561500000,-1,0.0027842215500000003,0.0027793779100000002,confirmed_pivot,0.7405446129098738,0.0
1786561500000,1786562040000,1,0.0027793779100000002,0.00278212176,confirmed_pivot,-0.013276292823537261,0.0
1786562040000,1786562280000,-1,0.00278212176,0.00278187816,confirmed_pivot,-0.9123971482830421,0.0
1786562280000,1786562700000,1,0.00278187816,0.0027727227,opposite_break,-4.2894619187779846,0.0
1786562700000,1786564440000,-1,0.0027727227,0.00277947792,opposite_break,-3.437531026813538,0.0
1786564440000,1786564560000,1,0.00277947792,0.00277792218,confirmed_pivot,-1.559443958453878,0.0
1786564560000,1786564680000,-1,0.00277792218,0.0027813781099999997,opposite_break,-2.244692162326742,0.0
1786564680000,1786566180000,1,0.0027813781099999997,0.0027778221899999998,opposite_break,-2.2778349075307602,0.0
1786566180000,1786566300000,-1,0.0027778221899999998,0.00278187816,confirmed_pivot,-2.4608559178513265,0.0
1786566300000,1786567200000,1,0.00278187816,0.00279032094,confirmed_pivot,2.0334033788165318,0.0
1786567200000,1786567680000,-1,0.00279032094,0.00279187916,opposite_break,-1.5587167725587925,0.0
1786567680000,1786567800000,1,0.00279187916,0.0027898209899999997,confirmed_pivot,-1.7368302125942594,0.0
1786567800000,1786568340000,-1,0.0027898209899999997,0.0027867786499999997,confirmed_pivot,0.09105967046291308,0.0
1786568340000,1786568580000,1,0.0027867786499999997,0.0027857214,confirmed_pivot,-1.3791909971033842,0.0
1786568580000,1786569000000,-1,0.0027857214,0.0027846784399999996,confirmed_pivot,-0.6254178612404633,0.0
1786569000000,1786569300000,1,0.0027846784399999996,0.00278262171,opposite_break,-1.7382186774138029,0.0
1786569300000,1786572180000,-1,0.00278262171,0.00272547252,confirmed_pivot,19.5481630469274,0.0
1786572180000,1786572360000,1,0.00272547252,0.00272382759,opposite_break,-1.6032376121701097,0.0
1786572360000,1786573440000,-1,0.00272382759,0.00272687266,confirmed_pivot,-2.11849683371474,0.0
1786573440000,1786573620000,1,0.00272687266,0.00272602737,confirmed_pivot,-1.3098301462305522,0.0
1786573620000,1786575300000,-1,0.00272602737,0.00267876785,confirmed_pivot,16.345075211038733,0.0
1786575300000,1786576980000,1,0.00267876785,0.0026721327600000002,opposite_break,-3.4756801732556633,0.0
1786576980000,1786577220000,-1,0.0026721327600000002,0.00265966594,confirmed_pivot,3.6678269870095193,0.0
1786577220000,1786578600000,1,0.00265966594,0.00267223275,confirmed_pivot,3.7225955734125433,0.0
1786578600000,1786578720000,-1,0.00267223275,0.00267756773,opposite_break,-2.997448571798267,0.0
1786578720000,1786578840000,1,0.00267756773,0.00267393258,confirmed_pivot,-2.3569525746414506,0.0
1786578840000,1786579440000,-1,0.00267393258,0.00267146712,confirmed_pivot,-0.3398515913591199,-0.2623478234817723
1786579440000,1786580340000,1,0.00267146712,0.00268143183,confirmed_pivot,2.728186497388032,0.0
1786580340000,1786580940000,-1,0.00268143183,0.0026852685,opposite_break,-2.431544256338615,0.0
1786580940000,1786581540000,1,0.0026852685,0.0026817318,confirmed_pivot,-2.3164164589127565,0.0
1786581540000,1786581840000,-1,0.0026817318,0.0026825682299999997,confirmed_pivot,-1.3120551484677683,0.0
1786581840000,1786582260000,1,0.0026825682299999997,0.00268243173,confirmed_pivot,-1.0508586318416624,0.0
1786582260000,1786582980000,-1,0.00268243173,0.0026816681399999998,confirmed_pivot,-0.7151943192230941,0.0
1786582980000,1786583760000,1,0.0026816681399999998,0.0026847315,confirmed_pivot,0.14176257469354892,0.0
1786583760000,1786584540000,-1,0.0026847315,0.00268246822,confirmed_pivot,-0.1565593654337774,0.0
1786584540000,1786585320000,1,0.00268246822,0.002679732,confirmed_pivot,-2.0195281605236315,0.0
1786585320000,1786585680000,-1,0.002679732,0.00268276825,confirmed_pivot,-2.1336089299228305,0.0
1786585680000,1786586040000,1,0.00268276825,0.0026837316,confirmed_pivot,-0.6410915012878975,0.0
1786586040000,1786586940000,-1,0.0026837316,0.00268106808,confirmed_pivot,-0.0070349210777778115,0.0
1786586940000,1786588260000,1,0.00268106808,0.0026790320699999997,confirmed_pivot,-1.759022872332417,0.0
1786588260000,1786588500000,-1,0.0026790320699999997,0.00267796777,confirmed_pivot,-0.6025310178537946,0.0
1786588500000,1786588740000,1,0.00267796777,0.00267283269,opposite_break,-2.916569914506468,0.0
1786588740000,1786588980000,-1,0.00267283269,0.00267516749,confirmed_pivot,-1.8739669373021535,0.0
1786588980000,1786590120000,1,0.00267516749,0.00270392958,confirmed_pivot,9.746134237374408,0.0
1786590120000,1786591560000,-1,0.00270392958,0.00271407138,opposite_break,-4.752638742906836,0.0
1786591560000,1786592640000,1,0.00271407138,0.00271502847,confirmed_pivot,-0.6475363684061046,0.0
1786592640000,1786593000000,-1,0.00271502847,0.0027206720399999998,opposite_break,-3.0796805069966524,0.0
1786593000000,1786593300000,1,0.0027206720399999998,0.00272052792,confirmed_pivot,-1.0529457199845447,0.0
1786593300000,1786594080000,-1,0.00272052792,0.00271457143,confirmed_pivot,1.1905558113148544,0.0
1786594080000,1786595640000,1,0.00271457143,0.00271422855,confirmed_pivot,-1.126247759116774,0.0
1786595640000,1786597080000,-1,0.00271422855,0.00271377135,confirmed_pivot,-0.8314701243564095,0.0
1786597080000,1786597320000,1,0.00271377135,0.0027127287,confirmed_pivot,-1.3840149152581143,0.0
1786597320000,1786597620000,-1,0.0027127287,0.00271737171,confirmed_pivot,-2.7124202302279183,0.0
1786597620000,1786598220000,1,0.00271737171,0.0027168282900000003,confirmed_pivot,-1.1998800119986557,0.0
1786598220000,1786600560000,-1,0.0027168282900000003,0.0027240723800000003,opposite_break,-3.6677107536303195,0.0
1786600560000,1786600620000,1,0.0027240723800000003,0.0027208278900000002,confirmed_pivot,-2.19044845460388,0.0
1786600620000,1786601220000,-1,0.0027208278900000002,0.0027150714799999997,confirmed_pivot,1.1167410941970752,0.0
1786601220000,1786602180000,1,0.0027150714799999997,0.00271982799,confirmed_pivot,0.7510153158105517,0.0
1786602180000,1786602960000,-1,0.00271982799,0.0027193719099999998,confirmed_pivot,-0.8322290815161605,0.0
1786602960000,1786604520000,1,0.0027193719099999998,0.0027244275300000002,confirmed_pivot,0.8581835648954916,0.0
1786604520000,1786605180000,-1,0.0027244275300000002,0.00272747272,opposite_break,-2.11829460004018,0.0
1786605180000,1786605360000,1,0.00272747272,0.0027257274,confirmed_pivot,-1.6395837902276316,0.0
1786605360000,1786605780000,-1,0.0027257274,0.00272777275,confirmed_pivot,-1.7507620442894989,0.0
1786605780000,1786605960000,1,0.00272777275,0.00272582739,confirmed_pivot,-1.7128113293162053,0.0
1786605960000,1786606200000,-1,0.00272582739,0.0027305730300000003,opposite_break,-2.7418611455072686,0.0
1786606200000,1786606320000,1,0.0027305730300000003,0.00272832714,confirmed_pivot,-1.822086437659006,0.0
1786606320000,1786609920000,-1,0.00272832714,0.00270177015,confirmed_pivot,8.633770118124474,-0.10489651955740176
1786609920000,1786610880000,1,0.00270177015,0.00269603037,opposite_break,-3.1233894045353012,0.0
1786610880000,1786611180000,-1,0.00269603037,0.00269876985,confirmed_pivot,-2.0166242081314842,0.0
1786611180000,1786611780000,1,0.00269876985,0.00268963101,opposite_break,-4.384605241532469,0.0
1786611780000,1786613400000,-1,0.00268963101,0.00270077005,opposite_break,-5.143545891077501,0.0
1786613400000,1786613700000,1,0.00270077005,0.00270192978,confirmed_pivot,-0.57080754246374,0.0
1786613700000,1786613880000,-1,0.00270192978,0.00270167014,opposite_break,-0.9038576716823876,0.0
1786613880000,1786615260000,1,0.00270167014,0.00271282869,confirmed_pivot,3.1281763305863084,0.0
1786615260000,1786615620000,-1,0.00271282869,0.0027092709,confirmed_pivot,0.3121244655517972,0.0
1786615620000,1786615740000,1,0.0027092709,0.00270402957,opposite_break,-2.933623298799686,0.0
1786615740000,1786617420000,-1,0.00270402957,0.00270687066,confirmed_pivot,-2.0512128182829112,0.0
1786617420000,1786617480000,1,0.00270687066,0.0026945305199999998,confirmed_pivot,-5.556542029237671,0.0
1786617480000,1786620900000,-1,0.0026945305199999998,0.00269176915,confirmed_pivot,0.02531801532528899,0.0
1786620900000,1786622220000,1,0.00269176915,0.00268853112,opposite_break,-2.2023360119867283,0.0
1786622220000,1786623300000,-1,0.00268853112,0.00269566954,opposite_break,-3.656465144431695,0.0
1786623300000,1786623420000,1,0.00269566954,0.00269283069,confirmed_pivot,-2.0525884322600882,0.0
1786623420000,1786624260000,-1,0.00269283069,0.0026901689899999997,confirmed_pivot,-0.011066362289418596,0.0
1786624260000,1786624320000,1,0.0026901689899999997,0.00268563141,confirmed_pivot,-2.6858833875709873,0.0
1786624320000,1786624500000,-1,0.00268563141,0.00269396937,confirmed_pivot,-4.106207705546541,0.0
1786624500000,1786624740000,1,0.00269396937,0.00269233074,confirmed_pivot,-1.607954456809608,0.0
1786624740000,1786625700000,-1,0.00269233074,0.0026915691300000003,confirmed_pivot,-0.7169772666936673,0.0
1786625700000,1786626060000,1,0.0026915691300000003,0.0026930306700000003,confirmed_pivot,-0.4572648297538169,0.0
1786626060000,1786626180000,-1,0.0026930306700000003,0.00269636961,opposite_break,-2.2404646954873257,0.0
1786626180000,1786626300000,1,0.00269636961,0.00269493048,confirmed_pivot,-1.5334618924887284,0.0
1786626300000,1786626480000,-1,0.00269493048,0.00270257023,opposite_break,-3.836277199625521,0.0
1786626480000,1786626900000,1,0.00270257023,0.0026999299799999998,confirmed_pivot,-1.9764519144430286,0.0
1786626900000,1786628160000,-1,0.0026999299799999998,0.00269836981,opposite_break,-0.4218553456710025,0.0
1786628160000,1786629900000,1,0.00269836981,0.00269333064,opposite_break,-2.866553055972811,0.0
1786629900000,1786630080000,-1,0.00269333064,0.0026968696599999997,confirmed_pivot,-2.314650885195368,0.0
1786630080000,1786630500000,1,0.0026968696599999997,0.0026951304600000003,confirmed_pivot,-1.6445733829047449,0.0
1786630500000,1786631400000,-1,0.0026951304600000003,0.00269176915,confirmed_pivot,0.24780254793320755,0.0
1786631400000,1786631940000,1,0.00269176915,0.00269903007,confirmed_pivot,1.6961039879664441,0.0
1786631940000,1786634400000,-1,0.00269903007,0.00269496947,confirmed_pivot,0.5052186135888235,0.0
1786634400000,1786636980000,1,0.00269496947,0.00266353362,opposite_break,-12.43141767813788,0.22739049195982175
1786636980000,1786637520000,-1,0.00266353362,0.00264616459,confirmed_pivot,5.524308304019091,0.0
1786637520000,1786638300000,1,0.00264616459,0.00265513446,confirmed_pivot,2.3880678091152765,0.0
1786638300000,1786639500000,-1,0.00265513446,0.00264396437,confirmed_pivot,3.2090806372946017,0.0
1786639500000,1786639980000,1,0.00264396437,0.00264883509,confirmed_pivot,0.8412822408797662,0.0
1786639980000,1786640520000,-1,0.00264883509,0.00265156513,confirmed_pivot,-2.0311721670827407,0.0
1786640520000,1786641240000,1,0.00265156513,0.0026552344499999997,confirmed_pivot,0.3831398288148291,0.0
1786641240000,1786642740000,-1,0.0026552344499999997,0.0026452645,confirmed_pivot,2.7567059191325036,0.0
1786642740000,1786643220000,1,0.0026452645,0.00265083489,confirmed_pivot,1.1047440832474873,0.0
1786643220000,1786644960000,-1,0.00265083489,0.0026572657,opposite_break,-3.427169428496624,0.0
1786644960000,1786645260000,1,0.0026572657,0.0026537346000000002,confirmed_pivot,-2.3281827443901433,0.0
1786645260000,1786645560000,-1,0.0026537346000000002,0.0026545654300000002,confirmed_pivot,-1.313236076810392,0.0
1786645560000,1786646160000,1,0.0026545654300000002,0.00265753422,confirmed_pivot,0.11781219308644919,0.0
1786646160000,1786646700000,-1,0.00265753422,0.0026617661499999997,opposite_break,-2.593223497607377,0.0
1786646700000,1786647000000,1,0.0026617661499999997,0.00266083389,confirmed_pivot,-1.3500660153784576,0.0
1786647000000,1786647720000,-1,0.00266083389,0.00266986696,opposite_break,-4.396524138152805,0.0
1786647720000,1786651320000,1,0.00266986696,0.00267393258,confirmed_pivot,0.5220186065000918,0.0
1786651320000,1786651440000,-1,0.00267393258,0.00267616759,confirmed_pivot,-1.836269217004765,0.0
1786651440000,1786651800000,1,0.00267616759,0.00267723225,confirmed_pivot,-0.6023688224995514,0.0
1786651800000,1786652160000,-1,0.00267723225,0.00267236721,confirmed_pivot,0.8180987174347703,0.0
1786652160000,1786652640000,1,0.00267236721,0.00267193278,opposite_break,-1.162482455021639,0.0
1786652640000,1786653180000,-1,0.00267193278,0.0026732673,confirmed_pivot,-1.499708402095378,0.0
1786653180000,1786654020000,1,0.0026732673,0.00267063291,opposite_break,-1.98496428134973,0.0
1786654020000,1786654380000,-1,0.00267063291,0.00267096707,confirmed_pivot,-1.1251864600141044,0.0
1786654380000,1786655340000,1,0.00267096707,0.00267193278,confirmed_pivot,-0.6386225963466836,0.0
1786655340000,1786655460000,-1,0.00267193278,0.00267436741,opposite_break,-1.9116424384748285,0.0
1786655460000,1786655640000,1,0.00267436741,0.00267303267,confirmed_pivot,-1.498836706210105,0.0
1786655640000,1786655880000,-1,0.00267303267,0.00267566754,opposite_break,-1.986215942882602,0.0
1786655880000,1786656120000,1,0.00267566754,0.00267423255,confirmed_pivot,-1.5360428691376922,0.0
1786656120000,1786656240000,-1,0.00267423255,0.00267666764,opposite_break,-1.911030547810782,0.0
1786656240000,1786656780000,1,0.00267666764,0.00267463251,confirmed_pivot,-1.7599421028603954,0.0
1786656780000,1786657680000,-1,0.00267463251,0.00267636761,confirmed_pivot,-1.6490489977631129,0.0
1786657680000,1786658040000,1,0.00267636761,0.00267553242,confirmed_pivot,-1.3119049871478303,0.0
1786658040000,1786658460000,-1,0.00267553242,0.0026772677,confirmed_pivot,-1.6488980013928791,0.0
1786658460000,1786659420000,1,0.0026772677,0.00268203177,confirmed_pivot,0.7785625116980786,0.0
1786659420000,1786660200000,-1,0.00268203177,0.00268696867,opposite_break,-2.8416517303223303,0.0
1786660200000,1786661100000,1,0.00268696867,0.00268253172,opposite_break,-2.6504589631110695,0.0
1786661100000,1786661220000,-1,0.00268253172,0.00268356833,confirmed_pivot,-1.3866229417782978,0.0
1786661220000,1786661460000,1,0.00268356833,0.00268163181,opposite_break,-1.7212604644204392,0.0
1786661460000,1786661580000,-1,0.00268163181,0.0026850684800000003,confirmed_pivot,-2.28220001052279,0.0
1786661580000,1786662180000,1,0.0026850684800000003,0.00268423155,confirmed_pivot,-1.311541974154916,0.0
1786662180000,1786663980000,-1,0.00268423155,0.0026866686399999997,opposite_break,-1.908382343169962,0.0
1786663980000,1786664220000,1,0.0026866686399999997,0.00268743123,confirmed_pivot,-0.7162996978293847,0.0
1786664220000,1786664640000,-1,0.00268743123,0.00268496847,confirmed_pivot,-0.0831425368231844,0.0
1786664640000,1786665780000,1,0.00268496847,0.00268353162,confirmed_pivot,-1.398376604176708,0.13650177188114243
1786665780000,1786665900000,-1,0.00268353162,0.00268656863,confirmed_pivot,-2.132287200327442,0.0
1786665900000,1786666320000,1,0.00268656863,0.00268523145,confirmed_pivot,-1.4974789756254396,0.0
1786666320000,1786666920000,-1,0.00268523145,0.00269286926,opposite_break,-3.8457989738649188,0.0
1786666920000,1786667460000,1,0.00269286926,0.00268253172,opposite_break,-4.836937568220461,0.0
1786667460000,1786667700000,-1,0.00268253172,0.00268336831,confirmed_pivot,-1.312021769867446,0.0
1786667700000,1786668360000,1,0.00268336831,0.00268493148,confirmed_pivot,-0.4177510373146702,0.0
1786668360000,1786669560000,-1,0.00268493148,0.0026931692899999997,opposite_break,-4.069698041232588,0.0
1786669560000,1786669680000,1,0.0026931692899999997,0.00269133084,confirmed_pivot,-1.6822930819174768,0.0
1786669680000,1786671360000,-1,0.00269133084,0.00270047002,opposite_break,-4.3974825592232785,0.0
1786671360000,1786671900000,1,0.00270047002,0.0027050294699999997,confirmed_pivot,0.6875470718981864,0.0
1786671900000,1786673700000,-1,0.0027050294699999997,0.00270477045,confirmed_pivot,-0.9041971583401013,0.0
1786673700000,1786673940000,1,0.00270477045,0.00270332964,confirmed_pivot,-1.5324258089997695,0.0
1786673940000,1786674120000,-1,0.00270332964,0.00270837081,opposite_break,-2.8657327283993705,0.0
1786674120000,1786674240000,1,0.00270837081,0.00270622935,confirmed_pivot,-1.790286640993633,0.0
1786674240000,1786674720000,-1,0.00270622935,0.0027042703999999996,confirmed_pivot,-0.27577111119559694,0.0
1786674720000,1786675140000,1,0.0027042703999999996,0.0027047295,confirmed_pivot,-0.8303163581569245,0.0
1786675140000,1786677240000,-1,0.0027047295,0.0026879687699999997,confirmed_pivot,5.199921420977709,0.0
1786677240000,1786680600000,1,0.0026879687699999997,0.00269023095,confirmed_pivot,-0.15882619796939867,0.0
1786680600000,1786680840000,-1,0.00269023095,0.00269106908,opposite_break,-1.311701515812195,0.0
1786680840000,1786681200000,1,0.00269106908,0.00269063091,confirmed_pivot,-1.1627423533103538,0.0
1786681200000,1786681860000,-1,0.00269063091,0.002690269,confirmed_pivot,-0.8654252600553806,0.0
1786681860000,1786682220000,1,0.002690269,0.0026855314199999997,opposite_break,-2.7601255525005746,0.0
1786682220000,1786682460000,-1,0.0026855314199999997,0.00268766874,confirmed_pivot,-1.7962627597930574,0.0
1786682460000,1786682760000,1,0.00268766874,0.0026844315299999998,opposite_break,-2.203865397117409,0.0
1786682760000,1786682880000,-1,0.0026844315299999998,0.0026862686,confirmed_pivot,-1.6846844534717365,0.0
1786682880000,1786684020000,1,0.0026862686,0.00268493148,confirmed_pivot,-1.497512214526902,0.0
1786684020000,1786684320000,-1,0.00268493148,0.00268566854,confirmed_pivot,-1.274654506266946,0.0
1786684320000,1786685040000,1,0.00268566854,0.0026767323000000003,opposite_break,-4.325716389409567,0.0
1786685040000,1786685400000,-1,0.0026767323000000003,0.00267836781,confirmed_pivot,-1.6113154292640797,0.0
1786685400000,1786686660000,1,0.00267836781,0.00267523245,opposite_break,-2.1700380762864278,0.0
1786686660000,1786688160000,-1,0.00267523245,0.0026662666,confirmed_pivot,2.353104110635386,0.0
1786688160000,1786689720000,1,0.0026662666,0.00266333364,confirmed_pivot,-2.0994750187396223,0.0
1786689720000,1786689960000,-1,0.00266333364,0.0026671666899999997,opposite_break,-2.439912171499385,0.0
1786689960000,1786690140000,1,0.0026671666899999997,0.0026660333699999998,confirmed_pivot,-1.4247028669962778,0.0
1786690140000,1786690560000,-1,0.0026660333699999998,0.00266376635,confirmed_pivot,-0.14924039004068157,0.0
1786690560000,1786691520000,1,0.00266376635,0.0026567343,opposite_break,-3.638569998828888,0.0
1786691520000,1786691580000,-1,0.0026567343,0.0026595659299999998,confirmed_pivot,-2.0663639999678045,0.0
1786691580000,1786692780000,1,0.0026595659299999998,0.002659734,opposite_break,-0.9368370743867225,0.0
1786692780000,1786692960000,-1,0.002659734,0.00266076605,confirmed_pivot,-1.3882215383192467,0.0
1786692960000,1786693200000,1,0.00266076605,0.0026563343399999997,opposite_break,-2.6647439353039895,0.0
1786693200000,1786693800000,-1,0.0026563343399999997,0.0026562656,confirmed_pivot,-0.9741092945401413,0.0
1786693800000,1786694400000,1,0.0026562656,0.00265113486,opposite_break,-2.9026092657300424,0.027986315525074
1786694400000,1786695720000,-1,0.00265113486,0.00265616559,confirmed_pivot,-2.898524832116677,0.0
1786695720000,1786696860000,1,0.00265616559,0.00266403357,confirmed_pivot,1.9606761113112414,0.0
1786696860000,1786697220000,-1,0.00266403357,0.00266566654,opposite_break,-1.6132754869902546,0.0
1786697220000,1786698120000,1,0.00266566654,0.0026650334699999997,confirmed_pivot,-1.2373715749909482,0.0
1786698120000,1786699080000,-1,0.0026650334699999997,0.00267166714,opposite_break,-3.4903953026151573,0.0
1786699080000,1786699200000,1,0.00267166714,0.00266723325,confirmed_pivot,-2.658766913231482,0.0
1786699200000,1786699440000,-1,0.00266723325,0.00266586656,confirmed_pivot,-0.4873439190217482,0.0
1786699440000,1786699740000,1,0.00266586656,0.00266243373,opposite_break,-2.2870537619857387,0.0
1786699740000,1786700700000,-1,0.00266243373,0.0026468646599999996,confirmed_pivot,4.850607419626023,0.0
1786700700000,1786701480000,1,0.0026468646599999996,0.00264643533,opposite_break,-1.162122129432825,0.0
1786701480000,1786701720000,-1,0.00264643533,0.00264836481,confirmed_pivot,-1.7294509403334475,0.0
1786701720000,1786702860000,1,0.00264836481,0.00264493548,opposite_break,-2.294238362501157,0.0
1786702860000,1786703400000,-1,0.00264493548,0.0026432643,confirmed_pivot,-0.3678425796609177,0.0
1786703400000,1786704900000,1,0.0026432643,0.00263483649,opposite_break,-4.186815671440758,0.0
1786704900000,1786705080000,-1,0.00263483649,0.0026359635699999997,confirmed_pivot,-1.4279747696980438,0.0
1786705080000,1786705620000,1,0.0026359635699999997,0.00263783619,confirmed_pivot,-0.2899432635178226,0.0
1786705620000,1786707900000,-1,0.00263783619,0.00263746372,confirmed_pivot,-0.8587265439710104,0.0
1786707900000,1786708140000,1,0.00263746372,0.00263463651,opposite_break,-2.07140673578646,0.0
1786708140000,1786708200000,-1,0.00263463651,0.00263606358,confirmed_pivot,-1.5419280912493616,0.0
1786708200000,1786708680000,1,0.00263606358,0.00263613636,confirmed_pivot,-0.9724044554341951,0.0
1786708680000,1786708860000,-1,0.00263613636,0.00263696367,confirmed_pivot,-1.313991213641068,0.0
1786708860000,1786709580000,1,0.00263696367,0.00262893708,opposite_break,-4.042353899778894,0.0
1786709580000,1786709760000,-1,0.00262893708,0.0026342634,confirmed_pivot,-3.027048574323416,0.0
1786709760000,1786711560000,1,0.0026342634,0.00263293668,opposite_break,-1.5033880211067745,0.0
1786711560000,1786711800000,-1,0.00263293668,0.0026352635000000003,confirmed_pivot,-1.8841775146678308,0.0
1786711800000,1786713420000,1,0.0026352635000000003,0.0026331366600000003,confirmed_pivot,-1.8066656636044087,0.0
1786713420000,1786713780000,-1,0.0026331366600000003,0.0026381637899999997,confirmed_pivot,-2.910133887619557,0.0
1786713780000,1786714200000,1,0.0026381637899999997,0.00264233574,confirmed_pivot,0.5805933053915517,0.0
1786714200000,1786714740000,-1,0.00264233574,0.00265166514,opposite_break,-4.532505184220041,0.0
1786714740000,1786716180000,1,0.00265166514,0.00264153582,opposite_break,-4.818074608017739,0.0
1786716180000,1786716420000,-1,0.00264153582,0.0026428642600000002,confirmed_pivot,-1.5031558572618824,0.0
1786716420000,1786716840000,1,0.0026428642600000002,0.00263693628,opposite_break,-3.2418919123754675,0.0
1786716840000,1786718760000,-1,0.00263693628,0.00263456343,confirmed_pivot,-0.09969897907425951,0.0
1786718760000,1786719120000,1,0.00263456343,0.0026266373100000003,opposite_break,-4.007009377640847,0.0
1786719120000,1786720080000,-1,0.0026266373100000003,0.00261856183,confirmed_pivot,2.0759929089716738,0.0
1786720080000,1786720440000,1,0.00261856183,0.00262353762,confirmed_pivot,0.8992494460213902,0.0
1786720440000,1786721340000,-1,0.00262353762,0.00263016299,opposite_break,-3.526620024225131,0.0
1786721340000,1786722540000,1,0.00263016299,0.0026444355299999997,confirmed_pivot,4.423771752639423,0.0
1786722540000,1786722960000,-1,0.0026444355299999997,0.00265176515,opposite_break,-3.7731002426822213,0.0
1786722960000,1786723500000,1,0.00265176515,0.00265063491,confirmed_pivot,-1.4201982260759918,0.005810419523765141
1786723500000,1786724280000,-1,0.00265063491,0.00266166614,opposite_break,-5.163812063804682,0.0
1786724280000,1786724940000,1,0.00266166614,0.00266103387,confirmed_pivot,-1.2374279236237213,0.0
1786724940000,1786725060000,-1,0.00266103387,0.00266346632,opposite_break,-1.9145566512462562,0.0
1786725060000,1786725600000,1,0.00266346632,0.00266613336,confirmed_pivot,0.0008410693925628987,0.0
1786725600000,1786725720000,-1,0.00266613336,0.00267036701,opposite_break,-2.588730289545516,0.0
1786725720000,1786725840000,1,0.00267036701,0.0026682331499999997,confirmed_pivot,-1.7986891172686095,0.0
1786725840000,1786726200000,-1,0.0026682331499999997,0.00267156713,opposite_break,-2.250133253910108,0.0
1786726200000,1786726500000,1,0.00267156713,0.002669733,confirmed_pivot,-1.6861938501990594,0.0
1786726500000,1786726680000,-1,0.002669733,0.0026772677,opposite_break,-3.823678379073794,0.0
1786726680000,1786727520000,1,0.0026772677,0.0026667333000000002,opposite_break,-4.932790434068166,0.0
1786727520000,1786727700000,-1,0.0026667333000000002,0.0026728672599999996,confirmed_pivot,-3.301327613076035,0.0
1786727700000,1786728360000,1,0.0026728672599999996,0.00267293268,confirmed_pivot,-0.9755366489840062,0.0
1786728360000,1786728780000,-1,0.00267293268,0.00267586756,opposite_break,-2.098548969067176,0.0
1786728780000,1786728960000,1,0.00267586756,0.00267403257,confirmed_pivot,-1.6854122873704498,0.0
1786728960000,1786730340000,-1,0.00267403257,0.00266276625,confirmed_pivot,3.215338768293405,0.0
1786730340000,1786731720000,1,0.00266276625,0.00266763321,confirmed_pivot,0.8268695271318458,0.0
1786731720000,1786732800000,-1,0.00266763321,0.00266536651,confirmed_pivot,-0.14987062632942,0.0
1786732800000,1786733040000,1,0.00266536651,0.00266253372,opposite_break,-2.0622830272598422,0.0
1786733040000,1786739280000,-1,0.00266253372,0.0026458645600000003,confirmed_pivot,5.263768400273919,0.0
1786739280000,1786739640000,1,0.0026458645600000003,0.00264513546,confirmed_pivot,-1.2754243210393688,0.0
1786739640000,1786740120000,-1,0.00264513546,0.00264906488,opposite_break,-2.486269708848784,0.0
1786740120000,1786740300000,1,0.00264906488,0.0026472352500000003,confirmed_pivot,-1.690324800576314,0.0
1786740300000,1786741260000,-1,0.0026472352500000003,0.0026446644399999997,confirmed_pivot,-0.028384271854727472,0.0
1786741260000,1786741380000,1,0.0026446644399999997,0.00264143583,confirmed_pivot,-2.220190980069977,0.0
1786741380000,1786742580000,-1,0.00264143583,0.0026468646599999996,confirmed_pivot,-3.056284825590387,0.0
1786742580000,1786742820000,1,0.0026468646599999996,0.00264603537,confirmed_pivot,-1.3131536596962397,0.0
1786742820000,1786744800000,-1,0.00264603537,0.0026417641500000003,opposite_break,0.6150032076100669,0.0
1786744800000,1786745520000,1,0.0026417641500000003,0.0026433356399999997,confirmed_pivot,-0.4054335792998526,0.0
1786745520000,1786745940000,-1,0.0026433356399999997,0.00264236421,confirmed_pivot,-0.6323146783585148,0.0
1786745940000,1786746420000,1,0.00264236421,0.00263693628,opposite_break,-3.05316739246929,0.0
1786746420000,1786747620000,-1,0.00263693628,0.00264306428,opposite_break,-3.325070972135806,0.0
1786747620000,1786747980000,1,0.00264306428,0.00264323565,confirmed_pivot,-0.9351947978351773,0.0
1786747980000,1786748340000,-1,0.00264323565,0.00264366434,opposite_break,-1.1622648911382831,0.0
1786748340000,1786748580000,1,0.00264366434,0.00264133584,confirmed_pivot,-1.8803446469304657,0.0
1786748580000,1786749840000,-1,0.00264133584,0.00265086506,opposite_break,-4.609531383937857,0.0
1786749840000,1786750500000,1,0.00265086506,0.0026526347100000003,confirmed_pivot,-0.3327592559538176,0.0
1786750500000,1786750740000,-1,0.0026526347100000003,0.00265836581,opposite_break,-3.1616114455502013,0.0
1786750740000,1786751280000,1,0.00265836581,0.00266253372,confirmed_pivot,0.5670627531129986,0.0
1786751280000,1786753020000,-1,0.00266253372,0.00266696667,opposite_break,-2.7442863363999264,-0.0785172076618808
1786753020000,1786753440000,1,0.00266696667,0.00266103387,opposite_break,-3.2234374605063953,0.0
1786753440000,1786753560000,-1,0.00266103387,0.0026630662799999997,confirmed_pivot,-1.7641489377207982,0.0
1786753560000,1786754580000,1,0.0026630662799999997,0.002659734,opposite_break,-2.2506687817021724,0.0
1786754580000,1786754760000,-1,0.002659734,0.00266216619,confirmed_pivot,-1.9149058120098617,0.0
1786754760000,1786754940000,1,0.00266216619,0.00266113386,confirmed_pivot,-1.3875843059220077,0.0
1786754940000,1786755420000,-1,0.00266113386,0.00266576655,opposite_break,-2.74174114826374,0.0
1786755420000,1786755540000,1,0.00266576655,0.00266363361,confirmed_pivot,-1.79972251508666,0.0
1786755540000,1786756800000,-1,0.00266363361,0.00265406538,confirmed_pivot,2.5939680589178744,0.0
1786756800000,1786757760000,1,0.00265406538,0.0026563343399999997,confirmed_pivot,-0.14552763579630357,0.0
1786757760000,1786759320000,-1,0.0026563343399999997,0.00265706568,opposite_break,-1.2754569178216797,0.0
1786759320000,1786759380000,1,0.00265706568,0.00265513446,confirmed_pivot,-1.7264609243683218,0.0
1786759380000,1786759560000,-1,0.00265513446,0.00265866584,opposite_break,-2.33068428105143,0.0
1786759560000,1786759740000,1,0.00265866584,0.0026550344700000004,confirmed_pivot,-2.3651788278136614,0.0
1786759740000,1786760160000,-1,0.0026550344700000004,0.0026609660699999996,opposite_break,-3.235212336056471,0.0
1786760160000,1786760880000,1,0.0026609660699999996,0.00266523345,confirmed_pivot,0.6028939106315963,0.0
1786760880000,1786761120000,-1,0.00266523345,0.0026677667500000003,opposite_break,-1.9509736004553044,0.0
1786761120000,1786761300000,1,0.0026677667500000003,0.00266613336,confirmed_pivot,-1.6119625357052645,0.0
1786761300000,1786762560000,-1,0.00266613336,0.00266996697,opposite_break,-2.438610259540853,0.0
1786762560000,1786762800000,1,0.00266996697,0.0026682331499999997,confirmed_pivot,-1.6490541304338617,0.0
1786762800000,1786763580000,-1,0.0026682331499999997,0.0026673667099999998,confirmed_pivot,-0.6751133910468241,0.0
1786763580000,1786764360000,1,0.0026673667099999998,0.00266213376,opposite_break,-2.9608603141784187,0.0
1786764360000,1786765320000,-1,0.00266213376,0.002660266,confirmed_pivot,-0.2980465865096076,0.0
1786765320000,1786768140000,1,0.002660266,0.00266523345,confirmed_pivot,0.8663420406078775,0.0
1786768140000,1786768560000,-1,0.00266523345,0.00266406638,confirmed_pivot,-0.5618944618153472,0.0
1786768560000,1786769280000,1,0.00266406638,0.0026656334100000002,confirmed_pivot,-0.41208428710384637,0.0
1786769280000,1786772700000,-1,0.0026656334100000002,0.0026576657399999997,confirmed_pivot,1.9905289321087012,0.0
1786772700000,1786773360000,1,0.0026576657399999997,0.0026550344700000004,opposite_break,-1.9895730397605442,0.0
1786773360000,1786774680000,-1,0.0026550344700000004,0.00265356533,confirmed_pivot,-0.446382114202704,0.0
1786774680000,1786776060000,1,0.00265356533,0.00265103487,opposite_break,-1.9531307714214257,0.0
1786776060000,1786776120000,-1,0.00265103487,0.00265266524,confirmed_pivot,-1.6153012936416475,0.0
1786776120000,1786776660000,1,0.00265266524,0.00265313466,confirmed_pivot,-0.8231268375198523,0.0
1786776660000,1786776840000,-1,0.00265313466,0.00265576555,opposite_break,-1.9921115142342254,0.0
1786776840000,1786777260000,1,0.00265576555,0.00265333464,confirmed_pivot,-1.9148753906383593,0.0
1786777260000,1786778040000,-1,0.00265333464,0.0026541653899999997,confirmed_pivot,-1.3132531277697714,0.0
1786778040000,1786778220000,1,0.0026541653899999997,0.00265193478,confirmed_pivot,-1.8399984052990503,0.0
1786778220000,1786779060000,-1,0.00265193478,0.0026462646,confirmed_pivot,1.139198570335832,0.0
1786779060000,1786779180000,1,0.0026462646,0.00264403557,opposite_break,-1.8419095675465482,0.0
1786779180000,1786779780000,-1,0.00264403557,0.00264346432,confirmed_pivot,-0.7838396610525578,0.0
1786779780000,1786780800000,1,0.00264346432,0.00263893608,opposite_break,-2.6200577241005014,0.09208033872762846
1786780800000,1786781040000,-1,0.00263893608,0.0026413641099999998,confirmed_pivot,-1.9205391647833872,0.0
1786781040000,1786781460000,1,0.0026413641099999998,0.0026420357700000004,confirmed_pivot,-0.7458418672915703,0.0
1786781460000,1786781700000,-1,0.0026420357700000004,0.00264496447,opposite_break,-2.1090555181997033,0.0
1786781700000,1786782060000,1,0.00264496447,0.00264363561,confirmed_pivot,-1.5021600800558679,0.0
1786782060000,1786782240000,-1,0.00264363561,0.00264596457,opposite_break,-1.8814090985861296,0.0
1786782240000,1786782420000,1,0.00264596457,0.00264483549,confirmed_pivot,-1.426504373034746,0.0
1786782420000,1786783680000,-1,0.00264483549,0.00264346432,confirmed_pivot,-0.48130778258718876,0.0
1786783680000,1786784160000,1,0.00264346432,0.00263943603,opposite_break,-2.523105806474367,0.0
1786784160000,1786784640000,-1,0.00263943603,0.00263836381,confirmed_pivot,-0.5935661642082102,0.0
1786784640000,1786785960000,1,0.00263836381,0.00264403557,confirmed_pivot,1.1486514098296623,0.0
1786785960000,1786787760000,-1,0.00264403557,0.00264456443,opposite_break,-1.2001200120010762,0.0
1786787760000,1786788780000,1,0.00264456443,0.00264383559,confirmed_pivot,-1.275461460396284,0.0
1786788780000,1786789920000,-1,0.00264383559,0.00264446442,confirmed_pivot,-1.2379665427682915,0.0
1786789920000,1786791240000,1,0.00264446442,0.00264103587,confirmed_pivot,-2.2958524603632853,0.0
1786791240000,1786791540000,-1,0.00264103587,0.0026411640899999997,confirmed_pivot,-1.0485734069184889,0.0
1786791540000,1786792800000,1,0.0026411640899999997,0.0026417358,confirmed_pivot,-0.7836468596692945,0.0
1786792800000,1786793280000,-1,0.0026417358,0.0026415641300000002,confirmed_pivot,-0.9349837197952612,0.0
1786793280000,1786793760000,1,0.0026415641300000002,0.00264133584,confirmed_pivot,-1.0863790707970669,0.0
1786793760000,1786794240000,-1,0.00264133584,0.00264456443,opposite_break,-2.2229434235821737,0.0
1786794240000,1786794360000,1,0.00264456443,0.00264193578,confirmed_pivot,-1.9934852201728168,0.0
1786794360000,1786794780000,-1,0.00264193578,0.00264106408,confirmed_pivot,-0.6698875663055732,0.0
1786794780000,1786796460000,1,0.00264106408,0.00264043593,confirmed_pivot,-1.237720822358747,0.0
1786796460000,1786796820000,-1,0.00264043593,0.0026400639799999998,confirmed_pivot,-0.8590626756846097,0.0
1786796820000,1786800420000,1,0.0026400639799999998,0.00264413556,opposite_break,0.5414566619708614,0.0
1786800420000,1786800600000,-1,0.00264413556,0.0026452645,confirmed_pivot,-1.427173435086712,0.0
1786800600000,1786801260000,1,0.0026452645,0.0026418357900000002,opposite_break,-2.2955209753126624,0.0
1786801260000,1786801440000,-1,0.0026418357900000002,0.0026432643,confirmed_pivot,-1.540996628333069,0.0
1786801440000,1786802340000,1,0.0026432643,0.00264433554,confirmed_pivot,-0.5949310176814455,0.0
1786802340000,1786802940000,-1,0.00264433554,0.00264566454,confirmed_pivot,-1.5028350146517337,0.0
1786802940000,1786803720000,1,0.00264566454,0.00264213576,opposite_break,-2.3331303181770573,0.0
1786803720000,1786803900000,-1,0.00264213576,0.00264306428,confirmed_pivot,-1.3516035300169273,0.0
1786803900000,1786804740000,1,0.00264306428,0.00264343563,confirmed_pivot,-0.8595704509312144,0.0
1786804740000,1786804860000,-1,0.00264343563,0.00264516449,opposite_break,-1.6543470967741776,0.0
1786804860000,1786805940000,1,0.00264516449,0.00264583539,confirmed_pivot,-0.7464941962833356,0.0
1786805940000,1786806240000,-1,0.00264583539,0.00264546452,confirmed_pivot,-0.8597586847606579,0.0
1786806240000,1786807260000,1,0.00264546452,0.0026455354199999997,confirmed_pivot,-0.9732128140581181,0.0
1786807260000,1786808220000,-1,0.0026455354199999997,0.00265266524,opposite_break,-3.696386091100018,0.0
1786808220000,1786808520000,1,0.00265266524,0.00265013496,confirmed_pivot,-1.9533863609568525,0.0
1786808520000,1786809600000,-1,0.00265013496,0.00265286526,opposite_break,-2.1038950962710103,-0.07313055362282381
1786809600000,1786809960000,1,0.00265286526,0.0026485351200000004,opposite_break,-2.6314341309591227,0.0
1786809960000,1786810200000,-1,0.0026485351200000004,0.00264916489,confirmed_pivot,-1.237899388322923,0.0
1786810200000,1786811220000,1,0.00264916489,0.00265193478,confirmed_pivot,0.04504822083747373,0.0
1786811220000,1786812840000,-1,0.00265193478,0.00265066504,confirmed_pivot,-0.5209630042259177,0.0
1786812840000,1786814340000,1,0.00265066504,0.00265683429,confirmed_pivot,1.3262710610165147,0.0
1786814340000,1786815060000,-1,0.00265683429,0.00265376535,confirmed_pivot,0.15568911525900297,0.0
1786815060000,1786815540000,1,0.00265376535,0.00265343463,confirmed_pivot,-1.1245606134694364,0.0
1786815540000,1786816320000,-1,0.00265343463,0.0026545654300000002,confirmed_pivot,-1.4263777170949439,0.0
1786816320000,1786817040000,1,0.0026545654300000002,0.00264883509,opposite_break,-3.1575941452685057,0.0
1786817040000,1786817280000,-1,0.00264883509,0.0026498649599999997,confirmed_pivot,-1.3889955017923017,0.0
1786817280000,1786817880000,1,0.0026498649599999997,0.00264463551,opposite_break,-2.9724911849846722,0.0
1786817880000,1786818240000,-1,0.00264463551,0.00264516449,confirmed_pivot,-1.2001200120012232,0.0
1786818240000,1786820040000,1,0.00264516449,0.00264383559,opposite_break,-1.5021372224757055,0.0
1786820040000,1786820640000,-1,0.00264383559,0.0026435643299999997,confirmed_pivot,-0.8973477658645557,0.0
1786820640000,1786821240000,1,0.0026435643299999997,0.00264303567,confirmed_pivot,-1.1998800119986506,0.0
1786821240000,1786823220000,-1,0.00264303567,0.00264496447,opposite_break,-1.7301318033289494,0.0
1786823220000,1786824300000,1,0.00264496447,0.0026442355500000004,opposite_break,-1.2754500290128838,0.0
1786824300000,1786825080000,-1,0.0026442355500000004,0.0026435643299999997,confirmed_pivot,-0.7460303375768897,0.0
1786825080000,1786825320000,1,0.0026435643299999997,0.00264123585,opposite_break,-1.8803703899271516,0.0
1786825320000,1786826280000,-1,0.00264123585,0.00264206418,confirmed_pivot,-1.3137713601002383,0.0
1786826280000,1786827600000,1,0.00264206418,0.0026433356399999997,confirmed_pivot,-0.5190032552503572,0.0
1786827600000,1786830120000,-1,0.0026433356399999997,0.00265266524,opposite_break,-4.53124463603888,0.0
1786830120000,1786830420000,1,0.00265266524,0.0026515348200000003,confirmed_pivot,-1.4259319166861217,0.0
1786830420000,1786831260000,-1,0.0026515348200000003,0.00264616459,confirmed_pivot,1.0263415266031273,0.0
1786831260000,1786832040000,1,0.00264616459,0.0026504349300000003,confirmed_pivot,0.612977834458956,0.0
1786832040000,1786833120000,-1,0.0026504349300000003,0.00264606458,confirmed_pivot,0.6497425103737235,0.0
1786833120000,1786833240000,1,0.00264606458,0.00264383559,opposite_break,-1.8419580995260136,0.0
1786833240000,1786833720000,-1,0.00264383559,0.00264496447,confirmed_pivot,-1.4271991966035729,0.0
1786833720000,1786833960000,1,0.00264496447,0.0026437356,confirmed_pivot,-1.464375071548622,0.0
1786833960000,1786836840000,-1,0.0026437356,0.00262146212,confirmed_pivot,7.429215364804252,0.0
1786836840000,1786837920000,1,0.00262146212,0.00262113786,opposite_break,-1.123632482623918,0.0
1786837920000,1786839180000,-1,0.00262113786,0.00262646262,opposite_break,-3.0895714482564935,-0.05708683106046166
1786839180000,1786839300000,1,0.00262646262,0.00262293768,confirmed_pivot,-2.3414154472147493,0.0
1786839300000,1786839540000,-1,0.00262293768,0.00262606258,opposite_break,-2.1919697802351354,0.0
1786839540000,1786841280000,1,0.00262606258,0.00262423755,confirmed_pivot,-1.6946207218717095,0.0
1786841280000,1786841580000,-1,0.00262423755,0.00262076205,confirmed_pivot,0.32504686932795,0.0
1786841580000,1786842060000,1,0.00262076205,0.00261823815,opposite_break,-1.9625589816518476,0.0
1786842060000,1786842120000,-1,0.00261823815,0.00262236221,confirmed_pivot,-2.5759154796518704,0.0
1786842120000,1786842480000,1,0.00262236221,0.00262103787,confirmed_pivot,-1.5047654458077218,0.0
1786842480000,1786842840000,-1,0.00262103787,0.0026186618399999997,confirmed_pivot,-0.09302416336303143,0.0
1786842840000,1786843260000,1,0.0026186618399999997,0.0026117388,opposite_break,-3.6424100944624707,0.0
1786843260000,1786843440000,-1,0.0026117388,0.00261486146,confirmed_pivot,-2.1962227348308714,0.0
1786843440000,1786843680000,1,0.00261486146,0.00260863911,opposite_break,-3.3784200119726706,0.0
1786843680000,1786844520000,-1,0.00260863911,0.00261366134,confirmed_pivot,-2.9261925100096766,0.0
1786844520000,1786844880000,1,0.00261366134,0.00261643833,confirmed_pivot,0.06195912321213515,0.0
1786844880000,1786845600000,-1,0.00261643833,0.0026140613799999998,confirmed_pivot,-0.09107795596305102,0.0
1786845600000,1786846440000,1,0.0026140613799999998,0.0026057394,opposite_break,-4.181952449027775,0.0
1786846440000,1786848780000,-1,0.0026057394,0.0026092609000000003,confirmed_pivot,-2.352115545399676,0.0
1786848780000,1786849140000,1,0.0026092609000000003,0.00261023895,confirmed_pivot,-0.625349471568825,0.0
1786849140000,1786849500000,-1,0.00261023895,0.0026154615199999996,opposite_break,-3.001801898251306,0.0
1786849500000,1786849860000,1,0.0026154615199999996,0.00261343863,confirmed_pivot,-1.7730484809424538,0.0
1786849860000,1786849980000,-1,0.00261343863,0.00261586156,opposite_break,-1.9275677787773198,0.0
1786849980000,1786850400000,1,0.00261586156,0.00261623835,confirmed_pivot,-0.8560315229374265,0.0
1786850400000,1786852740000,-1,0.00261623835,0.0026151614899999997,confirmed_pivot,-0.5881879684241837,0.0
1786852740000,1786853460000,1,0.0026151614899999997,0.00261243873,opposite_break,-2.0406235448196766,0.0
1786853460000,1786853640000,-1,0.00261243873,0.00261356133,confirmed_pivot,-1.429928283906537,0.0
1786853640000,1786853820000,1,0.00261356133,0.00261093888,opposite_break,-2.002899279581782,0.0
1786853820000,1786853940000,-1,0.00261093888,0.0026140613799999998,confirmed_pivot,-2.196527913361063,0.0
1786853940000,1786854480000,1,0.0026140613799999998,0.0026167383,confirmed_pivot,0.023534321141416403,0.0
1786854480000,1786855080000,-1,0.0026167383,0.0026153615099999998,confirmed_pivot,-0.47358954657395647,0.0
1786855080000,1786855680000,1,0.0026153615099999998,0.00261503847,confirmed_pivot,-1.1234546271195336,0.0
1786855680000,1786855860000,-1,0.00261503847,0.00261666164,opposite_break,-1.6210163267694735,0.0
1786855860000,1786856040000,1,0.00261666164,0.00261513846,confirmed_pivot,-1.5818170705480987,0.0
1786856040000,1786856400000,-1,0.00261513846,0.00261586156,confirmed_pivot,-1.2766436886864687,0.0
1786856400000,1786856760000,1,0.00261586156,0.00261593838,confirmed_pivot,-0.9706476859577813,0.0
1786856760000,1786858020000,-1,0.00261593838,0.00261136111,confirmed_pivot,0.7506370448222057,0.0
1786858020000,1786861080000,1,0.00261136111,0.00260203977,opposite_break,-4.567748364759867,0.0
1786861080000,1786861560000,-1,0.00260203977,0.0025981597900000004,confirmed_pivot,0.4918757333211661,0.0
1786861560000,1786862280000,1,0.0025981597900000004,0.00259804017,confirmed_pivot,-1.0460172582381362,0.0
1786862280000,1786862520000,-1,0.00259804017,0.00260296027,opposite_break,-2.894720530822228,0.0
1786862520000,1786863060000,1,0.00260296027,0.0026027397,confirmed_pivot,-1.0846957664090222,0.0
1786863060000,1786864320000,-1,0.0026027397,0.0026012601,opposite_break,-0.4312378606280984,0.0
1786864320000,1786864500000,1,0.0026012601,0.0026007399000000002,confirmed_pivot,-1.1998800119986395,0.0
1786864500000,1786865220000,-1,0.0026007399000000002,0.00260406038,opposite_break,-2.27738273250609,0.0
1786865220000,1786866480000,1,0.00260406038,0.0026037396,confirmed_pivot,-1.1231229553900564,0.0
1786866480000,1786866900000,-1,0.0026037396,0.00260666064,opposite_break,-2.1224242700766824,0.0
1786866900000,1786867080000,1,0.00260666064,0.00260533944,confirmed_pivot,-1.5066019641129589,0.0
1786867080000,1786867320000,-1,0.00260533944,0.0026079607700000003,opposite_break,-2.0361305380616264,-0.029489858258162326
1786867320000,1786867440000,1,0.0026079607700000003,0.00260453952,confirmed_pivot,-2.3111927964316274,0.0
1786867440000,1786868100000,-1,0.00260453952,0.00260446042,confirmed_pivot,-0.9696147632269042,0.0
1786868100000,1786868880000,1,0.00260446042,0.00260623935,confirmed_pivot,-0.3173094429286012,0.0
1786868880000,1786869240000,-1,0.00260623935,0.00260446042,confirmed_pivot,-0.317092858336204,0.0
1786869240000,1786870020000,1,0.00260446042,0.00260263971,opposite_break,-1.698724246690529,0.0
1786870020000,1786870140000,-1,0.00260263971,0.0026043604099999997,confirmed_pivot,-1.6614670264904106,0.0
1786870140000,1786870320000,1,0.0026043604099999997,0.00260363961,confirmed_pivot,-1.2766282259679516,0.0
1786870320000,1786871700000,-1,0.00260363961,0.00260656063,opposite_break,-2.1224596901872426,0.0
1786871700000,1786871820000,1,0.00260656063,0.0026037396,confirmed_pivot,-2.0817394587134364,0.0
1786871820000,1786872840000,-1,0.0026037396,0.0026046604400000004,confirmed_pivot,-1.35383738834724,0.0
1786872840000,1786873380000,1,0.0026046604400000004,0.0026006399100000003,opposite_break,-2.5428190459252447,0.0
1786873380000,1786874520000,-1,0.0026006399100000003,0.0026043604099999997,confirmed_pivot,-2.4313247426858595,0.0
1786874520000,1786875300000,1,0.0026043604099999997,0.0026011398599999997,opposite_break,-2.235980900585081,0.0
1786875300000,1786876140000,-1,0.0026011398599999997,0.0026045604299999997,opposite_break,-2.3156848417216453,0.0
1786876140000,1786876380000,1,0.0026045604299999997,0.00260423955,confirmed_pivot,-1.1231376919904246,0.0
1786876380000,1786876860000,-1,0.00260423955,0.00260716069,confirmed_pivot,-2.12224721032296,0.0
1786876860000,1786877520000,1,0.00260716069,0.00260833914,confirmed_pivot,-0.5482208751007008,0.0
1786877520000,1786878240000,-1,0.00260833914,0.00260836081,opposite_break,-1.008312122709516,0.0
1786878240000,1786878360000,1,0.00260836081,0.0026067393,confirmed_pivot,-1.6213477977381352,0.0
1786878360000,1786878780000,-1,0.0026067393,0.0026086608399999997,opposite_break,-1.737511714347419,0.0
1786878780000,1786879440000,1,0.0026086608399999997,0.00260563941,opposite_break,-2.157651174385617,0.0
1786879440000,1786879740000,-1,0.00260563941,0.0026068606600000003,confirmed_pivot,-1.4689292848085747,0.0
1786879740000,1786880640000,1,0.0026068606600000003,0.00260583939,confirmed_pivot,-1.3915665231605217,0.0
1786880640000,1786882500000,-1,0.00260583939,0.00260176015,confirmed_pivot,0.5662053600318231,0.0
1786882500000,1786883400000,1,0.00260176015,0.0026067393,confirmed_pivot,0.9128052311047359,0.0
1786883400000,1786884120000,-1,0.0026067393,0.00260306028,confirmed_pivot,0.4120550950376365,0.0
1786884120000,1786884840000,1,0.00260306028,0.0026047395,confirmed_pivot,-0.3552279972555693,0.0
1786884840000,1786885020000,-1,0.0026047395,0.00260636061,opposite_break,-1.6226805233305754,0.0
1786885020000,1786885140000,1,0.00260636061,0.00260533944,confirmed_pivot,-1.3916032996677727,0.0
1786885140000,1786887060000,-1,0.00260533944,0.00260776075,confirmed_pivot,-1.9298291876316542,0.0
1786887060000,1786887420000,1,0.00260776075,0.00260693928,confirmed_pivot,-1.3148522213932643,0.0
1786887420000,1786887600000,-1,0.00260693928,0.00260836081,confirmed_pivot,-1.5455596054388212,0.0
1786887600000,1786888680000,1,0.00260836081,0.00260883909,confirmed_pivot,-0.8167274795084354,0.0
1786888680000,1786888800000,-1,0.00260883909,0.00261156113,opposite_break,-2.043912991966086,0.0
1786888800000,1786889460000,1,0.00261156113,0.00261143883,confirmed_pivot,-1.0468068116789866,0.0
1786889460000,1786891080000,-1,0.00261143883,0.00261856183,opposite_break,-3.7289789131304056,0.0
1786891080000,1786892040000,1,0.00261856183,0.0026137386,opposite_break,-2.8410175882689273,0.0
1786892040000,1786892160000,-1,0.0026137386,0.00261566154,confirmed_pivot,-1.7360726393985362,0.0
1786892160000,1786892580000,1,0.00261566154,0.00261513846,confirmed_pivot,-1.199880011998883,0.0
1786892580000,1786892940000,-1,0.00261513846,0.00261996197,opposite_break,-2.8453790607325185,0.0
1786892940000,1786893240000,1,0.00261996197,0.0026198379900000002,confirmed_pivot,-1.0472976369194642,0.0
1786893240000,1786893840000,-1,0.0026198379900000002,0.00261716169,confirmed_pivot,0.022062494024742696,0.0
1786893840000,1786894260000,1,0.00261716169,0.00261893808,confirmed_pivot,-0.3215926200570548,0.0
1786894260000,1786895160000,-1,0.00261893808,0.00261886186,confirmed_pivot,-0.9708820492617818,0.0
1786895160000,1786895640000,1,0.00261886186,0.00262323765,confirmed_pivot,0.6700392532349597,0.0
1786895640000,1786897260000,-1,0.00262323765,0.00262506248,opposite_break,-1.5960201184973903,0.09996806808563456
1786897260000,1786897320000,1,0.00262506248,0.0026223377400000003,confirmed_pivot,-2.0374524990352234,0.0
1786897320000,1786899300000,-1,0.0026223377400000003,0.00261606158,confirmed_pivot,1.3945420851854748,0.0
1786899300000,1786900080000,1,0.00261606158,0.00261453852,opposite_break,-1.5819046774885153,0.0
1786900080000,1786900320000,-1,0.00261453852,0.0026152615,confirmed_pivot,-1.276661248043063,0.0
1786900320000,1786901700000,1,0.0026152615,0.0026117388,opposite_break,-2.346304623839706,0.0
1786901700000,1786901820000,-1,0.0026117388,0.0026143614099999996,confirmed_pivot,-2.0046645189019663,0.0
1786901820000,1786902300000,1,0.0026143614099999996,0.0026119387799999998,opposite_break,-1.9261989087422458,0.0
1786902300000,1786904400000,-1,0.0026119387799999998,0.00260116009,confirmed_pivot,3.1287642067168826,0.0
1786904400000,1786905720000,1,0.00260116009,0.0025949404800000003,opposite_break,-3.3898952697677855,0.0
1786905720000,1786906800000,-1,0.0025949404800000003,0.0025852585,confirmed_pivot,2.7329646150497005,0.0
1786906800000,1786907340000,1,0.0025852585,0.0025895410200000002,confirmed_pivot,0.6556869419441322,0.0
1786907340000,1786908060000,-1,0.0025895410200000002,0.0025932592999999998,opposite_break,-2.436601741879156,0.0
1786908060000,1786908180000,1,0.0025932592999999998,0.00258964101,confirmed_pivot,-2.39456970423268,0.0
1786908180000,1786909920000,-1,0.00258964101,0.0025943594099999997,confirmed_pivot,-2.8229396204996045,0.0
1786909920000,1786910040000,1,0.0025943594099999997,0.0025906409100000002,opposite_break,-2.4325851443996784,0.0
1786910040000,1786910820000,-1,0.0025906409100000002,0.0025938593600000003,confirmed_pivot,-2.2429585329910044,0.0
1786910820000,1786911960000,1,0.0025938593600000003,0.0025937406,confirmed_pivot,-1.0457621649927615,0.0
1786911960000,1786912440000,-1,0.0025937406,0.00259315929,confirmed_pivot,-0.775767609528881,0.0
1786912440000,1786912860000,1,0.00259315929,0.002589741,opposite_break,-2.317536052711967,0.0
1786912860000,1786914180000,-1,0.002589741,0.00257275725,confirmed_pivot,5.561367285377174,0.0
1786914180000,1786915380000,1,0.00257275725,0.00256204377,opposite_break,-5.162119554808414,0.0
1786915380000,1786915680000,-1,0.00256204377,0.00256285626,confirmed_pivot,-1.3172842925318116,0.0
1786915680000,1786916340000,1,0.00256285626,0.00256304367,confirmed_pivot,-0.9269111194710102,0.0
1786916340000,1786916700000,-1,0.00256304367,0.00255045502,confirmed_pivot,3.9140576387448025,0.0
1786916700000,1786917660000,1,0.00255045502,0.0025447455,opposite_break,-3.2375086779613547,0.0
1786917660000,1786918380000,-1,0.0025447455,0.00256095607,opposite_break,-7.373397766102701,0.0
1786918380000,1786919160000,1,0.00256095607,0.0025689430800000003,confirmed_pivot,2.117201653131243,0.0
1786919160000,1786919460000,-1,0.0025689430800000003,0.00256955693,opposite_break,-1.2390698843353283,0.0
1786919460000,1786921440000,1,0.00256955693,0.0025726427099999997,confirmed_pivot,0.20029919321531153,0.0
1786921440000,1786921920000,-1,0.0025726427099999997,0.00257605758,opposite_break,-2.328041947573897,0.0
1786921920000,1786922700000,1,0.00257605758,0.0025776422100000002,confirmed_pivot,-0.3851699211629015,0.0
1786922700000,1786923180000,-1,0.0025776422100000002,0.0025774577199999997,confirmed_pivot,-0.9283910527673638,0.0
1786923180000,1786923480000,1,0.0025774577199999997,0.00257204277,opposite_break,-3.0998375581500133,0.0
1786923480000,1786924200000,-1,0.00257204277,0.0025743574100000003,confirmed_pivot,-1.900372788124463,0.0
1786924200000,1786925340000,1,0.0025743574100000003,0.0025660433700000003,opposite_break,-4.016404865865145,0.2115396874904017
1786925340000,1786926420000,-1,0.0025660433700000003,0.0025545554299999996,confirmed_pivot,3.4791464183244525,0.0
1786926420000,1786930440000,1,0.0025545554299999996,0.00259364061,confirmed_pivot,14.29253855728646,0.0
1786930440000,1786932060000,-1,0.00259364061,0.0025938593600000003,confirmed_pivot,-1.084383076882891,0.0
1786932060000,1786932360000,1,0.0025938593600000003,0.00259014096,opposite_break,-2.4328227880482878,0.0
1786932360000,1786932540000,-1,0.00259014096,0.0025912591,confirmed_pivot,-1.4319066364634894,0.0
1786932540000,1786932840000,1,0.0025912591,0.0025927407,confirmed_pivot,-0.42851751104318503,0.0
1786932840000,1786933620000,-1,0.0025927407,0.00259715969,opposite_break,-2.7052223907312976,0.0
1786933620000,1786933740000,1,0.00259715969,0.00259534044,confirmed_pivot,-1.7001265197520428,0.0
1786933740000,1786934160000,-1,0.00259534044,0.00260396037,opposite_break,-4.322970594562857,0.0
1786934160000,1786934280000,1,0.00260396037,0.00260313966,confirmed_pivot,-1.3150200189106946,0.0
1786934280000,1786934460000,-1,0.00260313966,0.00260696067,opposite_break,-2.4685806388890277,0.0
1786934460000,1786934700000,1,0.00260696067,0.00260523945,confirmed_pivot,-1.6599099901265826,0.0
1786934700000,1786934880000,-1,0.00260523945,0.00261096107,opposite_break,-3.197295457812866,0.0
1786934880000,1786935300000,1,0.00261096107,0.00261383859,confirmed_pivot,0.10154121907308955,0.0
1786935300000,1786936560000,-1,0.00261383859,0.00261786176,opposite_break,-2.539950324553089,0.0
1786936560000,1786937220000,1,0.00261786176,0.00261123885,opposite_break,-3.5286279994401992,0.0
1786937220000,1786937340000,-1,0.00261123885,0.0026133613100000003,confirmed_pivot,-1.8132236658473933,0.0
1786937340000,1786937760000,1,0.0026133613100000003,0.00261163881,opposite_break,-1.6587832854999214,0.0
1786937760000,1786938840000,-1,0.00261163881,0.00262076205,opposite_break,-4.495047471744256,0.0
1786938840000,1786939080000,1,0.00262076205,0.00261993798,confirmed_pivot,-1.3142818574466477,0.0
1786939080000,1786939740000,-1,0.00261993798,0.0026209620700000003,opposite_break,-1.3910787403448959,0.0
1786939740000,1786939860000,1,0.0026209620700000003,0.0026160383699999996,confirmed_pivot,-2.877645695956472,0.0
1786939860000,1786941000000,-1,0.0026160383699999996,0.0026122612000000003,confirmed_pivot,0.4445730721446828,0.0
1786941000000,1786942440000,1,0.0026122612000000003,0.00261233874,confirmed_pivot,-0.9703317455391469,0.0
1786942440000,1786943340000,-1,0.00261233874,0.00260986096,confirmed_pivot,-0.05103467171328102,0.0
1786943340000,1786943460000,1,0.00260986096,0.0026060393700000004,opposite_break,-2.463556589236686,0.0
1786943460000,1786943640000,-1,0.0026060393700000004,0.00260736071,confirmed_pivot,-1.5072834605717476,0.0
1786943640000,1786944180000,1,0.00260736071,0.00261093888,confirmed_pivot,0.3716479278388487,0.0
1786944180000,1786944900000,-1,0.00261093888,0.0026088608599999998,confirmed_pivot,-0.20371211064108496,0.0
1786944900000,1786945080000,1,0.0026088608599999998,0.00260693928,opposite_break,-1.7361907411189539,0.0
1786945080000,1786945740000,-1,0.00260693928,0.00260616059,confirmed_pivot,-0.7011517103688858,0.0
1786945740000,1786946220000,1,0.00260616059,0.00260783919,confirmed_pivot,-0.356232802215786,0.0
1786946220000,1786947540000,-1,0.00260783919,0.0026090608800000002,opposite_break,-1.4687025372144642,0.0
1786947540000,1786947720000,1,0.0026090608800000002,0.0026071392600000003,confirmed_pivot,-1.73614962560778,0.0
1786947720000,1786948560000,-1,0.0026071392600000003,0.00261156113,opposite_break,-2.696910097161312,0.0
1786948560000,1786950000000,1,0.00261156113,0.00260993898,opposite_break,-1.6208313128783636,0.0
1786950000000,1786950300000,-1,0.00260993898,0.00260646062,confirmed_pivot,0.33340250736444343,0.0
1786950300000,1786953060000,1,0.00260646062,0.0026087391,confirmed_pivot,-0.12627079706259303,0.0
1786953060000,1786953180000,-1,0.0026087391,0.002610261,opposite_break,-1.5836769763599055,0.0
1786953180000,1786953900000,1,0.002610261,0.00260293968,opposite_break,-3.903653826188196,-0.1002332716919879
1786953900000,1786955580000,-1,0.00260293968,0.00258575855,confirmed_pivot,5.603964239770682,0.0
1786955580000,1786956480000,1,0.00258575855,0.00258094188,opposite_break,-2.8618372798186664,0.0
1786956480000,1786956780000,-1,0.00258094188,0.0025826582399999997,confirmed_pivot,-1.6653455443171619,0.0
1786956780000,1786957980000,1,0.0025826582399999997,0.00258284169,confirmed_pivot,-0.9290040501060162,0.0
1786957980000,1786958760000,-1,0.00258284169,0.0025837583499999997,confirmed_pivot,-1.35508112384528,0.0
1786958760000,1786961400000,1,0.0025837583499999997,0.0025824417299999997,confirmed_pivot,-1.50932073040036,0.0
1786961400000,1786961640000,-1,0.0025824417299999997,0.00258515849,opposite_break,-2.0525381263879527,0.0
1786961640000,1786962000000,1,0.00258515849,0.00258254172,opposite_break,-2.0117219602268754,0.0
1786962000000,1786962540000,-1,0.00258254172,0.00258335831,confirmed_pivot,-1.3163543452843358,0.0
1786962540000,1786962780000,1,0.00258335831,0.00258694128,confirmed_pivot,0.3862492481733327,0.0
1786962780000,1786962900000,-1,0.00258694128,0.0025904590199999997,opposite_break,-2.360486570456611,0.0
1786962900000,1786963740000,1,0.0025904590199999997,0.0025941405600000004,confirmed_pivot,0.42048154461853426,0.0
1786963740000,1786964820000,-1,0.0025941405600000004,0.0025952595,opposite_break,-1.431549271948376,0.0
1786964820000,1786964940000,1,0.0025952595,0.0025937406,confirmed_pivot,-1.5849667634393165,0.0
1786964940000,1786965660000,-1,0.0025937406,0.00259295927,confirmed_pivot,-0.6986126272611732,0.0
1786965660000,1786967040000,1,0.00259295927,0.00259384059,confirmed_pivot,-0.6602803020504415,0.0
1786967040000,1786968000000,-1,0.00259384059,0.00259005898,confirmed_pivot,0.4586481604097886,0.0
1786968000000,1786968300000,1,0.00259005898,0.00258934104,confirmed_pivot,-1.2770520036574813,0.0
1786968300000,1786969320000,-1,0.00258934104,0.00258665864,confirmed_pivot,0.036457213840043634,0.0
1786969320000,1786969500000,1,0.00258665864,0.0025846415099999996,opposite_break,-1.7794308084658357,0.0
1786969500000,1786970160000,-1,0.0025846415099999996,0.0025828582599999998,confirmed_pivot,-0.3097140868097172,0.0
1786970160000,1786970340000,1,0.0025828582599999998,0.00257964201,opposite_break,-2.2446063823106437,0.0
1786970340000,1786971960000,-1,0.00257964201,0.00257115709,confirmed_pivot,2.290829668260753,0.0
1786971960000,1786972440000,1,0.00257115709,0.00257304267,confirmed_pivot,-0.2670081430147344,0.0
1786972440000,1786973280000,-1,0.00257304267,0.00257515749,opposite_break,-1.8223250374623086,0.0
1786973280000,1786973940000,1,0.00257515749,0.00258744123,confirmed_pivot,3.7677076752304437,0.0
1786973940000,1786975740000,-1,0.00258744123,0.00258385836,confirmed_pivot,0.3854078668292037,0.0
1786975740000,1786976040000,1,0.00258385836,0.00258504147,confirmed_pivot,-0.5423439367628182,0.0
1786976040000,1786977000000,-1,0.00258504147,0.00257595757,confirmed_pivot,2.5157818764121727,0.0
1786977000000,1786978740000,1,0.00257595757,0.00259144083,confirmed_pivot,5.007675961060178,0.0
1786978740000,1786980360000,-1,0.00259144083,0.0025774577199999997,confirmed_pivot,4.398580354620866,0.0
1786980360000,1786980720000,1,0.0025774577199999997,0.0025830416700000003,confirmed_pivot,1.1653732597408104,0.0
1786980720000,1786980840000,-1,0.0025830416700000003,0.00258865884,opposite_break,-3.175721224427485,0.0
1786980840000,1786984140000,1,0.00258865884,0.00258104187,opposite_break,-3.860468838605173,0.08049866061145393
1786984140000,1786985340000,-1,0.00258104187,0.00258495847,confirmed_pivot,-2.5182079553013397,0.0
1786985340000,1786985520000,1,0.00258495847,0.00258314166,confirmed_pivot,-1.702487725073498,0.0
1786985520000,1786986120000,-1,0.00258314166,0.00258165814,confirmed_pivot,-0.42540442787790034,0.0
1786986120000,1786987500000,1,0.00258165814,0.00259284069,confirmed_pivot,3.329372100753888,0.0
1786987500000,1786987680000,-1,0.00259284069,0.00259405938,opposite_break,-1.4702561748981668,0.0
1786987680000,1786987800000,1,0.00259405938,0.00258944103,confirmed_pivot,-2.7794661373557195,0.0
1786987800000,1786988280000,-1,0.00258944103,0.00258615859,confirmed_pivot,0.26825874076762724,0.0
1786988280000,1786988700000,1,0.00258615859,0.00258604137,confirmed_pivot,-1.0453032503316,0.0
1786988700000,1786989060000,-1,0.00258604137,0.0025924592199999996,opposite_break,-3.4829683699141745,0.0
1786989060000,1786989480000,1,0.0025924592199999996,0.00259254072,confirmed_pivot,-0.9685783871267724,0.0
1786989480000,1786989780000,-1,0.00259254072,0.00259415939,opposite_break,-1.6246688133021996,0.0
1786989780000,1786989960000,1,0.00259415939,0.0025935406199999998,confirmed_pivot,-1.2384050175885166,0.0
1786989960000,1786990680000,-1,0.0025935406199999998,0.00259965994,opposite_break,-3.3606260926810543,0.0
1786990680000,1786990800000,1,0.00259965994,0.00259364061,confirmed_pivot,-3.3142720485972044,0.0
1786990800000,1786991700000,-1,0.00259364061,0.00259285926,confirmed_pivot,-0.6985932931548493,0.0
1786991700000,1786992000000,1,0.00259285926,0.00259334064,confirmed_pivot,-0.81443678126985,0.0
1786992000000,1786994280000,-1,0.00259334064,0.0025912591,confirmed_pivot,-0.19695055177936738,0.0
1786994280000,1786994460000,1,0.0025912591,0.00258734124,opposite_break,-2.5111962636233547,0.0
1786994460000,1786995420000,-1,0.00258734124,0.0025859585699999996,confirmed_pivot,-0.46533479480262996,0.0
1786995420000,1786996320000,1,0.0025859585699999996,0.0025837416,opposite_break,-1.8568820632728817,0.0
1786996320000,1786996740000,-1,0.0025837416,0.0025839583699999997,confirmed_pivot,-1.0839396575106002,0.0
1786996740000,1786996860000,1,0.0025839583699999997,0.0025801419600000003,opposite_break,-2.4762241680385375,0.0
1786996860000,1786998060000,-1,0.0025801419600000003,0.00257675765,confirmed_pivot,0.31233172728233716,0.0
1786998060000,1786998720000,1,0.00257675765,0.0025817418,confirmed_pivot,0.933304796824896,0.0
1786998720000,1786999080000,-1,0.0025817418,0.00258685866,opposite_break,-2.982931999629057,0.0
1786999080000,1787000340000,1,0.00258685866,0.00259214076,confirmed_pivot,1.0408764621102842,0.0
1787000340000,1787001060000,-1,0.00259214076,0.00259515949,opposite_break,-2.1651525301425822,0.0
1787001060000,1787001240000,1,0.00259515949,0.00259364061,confirmed_pivot,-1.584981603577584,0.0
1787001240000,1787001780000,-1,0.00259364061,0.0026027602500000003,opposite_break,-4.5179121520618795,0.0
1787001780000,1787001960000,1,0.0026027602500000003,0.00259914006,confirmed_pivot,-2.3902086851834676,0.0
1787001960000,1787003820000,-1,0.00259914006,0.00260666064,confirmed_pivot,-3.8949345230744745,0.0
1787003820000,1787004000000,1,0.00260666064,0.00260333964,opposite_break,-2.2734068443983206,0.0
1787004000000,1787004180000,-1,0.00260333964,0.00260406038,confirmed_pivot,-1.27699050823799,0.0
1787004180000,1787004300000,1,0.00260406038,0.00259714026,opposite_break,-3.6561058234754236,0.0
1787004300000,1787005020000,-1,0.00259714026,0.00259345932,confirmed_pivot,0.41801370019207584,0.0
1787005020000,1787005140000,1,0.00259345932,0.00258744123,opposite_break,-3.3193272817557196,0.0
1787005140000,1787005320000,-1,0.00258744123,0.00258865884,confirmed_pivot,-1.4708198937526022,0.0
1787005320000,1787005800000,1,0.00258865884,0.0025878411899999997,opposite_break,-1.3157006100503317,0.0
1787005800000,1787006220000,-1,0.0025878411899999997,0.00259095907,confirmed_pivot,-2.2054213187635177,0.0
1787006220000,1787006400000,1,0.00259095907,0.00258634134,opposite_break,-2.781356250834116,0.0
1787006400000,1787009040000,-1,0.00258634134,0.00258815879,opposite_break,-1.7030621584542334,0.0
1787009040000,1787009460000,1,0.00258815879,0.00258904107,confirmed_pivot,-0.6592794602065453,0.0
1787009460000,1787009580000,-1,0.00258904107,0.00259295927,opposite_break,-2.514135540538165,0.0
1787009580000,1787010120000,1,0.00259295927,0.00258324165,opposite_break,-4.745820963088218,0.0
1787010120000,1787010420000,-1,0.00258324165,0.00258575855,confirmed_pivot,-1.974805609068754,0.0
1787010420000,1787010900000,1,0.00258575855,0.00258754122,confirmed_pivot,-0.31092612456023383,0.0
1787010900000,1787012100000,-1,0.00258754122,0.00258615859,confirmed_pivot,-0.4690829647537194,-0.003691381542513166
1787012100000,1787014500000,1,0.00258615859,0.0025837416,confirmed_pivot,-1.9341196299180776,0.0
1787014500000,1787015520000,-1,0.0025837416,0.0025837583499999997,confirmed_pivot,-1.0064860878502158,0.0
1787015520000,1787016420000,1,0.0025837583499999997,0.0025758423900000002,opposite_break,-4.0622066572129185,0.0
1787016420000,1787017500000,-1,0.0025758423900000002,0.00257255723,confirmed_pivot,0.27601075002117437,0.0
1787017500000,1787018700000,1,0.00257255723,0.00256964301,confirmed_pivot,-2.132244156138799,0.0
1787018700000,1787019540000,-1,0.00256964301,0.00256495647,confirmed_pivot,0.8247216643528434,0.0
1787019540000,1787020020000,1,0.00256495647,0.00256124385,opposite_break,-2.446716048947226,0.0
1787020020000,1787020740000,-1,0.00256124385,0.0025572557,confirmed_pivot,0.557893081910251,0.0
1787020740000,1787021100000,1,0.0025572557,0.0025508448900000004,opposite_break,-3.5056565892098557,0.0
1787021100000,1787021280000,-1,0.0025508448900000004,0.00255335531,confirmed_pivot,-1.9846444289285896,0.0
1787021280000,1787025000000,1,0.00255335531,0.00255454452,confirmed_pivot,-0.5344888389230904,0.0
1787025000000,1787027280000,-1,0.00255454452,0.0025562556,confirmed_pivot,-1.6701529476574848,0.0
1787027280000,1787028420000,1,0.0025562556,0.00256414356,confirmed_pivot,2.0842048893701755,0.0
1787028420000,1787029380000,-1,0.00256414356,0.00256385636,confirmed_pivot,-0.8879377876955045,0.0
1787029380000,1787031000000,1,0.00256385636,0.00256154382,opposite_break,-1.9015262188869209,0.0
1787031000000,1787031600000,-1,0.00256154382,0.0025522552,confirmed_pivot,2.6279934926118953,0.0
1787031600000,1787031780000,1,0.0025522552,0.00255184479,opposite_break,-1.1607224837860377,0.0
1787031780000,1787033520000,-1,0.00255184479,0.0025588558599999997,opposite_break,-3.748825305711336,0.0
1787033520000,1787034420000,1,0.0025588558599999997,0.00256424355,confirmed_pivot,1.1044546663133286,0.0
1787034420000,1787035080000,-1,0.00256424355,0.00256815679,opposite_break,-2.5268427291160633,0.0
1787035080000,1787035680000,1,0.00256815679,0.00256014396,opposite_break,-4.118510371401468,0.0
1787035680000,1787036280000,-1,0.00256014396,0.00255395537,confirmed_pivot,1.4184906754228377,0.0
1787036280000,1787037120000,1,0.00255395537,0.0025575442199999997,confirmed_pivot,0.4045098896930821,0.0
1787037120000,1787038560000,-1,0.0025575442199999997,0.00254795477,confirmed_pivot,2.7513504751835294,0.0
1787038560000,1787039340000,1,0.00254795477,0.00255144483,confirmed_pivot,0.36906471459863643,0.0
1787039340000,1787039580000,-1,0.00255144483,0.00255175515,confirmed_pivot,-1.1216860174083858,0.0
1787039580000,1787040060000,1,0.00255175515,0.00255204477,confirmed_pivot,-0.8955789077177737,-0.009020508883855883
1787040060000,1787040840000,-1,0.00255204477,0.00254515449,confirmed_pivot,1.7012555661394595,0.0
1787040840000,1787042460000,1,0.00254515449,0.00255694428,confirmed_pivot,3.6299331342357037,0.0
1787042460000,1787043120000,-1,0.00255694428,0.0025552555,confirmed_pivot,-0.3392017169806913,0.0
1787043120000,1787044080000,1,0.0025552555,0.00255654432,confirmed_pivot,-0.49587209967845103,0.0
1787044080000,1787044320000,-1,0.00255654432,0.00256215619,opposite_break,-3.1961973790464064,0.0
1787044320000,1787044560000,1,0.00256215619,0.00256024395,confirmed_pivot,-1.7459669662059474,0.0
1787044560000,1787044860000,-1,0.00256024395,0.00255695567,confirmed_pivot,0.2850041653256953,0.0
1787044860000,1787044980000,1,0.00255695567,0.0025537446,opposite_break,-2.25518971746588,0.0
1787044980000,1787045280000,-1,0.0025537446,0.0025553555099999997,confirmed_pivot,-1.6311184975192166,0.0
1787045280000,1787045400000,1,0.0025553555099999997,0.0025537446,opposite_break,-1.6300902315544397,0.0
1787045400000,1787045520000,-1,0.0025537446,0.00255905588,confirmed_pivot,-3.0808406760802205,0.0
1787045520000,1787045880000,1,0.00255905588,0.00256134384,confirmed_pivot,-0.10638292900436552,0.0
1787045880000,1787046840000,-1,0.00256134384,0.0025678567600000003,opposite_break,-3.54404596455914,0.0
1787046840000,1787047560000,1,0.0025678567600000003,0.00256634334,confirmed_pivot,-1.5890761952003707,0.0
1787047560000,1787048400000,-1,0.00256634334,0.00256715669,opposite_break,-1.3170879992230573,0.0
1787048400000,1787048520000,1,0.00256715669,0.00256344363,confirmed_pivot,-2.4456474294913417,0.0
1787048520000,1787049120000,-1,0.00256344363,0.0025642563999999997,confirmed_pivot,-1.31722031078941,0.0
1787049120000,1787049660000,1,0.0025642563999999997,0.00256524345,confirmed_pivot,-0.6152660572475239,0.0
1787049660000,1787050560000,-1,0.00256524345,0.00256655663,opposite_break,-1.5121683830826647,0.0
1787050560000,1787051100000,1,0.00256655663,0.0025668432900000002,confirmed_pivot,-0.8883653426340536,0.0
1787051100000,1787051520000,-1,0.0025668432900000002,0.00257455743,opposite_break,-4.006804934320584,0.0
1787051520000,1787052360000,1,0.00257455743,0.00258204177,confirmed_pivot,1.9055859243350621,0.0
1787052360000,1787053020000,-1,0.00258204177,0.00258455843,opposite_break,-1.97516560702257,0.0
1787053020000,1787053140000,1,0.00258455843,0.00258314166,confirmed_pivot,-1.5478930553718235,0.0
1787053140000,1787054280000,-1,0.00258314166,0.0025783578099999997,confirmed_pivot,0.8528762859255903,0.0
1787054280000,1787055000000,1,0.0025783578099999997,0.0025776422100000002,confirmed_pivot,-1.2774022275827683,0.0
1787055000000,1787055180000,-1,0.0025776422100000002,0.00257915789,confirmed_pivot,-1.5883042394776585,0.0
1787055180000,1787055540000,1,0.00257915789,0.0025768422900000003,opposite_break,-1.8973635189117743,0.0
1787055540000,1787056740000,-1,0.0025768422900000003,0.00257055703,confirmed_pivot,1.4403521528670011,0.0
1787056740000,1787057820000,1,0.00257055703,0.00257424255,confirmed_pivot,0.4330268486592923,0.0
1787057820000,1787058780000,-1,0.00257424255,0.0025662566,confirmed_pivot,2.10380347609434,0.0
1787058780000,1787059740000,1,0.0025662566,0.00256304367,opposite_break,-2.2513649394998225,0.0
1787059740000,1787059860000,-1,0.00256304367,0.0025675567299999996,confirmed_pivot,-2.761700974060885,0.0
1787059860000,1787060040000,1,0.0025675567299999996,0.00256234374,opposite_break,-3.029315825477248,0.0
1787060040000,1787060340000,-1,0.00256234374,0.0025672566999999998,confirmed_pivot,-2.918328287991438,0.0
1787060340000,1787060520000,1,0.0025672566999999998,0.0025635436200000003,confirmed_pivot,-2.4455988994008613,0.0
1787060520000,1787061840000,-1,0.0025635436200000003,0.00256615659,opposite_break,-2.019790131364927,0.0
1787061840000,1787062500000,1,0.00256615659,0.00255664431,opposite_break,-4.704966367621353,0.0
1787062500000,1787062860000,-1,0.00255664431,0.0025667566500000003,opposite_break,-4.957295166334824,0.0
1787062860000,1787063520000,1,0.0025667566500000003,0.00258944103,confirmed_pivot,7.83334141162139,0.0
1787063520000,1787064660000,-1,0.00258944103,0.00259175915,opposite_break,-1.8956678422602424,0.0
1787064660000,1787064780000,1,0.00259175915,0.00258734124,confirmed_pivot,-2.703746679162034,0.0
1787064780000,1787065260000,-1,0.00258734124,0.00258755873,confirmed_pivot,-1.084101293496195,0.0
1787065260000,1787065740000,1,0.00258755873,0.0025866413100000003,confirmed_pivot,-1.354373131464978,0.0
1787065740000,1787065920000,-1,0.0025866413100000003,0.00258855883,confirmed_pivot,-1.7416872036269333,0.0
1787065920000,1787066400000,1,0.00258855883,0.0025927407,confirmed_pivot,0.6147127956136875,0.0
1787066400000,1787066820000,-1,0.0025927407,0.0025969596699999997,opposite_break,-2.62803765336035,0.0
1787066820000,1787066940000,1,0.0025969596699999997,0.0025942405500000002,confirmed_pivot,-2.0465162287250713,0.0
1787066940000,1787067120000,-1,0.0025942405500000002,0.00260015999,opposite_break,-3.282903071575072,0.0
1787067120000,1787067420000,1,0.00260015999,0.00259664031,confirmed_pivot,-2.352962961329118,0.0
1787067420000,1787068020000,-1,0.00259664031,0.0025981597900000004,confirmed_pivot,-1.585464122291325,0.0
1787068020000,1787068200000,1,0.0025981597900000004,0.00259714026,confirmed_pivot,-1.3922084541998694,0.0
1787068200000,1787070660000,-1,0.00259714026,0.00260616059,confirmed_pivot,-4.374530940812475,0.10038348872232261
1787070660000,1787071200000,1,0.00260616059,0.00260803917,confirmed_pivot,-0.2795376013263454,0.0
1787071200000,1787071380000,-1,0.00260803917,0.00261366134,opposite_break,-3.156785507558163,0.0
1787071380000,1787071500000,1,0.00261366134,0.00260493948,confirmed_pivot,-4.3353590752504285,0.0
1787071500000,1787072220000,-1,0.00260493948,0.0026038603600000002,confirmed_pivot,-0.5855337261041841,0.0
1787072220000,1787072340000,1,0.0026038603600000002,0.0026017398000000003,opposite_break,-1.813983634667689,0.0
1787072340000,1787072400000,-1,0.0026017398000000003,0.00260406038,confirmed_pivot,-1.892379895176111,0.0
1787072400000,1787072520000,1,0.00260406038,0.00259664031,opposite_break,-3.847998464997148,0.0
1787072520000,1787072700000,-1,0.00259664031,0.00260416039,confirmed_pivot,-3.897528784030979,0.0
1787072700000,1787073300000,1,0.00260416039,0.0026065393199999998,confirmed_pivot,-0.08694543387948461,0.0
1787073300000,1787074320000,-1,0.0026065393199999998,0.0026088608599999998,confirmed_pivot,-1.891105210720557,0.0
1787074320000,1787075220000,1,0.0026088608599999998,0.00260403957,opposite_break,-2.8471201085824154,0.0
1787075220000,1787075520000,-1,0.00260403957,0.0026027602500000003,confirmed_pivot,-0.5084715014526888,0.0
1787075520000,1787076240000,1,0.0026027602500000003,0.00260323965,confirmed_pivot,-0.8159030206491178,0.0
1787076240000,1787077620000,-1,0.00260323965,0.0026111610900000004,opposite_break,-4.0444376183347375,0.0
1787077620000,1787077860000,1,0.0026111610900000004,0.00261023895,confirmed_pivot,-1.3529766637263643,0.0
1787077860000,1787078280000,-1,0.00261023895,0.0026153615099999998,opposite_break,-2.963468241097121,0.0
1787078280000,1787078580000,1,0.0026153615099999998,0.00261433854,confirmed_pivot,-1.3909434741967492,0.0
1787078580000,1787078880000,-1,0.00261433854,0.00261596157,confirmed_pivot,-1.6211290122357132,0.0
1787078880000,1787079660000,1,0.00261596157,0.0026137386,confirmed_pivot,-1.8493467719404104,0.0
1787079660000,1787080740000,-1,0.0026137386,0.00260946092,confirmed_pivot,0.6374318533614387,0.0
1787080740000,1787081400000,1,0.00260946092,0.0026127387,confirmed_pivot,0.25548579206169275,0.0
1787081400000,1787082420000,-1,0.0026127387,0.0026075607299999998,confirmed_pivot,0.9828079191387693,0.0
1787082420000,1787083500000,1,0.0026075607299999998,0.00259764021,opposite_break,-4.802618909665711,0.0
1787083500000,1787084040000,-1,0.00259764021,0.00260116009,confirmed_pivot,-2.3557073556387387,0.0
1787084040000,1787084460000,1,0.00260116009,0.00259584039,opposite_break,-3.0441033869622234,0.0
1787084460000,1787086860000,-1,0.00259584039,0.0025815581299999998,confirmed_pivot,4.504730254235806,0.0
1787086860000,1787087700000,1,0.0025815581299999998,0.00258504147,confirmed_pivot,0.34864223646215087,0.0
1787087700000,1787089260000,-1,0.00258504147,0.0025862586000000003,confirmed_pivot,-1.4710711913648022,0.0
1787089260000,1787091300000,1,0.0025862586000000003,0.00259214076,confirmed_pivot,1.2732525355352386,0.0
1787091300000,1787092260000,-1,0.00259214076,0.0025848584599999997,confirmed_pivot,1.8107814446004404,0.0
1787092260000,1787092920000,1,0.0025848584599999997,0.00258154182,opposite_break,-2.2824615859236568,0.0
1787092920000,1787093160000,-1,0.00258154182,0.0025815581299999998,confirmed_pivot,-1.006321088766976,0.0
1787093160000,1787093700000,1,0.0025815581299999998,0.00257714226,opposite_break,-2.709689204248054,0.0
1787093700000,1787093820000,-1,0.00257714226,0.00258175815,confirmed_pivot,-2.79198409675678,0.0
1787093820000,1787094000000,1,0.00258175815,0.0025807419,confirmed_pivot,-1.3934302967145933,0.0
1787094000000,1787094180000,-1,0.0025807419,0.0025859585699999996,opposite_break,-3.022394542824934,0.0
1787094180000,1787094420000,1,0.0025859585699999996,0.00258394158,confirmed_pivot,-1.779587704299376,0.0
1787094420000,1787095140000,-1,0.00258394158,0.0025862586000000003,opposite_break,-1.897148189395326,0.0
1787095140000,1787095500000,1,0.0025862586000000003,0.0025866413100000003,confirmed_pivot,-0.852095747501845,0.0
1787095500000,1787097660000,-1,0.0025866413100000003,0.0025878587599999997,confirmed_pivot,-1.370933426791778,0.09997018102212246
1787097660000,1787098260000,1,0.0025878587599999997,0.00257354262,opposite_break,-6.529274684990835,0.0
1787098260000,1787099580000,-1,0.00257354262,0.00257855783,opposite_break,-2.949731691251404,0.0
1787099580000,1787099700000,1,0.00257855783,0.00257644233,confirmed_pivot,-1.8200096291810475,0.0
1787099700000,1787099940000,-1,0.00257644233,0.00258185816,confirmed_pivot,-3.1031085586146565,0.0
1787099940000,1787100660000,1,0.00258185816,0.0025877412000000002,confirmed_pivot,1.2774676669303178,0.0
1787100660000,1787101620000,-1,0.0025877412000000002,0.0025927592500000003,confirmed_pivot,-2.940131812640343,0.0
1787101620000,1787101860000,1,0.0025927592500000003,0.00259134084,confirmed_pivot,-1.5467923005194262,0.0
1787101860000,1787102400000,-1,0.00259134084,0.00259145912,confirmed_pivot,-1.0456671458163291,0.0
1787102400000,1787103120000,1,0.00259145912,0.00259164081,confirmed_pivot,-0.9299239746448386,0.0
1787103120000,1787103300000,-1,0.00259164081,0.00259835981,opposite_break,-3.593862341595124,0.0
1787103300000,1787103780000,1,0.00259835981,0.00259624035,confirmed_pivot,-1.8152836500345868,0.0
1787103780000,1787104440000,-1,0.00259624035,0.0025992599000000003,opposite_break,-2.1636286967808442,0.0
1787104440000,1787104980000,1,0.0025992599000000003,0.0025930406700000004,opposite_break,-3.3914962813068303,0.0
1787104980000,1787106120000,-1,0.0025930406700000004,0.0025872587,confirmed_pivot,1.2309179535546206,0.0
1787106120000,1787106600000,1,0.0025872587,0.0025878411899999997,confirmed_pivot,-0.774974665270382,0.0
1787106600000,1787106960000,-1,0.0025878411899999997,0.00259055903,confirmed_pivot,-2.0507595792616176,0.0
1787106960000,1787107740000,1,0.00259055903,0.0025920407700000003,confirmed_pivot,-0.42830905883649983,0.0
1787107740000,1787108160000,-1,0.0025920407700000003,0.00259015899,confirmed_pivot,-0.27365305677642915,0.0
1787108160000,1787108760000,1,0.00259015899,0.00258364161,opposite_break,-3.514950369899856,0.0
1787108760000,1787109300000,-1,0.00258364161,0.00259285926,opposite_break,-4.569480685442348,0.0
1787109300000,1787109780000,1,0.00259285926,0.0025957403999999997,confirmed_pivot,0.11062697247963682,0.0
1787109780000,1787110200000,-1,0.0025957403999999997,0.00259665964,opposite_break,-1.3543110936672154,0.0
1787110200000,1787110320000,1,0.00259665964,0.0025947405,confirmed_pivot,-1.7387107653430622,0.0
1787110320000,1787110920000,-1,0.0025947405,0.00259745972,opposite_break,-2.0484977630710945,0.0
1787110920000,1787111160000,1,0.00259745972,0.00259614036,confirmed_pivot,-1.5076884580138636,0.0
1787111160000,1787111280000,-1,0.00259614036,0.0025997599499999998,opposite_break,-2.394916796794321,0.0
1787111280000,1787111700000,1,0.0025997599499999998,0.0025960403700000002,confirmed_pivot,-2.430024418215819,0.0
1787111700000,1787113020000,-1,0.0025960403700000002,0.00259375935,confirmed_pivot,-0.12090715677115438,0.0
1787113020000,1787113440000,1,0.00259375935,0.0025943405399999997,confirmed_pivot,-0.7760395909514092,0.0
1787113440000,1787114160000,-1,0.0025943405399999997,0.00259475945,confirmed_pivot,-1.1615514418936408,0.0
1787114160000,1787116020000,1,0.00259475945,0.00259514046,confirmed_pivot,-0.853235144783763,0.0
1787116020000,1787116140000,-1,0.00259514046,0.00259775975,opposite_break,-2.0098103302662294,0.0
1787116140000,1787116560000,1,0.00259775975,0.00259993998,confirmed_pivot,-0.16114648977835144,0.0
1787116560000,1787117040000,-1,0.00259993998,0.00259445942,confirmed_pivot,1.1090103318461655,0.0
1787117040000,1787118180000,1,0.00259445942,0.00259294068,opposite_break,-1.5850855165812965,0.0
1787118180000,1787118420000,-1,0.00259294068,0.00259315929,confirmed_pivot,-1.0843518352297634,0.0
1787118420000,1787118840000,1,0.00259315929,0.00259244073,confirmed_pivot,-1.2769597389446048,0.0
1787118840000,1787119260000,-1,0.00259244073,0.00259255923,confirmed_pivot,-1.0457326752461866,0.0
1787119260000,1787119380000,1,0.00259255923,0.0025857414,opposite_break,-3.62845338542172,0.0
1787119380000,1787120040000,-1,0.0025857414,0.0025843584100000002,confirmed_pivot,-0.46488017131186976,0.0
1787120040000,1787122740000,1,0.0025843584100000002,0.00260233974,confirmed_pivot,5.9542750980115775,0.0
1787122740000,1787124180000,-1,0.00260233974,0.0025949594700000003,confirmed_pivot,1.8374312629141043,0.0
1787124180000,1787124300000,1,0.0025949594700000003,0.00259254072,opposite_break,-1.9316294350447651,0.0
1787124300000,1787124780000,-1,0.00259254072,0.00259465944,confirmed_pivot,-1.8176455411662336,0.0
1787124780000,1787125080000,1,0.00259465944,0.0025947405,confirmed_pivot,-0.9687745263401274,0.0
1787125080000,1787126760000,-1,0.0025947405,0.00258985896,confirmed_pivot,0.9820050482890267,0.09974330766409975
1787126760000,1787128920000,1,0.00258985896,0.00258964101,confirmed_pivot,-1.084113084289326,0.0
1787128920000,1787129580000,-1,0.00258964101,0.00258715869,confirmed_pivot,-0.040963148787836134,0.0
1787129580000,1787129880000,1,0.00258715869,0.00258344163,opposite_break,-2.436016075998659,0.0
1787129880000,1787130060000,-1,0.00258344163,0.00258555853,confirmed_pivot,-1.8198205159370278,0.0
1787130060000,1787130420000,1,0.00258555853,0.00258694128,confirmed_pivot,-0.465469990733531,0.0
1787130420000,1787131080000,-1,0.00258694128,0.00258835881,confirmed_pivot,-1.5482299795378949,0.0
1787131080000,1787131980000,1,0.00258835881,0.00258754122,confirmed_pivot,-1.3157140354122656,0.0
1787131980000,1787132640000,-1,0.00258754122,0.0025852585,confirmed_pivot,-0.11736232746859315,0.0
1787132640000,1787133720000,1,0.0025852585,0.0025812418500000003,opposite_break,-2.5528975825821365,0.0
1787133720000,1787133840000,-1,0.0025812418500000003,0.0025830582800000002,confirmed_pivot,-1.7040557687378217,0.0
1787133840000,1787134620000,1,0.0025830582800000002,0.00257754222,opposite_break,-3.1344086630520422,0.0
1787134620000,1787134800000,-1,0.00257754222,0.0025792579,confirmed_pivot,-1.6659591554624886,0.0
1787134800000,1787135100000,1,0.0025792579,0.0025758423900000002,opposite_break,-2.323559867743276,0.0
1787135100000,1787135580000,-1,0.0025758423900000002,0.0025822582,opposite_break,-3.4920072477725874,0.0
1787135580000,1787136120000,1,0.0025822582,0.00258284169,confirmed_pivot,-0.7741518431425807,0.0
1787136120000,1787136780000,-1,0.00258284169,0.00257875785,confirmed_pivot,0.5819327742072686,0.0
1787136780000,1787137260000,1,0.00257875785,0.0025827416999999997,confirmed_pivot,0.5440992549958024,0.0
1787137260000,1787137380000,-1,0.0025827416999999997,0.00258515849,opposite_break,-1.9362137897878793,0.0
1787137380000,1787138220000,1,0.00258515849,0.0025917408,confirmed_pivot,1.544918955820099,0.0
1787138220000,1787138460000,-1,0.0025917408,0.0025932592999999998,opposite_break,-1.5861925891661575,0.0
1787138460000,1787138760000,1,0.0025932592999999998,0.00259284069,confirmed_pivot,-1.1613416348298031,0.0
1787138760000,1787138880000,-1,0.00259284069,0.00259465944,opposite_break,-1.7018014573814113,0.0
1787138880000,1787139420000,1,0.00259465944,0.0025943405399999997,confirmed_pivot,-1.1228448501127093,0.0
1787139420000,1787140560000,-1,0.0025943405399999997,0.00260196017,opposite_break,-3.938488489641557,0.0
1787140560000,1787141040000,1,0.00260196017,0.0026011398599999997,confirmed_pivot,-1.3151085302740804,0.0
1787141040000,1787141340000,-1,0.0026011398599999997,0.00260496047,opposite_break,-2.4695558527177637,0.0
1787141340000,1787142600000,1,0.00260496047,0.00261223875,confirmed_pivot,1.7926108452615535,0.0
1787142600000,1787142900000,-1,0.00261223875,0.0026172617,opposite_break,-2.9238139986247553,0.0
1787142900000,1787143200000,1,0.0026172617,0.00261633834,confirmed_pivot,-1.3526198087106684,0.0
1787143200000,1787143560000,-1,0.00261633834,0.00262676265,opposite_break,-4.98630482745585,0.0
1787143560000,1787143740000,1,0.00262676265,0.00262033794,confirmed_pivot,-3.4446432741077175,0.0
1787143740000,1787145180000,-1,0.00262033794,0.00261706168,confirmed_pivot,0.25094480370735517,0.0
1787145180000,1787145840000,1,0.00261706168,0.00260623935,opposite_break,-5.133230377283169,0.0
1787145840000,1787147040000,-1,0.00260623935,0.0026014601200000003,confirmed_pivot,0.8346816899222409,0.0
1787147040000,1787147400000,1,0.0026014601200000003,0.00259514046,opposite_break,-3.4280595814016372,0.0
1787147400000,1787147760000,-1,0.00259514046,0.00259645962,confirmed_pivot,-1.5085734665783193,0.0
1787147760000,1787148780000,1,0.00259645962,0.0026050394700000003,confirmed_pivot,2.302789694453398,0.0
1787148780000,1787148900000,-1,0.0026050394700000003,0.00261076105,opposite_break,-3.197448774163723,0.0
1787148900000,1787149380000,1,0.00261076105,0.00260703927,confirmed_pivot,-2.424840894573577,0.0
1787149380000,1787149740000,-1,0.00260703927,0.00260776075,confirmed_pivot,-1.2768814218896614,0.0
1787149740000,1787151720000,1,0.00260776075,0.0026487350999999998,confirmed_pivot,14.704608954253164,0.0
1787151720000,1787152920000,-1,0.0026487350999999998,0.00268346832,opposite_break,-14.11969121034426,0.0
1787152920000,1787154180000,1,0.00268346832,0.0027352264500000003,confirmed_pivot,18.27812992962786,0.0
1787154180000,1787156340000,-1,0.0027352264500000003,0.00271547152,opposite_break,6.324608339101156,0.09858598727721427
1787156340000,1787158620000,1,0.00271547152,0.00271982799,confirmed_pivot,0.603512219859305,0.0
1787158620000,1787159460000,-1,0.00271982799,0.00271307128,confirmed_pivot,1.4854837805387544,0.0
1787159460000,1787159700000,1,0.00271307128,0.00270792918,confirmed_pivot,-2.8943582455377586,0.0
1787159700000,1787160840000,-1,0.00270792918,0.00268416839,confirmed_pivot,7.778911417099968,0.0
1787160840000,1787162340000,1,0.00268416839,0.0027050294699999997,confirmed_pivot,6.768010955527174,0.0
1787162340000,1787163180000,-1,0.0027050294699999997,0.0026923692099999996,confirmed_pivot,3.6826070734083736,0.0
1787163180000,1787163720000,1,0.0026923692099999996,0.00270512946,confirmed_pivot,3.737043429121825,0.0
1787163720000,1787164020000,-1,0.00270512946,0.0027072707,opposite_break,-1.791943842865146,0.0
1787164020000,1787164260000,1,0.0027072707,0.0027118287899999998,confirmed_pivot,0.6828058439075311,0.0
1787164260000,1787164440000,-1,0.0027118287899999998,0.00271297127,opposite_break,-1.4215056806739756,0.0
1787164440000,1787164680000,1,0.00271297127,0.0027115288199999997,confirmed_pivot,-1.5314205833813739,0.0
1787164680000,1787164920000,-1,0.0027115288199999997,0.00271497147,opposite_break,-2.2702691188803987,0.0
1787164920000,1787165280000,1,0.00271497147,0.0027148284899999996,confirmed_pivot,-1.0526372050606745,0.0
1787165280000,1787166000000,-1,0.0027148284899999996,0.0027074707199999997,confirmed_pivot,1.7115705143494706,0.0
1787166000000,1787166480000,1,0.0027074707199999997,0.0027047295,confirmed_pivot,-2.011959010215878,0.0
1787166480000,1787166720000,-1,0.0027047295,0.00270907088,confirmed_pivot,-2.6059094597074997,0.0
1787166720000,1787166900000,1,0.00270907088,0.0026985301199999997,confirmed_pivot,-4.888967873738426,0.0
1787166900000,1787168040000,-1,0.0026985301199999997,0.0027020701799999997,confirmed_pivot,-2.312503426865581,0.0
1787168040000,1787168160000,1,0.0027020701799999997,0.00269683029,opposite_break,-2.9382435340741884,0.0
1787168160000,1787168280000,-1,0.00269683029,0.0027031702899999997,confirmed_pivot,-3.3520834898363754,0.0
1787168280000,1787169840000,1,0.0027031702899999997,0.0027147285,confirmed_pivot,3.273660056762653,0.0
1787169840000,1787171940000,-1,0.0027147285,0.00271717169,confirmed_pivot,-1.9004258050113116,0.0
1787171940000,1787173980000,1,0.00271717169,0.0028131186600000003,confirmed_pivot,34.293683085223236,0.0
1787173980000,1787174460000,-1,0.0028131186600000003,0.0028228822600000003,opposite_break,-4.472474140141702,0.0
1787174460000,1787175420000,1,0.0028228822600000003,0.00285601437,confirmed_pivot,10.731110579510853,0.0
1787175420000,1787175840000,-1,0.00285601437,0.0028669866699999997,opposite_break,-4.843743317720009,0.0
1787175840000,1787176740000,1,0.0028669866699999997,0.0029141085600000003,confirmed_pivot,15.427815848547553,0.0
1787176740000,1787178660000,-1,0.0029141085600000003,0.00287398737,confirmed_pivot,12.774795883033358,0.0
1787178660000,1787178780000,1,0.00287398737,0.00286661331,opposite_break,-3.5645112594909754,0.0
1787178780000,1787179020000,-1,0.00286661331,0.00286778675,confirmed_pivot,-1.4095518275535004,0.0
1787179020000,1787180340000,1,0.00286778675,0.0028947105,confirmed_pivot,8.383643370623826,0.0
1787180340000,1787181120000,-1,0.0028947105,0.00288848882,confirmed_pivot,1.1504018588387852,0.0
1787181120000,1787181660000,1,0.00288848882,0.00288601137,confirmed_pivot,-1.8572687759268525,0.0
1787181660000,1787182920000,-1,0.00288601137,0.0028989898700000002,opposite_break,-5.499285548552788,0.0
1787182920000,1787183160000,1,0.0028989898700000002,0.00289621035,confirmed_pivot,-1.9583097439385508,0.0
1787183160000,1787183640000,-1,0.00289621035,0.00287608758,confirmed_pivot,5.951439623506621,0.0
1787183640000,1787185200000,1,0.00287608758,0.00289651032,confirmed_pivot,5.997337553260479,-0.09998756713799375
1787185200000,1787185920000,-1,0.00289651032,0.00291409138,opposite_break,-7.07277329845653,0.0
1787185920000,1787187120000,1,0.00291409138,0.0029152084500000002,confirmed_pivot,-0.616857771632307,0.0
1787187120000,1787188320000,-1,0.0029152084500000002,0.00290169014,confirmed_pivot,3.6394861249116452,0.0
1787188320000,1787188620000,1,0.00290169014,0.00289211076,opposite_break,-4.299659801029005,0.0
1787188620000,1787188800000,-1,0.00289211076,0.00290699067,confirmed_pivot,-6.147572548362577,0.0
1787188800000,1787189040000,1,0.00290699067,0.00290510946,confirmed_pivot,-1.6468095733516912,0.0
1787189040000,1787189460000,-1,0.00290510946,0.00289708968,confirmed_pivot,1.7619578540767455,0.0
1787189460000,1787189880000,1,0.00289708968,0.0029047095,confirmed_pivot,1.6288485795164274,0.0
1787189880000,1787190360000,-1,0.0029047095,0.00290939091,confirmed_pivot,-2.612467857801259,0.0
1787190360000,1787191080000,1,0.00290939091,0.00293020695,confirmed_pivot,6.1511985235425675,0.0
1787191080000,1787191380000,-1,0.00293020695,0.0029397939499999997,opposite_break,-4.273418452577113,0.0
1787191380000,1787192760000,1,0.0029397939499999997,0.00291400857,confirmed_pivot,-9.76676656539134,0.0
1787192760000,1787193060000,-1,0.00291400857,0.00291419139,confirmed_pivot,-1.06276968842279,0.0
1787193060000,1787194860000,1,0.00291419139,0.0028992100500000004,opposite_break,-6.138251859978143,0.0
1787194860000,1787195580000,-1,0.0028992100500000004,0.00288788876,confirmed_pivot,2.906909278615558,0.0
1787195580000,1787196180000,1,0.00288788876,0.00289691028,confirmed_pivot,2.122353383168473,0.0
1787196180000,1787197020000,-1,0.00289691028,0.00289488946,confirmed_pivot,-0.3020735146827172,0.0
1787197020000,1787199240000,1,0.00289488946,0.00294290568,confirmed_pivot,15.578253696084015,0.0
1787199240000,1787199420000,-1,0.00294290568,0.00295239521,opposite_break,-4.226156661942412,0.0
1787199420000,1787199660000,1,0.00295239521,0.00294560541,confirmed_pivot,-3.2986099818255497,0.0
1787199660000,1787200500000,-1,0.00294560541,0.00293509348,confirmed_pivot,2.5704666786988715,0.0
1787200500000,1787200740000,1,0.00293509348,0.0029447055000000003,confirmed_pivot,2.2732224903447853,0.0
1787200740000,1787200860000,-1,0.0029447055000000003,0.00294999497,opposite_break,-2.797162648353038,0.0
1787200860000,1787201700000,1,0.00294999497,0.0029560043699999997,confirmed_pivot,1.036069675061061,0.0
1787201700000,1787203560000,-1,0.0029560043699999997,0.0029142914,confirmed_pivot,13.118323676564716,0.0
1787203560000,1787203800000,1,0.0029142914,0.00290400957,opposite_break,-4.526308002350127,0.0
1787203800000,1787204700000,-1,0.00290400957,0.0028976897400000002,confirmed_pivot,1.1773309497046784,0.0
1787204700000,1787204880000,1,0.0028976897400000002,0.00289281069,opposite_break,-2.6829305110492614,0.0
1787204880000,1787205060000,-1,0.00289281069,0.00289398937,confirmed_pivot,-1.4076552067774615,0.0
1787205060000,1787207280000,1,0.00289398937,0.00291710826,confirmed_pivot,6.984594136570816,0.0
1787207280000,1787207460000,-1,0.00291710826,0.00291999197,opposite_break,-1.989045176883401,0.0
1787207460000,1787207640000,1,0.00291999197,0.00291580839,confirmed_pivot,-2.432020448330172,0.0
1787207640000,1787208120000,-1,0.00291580839,0.00293409338,opposite_break,-7.274120260350808,0.0
1787208120000,1787208480000,1,0.00293409338,0.00293400657,confirmed_pivot,-1.029571858752374,0.0
1787208480000,1787208960000,-1,0.00293400657,0.00292919289,confirmed_pivot,0.6414710482397106,0.0
1787208960000,1787209440000,1,0.00292919289,0.0029367063,confirmed_pivot,1.563727817528564,0.0
1787209440000,1787210520000,-1,0.0029367063,0.0029323932099999997,confirmed_pivot,0.4694171306814785,0.0
1787210520000,1787211180000,1,0.0029323932099999997,0.00294060591,confirmed_pivot,1.7992813589962933,0.0
1787211180000,1787211780000,-1,0.00294060591,0.0029538953599999996,opposite_break,-5.521549344570146,0.0
1787211780000,1787212560000,1,0.0029538953599999996,0.0029644035299999996,confirmed_pivot,2.555615428096943,0.0
1787212560000,1787213460000,-1,0.0029644035299999996,0.00300200017,opposite_break,-13.588675577511697,0.10036555313371931
1787213460000,1787214060000,1,0.00300200017,0.00305679429,confirmed_pivot,17.243411005536316,0.0
1787214060000,1787216700000,-1,0.00305679429,0.0032089208599999997,opposite_break,-50.7915851854721,0.0
1787216700000,1787217720000,1,0.0032089208599999997,0.0031531846500000003,opposite_break,-18.360459894607498,0.0
1787217720000,1787218500000,-1,0.0031531846500000003,0.00312541251,confirmed_pivot,7.81205167290169,0.0
1787218500000,1787219400000,1,0.00312541251,0.00312288768,opposite_break,-1.8074350431905053,0.0
1787219400000,1787219940000,-1,0.00312288768,0.00309750972,confirmed_pivot,7.1305034255986035,0.0
1787219940000,1787220060000,1,0.00309750972,0.00308199177,opposite_break,-6.007309880209238,0.0
1787220060000,1787221020000,-1,0.00308199177,0.00310161013,opposite_break,-7.3686637229403615,0.0
1787221020000,1787221320000,1,0.00310161013,0.00310528944,confirmed_pivot,0.18566492591395356,0.0
1787221320000,1787222280000,-1,0.00310528944,0.00310241021,confirmed_pivot,-0.07233458566094753,0.0
1787222280000,1787223660000,1,0.00310241021,0.00311238873,confirmed_pivot,2.2147685395865135,0.0
1787223660000,1787223780000,-1,0.00311238873,0.00312321229,opposite_break,-4.479312103793672,0.0
1787223780000,1787223900000,1,0.00312321229,0.00311728824,confirmed_pivot,-2.895832695701846,0.0
1787223900000,1787224920000,-1,0.00311728824,0.0031331132799999996,opposite_break,-6.079078770078552,0.0
1787224920000,1787225160000,1,0.0031331132799999996,0.00312898707,confirmed_pivot,-2.3163095382876566,0.0
1787225160000,1787225460000,-1,0.00312898707,0.00312901287,confirmed_pivot,-1.0082496026422136,0.0
1787225460000,1787226720000,1,0.00312901287,0.00314258571,confirmed_pivot,3.3355697606958077,0.0
1787226720000,1787227860000,-1,0.00314258571,0.00313881385,confirmed_pivot,0.20084105200112512,0.0
1787227860000,1787229300000,1,0.00313881385,0.00311418855,opposite_break,-8.841493164687039,0.0
1787229300000,1787229420000,-1,0.00311418855,0.0031243124,confirmed_pivot,-4.252504388342182,0.0
1787229420000,1787229600000,1,0.0031243124,0.0031116888000000003,opposite_break,-5.038420805806607,0.0
1787229600000,1787229720000,-1,0.0031116888000000003,0.00312461243,confirmed_pivot,-5.155329355236242,0.0
1787229720000,1787230200000,1,0.00312461243,0.0031059893700000002,opposite_break,-6.95713832899267,0.0
1787230200000,1787230260000,-1,0.0031059893700000002,0.00311761173,confirmed_pivot,-4.743789754180525,0.0
1787230260000,1787232660000,1,0.00311761173,0.00312678729,confirmed_pivot,1.941665933493292,0.0
1787232660000,1787232840000,-1,0.00312678729,0.00313141311,confirmed_pivot,-2.480155981445111,0.0
1787232840000,1787235540000,1,0.00313141311,0.0031127886900000003,opposite_break,-6.944634941507189,0.0
1787235540000,1787236320000,-1,0.0031127886900000003,0.00311311128,confirmed_pivot,-1.1036855781559312,0.0
1787236320000,1787236860000,1,0.00311311128,0.0031236876,confirmed_pivot,2.3956485615894882,0.0
1787236860000,1787237220000,-1,0.0031236876,0.00311841181,confirmed_pivot,0.6898065910945161,0.0
1787237220000,1787237340000,1,0.00311841181,0.00310778919,opposite_break,-4.404716675313061,0.0
1787237340000,1787237460000,-1,0.00310778919,0.00311811178,confirmed_pivot,-4.323182707576235,0.0
1787237460000,1787237760000,1,0.00311811178,0.00310488948,opposite_break,-5.238362760042021,0.0
1787237760000,1787238240000,-1,0.00310488948,0.00315811578,opposite_break,-18.151307153773498,0.0
1787238240000,1787238420000,1,0.00315811578,0.0031532846399999997,confirmed_pivot,-2.5289890448538763,0.0
1787238420000,1787238720000,-1,0.0031532846399999997,0.00317561753,opposite_break,-8.085962415686094,0.0
1787238720000,1787241060000,1,0.00317561753,0.00318408156,confirmed_pivot,1.6639851635407767,0.0
1787241060000,1787241180000,-1,0.00318408156,0.0032013200999999997,opposite_break,-6.4166826273130155,0.0
1787241180000,1787241600000,1,0.0032013200999999997,0.00320977899,confirmed_pivot,1.5407201719691088,-0.10027175976560421
1787241600000,1787242560000,-1,0.00320977899,0.00319771974,confirmed_pivot,2.7589128916941092,0.0
1787242560000,1787245620000,1,0.00319771974,0.0031909808700000004,opposite_break,-3.1063448684216506,0.0
1787245620000,1787245680000,-1,0.0031909808700000004,0.00319981995,confirmed_pivot,-3.7714047499130725,0.0
1787245680000,1787246160000,1,0.00319981995,0.0031863813300000003,opposite_break,-5.197705152128906,0.0
1787246160000,1787246220000,-1,0.0031863813300000003,0.00319321929,confirmed_pivot,-3.1470684991741473,0.0
1787246220000,1787247780000,1,0.00319321929,0.0032072792400000003,confirmed_pivot,3.400862812337702,0.0
1787247780000,1787248080000,-1,0.0032072792400000003,0.0032091208799999997,confirmed_pivot,-1.5744934201611436,0.0
1787248080000,1787250720000,1,0.0032091208799999997,0.0031260873600000003,opposite_break,-26.86128922635017,0.0
1787250720000,1787253420000,-1,0.0031260873600000003,0.0031278127500000003,opposite_break,-1.552208718504881,0.0
1787253420000,1787253540000,1,0.0031278127500000003,0.00311658831,confirmed_pivot,-4.5867964858191055,0.0
1787253540000,1787254560000,-1,0.00311658831,0.00311951192,confirmed_pivot,-1.9385493090679957,0.0
1787254560000,1787255220000,1,0.00311951192,0.00311938803,confirmed_pivot,-1.0396946888408716,0.0
1787255220000,1787256060000,-1,0.00311938803,0.00313061303,opposite_break,-4.600261458975878,0.0
1787256060000,1787256180000,1,0.00313061303,0.00312788718,confirmed_pivot,-1.870272706620638,0.0
1787256180000,1787256300000,-1,0.00312788718,0.0031423142,opposite_break,-5.6146912210561055,0.0
1787256300000,1787256840000,1,0.0031423142,0.0031430856600000003,confirmed_pivot,-0.7546157955813474,0.0
1787256840000,1787256960000,-1,0.0031430856600000003,0.00315361533,opposite_break,-4.351781012229713,0.0
1787256960000,1787257260000,1,0.00315361533,0.0031542845400000003,confirmed_pivot,-0.7879020346465405,0.0
1787257260000,1787257440000,-1,0.0031542845400000003,0.00316001597,opposite_break,-2.817938629911847,0.0
1787257440000,1787259120000,1,0.00316001597,0.0031874812200000002,confirmed_pivot,7.687145139649488,0.0
1787259120000,1787259780000,-1,0.0031874812200000002,0.0032214221100000003,opposite_break,-11.653509182087044,0.0
1787259780000,1787259960000,1,0.0032214221100000003,0.00320577939,confirmed_pivot,-5.8534150776038265,0.0
1787259960000,1787260260000,-1,0.00320577939,0.0032200219699999996,opposite_break,-5.445003712498028,0.0
1787260260000,1787260800000,1,0.0032200219699999996,0.00323957601,confirmed_pivot,5.069605475393841,0.0
1787260800000,1787261460000,-1,0.00323957601,0.0032208220499999997,confirmed_pivot,4.791911324840416,0.0
1787261460000,1787262600000,1,0.0032208220499999997,0.00320307966,opposite_break,-6.505898348218148,0.0
1787262600000,1787263200000,-1,0.00320307966,0.00320042001,confirmed_pivot,-0.16924331972425982,0.0
1787263200000,1787264400000,1,0.00320042001,0.00317248272,opposite_break,-9.724892753998162,0.0
1787264400000,1787264520000,-1,0.00317248272,0.00318151812,confirmed_pivot,-3.849477364529135,0.0
1787264520000,1787265120000,1,0.00318151812,0.00318618135,confirmed_pivot,0.4649919344165748,0.0
1787265120000,1787266380000,-1,0.00318618135,0.0032035203199999997,opposite_break,-6.444649120490138,0.0
1787266380000,1787269560000,1,0.0032035203199999997,0.003219678,opposite_break,4.041204533392961,0.0
1787269560000,1787270040000,-1,0.003219678,0.00321982195,confirmed_pivot,-1.0447317946079904,0.0
1787270040000,1787270640000,1,0.00321982195,0.00319838013,opposite_break,-7.755645941850866,-0.09965706333544314
1787270640000,1787270820000,-1,0.00319838013,0.0032093209,confirmed_pivot,-4.422432587773749,0.0
1787270820000,1787272500000,1,0.0032093209,0.0032056794,opposite_break,-2.1340963909218753,0.0
1787272500000,1787273040000,-1,0.0032056794,0.00318561853,confirmed_pivot,5.261044206416937,0.0
1787273040000,1787274000000,1,0.00318561853,0.00319918005,confirmed_pivot,3.254978778014621,0.0
1787274000000,1787274660000,-1,0.00319918005,0.00321282125,opposite_break,-5.266099558854172,0.0
1787274660000,1787274780000,1,0.00321282125,0.0032056794,confirmed_pivot,-3.221810215865597,0.0
1787274780000,1787275500000,-1,0.0032056794,0.00320682065,confirmed_pivot,-1.3561867805620063,0.0
1787275500000,1787277060000,1,0.00320682065,0.0032466752999999998,confirmed_pivot,11.421874193369613,0.0
1787277060000,1787278560000,-1,0.0032466752999999998,0.0032213221,confirmed_pivot,6.812877561239256,0.0
1787278560000,1787280300000,1,0.0032213221,0.0032378761800000004,confirmed_pivot,4.136339194394853,0.0
1787280300000,1787281980000,-1,0.0032378761800000004,0.00324392436,opposite_break,-2.8688806345891615,0.0
1787281980000,1787282100000,1,0.00324392436,0.0032280771600000004,confirmed_pivot,-5.882751458483285,0.0
1787282100000,1787282640000,-1,0.0032280771600000004,0.00323162313,confirmed_pivot,-2.0990266989155106,0.0
1787282640000,1787284620000,1,0.00323162313,0.00324707526,confirmed_pivot,3.779147602833363,0.0
1787284620000,1787286180000,-1,0.00324707526,0.00325012498,opposite_break,-1.9396902183289457,0.0
1787286180000,1787286360000,1,0.00325012498,0.00324027594,confirmed_pivot,-4.0288421339415645,0.0
1787286360000,1787286960000,-1,0.00324027594,0.0032539253600000003,opposite_break,-5.214531405001323,0.0
1787286960000,1787288160000,1,0.0032539253600000003,0.00330446952,confirmed_pivot,14.525521433595458,0.0
1787288160000,1787288880000,-1,0.00330446952,0.0033386338300000003,opposite_break,-11.343987725751582,0.0
1787288880000,1787289720000,1,0.0033386338300000003,0.00332576739,confirmed_pivot,-4.851876975679073,0.0
1787289720000,1787290200000,-1,0.00332576739,0.00334243421,opposite_break,-6.013926548242452,0.0
1787290200000,1787290560000,1,0.00334243421,0.0033493650300000003,confirmed_pivot,1.0725477764901876,0.0
1787290560000,1787291040000,-1,0.0033493650300000003,0.0033763376,opposite_break,-9.057066352364574,0.0
1787291040000,1787291220000,1,0.0033763376,0.00336946302,confirmed_pivot,-3.03508757832744,0.0
1787291220000,1787291880000,-1,0.00336946302,0.0033765376200000003,opposite_break,-3.100672201471541,0.0
1787291880000,1787292780000,1,0.0033765376200000003,0.0034036596,confirmed_pivot,7.028466453159117,0.0
1787292780000,1787294100000,-1,0.0034036596,0.0034509450599999997,opposite_break,-14.899481231906876,0.0
1787294100000,1787294460000,1,0.0034509450599999997,0.00341485848,opposite_break,-11.45178525965861,0.0
1787294460000,1787294880000,-1,0.00341485848,0.00338683865,confirmed_pivot,7.209370923915985,0.0
1787294880000,1787295240000,1,0.00338683865,0.00338596137,opposite_break,-1.2588967029769795,0.0
1787295240000,1787295420000,-1,0.00338596137,0.00339563953,confirmed_pivot,-3.859748834051151,0.0
1787295420000,1787297640000,1,0.00339563953,0.00341175879,confirmed_pivot,3.7446733458189048,0.0
1787297640000,1787297820000,-1,0.00341175879,0.00345384535,opposite_break,-13.341905120437938,0.0
1787297820000,1787298300000,1,0.00345384535,0.00348705126,confirmed_pivot,8.609378441046864,0.0
1787298300000,1787299260000,-1,0.00348705126,0.0034652464899999997,confirmed_pivot,5.355040328544016,0.09884540670618075
1787299260000,1787299620000,1,0.0034652464899999997,0.00346955301,confirmed_pivot,0.24215312025334523,0.0
1787299620000,1787300100000,-1,0.00346955301,0.00349304927,opposite_break,-7.77551490415183,0.0
1787300100000,1787300460000,1,0.00349304927,0.0034928506800000004,confirmed_pivot,-1.0568244790316617,0.0
1787300460000,1787300820000,-1,0.0034928506800000004,0.0035111510800000002,opposite_break,-6.242007711592148,0.0
1787300820000,1787301420000,1,0.0035111510800000002,0.00352134783,confirmed_pivot,1.9026525469247773,0.0
1787301420000,1787302320000,-1,0.00352134783,0.0035425542200000003,opposite_break,-7.025247779910556,0.0
1787302320000,1787302860000,1,0.0035425542200000003,0.00352004796,confirmed_pivot,-7.349940035639056,0.0
1787302860000,1787303400000,-1,0.00352004796,0.00348704867,confirmed_pivot,8.379357900850952,0.0
1787303400000,1787305140000,1,0.00348704867,0.00347325264,confirmed_pivot,-4.95438472185128,0.0
1787305140000,1787305500000,-1,0.00347325264,0.00349904987,opposite_break,-8.431111782009642,0.0
1787305500000,1787305980000,1,0.00349904987,0.00352374759,confirmed_pivot,6.0548783404450015,0.0
1787305980000,1787306400000,-1,0.00352374759,0.0035779577599999997,opposite_break,-16.391929671387047,0.0
1787306400000,1787307960000,1,0.0035779577599999997,0.00369353061,confirmed_pivot,31.285194885867103,0.0
1787307960000,1787310300000,-1,0.00369353061,0.0036353635,confirmed_pivot,14.756250509319596,0.0
1787310300000,1787310540000,1,0.0036353635,0.00364653531,confirmed_pivot,2.0715564193236036,0.0
1787310540000,1787311320000,-1,0.00364653531,0.00360966093,confirmed_pivot,9.11722472255449,0.0
1787311320000,1787311440000,1,0.00360966093,0.0035935406100000003,opposite_break,-5.463649121747205,0.0
1787311440000,1787313060000,-1,0.0035935406100000003,0.00353415338,confirmed_pivot,15.534368207682533,0.0
1787313060000,1787315400000,1,0.00353415338,0.00356014395,confirmed_pivot,6.3504378338553975,0.0
1787315400000,1787315820000,-1,0.00356014395,0.0036009600599999996,opposite_break,-12.470468225027671,0.0
1787315820000,1787316300000,1,0.0036009600599999996,0.0036187380900000003,confirmed_pivot,3.9345565318490996,0.0
1787316300000,1787318700000,-1,0.0036187380900000003,0.00361706167,confirmed_pivot,-0.5365074320699389,0.0
1787318700000,1787319180000,1,0.00361706167,0.00359224074,opposite_break,-7.858749393399147,0.0
1787319180000,1787319300000,-1,0.00359224074,0.0036052604899999997,confirmed_pivot,-4.6262212969054985,0.0
1787319300000,1787320980000,1,0.0036052604899999997,0.00362903706,confirmed_pivot,5.591668419221608,0.0
1787320980000,1787321760000,-1,0.00362903706,0.0036402639900000003,confirmed_pivot,-4.0951856592503955,0.0
1787321760000,1787323140000,1,0.0036402639900000003,0.00366723324,confirmed_pivot,6.404893010245616,0.0
1787323140000,1787323380000,-1,0.00366723324,0.00365906587,confirmed_pivot,1.2282339710141135,0.0
1787323380000,1787324160000,1,0.00365906587,0.00370432953,confirmed_pivot,11.36409230588686,0.0
1787324160000,1787325300000,-1,0.00370432953,0.0037555755200000002,opposite_break,-14.84099675252165,0.0
1787325300000,1787326200000,1,0.0037555755200000002,0.00367843212,opposite_break,-21.53076229978199,0.0
1787326200000,1787326320000,-1,0.00367843212,0.0036994699099999998,confirmed_pivot,-6.722087076327419,0.0
1787326320000,1787327280000,1,0.0036994699099999998,0.00370972899,confirmed_pivot,1.771735061902537,0.0
1787327280000,1787327880000,-1,0.00370972899,0.00370787075,confirmed_pivot,-0.49883963895693545,0.0
1787327880000,1787328480000,1,0.00370787075,0.00368073189,opposite_break,-8.567899944193021,-0.25230228750557177
1787328480000,1787329020000,-1,0.00368073189,0.0037345734199999998,opposite_break,-15.635255263050372,0.0
1787329020000,1787330160000,1,0.0037345734199999998,0.0037868212800000003,confirmed_pivot,12.983320234202418,0.0
1787330160000,1787330880000,-1,0.0037868212800000003,0.00380128009,opposite_break,-4.820100906636805,0.0
1787330880000,1787331300000,1,0.00380128009,0.00379742022,confirmed_pivot,-2.014905498584219,0.0
1787331300000,1787331660000,-1,0.00379742022,0.00382468243,opposite_break,-8.182729201615647,0.0
1787331660000,1787332260000,1,0.00382468243,0.0039442055400000006,confirmed_pivot,30.234841227066457,0.0
1787332260000,1787333640000,-1,0.0039442055400000006,0.00393259322,opposite_break,1.9456188431804469,0.0
1787333640000,1787334000000,1,0.00393259322,0.00392980698,confirmed_pivot,-1.708145166359258,0.0
1787334000000,1787335020000,-1,0.00392980698,0.0039783978,opposite_break,-13.370865962989475,0.0
1787335020000,1787335620000,1,0.0039783978,0.00402669729,confirmed_pivot,11.134367321186355,0.0
1787335620000,1787336400000,-1,0.00402669729,0.00406160612,opposite_break,-9.673680165066571,0.0
1787336400000,1787336760000,1,0.00406160612,0.00406109385,confirmed_pivot,-1.1260619198101967,0.0
1787336760000,1787337600000,-1,0.00406109385,0.00401500146,confirmed_pivot,10.355422430092414,0.0
1787337600000,1787337840000,1,0.00401500146,0.00396940302,opposite_break,-12.351338532265434,0.0
1787337840000,1787338140000,-1,0.00396940302,0.00392459242,confirmed_pivot,10.29464684591274,0.0
1787338140000,1787339880000,1,0.00392459242,0.0037468252800000003,opposite_break,-46.273046832720524,0.0
1787339880000,1787340240000,-1,0.0037468252800000003,0.00375757572,confirmed_pivot,-3.870647659343188,0.0
1787340240000,1787340720000,1,0.00375757572,0.00381701826,confirmed_pivot,14.811476110453427,0.0
1787340720000,1787341800000,-1,0.00381701826,0.0037780777700000003,confirmed_pivot,9.206909579992333,0.0
1787341800000,1787343660000,1,0.0037780777700000003,0.0038457153899999997,confirmed_pivot,16.893702910726322,0.0
1787343660000,1787343960000,-1,0.0038457153899999997,0.0038567856399999998,opposite_break,-3.880032452167514,0.0
1787343960000,1787345880000,1,0.0038567856399999998,0.00381851811,opposite_break,-10.917169323156852,0.0
1787345880000,1787347440000,-1,0.00381851811,0.00386908687,opposite_break,-14.249654164924195,0.0
1787347440000,1787347560000,1,0.00386908687,0.0038561143500000002,confirmed_pivot,-4.351187030856105,0.0
1787347560000,1787349000000,-1,0.0038561143500000002,0.0039320931699999995,opposite_break,-20.713318255201457,0.0
1787349000000,1787349120000,1,0.0039320931699999995,0.00392500746,confirmed_pivot,-2.8011188542104977,0.0
1787349120000,1787349840000,-1,0.00392500746,0.00398699866,opposite_break,-16.801803240394356,0.0
1787349840000,1787350080000,1,0.00398699866,0.00398410155,confirmed_pivot,-1.726276001557622,0.0
1787350080000,1787350380000,-1,0.00398410155,0.003999599919999999,opposite_break,-4.891998984061906,0.0
1787350380000,1787351940000,1,0.003999599919999999,0.00402149781,confirmed_pivot,4.472282601455966,0.0
1787351940000,1787352540000,-1,0.00402149781,0.00405400536,opposite_break,-9.087485139025782,0.0
1787352540000,1787353140000,1,0.00405400536,0.00410728923,confirmed_pivot,12.136940713122371,0.0
1787353140000,1787353500000,-1,0.00410728923,0.00414421438,opposite_break,-9.994645983331335,0.0
1787353500000,1787353740000,1,0.00414421438,0.00413298666,confirmed_pivot,-3.7078971093188633,0.0
1787353740000,1787353860000,-1,0.00413298666,0.00416881684,opposite_break,-9.673653713172127,0.0
1787353860000,1787354460000,1,0.00416881684,0.0041765823,confirmed_pivot,0.8618177693795297,0.0
1787354460000,1787355180000,-1,0.0041765823,0.00421702166,opposite_break,-10.68724588044133,0.0
1787355180000,1787355360000,1,0.00421702166,0.00416068389,confirmed_pivot,-14.352931441902905,0.0
1787355360000,1787355900000,-1,0.00416068389,0.00412951291,confirmed_pivot,6.4955383092081185,0.0
1787355900000,1787356800000,1,0.00412951291,0.00412108785,opposite_break,-3.315672685474189,-0.276486066246491
1787356800000,1787356920000,-1,0.00412108785,0.0041709170499999995,confirmed_pivot,-13.097319061033742,0.0
1787356920000,1787359260000,1,0.0041709170499999995,0.004083691590000001,opposite_break,-21.90232105431079,0.0
1787359260000,1787360640000,-1,0.004083691590000001,0.00411861182,opposite_break,-9.555418386773667,0.0
1787360640000,1787362560000,1,0.00411861182,0.00413548641,confirmed_pivot,3.0951061770614503,0.0
1787362560000,1787362680000,-1,0.00413548641,0.00414851481,opposite_break,-4.151966397103971,0.0
1787362680000,1787362800000,1,0.00414851481,0.0041305869,confirmed_pivot,-5.319364125639913,0.0
1787362800000,1787364120000,-1,0.0041305869,0.0041834183,opposite_break,-13.79668409832991,0.0
1787364120000,1787364480000,1,0.0041834183,0.00422147781,confirmed_pivot,8.093157202328943,0.0
1787364480000,1787365560000,-1,0.00422147781,0.00428982894,opposite_break,-17.199375821188987,0.0
1787365560000,1787365980000,1,0.00428982894,0.00421217874,opposite_break,-19.091950981150195,0.0
1787365980000,1787366520000,-1,0.00421217874,0.004178117770000001,confirmed_pivot,7.090350051241987,0.0
1787366520000,1787366760000,1,0.004178117770000001,0.00417078288,opposite_break,-2.7546711123466276,0.0
1787366760000,1787367120000,-1,0.00417078288,0.00417601756,confirmed_pivot,-2.2557108558958476,0.0
1787367120000,1787367780000,1,0.00417601756,0.0041773822199999994,confirmed_pivot,-0.6733783681696675,0.0
1787367780000,1787368560000,-1,0.0041773822199999994,0.00418161812,confirmed_pivot,-2.014515245866284,0.0
1787368560000,1787369700000,1,0.00418161812,0.0043381661399999995,confirmed_pivot,36.41846852098472,0.0
1787369700000,1787370000000,-1,0.0043381661399999995,0.00430103006,confirmed_pivot,7.5645977680328755,0.0
1787370000000,1787371080000,1,0.00430103006,0.00424397556,opposite_break,-14.258678027002606,0.0
1787371080000,1787371560000,-1,0.00424397556,0.00424812477,confirmed_pivot,-1.9781594041508088,0.0
1787371560000,1787373000000,1,0.00424812477,0.0044510548499999995,confirmed_pivot,46.745446742139656,0.0
1787373000000,1787374860000,-1,0.0044510548499999995,0.00441564152,confirmed_pivot,6.960143799396072,0.0
1787374860000,1787375100000,1,0.00441564152,0.00436996296,opposite_break,-11.339544211913262,0.0
1787375100000,1787375580000,-1,0.00436996296,0.00397159712,confirmed_pivot,90.20558379286594,0.0
1787375580000,1787376180000,1,0.00397159712,0.00393530643,opposite_break,-10.132986946822903,0.0
1787376180000,1787376360000,-1,0.00393530643,0.003995699530000001,confirmed_pivot,-16.354152878509183,0.0
1787376360000,1787376720000,1,0.003995699530000001,0.00396180378,opposite_break,-9.478816254985118,0.0
1787376720000,1787377920000,-1,0.00396180378,0.00409800976,opposite_break,-35.39697939558226,0.0
1787377920000,1787378100000,1,0.00409800976,0.00406419354,confirmed_pivot,-9.2477382606331,0.0
1787378100000,1787378940000,-1,0.00406419354,0.00403300326,confirmed_pivot,6.67824534753828,0.0
1787378940000,1787379180000,1,0.00403300326,0.00400969899,opposite_break,-6.7755018687983455,0.0
1787379180000,1787380800000,-1,0.00400969899,0.0040888088399999994,opposite_break,-20.739487957174347,0.0
1787380800000,1787380980000,1,0.0040888088399999994,0.00408129183,confirmed_pivot,-2.837515958559555,0.0
1787380980000,1787381700000,-1,0.00408129183,0.00413321328,opposite_break,-13.728178451527159,0.0
1787381700000,1787383560000,1,0.00413321328,0.00424977498,confirmed_pivot,27.187129784408338,0.0
1787383560000,1787383800000,-1,0.00424977498,0.00425092505,opposite_break,-1.2707543435628748,0.0
1787383800000,1787384520000,1,0.00425092505,0.00418918104,opposite_break,-15.517578472713799,0.0
1787384520000,1787384760000,-1,0.00418918104,0.00419851981,confirmed_pivot,-3.2303737403050388,0.0
1787384760000,1787384880000,1,0.00419851981,0.00416278368,opposite_break,-9.507346291406472,0.0
1787384880000,1787385300000,-1,0.00416278368,0.00417611757,confirmed_pivot,-4.204720199393282,0.0
1787385300000,1787385420000,1,0.00417611757,0.00416098386,opposite_break,-4.622058740314697,0.0
1787385420000,1787388000000,-1,0.00416098386,0.004058305789999999,confirmed_pivot,24.130317301158847,0.44158682504478636
1787388000000,1787388180000,1,0.004058305789999999,0.00404419554,opposite_break,-4.475143472369869,0.0
1787388180000,1787388240000,-1,0.00404419554,0.00408410837,confirmed_pivot,-10.87409882139372,0.0
1787388240000,1787388900000,1,0.00408410837,0.0041155884,confirmed_pivot,6.704078132726012,0.0
1787388900000,1787389980000,-1,0.0041155884,0.00414601456,opposite_break,-8.396602896441319,0.0
1787389980000,1787390160000,1,0.00414601456,0.00412808715,confirmed_pivot,-5.3218483764804105,0.0
1787390160000,1787390940000,-1,0.00412808715,0.004095109469999999,confirmed_pivot,6.99260472008222,0.0
1787390940000,1787392020000,1,0.004095109469999999,0.004068193140000001,opposite_break,-7.569512251646542,0.0
1787392020000,1787394360000,-1,0.004068193140000001,0.00392889285,confirmed_pivot,33.258437431267275,0.0
1787394360000,1787395560000,1,0.00392889285,0.00402199776,confirmed_pivot,22.685644047279105,0.0
1787395560000,1787396100000,-1,0.00402199776,0.00400760072,confirmed_pivot,2.5813641328333397,0.0
1787396100000,1787396940000,1,0.00400760072,0.00400209975,confirmed_pivot,-2.3719479307309563,0.0
1787396940000,1787398380000,-1,0.00400209975,0.00401880184,opposite_break,-5.175418427539199,0.0
1787398380000,1787398560000,1,0.00401880184,0.0039937005900000004,confirmed_pivot,-7.2428306679085885,0.0
1787398560000,1787399520000,-1,0.0039937005900000004,0.0040064006,confirmed_pivot,-4.181600552834414,0.0
1787399520000,1787401020000,1,0.0040064006,0.00403589637,confirmed_pivot,6.358480855609007,0.0
1787401020000,1787401380000,-1,0.00403589637,0.00405710567,opposite_break,-6.257792248516035,0.0
1787401380000,1787401620000,1,0.00405710567,0.00405849411,confirmed_pivot,-0.6579468485966959,0.0
1787401620000,1787403900000,-1,0.00405849411,0.00399509947,confirmed_pivot,14.628047152691236,0.0
1787403900000,1787404320000,1,0.00399509947,0.004003199640000001,confirmed_pivot,1.026512725351656,0.0
1787404320000,1787404980000,-1,0.004003199640000001,0.003995699530000001,confirmed_pivot,0.874465609963964,0.0
1787404980000,1787407680000,1,0.003995699530000001,0.0039806019,opposite_break,-4.7765805641047425,0.0
1787407680000,1787408400000,-1,0.0039806019,0.003989398900000001,confirmed_pivot,-3.21107227527588,0.0
1787408400000,1787409600000,1,0.003989398900000001,0.004018098150000001,confirmed_pivot,6.190281316566249,0.0
1787409600000,1787410320000,-1,0.004018098150000001,0.003999599919999999,confirmed_pivot,3.606029624985962,0.0
1787410320000,1787410860000,1,0.003999599919999999,0.00400399956,confirmed_pivot,0.09947001399091482,0.0
1787410860000,1787411040000,-1,0.00400399956,0.00404220418,opposite_break,-10.546385242360053,0.0
1787411040000,1787411100000,1,0.00404220418,0.00401079888,confirmed_pivot,-8.765465560920687,0.0
1787411100000,1787411820000,-1,0.00401079888,0.00400520048,confirmed_pivot,0.396529561213008,0.0
1787411820000,1787415000000,1,0.00400520048,0.00402049791,confirmed_pivot,2.4188929631307916,-0.3985891732440819
1787415000000,1787415240000,-1,0.00402049791,0.00402920288,confirmed_pivot,-3.1662298252505736,0.0
1787415240000,1787415900000,1,0.00402920288,0.004107189240000001,confirmed_pivot,18.34560486068169,0.0
1787415900000,1787416380000,-1,0.004107189240000001,0.00411861182,opposite_break,-3.782509064520013,0.0
1787416380000,1787416500000,1,0.00411861182,0.00411108885,confirmed_pivot,-2.8256657445808653,0.0
1787416500000,1787416980000,-1,0.00411108885,0.00414321428,opposite_break,-8.818243265406451,0.0
1787416980000,1787417400000,1,0.00414321428,0.0041545845,confirmed_pivot,1.7429271386852143,0.0
1787417400000,1787417940000,-1,0.0041545845,0.00412101206,confirmed_pivot,7.084858117580692,0.0
1787417940000,1787418720000,1,0.00412101206,0.00413088687,confirmed_pivot,1.395011820227536,0.0
1787418720000,1787420340000,-1,0.00413088687,0.00408850881,confirmed_pivot,9.263957925819609,0.0
1787420340000,1787421240000,1,0.00408850881,0.00410508945,confirmed_pivot,3.0533970819547926,0.0
1787421240000,1787423580000,-1,0.00410508945,0.00409060902,confirmed_pivot,2.5291972054348024,0.0
1787423580000,1787424060000,1,0.00409060902,0.00406809315,opposite_break,-6.501530934628373,0.0
1787424060000,1787424420000,-1,0.00406809315,0.00406980694,confirmed_pivot,-1.4214866355751599,0.0
1787424420000,1787424720000,1,0.00406980694,0.00405019494,opposite_break,-5.816492351846166,0.0
1787424720000,1787424900000,-1,0.00405019494,0.0040594059,confirmed_pivot,-3.2753387470284205,0.0
1787424900000,1787426520000,1,0.0040594059,0.00408849111,confirmed_pivot,6.161310820137475,0.0
1787426520000,1787426880000,-1,0.00408849111,0.00410961092,opposite_break,-6.16825629223399,0.0
1787426880000,1787427360000,1,0.00410961092,0.00412648731,confirmed_pivot,3.104513087336269,0.0
1787427360000,1787427720000,-1,0.00412648731,0.00414481444,opposite_break,-5.443559906403722,0.0
1787427720000,1787427960000,1,0.00414481444,0.00414438552,confirmed_pivot,-1.1034317811342182,0.0
1787427960000,1787429280000,-1,0.00414438552,0.00417511747,opposite_break,-8.41902890708866,0.0
1787429280000,1787429700000,1,0.00417511747,0.004167783180000001,confirmed_pivot,-2.755788407792793,0.0
1787429700000,1787430240000,-1,0.004167783180000001,0.00415471543,confirmed_pivot,2.136987532782537,0.0
1787430240000,1787432220000,1,0.00415471543,0.00411348861,opposite_break,-10.917937169044437,0.0
1787432220000,1787432400000,-1,0.00411348861,0.00412201216,confirmed_pivot,-3.0731336788603385,0.0
1787432400000,1787432520000,1,0.00412201216,0.00410438952,opposite_break,-5.273114196732542,0.0
1787432520000,1787432760000,-1,0.00410438952,0.00409260922,confirmed_pivot,1.8716061408323563,0.0
1787432760000,1787433180000,1,0.00409260922,0.00405839412,opposite_break,-9.356036604442624,0.0
1787433180000,1787433360000,-1,0.00405839412,0.00406630659,confirmed_pivot,-2.9506302248928775,0.0
1787433360000,1787434200000,1,0.00406630659,0.00410588937,confirmed_pivot,8.729465236904373,0.0
1787434200000,1787434500000,-1,0.00410588937,0.004086808639999999,confirmed_pivot,3.6494848362173142,0.0
1787434500000,1787435280000,1,0.004086808639999999,0.004044795479999999,opposite_break,-11.275047627382877,0.0
1787435280000,1787435940000,-1,0.004044795479999999,0.00402670263,confirmed_pivot,3.4753551853255,0.0
1787435940000,1787436180000,1,0.00402670263,0.00400469949,opposite_break,-6.4615750033669395,0.0
1787436180000,1787436240000,-1,0.00400469949,0.00402900286,confirmed_pivot,-7.07174689279871,0.0
1787436240000,1787437020000,1,0.00402900286,0.00410978898,confirmed_pivot,19.041119290741765,0.0
1787437020000,1787439600000,-1,0.00410978898,0.00407980794,confirmed_pivot,6.298678999329047,0.0
1787439600000,1787441760000,1,0.00407980794,0.0040375962,opposite_break,-11.34132850136077,0.0
1787441760000,1787441880000,-1,0.0040375962,0.0040521051700000005,confirmed_pivot,-4.595264054637346,0.0
1787441880000,1787442780000,1,0.0040521051700000005,0.00407879208,confirmed_pivot,5.582644187638286,0.0
1787442780000,1787442900000,-1,0.00407879208,0.00409900986,opposite_break,-5.9592841442410105,0.0
1787442900000,1787442960000,1,0.00409900986,0.00407809215,confirmed_pivot,-6.100561320679592,0.0
1787442960000,1787444640000,-1,0.00407809215,0.00406320628,confirmed_pivot,2.8666627412279535,0.21463321683400413
1787444640000,1787444940000,1,0.00406320628,0.0040775922,confirmed_pivot,2.5387637370946776,0.0
1787444940000,1787445180000,-1,0.0040775922,0.004110611019999999,opposite_break,-9.101675643287585,0.0
1787445180000,1787445900000,1,0.004110611019999999,0.0041245875000000005,confirmed_pivot,2.398397876138935,0.0
1787445900000,1787447160000,-1,0.0041245875000000005,0.00413591355,confirmed_pivot,-3.7473566811225774,0.0
1787447160000,1787448840000,1,0.00413591355,0.00409469049,opposite_break,-10.96211549682892,0.0
1787448840000,1787449440000,-1,0.00409469049,0.0041033102899999995,confirmed_pivot,-3.106168932929298,0.0
1787449440000,1787449740000,1,0.0041033102899999995,0.00411098886,confirmed_pivot,0.8703754219378985,0.0
1787449740000,1787450340000,-1,0.00411098886,0.00410211017,confirmed_pivot,1.1608254479678162,0.0
1787450340000,1787450700000,1,0.00410211017,0.00409739022,confirmed_pivot,-2.150039815971087,0.0
1787450700000,1787451180000,-1,0.00409739022,0.004086508609999999,confirmed_pivot,1.6570695541419398,0.0
1787451180000,1787451840000,1,0.004086508609999999,0.00405939402,opposite_break,-7.6318305652607785,0.0
1787451840000,1787452200000,-1,0.00405939402,0.0040621061699999995,confirmed_pivot,-1.6684510204307785,0.0
1787452200000,1787452980000,1,0.0040621061699999995,0.00410248971,confirmed_pivot,8.936556687783517,0.0
1787452980000,1787454060000,-1,0.00410248971,0.00408320828,confirmed_pivot,3.7022837541741174,0.0
1787454060000,1787454300000,1,0.00408320828,0.0040669932599999995,opposite_break,-4.969161350250976,0.0
1787454300000,1787455080000,-1,0.0040669932599999995,0.00404420438,confirmed_pivot,4.606174631329297,0.0
1787455080000,1787455260000,1,0.00404420438,0.00402189777,opposite_break,-6.512940148440243,0.0
1787455260000,1787456760000,-1,0.00402189777,0.0039992998899999995,confirmed_pivot,4.621520046741736,0.0
1787456760000,1787457060000,1,0.0039992998899999995,0.00401009895,confirmed_pivot,1.6988874970314702,0.0
1787457060000,1787457960000,-1,0.00401009895,0.0040164015999999995,confirmed_pivot,-2.572480231441596,0.0
1787457960000,1787458740000,1,0.0040164015999999995,0.00404429553,confirmed_pivot,5.941532698075016,0.0
1787458740000,1787460060000,-1,0.00404429553,0.0040212020799999994,confirmed_pivot,4.712984264777722,0.0
1787460060000,1787460540000,1,0.0040212020799999994,0.00394650531,opposite_break,-19.56644359812912,0.0
1787460540000,1787460720000,-1,0.00394650531,0.00396769673,confirmed_pivot,-6.372352003752992,0.0
1787460720000,1787461740000,1,0.00396769673,0.00399880008,confirmed_pivot,6.835225431909378,0.0
1787461740000,1787462340000,-1,0.00399880008,0.00399659962,confirmed_pivot,-0.44944478694722806,0.0
1787462340000,1787462940000,1,0.00399659962,0.00404649531,confirmed_pivot,11.478293273470353,0.0
1787462940000,1787463780000,-1,0.00404649531,0.00397969793,confirmed_pivot,15.51571880606,0.0
1787463780000,1787464500000,1,0.00397969793,0.00396110385,opposite_break,-5.669897888456054,0.0
1787464500000,1787465880000,-1,0.00396110385,0.00397159712,opposite_break,-3.6504017649019973,0.0
1787465880000,1787466480000,1,0.00397159712,0.003889611,opposite_break,-21.6327893953151,0.0
1787466480000,1787467320000,-1,0.003889611,0.00387058702,confirmed_pivot,3.893417873921054,0.0
1787467320000,1787468220000,1,0.00387058702,0.00383931603,opposite_break,-9.075094124869942,0.0
1787468220000,1787468820000,-1,0.00383931603,0.00389558952,opposite_break,-15.66449396326463,0.0
1787468820000,1787469300000,1,0.00389558952,0.00389621034,confirmed_pivot,-0.8407148425638078,0.0
1787469300000,1787469420000,-1,0.00389621034,0.0039145914199999994,opposite_break,-5.720040484261762,0.0
1787469420000,1787469660000,1,0.0039145914199999994,0.00391170879,confirmed_pivot,-1.7360126194215377,0.0
1787469660000,1787469840000,-1,0.00391170879,0.00392429239,opposite_break,-4.218514586818269,0.0
1787469840000,1787470620000,1,0.00392429239,0.0038824117200000003,opposite_break,-11.66682232232959,0.0
1787470620000,1787470800000,-1,0.0038824117200000003,0.00390659062,confirmed_pivot,-7.230918097990795,0.0
1787470800000,1787471220000,1,0.00390659062,0.00388511145,confirmed_pivot,-6.495438990994092,0.0
1787471220000,1787471400000,-1,0.00388511145,0.00390459042,confirmed_pivot,-6.01625493523484,0.0
1787471400000,1787471760000,1,0.00390459042,0.0038983101300000002,confirmed_pivot,-2.60763336990406,0.0
1787471760000,1787472540000,-1,0.0038983101300000002,0.00393569353,opposite_break,-10.275009682772446,0.319427509940057
1787472540000,1787475240000,1,0.00393569353,0.00396370359,confirmed_pivot,6.113372714770285,0.0
1787475240000,1787475480000,-1,0.00396370359,0.00398189815,confirmed_pivot,-5.592587933650083,0.0
1787475480000,1787475840000,1,0.00398189815,0.0039818017800000004,confirmed_pivot,-1.0241899243452939,0.0
1787475840000,1787477820000,-1,0.0039818017800000004,0.00397729769,confirmed_pivot,0.13173439914437435,0.0
1787477820000,1787478840000,1,0.00397729769,0.00397850211,confirmed_pivot,-0.697327712475176,0.0
1787478840000,1787480520000,-1,0.00397850211,0.004030102969999999,opposite_break,-13.976406447098698,0.0
1787480520000,1787480700000,1,0.004030102969999999,0.00400739922,confirmed_pivot,-6.630724151199391,0.0
1787480700000,1787481300000,-1,0.00400739922,0.00402250221,opposite_break,-4.770660387312212,0.0
1787481300000,1787481420000,1,0.00402250221,0.00401009895,confirmed_pivot,-4.0819270500786295,0.0
1787481420000,1787481720000,-1,0.00401009895,0.004030603020000001,opposite_break,-6.115664797997259,0.0
1787481720000,1787482380000,1,0.004030603020000001,0.00400219974,opposite_break,-8.043382396910022,0.0
1787482380000,1787482500000,-1,0.00400219974,0.00401000096,confirmed_pivot,-2.9502076650477163,0.0
1787482500000,1787483040000,1,0.00401000096,0.0040038995699999995,confirmed_pivot,-2.520782504999879,0.0
1787483040000,1787484120000,-1,0.0040038995699999995,0.00404280424,opposite_break,-10.721553114530323,0.0
1787484120000,1787484360000,1,0.00404280424,0.00404939502,confirmed_pivot,0.6294344764020154,0.0
1787484360000,1787484780000,-1,0.00404939502,0.00404900486,opposite_break,-0.9036016298554033,0.0
1787484780000,1787486220000,1,0.00404900486,0.00407319264,confirmed_pivot,4.97077231218726,0.0
1787486220000,1787486940000,-1,0.00407319264,0.00407520748,confirmed_pivot,-1.4949059860817062,0.0
1787486940000,1787489400000,1,0.00407520748,0.00404869509,opposite_break,-7.502523843276698,0.0
1787489400000,1787489760000,-1,0.00404869509,0.00404420438,confirmed_pivot,0.10972924735608758,0.0
1787489760000,1787490960000,1,0.00404420438,0.004057694190000001,confirmed_pivot,2.3339227764251715,0.0
1787490960000,1787491140000,-1,0.004057694190000001,0.00408910887,opposite_break,-8.745873855515821,0.0
1787491140000,1787491560000,1,0.00408910887,0.0040838915699999995,confirmed_pivot,-2.275263514810894,0.0
1787491560000,1787492400000,-1,0.0040838915699999995,0.00410521048,opposite_break,-6.222854008095038,0.0
1787492400000,1787492520000,1,0.00410521048,0.00409379058,confirmed_pivot,-3.780415305282804,0.0
1787492520000,1787492820000,-1,0.00409379058,0.00413111307,opposite_break,-10.121412176633617,0.0
1787492820000,1787493000000,1,0.00413111307,0.00412138782,confirmed_pivot,-3.352970545780831,0.0
1787493000000,1787493600000,-1,0.00412138782,0.00412751271,opposite_break,-2.4868662481269785,0.0
1787493600000,1787495040000,1,0.00412751271,0.0041098889699999995,opposite_break,-5.267685981274692,0.0
1787495040000,1787495220000,-1,0.0041098889699999995,0.00411721168,confirmed_pivot,-2.7826202626102434,0.0
1787495220000,1787495520000,1,0.00411721168,0.00409919004,opposite_break,-5.374958243584905,0.0
1787495520000,1787495760000,-1,0.00409919004,0.00410731069,confirmed_pivot,-2.9820282167255545,0.0
1787495760000,1787496180000,1,0.00410731069,0.00400879908,confirmed_pivot,-24.97246315812551,0.0
1787496180000,1787497320000,-1,0.00400879908,0.00409680964,confirmed_pivot,-22.965322662167402,0.0
1787497320000,1787497740000,1,0.00409680964,0.00408849111,confirmed_pivot,-3.029474509584446,0.0
1787497740000,1787498520000,-1,0.00408849111,0.00407120708,confirmed_pivot,3.229597558058553,0.0
1787498520000,1787499720000,1,0.00407120708,0.00410068989,confirmed_pivot,6.238165000194532,0.0
1787499720000,1787501100000,-1,0.00410068989,0.00413771373,opposite_break,-9.933096845321277,0.10010315605699215
1787501100000,1787501220000,1,0.00413771373,0.00411688827,confirmed_pivot,-6.030567271747978,0.0
1787501220000,1787502060000,-1,0.00411688827,0.00408470843,confirmed_pivot,6.820452683793501,0.0
1787502060000,1787503020000,1,0.00408470843,0.0040885910999999995,confirmed_pivot,-0.04993741132234297,0.0
1787503020000,1787503620000,-1,0.0040885910999999995,0.00408560852,confirmed_pivot,-0.27014680191429535,0.0
1787503620000,1787504520000,1,0.00408560852,0.0040925907,confirmed_pivot,0.708114929719244,0.0
1787504520000,1787504760000,-1,0.0040925907,0.0041034103,confirmed_pivot,-3.6450262421795054,0.0
1787504760000,1787505840000,1,0.0041034103,0.00411138882,confirmed_pivot,0.9433910228280502,0.0
1787505840000,1787507040000,-1,0.00411138882,0.004090409,confirmed_pivot,4.105406184861922,0.0
1787507040000,1787507460000,1,0.004090409,0.00407739222,opposite_break,-4.180677435923823,0.0
1787507460000,1787507580000,-1,0.00407739222,0.0040844084,confirmed_pivot,-2.7216121754408,0.0
1787507580000,1787509380000,1,0.0040844084,0.00409469049,confirmed_pivot,1.516141371906114,0.0
1787509380000,1787510160000,-1,0.00409469049,0.004088408799999999,confirmed_pivot,0.5348732365363844,0.0
1787510160000,1787512320000,1,0.004088408799999999,0.00406989297,opposite_break,-5.526595306467271,0.0
1787512320000,1787512440000,-1,0.00406989297,0.00408080804,confirmed_pivot,-3.683246860666203,0.0
1787512440000,1787515380000,1,0.00408080804,0.00407499246,opposite_break,-2.424392461743821,0.0
1787515380000,1787515680000,-1,0.00407499246,0.004079507909999999,confirmed_pivot,-2.1086419838428716,0.0
1787515680000,1787516640000,1,0.004079507909999999,0.004091990760000001,confirmed_pivot,2.0583611676343665,0.0
1787516640000,1787516760000,-1,0.004091990760000001,0.0040978097400000005,opposite_break,-2.422752354895315,0.0
1787516760000,1787517000000,1,0.0040978097400000005,0.00409039092,confirmed_pivot,-2.8095302272380627,0.0
1787517000000,1787518140000,-1,0.00409039092,0.00413101306,opposite_break,-10.936079916293188,0.0
1787518140000,1787519280000,1,0.00413101306,0.00417188277,confirmed_pivot,8.888440087623552,0.0
1787519280000,1787520840000,-1,0.00417188277,0.00425682564,opposite_break,-21.370980231306763,0.0
1787520840000,1787520960000,1,0.00425682564,0.00421717824,confirmed_pivot,-10.309184742647707,0.0
1787520960000,1787521920000,-1,0.00421717824,0.00418401836,confirmed_pivot,6.86698072785286,0.0
1787521920000,1787522340000,1,0.00418401836,0.00416228373,opposite_break,-6.192081108601996,0.0
1787522340000,1787522460000,-1,0.00416228373,0.00419131909,confirmed_pivot,-7.979312215220002,0.0
1787522460000,1787522580000,1,0.00419131909,0.004144285530000001,opposite_break,-12.21604969952303,0.0
1787522580000,1787523420000,-1,0.004144285530000001,0.00414791475,confirmed_pivot,-1.876154546716228,0.0
1787523420000,1787524440000,1,0.00414791475,0.00415018494,confirmed_pivot,-0.4529649132736787,0.0
1787524440000,1787527020000,-1,0.00415018494,0.0041238123400000005,confirmed_pivot,5.357737469887194,0.0
1787527020000,1787527440000,1,0.0041238123400000005,0.004107889169999999,opposite_break,-4.859343515859697,0.0
1787527440000,1787527680000,-1,0.004107889169999999,0.00411431139,confirmed_pivot,-2.5641685654339863,0.0
1787527680000,1787528160000,1,0.00411431139,0.004098890070000001,opposite_break,-4.746340001746788,0.0
1787528160000,1787528760000,-1,0.004098890070000001,0.004088708829999999,confirmed_pivot,1.4851436476805475,0.0
1787528760000,1787529840000,1,0.004088708829999999,0.0040802919299999995,opposite_break,-3.2413612030181373,-0.18381885902107636
1787529840000,1787530200000,-1,0.0040802919299999995,0.00406630659,confirmed_pivot,2.4292479337378494,0.0
1787530200000,1787530380000,1,0.00406630659,0.0040567942800000005,opposite_break,-3.3381301027277788,0.0
1787530380000,1787531340000,-1,0.0040567942800000005,0.00404070403,confirmed_pivot,2.968230581561703,0.0
1787531340000,1787531940000,1,0.00404070403,0.004053694589999999,confirmed_pivot,2.2133174376544344,0.0
1787531940000,1787532540000,-1,0.004053694589999999,0.00404490445,confirmed_pivot,1.1695110163687201,0.0
1787532540000,1787533380000,1,0.00404490445,0.00405879408,confirmed_pivot,2.4321416875495423,0.0
1787533380000,1787534340000,-1,0.00405879408,0.0040409040499999995,confirmed_pivot,3.4099243918775803,0.0
1787534340000,1787534640000,1,0.0040409040499999995,0.00401739822,opposite_break,-6.814064574237872,0.0
1787534640000,1787535180000,-1,0.00401739822,0.00402410237,confirmed_pivot,-2.669613443249847,0.0
1787535180000,1787535480000,1,0.00402410237,0.00400099986,opposite_break,-6.738163849196568,0.0
1787535480000,1787537100000,-1,0.00400099986,0.00399099906,confirmed_pivot,1.50082498128352,0.0
1787537100000,1787538660000,1,0.00399099906,0.00405089487,confirmed_pivot,14.000219542772866,0.0
1787538660000,1787539260000,-1,0.00405089487,0.00406390635,opposite_break,-4.213607402257785,0.0
1787539260000,1787539620000,1,0.00406390635,0.00403449651,opposite_break,-8.233221572637941,0.0
1787539620000,1787540160000,-1,0.00403449651,0.00403800376,confirmed_pivot,-1.8697500707466677,0.0
1787540160000,1787540580000,1,0.00403800376,0.00401849811,opposite_break,-5.8281027789334034,0.0
1787540580000,1787541180000,-1,0.00401849811,0.00400620058,confirmed_pivot,2.061760495639536,0.0
1787541180000,1787543940000,1,0.00400620058,0.00399030093,opposite_break,-4.966775965820409,0.0
1787543940000,1787544060000,-1,0.00399030093,0.00400670063,confirmed_pivot,-5.111945474247747,0.0
1787544060000,1787544360000,1,0.00400670063,0.00400869909,confirmed_pivot,-0.5014699238960909,0.0
1787544360000,1787545020000,-1,0.00400869909,0.00401680164,opposite_break,-3.0222523798861194,0.0
1787545020000,1787545920000,1,0.00401680164,0.00404499546,confirmed_pivot,6.015462951762871,0.0
1787545920000,1787546580000,-1,0.00404499546,0.00404370433,confirmed_pivot,-0.6806484512098891,0.0
1787546580000,1787546820000,1,0.00404370433,0.00403749621,confirmed_pivot,-2.5344880420572498,0.0
1787546820000,1787547300000,-1,0.00403749621,0.00403100306,confirmed_pivot,0.6090161419619127,0.0
1787547300000,1787548680000,1,0.00403100306,0.00403289667,confirmed_pivot,-0.530473391652456,0.0
1787548680000,1787549040000,-1,0.00403289667,0.00402470243,confirmed_pivot,1.032865652369997,0.0
1787549040000,1787549460000,1,0.00402470243,0.00400519944,opposite_break,-5.843398696931676,0.0
1787549460000,1787549880000,-1,0.00400519944,0.00400760072,confirmed_pivot,-1.5998404513907838,0.0
1787549880000,1787551500000,1,0.00400760072,0.00400009995,opposite_break,-2.8707002365744874,0.0
1787551500000,1787551680000,-1,0.00400009995,0.004001800139999999,confirmed_pivot,-1.42524939783056,0.0
1787551680000,1787552220000,1,0.004001800139999999,0.0040168982699999994,confirmed_pivot,2.770948175088074,0.0
1787552220000,1787553900000,-1,0.0040168982699999994,0.00398819878,confirmed_pivot,6.14826162251798,0.0
1787553900000,1787554560000,1,0.00398819878,0.00400849911,confirmed_pivot,4.08755479710578,0.0
1787554560000,1787554860000,-1,0.00400849911,0.004026002559999999,opposite_break,-5.368767771785629,0.0
1787554860000,1787555160000,1,0.004026002559999999,0.00402089787,confirmed_pivot,-2.267296177526411,0.0
1787555160000,1787555520000,-1,0.00402089787,0.00404230419,opposite_break,-6.326428039814976,0.0
1787555520000,1787555760000,1,0.00404230419,0.00405799416,confirmed_pivot,2.879501462011385,0.0
1787555760000,1787557560000,-1,0.00405799416,0.00402510247,confirmed_pivot,7.109458650625563,0.0
1787557560000,1787557860000,1,0.00402510247,0.00402489747,confirmed_pivot,-1.0509049152231025,0.0
1787557860000,1787558100000,-1,0.00402489747,0.00402510247,confirmed_pivot,-1.0509584409362978,0.0
1787558100000,1787558580000,1,0.00402510247,0.0040047994800000005,opposite_break,-6.141360414856552,-0.09978975765056734
1787558580000,1787560080000,-1,0.0040047994800000005,0.00399149911,confirmed_pivot,2.322768156422203,0.0
1787560080000,1787560320000,1,0.00399149911,0.003979801979999999,opposite_break,-3.929045231579912,0.0
1787560320000,1787560800000,-1,0.003979801979999999,0.0040257025299999995,opposite_break,-12.539142024096426,0.0
1787560800000,1787560980000,1,0.0040257025299999995,0.00401569839,confirmed_pivot,-3.4838243400958717,0.0
1787560980000,1787562300000,-1,0.00401569839,0.00400280024,confirmed_pivot,2.213537925840135,0.0
1787562300000,1787562660000,1,0.00400280024,0.00400869909,confirmed_pivot,0.4729439945771349,0.0
1787562660000,1787563440000,-1,0.00400869909,0.0040257025299999995,opposite_break,-5.243756225663669,0.0
1787563440000,1787564460000,1,0.0040257025299999995,0.004033596600000001,confirmed_pivot,0.9599369069629358,0.0
1787564460000,1787565180000,-1,0.004033596600000001,0.00403080304,confirmed_pivot,-0.3070807378208247,0.0
1787565180000,1787566020000,1,0.00403080304,0.0040375962,confirmed_pivot,0.6844691622540697,0.0
1787566020000,1787568360000,-1,0.0040375962,0.00402830279,confirmed_pivot,1.3028693916939302,0.0
1787568360000,1787568480000,1,0.00402830279,0.00402139782,opposite_break,-2.7132568912479256,0.0
1787568480000,1787568600000,-1,0.00402139782,0.004028402800000001,confirmed_pivot,-2.7427976051374543,0.0
1787568600000,1787568720000,1,0.004028402800000001,0.00400999896,opposite_break,-5.566236047696194,0.0
1787568720000,1787569080000,-1,0.00400999896,0.00401120108,confirmed_pivot,-1.2999305166902126,0.0
1787569080000,1787569320000,1,0.00401120108,0.00400019994,opposite_break,-3.7412336631102954,0.0
1787569320000,1787569440000,-1,0.00400019994,0.00400510047,confirmed_pivot,-2.2256838004452364,0.0
1787569440000,1787570160000,1,0.00400510047,0.00401209875,confirmed_pivot,0.7464682627549655,0.0
1787570160000,1787570880000,-1,0.00401209875,0.00402580254,opposite_break,-4.417324136151876,0.0
1787570880000,1787571960000,1,0.00402580254,0.00410838912,confirmed_pivot,19.50405748663476,0.0
1787571960000,1787572680000,-1,0.00410838912,0.0040864086,confirmed_pivot,4.3528304203084085,0.0
1787572680000,1787573100000,1,0.0040864086,0.0040575942,opposite_break,-8.047751612503834,0.0
1787573100000,1787574000000,-1,0.0040575942,0.00405330529,confirmed_pivot,0.057536619852365134,0.0
1787574000000,1787574600000,1,0.00405330529,0.0040661933400000004,confirmed_pivot,2.1780497774942162,0.0
1787574600000,1787575620000,-1,0.0040661933400000004,0.00409890985,opposite_break,-9.050002918700164,0.0
1787575620000,1787578020000,1,0.00409890985,0.0041515848,confirmed_pivot,11.844540244035985,0.0
1787578020000,1787580720000,-1,0.0041515848,0.00410291025,opposite_break,10.73019211241929,0.0
1787580720000,1787581200000,1,0.00410291025,0.00409809015,confirmed_pivot,-2.1742128529378544,0.0
1787581200000,1787581920000,-1,0.00409809015,0.00414681464,opposite_break,-12.895505091560704,0.0
1787581920000,1787582580000,1,0.00414681464,0.004146885269999999,confirmed_pivot,-0.982976165773431,0.0
1787582580000,1787583240000,-1,0.004146885269999999,0.00412681264,confirmed_pivot,3.842831428273284,0.0
1787583240000,1787583960000,1,0.00412681264,0.00413208675,confirmed_pivot,0.2773715224929584,0.0
1787583960000,1787584080000,-1,0.00413208675,0.00416351631,opposite_break,-8.610022897026719,0.0
1787584080000,1787585160000,1,0.00416351631,0.0041625837,confirmed_pivot,-1.2238837620887157,0.0
1787585160000,1787585280000,-1,0.0041625837,0.00420162012,opposite_break,-10.382619311654961,0.0
1787585280000,1787585940000,1,0.00420162012,0.00412798716,opposite_break,-18.51613459048273,0.0
1787585940000,1787586060000,-1,0.00412798716,0.004149714929999999,confirmed_pivot,-6.266158309707426,0.0
1787586060000,1787586300000,1,0.004149714929999999,0.00411538842,opposite_break,-9.267880402329025,0.0
1787586300000,1787586420000,-1,0.00411538842,0.00412531249,confirmed_pivot,-3.412659759342817,0.0
1787586420000,1787587020000,1,0.00412531249,0.00409779018,opposite_break,-7.668233960865336,0.0
1787587020000,1787587260000,-1,0.00409779018,0.00409270923,confirmed_pivot,0.34018537645084174,0.09964102163961945
1787587260000,1787587800000,1,0.00409270923,0.00411688827,confirmed_pivot,4.904878436721947,0.0
1787587800000,1787588280000,-1,0.00411688827,0.00413711367,opposite_break,-5.915244566498908,0.0
1787588280000,1787589240000,1,0.00413711367,0.00415888407,confirmed_pivot,4.259588335168969,0.0
1787589240000,1787591040000,-1,0.00415888407,0.00404950491,confirmed_pivot,25.31327243993142,0.0
1787591040000,1787592060000,1,0.00404950491,0.00402119784,opposite_break,-7.986759392520334,0.0
1787592060000,1787593020000,-1,0.00402119784,0.00396679664,confirmed_pivot,12.535369998109818,0.0
1787593020000,1787593920000,1,0.00396679664,0.00397930203,confirmed_pivot,2.1509397731567366,0.0
1787593920000,1787594460000,-1,0.00397930203,0.0040108010399999994,opposite_break,-8.91967015004363,0.0
1787594460000,1787595900000,1,0.0040108010399999994,0.0040185981,confirmed_pivot,0.9430436444688335,0.0
1787595900000,1787596260000,-1,0.0040185981,0.00405460542,opposite_break,-9.964649552788027,0.0
1787596260000,1787597580000,1,0.00405460542,0.00401039892,opposite_break,-11.897335788102499,0.0
1787597580000,1787598540000,-1,0.00401039892,0.00400330029,confirmed_pivot,0.7709408606662347,0.0
1787598540000,1787599860000,1,0.00400330029,0.00401099886,confirmed_pivot,0.9220943115910707,0.0
1787599860000,1787600280000,-1,0.00401099886,0.00402590255,opposite_break,-4.717563221895302,0.0
1787600280000,1787600460000,1,0.00402590255,0.00402239772,confirmed_pivot,-1.8701347192320423,0.0
1787600460000,1787600700000,-1,0.00402239772,0.00401750171,confirmed_pivot,0.21779554036736415,0.0
1787600700000,1787601180000,1,0.00401750171,0.003988301130000001,opposite_break,-8.26470872118172,0.0
1787601180000,1787602020000,-1,0.003988301130000001,0.0040027002300000005,confirmed_pivot,-4.6121393747416475,0.0
1787602020000,1787604120000,1,0.0040027002300000005,0.00402709725,confirmed_pivot,5.092092859524407,0.0
1787604120000,1787605260000,-1,0.00402709725,0.0040376037200000004,opposite_break,-3.6102481719308512,0.0
1787605260000,1787605680000,1,0.0040376037200000004,0.00402869709,confirmed_pivot,-3.2048168424514056,0.0
1787605680000,1787607600000,-1,0.00402869709,0.00402680264,confirmed_pivot,-0.5295260024129496,0.0
1787607600000,1787608860000,1,0.00402680264,0.00402229773,confirmed_pivot,-2.1181718965497875,0.0
1787608860000,1787610660000,-1,0.00402229773,0.00402920288,confirmed_pivot,-2.7175761315411195,0.0
1787610660000,1787611920000,1,0.00402920288,0.004020997859999999,opposite_break,-3.0353697081643682,0.0
1787611920000,1787611980000,-1,0.004020997859999999,0.0040264026,confirmed_pivot,-2.344801106161502,0.0
1787611980000,1787612400000,1,0.0040264026,0.0040146984899999995,opposite_break,-3.905387043263093,0.0
1787612400000,1787613660000,-1,0.0040146984899999995,0.00401920188,confirmed_pivot,-2.1222864447288785,0.0
1787613660000,1787614140000,1,0.00401920188,0.004029596999999999,confirmed_pivot,1.585071053957451,0.0
1787614140000,1787614860000,-1,0.004029596999999999,0.00403750371,opposite_break,-2.963140074553576,0.0
1787614860000,1787616180000,1,0.00403750371,0.00403949601,confirmed_pivot,-0.6070446087590573,-0.10024634751357295
1787616180000,1787618220000,-1,0.00403949601,0.00404550451,opposite_break,-2.488181752158679,0.0
1787618220000,1787620320000,1,0.00404550451,0.0040905909,opposite_break,10.13924028353139,0.0
1787620320000,1787620680000,-1,0.0040905909,0.00409880984,confirmed_pivot,-3.0102351154207385,0.0
1787620680000,1787621400000,1,0.00409880984,0.00409719024,confirmed_pivot,-1.3949415228301127,0.0
1787621400000,1787621880000,-1,0.00409719024,0.004097309689999999,confirmed_pivot,-1.0291687029401277,0.0
1787621880000,1787622120000,1,0.004097309689999999,0.00410998896,confirmed_pivot,2.0929881614588117,0.0
1787622120000,1787622900000,-1,0.00410998896,0.00409690965,confirmed_pivot,2.18391357795756,0.0
1787622900000,1787624580000,1,0.00409690965,0.0041671832399999996,confirmed_pivot,16.144252425727625,0.0
1787624580000,1787625480000,-1,0.0041671832399999996,0.00419661962,opposite_break,-8.067387367875883,0.0
1787625480000,1787627880000,1,0.00419661962,0.00423417654,confirmed_pivot,7.944852033075138,0.0
1787627880000,1787628540000,-1,0.00423417654,0.004268926849999999,opposite_break,-9.21120348349946,0.0
1787628540000,1787628900000,1,0.004268926849999999,0.00429037092,confirmed_pivot,4.020781268482123,0.0
1787628900000,1787629980000,-1,0.00429037092,0.00422392235,confirmed_pivot,14.495581972898432,0.0
1787629980000,1787632020000,1,0.00422392235,0.00420327963,confirmed_pivot,-5.884653866802293,0.0
1787632020000,1787634180000,-1,0.00420327963,0.00419871983,opposite_break,0.0853619795930014,0.0
1787634180000,1787635200000,1,0.00419871983,0.00424317564,confirmed_pivot,9.582649925227305,0.0
1787635200000,1787635560000,-1,0.00424317564,0.00425192515,opposite_break,-3.063050294802385,0.0
1787635560000,1787635860000,1,0.00425192515,0.00424707525,confirmed_pivot,-2.140065941659443,0.0
1787635860000,1787636760000,-1,0.00424707525,0.00423472343,confirmed_pivot,1.9097661761467606,0.0
1787636760000,1787637120000,1,0.00423472343,0.004233776579999999,confirmed_pivot,-1.2234801376393247,0.0
1787637120000,1787638500000,-1,0.004233776579999999,0.00419791975,confirmed_pivot,7.473465176331812,0.0
1787638500000,1787638620000,1,0.00419791975,0.00419498046,opposite_break,-1.6998276598784725,0.0
1787638620000,1787639340000,-1,0.00419498046,0.00419451941,confirmed_pivot,-0.89003988709878,0.0
1787639340000,1787639580000,1,0.00419451941,0.004183581600000001,confirmed_pivot,-3.606339374407447,0.0
1787639580000,1787641200000,-1,0.004183581600000001,0.0041401139699999995,confirmed_pivot,9.395246937456916,0.0
1787641200000,1787641680000,1,0.0041401139699999995,0.00416068389,confirmed_pivot,3.9659587124845403,0.0
1787641680000,1787642940000,-1,0.00416068389,0.00417491745,opposite_break,-4.422676934007631,0.0
1787642940000,1787643060000,1,0.00417491745,0.00416268369,confirmed_pivot,-3.928834705462248,0.0
1787643060000,1787643720000,-1,0.00416268369,0.00415321528,confirmed_pivot,1.2757300122893604,0.0
1787643720000,1787644140000,1,0.00415321528,0.0041145884999999995,opposite_break,-10.295801928668693,0.0
1787644140000,1787644980000,-1,0.0041145884999999995,0.00406560652,confirmed_pivot,11.009130679775044,0.098712179844959
1787644980000,1787645160000,1,0.00406560652,0.00405609435,opposite_break,-3.3384982949604045,0.0
1787645160000,1787645880000,-1,0.00405609435,0.00408500846,opposite_break,-8.132123801558045,0.0
1787645880000,1787646840000,1,0.00408500846,0.00409409055,confirmed_pivot,1.2221616047767436,0.0
1787646840000,1787646960000,-1,0.00409409055,0.00409970993,opposite_break,-2.3732450763697592,0.0
1787646960000,1787647080000,1,0.00409970993,0.004094190540000001,confirmed_pivot,-2.3456147871903577,0.0
1787647080000,1787647440000,-1,0.004094190540000001,0.004088408799999999,confirmed_pivot,0.41288755701175095,0.0
1787647440000,1787647800000,1,0.004088408799999999,0.0040752924299999995,opposite_break,-4.206580470866784,0.0
1787647800000,1787648280000,-1,0.0040752924299999995,0.00406970693,confirmed_pivot,0.37126177961161155,0.0
1787648280000,1787648760000,1,0.00406970693,0.0040615938,opposite_break,-2.992544813294466,0.0
1787648760000,1787649240000,-1,0.0040615938,0.00407700766,confirmed_pivot,-4.796924973147178,0.0
1787649240000,1787650020000,1,0.00407700766,0.00408639132,confirmed_pivot,1.300453899564154,0.0
1787650020000,1787652300000,-1,0.00408639132,0.00403630359,confirmed_pivot,11.263332104229207,0.0
1787652300000,1787653140000,1,0.00403630359,0.00402829713,opposite_break,-2.9826201353700457,0.0
1787653140000,1787653260000,-1,0.00402829713,0.00404190415,confirmed_pivot,-4.379548000224221,0.0
1787653260000,1787654940000,1,0.00404190415,0.00403889607,confirmed_pivot,-1.7438513751000762,0.0
1787654940000,1787658420000,-1,0.00403889607,0.00404650461,confirmed_pivot,-2.8847586414870383,0.0
1787658420000,1787658840000,1,0.00404650461,0.00403439652,opposite_break,-3.9907382102304747,0.0
1787658840000,1787660940000,-1,0.00403439652,0.00398949891,confirmed_pivot,10.13426966891188,0.0
1787660940000,1787663280000,1,0.00398949891,0.00401929803,confirmed_pivot,6.465654487420329,0.0
1787663280000,1787664960000,-1,0.00401929803,0.0040060005599999995,opposite_break,2.310060273136927,0.0
1787664960000,1787665860000,1,0.0040060005599999995,0.003934106549999999,opposite_break,-18.937606827244245,0.0
1787665860000,1787667060000,-1,0.003934106549999999,0.00398129809,opposite_break,-13.00148881834446,0.0
1787667060000,1787668500000,1,0.00398129809,0.003983801580000001,confirmed_pivot,-0.3715019075598287,0.0
1787668500000,1787669100000,-1,0.003983801580000001,0.00395789575,confirmed_pivot,5.506042631520994,0.0
1787669100000,1787669940000,1,0.00395789575,0.003970802880000001,confirmed_pivot,2.2594785840432303,0.0
1787669940000,1787670420000,-1,0.003970802880000001,0.003962496209999999,confirmed_pivot,1.0929831034577193,0.0
1787670420000,1787670840000,1,0.003962496209999999,0.00394970499,opposite_break,-4.226457190731253,0.0
1787670840000,1787670960000,-1,0.00394970499,0.00395659562,confirmed_pivot,-2.745465884782651,0.0
1787670960000,1787672400000,1,0.00395659562,0.00397150281,confirmed_pivot,2.765797123588757,0.0
1787672400000,1787673540000,-1,0.00397150281,0.003991099069999999,opposite_break,-5.936684944709672,0.0
1787673540000,1787673780000,1,0.003991099069999999,0.00398440152,confirmed_pivot,-2.77730898195907,-0.10002633184447612
1787673780000,1787675160000,-1,0.00398440152,0.00395159512,confirmed_pivot,7.237825187859065,0.0
1787675160000,1787675460000,1,0.00395159512,0.00394540542,opposite_break,-2.56559692026343,0.0
1787675460000,1787675580000,-1,0.00394540542,0.0039595959200000004,confirmed_pivot,-4.598513647806685,0.0
1787675580000,1787677020000,1,0.0039595959200000004,0.00395950401,opposite_break,-1.023200358535703,0.0
1787677020000,1787677980000,-1,0.00395950401,0.00393179314,confirmed_pivot,6.002070300971921,0.0
1787677980000,1787678640000,1,0.00393179314,0.00392240772,opposite_break,-3.3858649109906716,0.0
1787678640000,1787679060000,-1,0.00392240772,0.003923492309999999,confirmed_pivot,-1.2766495409099212,0.0
1787679060000,1787679360000,1,0.003923492309999999,0.00392830713,confirmed_pivot,0.22656353313987954,0.0
1787679360000,1787679960000,-1,0.00392830713,0.00393989395,opposite_break,-3.9510455843609797,0.0
1787679960000,1787680320000,1,0.00393989395,0.003942305730000001,confirmed_pivot,-0.38816269153633987,0.0
1787680320000,1787680440000,-1,0.003942305730000001,0.00394409437,opposite_break,-1.4539308827271344,0.0
1787680440000,1787681820000,1,0.00394409437,0.003956004359999999,confirmed_pivot,2.0181922358514877,0.0
1787681820000,1787682240000,-1,0.003956004359999999,0.0039673967,opposite_break,-3.881199092005097,0.0
1787682240000,1787682420000,1,0.0039673967,0.00396620334,confirmed_pivot,-1.3006413046619354,0.0
1787682420000,1787684220000,-1,0.00396620334,0.003963096270000001,confirmed_pivot,-0.2162218452976975,0.0
1787684220000,1787684640000,1,0.003963096270000001,0.00396820314,confirmed_pivot,0.2879617897850123,0.0
1787684640000,1787685000000,-1,0.00396820314,0.0039628962499999995,confirmed_pivot,0.3380220864904716,0.0
1787685000000,1787686080000,1,0.0039628962499999995,0.00394410555,opposite_break,-5.739287497117604,0.0
1787686080000,1787686560000,-1,0.00394410555,0.00393749371,confirmed_pivot,0.6772233491571313,0.0
1787686560000,1787687760000,1,0.00393749371,0.00393140682,confirmed_pivot,-2.545106355230134,0.0
1787687760000,1787688840000,-1,0.00393140682,0.0039043904,confirmed_pivot,5.8753831510116825,0.0
1787688840000,1787689260000,1,0.0039043904,0.00390690927,confirmed_pivot,-0.35518472614829755,0.0
1787689260000,1787690040000,-1,0.00390690927,0.0038920891700000002,confirmed_pivot,2.795202044709788,0.0
1787690040000,1787690340000,1,0.0038920891700000002,0.0038771122499999997,opposite_break,-4.846117312877633,0.0
1787690340000,1787691060000,-1,0.0038771122499999997,0.0038453845,confirmed_pivot,7.187437409118001,0.0
1787691060000,1787691180000,1,0.0038453845,0.00383681628,opposite_break,-3.227068811974464,0.0
1787691180000,1787692320000,-1,0.00383681628,0.00379677964,confirmed_pivot,9.440077240289403,0.0
1787692320000,1787694240000,1,0.00379677964,0.00383541642,confirmed_pivot,9.171109537976715,0.0
1787694240000,1787695020000,-1,0.00383541642,0.00381568153,confirmed_pivot,4.1480087903988005,0.0
1787695020000,1787696280000,1,0.00381568153,0.00385731423,confirmed_pivot,9.905491803452481,0.0
1787696280000,1787697060000,-1,0.00385731423,0.00383668363,confirmed_pivot,4.3511106612644275,0.0
1787697060000,1787697420000,1,0.00383668363,0.0038499149700000003,confirmed_pivot,2.446915514897487,0.0
1787697420000,1787698020000,-1,0.0038499149700000003,0.0038573857000000003,opposite_break,-2.9414624539097263,0.0
1787698020000,1787698200000,1,0.0038573857000000003,0.00385521444,confirmed_pivot,-1.562602378600691,0.0
1787698200000,1787698920000,-1,0.00385521444,0.00386118608,confirmed_pivot,-2.5497518783935815,0.0
1787698920000,1787699220000,1,0.00386118608,0.0038593140300000003,confirmed_pivot,-1.4845956491689685,0.0
1787699220000,1787701620000,-1,0.0038593140300000003,0.00382288225,confirmed_pivot,8.444682554117088,0.0
1787701620000,1787702160000,1,0.00382288225,0.00381441852,opposite_break,-3.2128586709674107,0.0
1787702160000,1787703120000,-1,0.00381441852,0.00382218218,confirmed_pivot,-2.9362064732215085,0.10015681236782585
1787703120000,1787704800000,1,0.00382218218,0.00381421854,opposite_break,-3.0824905263935376,0.0
1787704800000,1787704980000,-1,0.00381421854,0.00381798176,confirmed_pivot,-1.9871226754615723,0.0
1787704980000,1787706480000,1,0.00381798176,0.0038485151100000003,confirmed_pivot,6.9932501628819885,0.0
1787706480000,1787707020000,-1,0.0038485151100000003,0.00384208417,confirmed_pivot,0.6718540232001646,0.0
1787707020000,1787707620000,1,0.00384208417,0.00383371659,opposite_break,-3.176786306584297,0.0
1787707620000,1787707860000,-1,0.00383371659,0.00383618358,confirmed_pivot,-1.6438200208743026,0.0
1787707860000,1787708280000,1,0.00383618358,0.0038499149700000003,confirmed_pivot,2.5776505526360944,0.0
1787708280000,1787708400000,-1,0.0038499149700000003,0.00385428539,opposite_break,-2.1357666972057023,0.0
1787708400000,1787708640000,1,0.00385428539,0.00385151481,confirmed_pivot,-1.7184716308721186,0.0
1787708640000,1787708940000,-1,0.00385151481,0.00385758572,opposite_break,-2.577027677325686,0.0
1787708940000,1787709060000,1,0.00385758572,0.00385401456,confirmed_pivot,-1.925287130106794,0.0
1787709060000,1787709540000,-1,0.00385401456,0.00385458542,confirmed_pivot,-1.1481949331295944,0.0
1787709540000,1787711460000,1,0.00385458542,0.00387301266,confirmed_pivot,3.778212018453602,0.0
1787711460000,1787712240000,-1,0.00387301266,0.00387768773,opposite_break,-2.207692291664274,0.0
1787712240000,1787713440000,1,0.00387768773,0.00386931303,confirmed_pivot,-3.15863505079096,0.0
1787713440000,1787714160000,-1,0.00386931303,0.0038589858599999997,confirmed_pivot,1.670327653743814,0.0
1787714160000,1787715120000,1,0.0038589858599999997,0.0038536145999999998,opposite_break,-2.391187883233119,0.0
1787715120000,1787715360000,-1,0.0038536145999999998,0.0038570856699999996,confirmed_pivot,-1.9011813311585017,0.0
1787715360000,1787716200000,1,0.0038570856699999996,0.00384841512,opposite_break,-3.2468297223482874,0.0
1787716200000,1787716380000,-1,0.00384841512,0.0038502849899999998,confirmed_pivot,-1.4861234759413953,0.0
1787716380000,1787717520000,1,0.0038502849899999998,0.00384841512,confirmed_pivot,-1.4854017481443167,0.0
1787717520000,1787717820000,-1,0.00384841512,0.00384778474,confirmed_pivot,-0.8361156033499981,0.0
1787717820000,1787718840000,1,0.00384778474,0.00385051491,confirmed_pivot,-0.29081144102670853,0.0
1787718840000,1787719020000,-1,0.00385051491,0.00385208517,confirmed_pivot,-1.4080091018268635,0.0
1787719020000,1787719500000,1,0.00385208517,0.0038533146299999997,confirmed_pivot,-0.6809921858504433,0.0
1787719500000,1787720580000,-1,0.0038533146299999997,0.00383508347,confirmed_pivot,3.7336585074029776,0.0
1787720580000,1787720700000,1,0.00383508347,0.00382681728,opposite_break,-3.1543356147604102,0.0
1787720700000,1787721720000,-1,0.00382681728,0.0038194819100000003,confirmed_pivot,0.9177915087180826,0.0
1787721720000,1787722080000,1,0.0038194819100000003,0.00382681728,confirmed_pivot,0.9195541405246841,0.0
1787722080000,1787722260000,-1,0.00382681728,0.00384288425,opposite_break,-5.200619551137789,0.0
1787722260000,1787722560000,1,0.00384288425,0.00384801516,confirmed_pivot,0.33450403690929775,0.0
1787722560000,1787723400000,-1,0.00384801516,0.00385068503,opposite_break,-1.6941773418064812,0.0
1787723400000,1787723520000,1,0.00385068503,0.00384381558,confirmed_pivot,-2.7830633306822286,0.0
1787723520000,1787723760000,-1,0.00384381558,0.00384608457,confirmed_pivot,-1.5905914182802952,0.0
1787723760000,1787724180000,1,0.00384608457,0.00384651531,confirmed_pivot,-0.8880615799875333,0.0
1787724180000,1787724360000,-1,0.00384651531,0.0038578857499999997,opposite_break,-3.957514608202527,0.0
1787724360000,1787724660000,1,0.0038578857499999997,0.00386121384,confirmed_pivot,-0.13775934007365753,0.0
1787724660000,1787726460000,-1,0.00386121384,0.0038245824199999996,confirmed_pivot,8.491765343408321,0.0
1787726460000,1787726700000,1,0.0038245824199999996,0.0038293170300000004,confirmed_pivot,0.23732271273703143,0.0
1787726700000,1787727960000,-1,0.0038293170300000004,0.00384388435,opposite_break,-4.8060582463707995,0.0
1787727960000,1787728140000,1,0.00384388435,0.00383631633,confirmed_pivot,-2.9678625320763925,0.0
1787728140000,1787729220000,-1,0.00383631633,0.003830383,confirmed_pivot,0.5473949889320124,0.0
1787729220000,1787729400000,1,0.003830383,0.0038186181,opposite_break,-4.069932575933099,0.0
1787729400000,1787729940000,-1,0.0038186181,0.00381848181,confirmed_pivot,-0.9642912327368685,0.0
1787729940000,1787730960000,1,0.00381848181,0.0038078191799999998,opposite_break,-3.7909779894958677,0.0
1787730960000,1787731500000,-1,0.0038078191799999998,0.0038129812600000003,confirmed_pivot,-2.25621013338152,0.10012030035522855
1787731500000,1787732340000,1,0.0038129812600000003,0.0038146185,confirmed_pivot,-0.5708288951833049,0.0
1787732340000,1787732760000,-1,0.0038146185,0.0038133813,confirmed_pivot,-0.6755065808022687,0.0
1787732760000,1787734380000,1,0.0038133813,0.0038128186800000003,opposite_break,-1.1474645847766785,0.0
1787734380000,1787735520000,-1,0.0038128186800000003,0.00380788075,confirmed_pivot,0.29573404340333964,0.0
1787735520000,1787735700000,1,0.00380788075,0.00379932003,opposite_break,-3.2470345585270923,0.0
1787735700000,1787736420000,-1,0.00379932003,0.00377887785,confirmed_pivot,4.383174075493715,0.0
1787736420000,1787736600000,1,0.00377887785,0.00377512245,opposite_break,-1.9932901906315796,0.0
1787736600000,1787736720000,-1,0.00377512245,0.00378067803,confirmed_pivot,-2.472364900375568,0.0
1787736720000,1787738100000,1,0.00378067803,0.0037673232300000003,opposite_break,-4.53061606782727,0.0
1787738100000,1787738160000,-1,0.0037673232300000003,0.00377177714,confirmed_pivot,-2.1828390299813965,0.0
1787738160000,1787738640000,1,0.00377177714,0.00376352361,opposite_break,-3.187139623790123,0.0
1787738640000,1787739240000,-1,0.00376352361,0.00376467643,confirmed_pivot,-1.3064671646897632,0.0
1787739240000,1787741580000,1,0.00376467643,0.00382091787,confirmed_pivot,13.931779749262612,0.0
1787741580000,1787743020000,-1,0.00382091787,0.00381568153,confirmed_pivot,0.3711255641304807,0.0
1787743020000,1787743140000,1,0.00381568153,0.00380821914,confirmed_pivot,-2.9547382941573543,0.0
1787743140000,1787744160000,-1,0.00380821914,0.00379677964,confirmed_pivot,2.0053994608093846,0.0
1787744160000,1787744280000,1,0.00379677964,0.00377882208,opposite_break,-5.727317074424744,0.0
1787744280000,1787745060000,-1,0.00377882208,0.0037798779499999997,confirmed_pivot,-1.279557468606672,0.0
1787745060000,1787745840000,1,0.0037798779499999997,0.00378472149,confirmed_pivot,0.2807604621203389,0.0
1787745840000,1787746920000,-1,0.00378472149,0.00380168013,opposite_break,-5.483056247290652,0.0
1787746920000,1787747460000,1,0.00380168013,0.0037879211700000003,confirmed_pivot,-4.617369176190958,0.0
1787747460000,1787748480000,-1,0.0037879211700000003,0.00377767773,confirmed_pivot,1.7055900215580433,0.0
1787748480000,1787749140000,1,0.00377767773,0.00377802216,confirmed_pivot,-0.9088705258613397,0.0
1787749140000,1787751480000,-1,0.00377802216,0.00376477644,opposite_break,2.5077461959619622,0.0
1787751480000,1787752020000,1,0.00376477644,0.00375842412,confirmed_pivot,-2.6864597250826017,0.0
1787752020000,1787752560000,-1,0.00375842412,0.00374227419,confirmed_pivot,3.299143590266287,0.0
1787752560000,1787754240000,1,0.00374227419,0.003739626,opposite_break,-1.7072880742071355,0.0
1787754240000,1787756460000,-1,0.003739626,0.00368606857,confirmed_pivot,13.328761409563326,0.0
1787756460000,1787756640000,1,0.00368606857,0.0036685331100000003,opposite_break,-5.754847051041116,0.0
1787756640000,1787756760000,-1,0.0036685331100000003,0.00368366833,confirmed_pivot,-5.127750017772056,0.0
1787756760000,1787758260000,1,0.00368366833,0.00369982998,confirmed_pivot,3.385185561752184,0.0
1787758260000,1787759820000,-1,0.00369982998,0.00370267023,confirmed_pivot,-1.7680542458331872,0.0
1787759820000,1787760120000,1,0.00370267023,0.0036923307300000003,opposite_break,-3.890905099587972,-0.09985712392215929
1787760120000,1787760300000,-1,0.0036923307300000003,0.00370317028,confirmed_pivot,-3.937160988013625,0.0
1787760300000,1787760660000,1,0.00370317028,0.00370402956,confirmed_pivot,-0.7680770002291286,0.0
1787760660000,1787761200000,-1,0.00370402956,0.0036867686399999996,confirmed_pivot,3.662368423431401,0.0
1787761200000,1787761500000,1,0.0036867686399999996,0.00367523244,opposite_break,-4.127517082276028,0.0
1787761500000,1787761800000,-1,0.00367523244,0.00367716768,confirmed_pivot,-1.5268258951262759,0.0
1787761800000,1787762640000,1,0.00367716768,0.0036599339700000002,opposite_break,-5.684337143145983,0.0
1787762640000,1787762760000,-1,0.0036599339700000002,0.00366886685,confirmed_pivot,-3.441941989461532,0.0
1787762760000,1787763300000,1,0.00366886685,0.003659634,opposite_break,-3.515281680227702,0.0
1787763300000,1787763360000,-1,0.003659634,0.0036656665299999998,confirmed_pivot,-2.64922127868514,0.0
1787763360000,1787764980000,1,0.0036656665299999998,0.00370952901,confirmed_pivot,10.959775500910126,0.0
1787764980000,1787766900000,-1,0.00370952901,0.00370527049,confirmed_pivot,0.14856879364319364,0.0
1787766900000,1787767560000,1,0.00370527049,0.00369643032,opposite_break,-3.384643695742637,0.0
1787767560000,1787767740000,-1,0.00369643032,0.0037027702399999997,confirmed_pivot,-2.71600420158861,0.0
1787767740000,1787768040000,1,0.0037027702399999997,0.00369843012,confirmed_pivot,-2.1715417535601036,0.0
1787768040000,1787768280000,-1,0.00369843012,0.00370026999,confirmed_pivot,-1.4977219726406512,0.0
1787768280000,1787768820000,1,0.00370026999,0.00370542942,confirmed_pivot,0.39364162586424034,0.0
1787768820000,1787770020000,-1,0.00370542942,0.0037159715599999997,opposite_break,-3.8464746928034983,0.0
1787770020000,1787770320000,1,0.0037159715599999997,0.00371222874,confirmed_pivot,-2.0067215342196842,0.0
1787770320000,1787770500000,-1,0.00371222874,0.00371947191,opposite_break,-2.9521403697230904,0.0
1787770500000,1787771040000,1,0.00371947191,0.00371812815,confirmed_pivot,-1.3610964546846123,0.0
1787771040000,1787771940000,-1,0.00371812815,0.00371097106,confirmed_pivot,0.9258799740401353,0.0
1787771940000,1787772600000,1,0.00371097106,0.00373402656,confirmed_pivot,5.2096879435108985,0.0
1787772600000,1787772780000,-1,0.00373402656,0.0037330732699999997,opposite_break,-0.7445742204361037,0.0
1787772780000,1787772900000,1,0.0037330732699999997,0.0037272272400000004,confirmed_pivot,-2.565226975842169,0.0
1787772900000,1787773620000,-1,0.0037272272400000004,0.00371767173,confirmed_pivot,1.5649865541871808,0.0
1787773620000,1787774340000,1,0.00371767173,0.00371082888,opposite_break,-2.839707502899949,0.0
1787774340000,1787774940000,-1,0.00371082888,0.0037093709,confirmed_pivot,-0.6069048082863179,0.0
1787774940000,1787775240000,1,0.0037093709,0.00370572939,opposite_break,-1.9812146973493818,0.0
1787775240000,1787775360000,-1,0.00370572939,0.00370697066,confirmed_pivot,-1.33512717856609,0.0
1787775360000,1787775480000,1,0.00370697066,0.00369933003,opposite_break,-3.060121426750061,0.0
1787775480000,1787775900000,-1,0.00369933003,0.00369776974,confirmed_pivot,-0.5780127395121908,0.0
1787775900000,1787776320000,1,0.00369776974,0.00370542942,confirmed_pivot,1.070396671048539,0.0
1787776320000,1787776680000,-1,0.00370542942,0.00370477044,confirmed_pivot,-0.8220693433150978,0.0
1787776680000,1787777220000,1,0.00370477044,0.0037172282400000003,confirmed_pivot,2.3609561784347095,0.0
1787777220000,1787780220000,-1,0.0037172282400000003,0.00379907987,opposite_break,-23.030542793627223,0.0
1787780220000,1787780520000,1,0.00379907987,0.00379322064,confirmed_pivot,-2.5415049394578624,0.0
1787780520000,1787781120000,-1,0.00379322064,0.00381378134,opposite_break,-6.423090904092518,0.0
1787781120000,1787782020000,1,0.00381378134,0.00384071589,confirmed_pivot,6.058895181704395,0.0
1787782020000,1787782620000,-1,0.00384071589,0.0038553855,opposite_break,-4.8214086189540755,0.0
1787782620000,1787783280000,1,0.0038553855,0.0038629136700000003,confirmed_pivot,0.9516611023723369,0.0
1787783280000,1787784180000,-1,0.0038629136700000003,0.00384898486,confirmed_pivot,2.6075811150602517,0.0
1787784180000,1787784600000,1,0.00384898486,0.00383791617,opposite_break,-3.8743047991620854,0.0
1787784600000,1787785140000,-1,0.00383791617,0.00383488345,confirmed_pivot,-0.2094052538932361,0.0
1787785140000,1787785320000,1,0.00383488345,0.00382071789,opposite_break,-4.692022822753568,0.0
1787785320000,1787785440000,-1,0.00382071789,0.0038275827199999997,confirmed_pivot,-2.797636625560912,0.0
1787785440000,1787787240000,1,0.0038275827199999997,0.00383791617,confirmed_pivot,1.6983827732925727,0.0
1787787240000,1787787600000,-1,0.00383791617,0.00385178514,opposite_break,-4.615478783373168,0.0
1787787600000,1787788140000,1,0.00385178514,0.00386211375,confirmed_pivot,1.6801717436918486,0.0
1787788140000,1787788680000,-1,0.00386211375,0.00386478644,opposite_break,-1.6923737927190388,0.0
1787788680000,1787788740000,1,0.00386478644,0.00385781418,confirmed_pivot,-2.80314591198987,0.0
1787788740000,1787790600000,-1,0.00385781418,0.00383908387,confirmed_pivot,3.95754597361137,0.09995712131474409
1787790600000,1787791020000,1,0.00383908387,0.00383241672,opposite_break,-2.735782976004628,0.0
1787791020000,1787791440000,-1,0.00383241672,0.0038373837,confirmed_pivot,-2.296691840442628,0.0
1787791440000,1787792100000,1,0.0038373837,0.0038225177100000003,opposite_break,-4.872054026028126,0.0
1787792100000,1787792160000,-1,0.0038225177100000003,0.00382628259,confirmed_pivot,-1.985413993019748,0.0
1787792160000,1787794320000,1,0.00382628259,0.00384531543,confirmed_pivot,3.971750813627203,0.0
1787794320000,1787795280000,-1,0.00384531543,0.00383618358,confirmed_pivot,1.3759860774283483,0.0
1787795280000,1787795640000,1,0.00383618358,0.00384411555,confirmed_pivot,1.0666383267820856,0.0
1787795640000,1787796480000,-1,0.00384411555,0.0038508850500000003,opposite_break,-2.7618837576306445,0.0
1787796480000,1787797560000,1,0.0038508850500000003,0.00383101686,opposite_break,-6.156803084787029,0.0
1787797560000,1787797980000,-1,0.00383101686,0.00383518348,confirmed_pivot,-2.088145383416563,0.0
1787797980000,1787798700000,1,0.00383518348,0.00382681728,opposite_break,-3.180343376948466,0.0
1787798700000,1787798820000,-1,0.00382681728,0.00383028299,confirmed_pivot,-1.9060905189076611,0.0
1787798820000,1787799000000,1,0.00383028299,0.00382551741,opposite_break,-2.2435627399947653,0.0
1787799000000,1787799120000,-1,0.00382551741,0.00383098306,confirmed_pivot,-2.429449206192383,0.0
1787799120000,1787800380000,1,0.00383098306,0.00381611835,opposite_break,-4.878189334776024,0.0
1787800380000,1787800740000,-1,0.00381611835,0.00380328029,confirmed_pivot,2.365849235257606,0.0
1787800740000,1787801460000,1,0.00380328029,0.0038141185500000004,confirmed_pivot,1.8482888569856772,0.0
1787801460000,1787803020000,-1,0.0038141185500000004,0.00380188015,confirmed_pivot,2.2103142677619414,0.0
1787803020000,1787804280000,1,0.00380188015,0.00380611935,confirmed_pivot,0.11446974466045012,0.0
1787804280000,1787804640000,-1,0.00380611935,0.00380688065,confirmed_pivot,-1.2001200120011561,0.0
1787804640000,1787805000000,1,0.00380688065,0.0037984201200000002,opposite_break,-3.2213198974335278,0.0
1787805000000,1787805600000,-1,0.0037984201200000002,0.00378707867,confirmed_pivot,1.9873264058532185,0.0
1787805600000,1787806320000,1,0.00378707867,0.00377942202,opposite_break,-3.0207717720846787,0.0
1787806320000,1787806500000,-1,0.00377942202,0.00378187815,confirmed_pivot,-1.6501941439712486,0.0
1787806500000,1787807100000,1,0.00378187815,0.00378882108,confirmed_pivot,0.8349238816697429,0.0
1787807100000,1787808060000,-1,0.00378882108,0.0037823782000000004,confirmed_pivot,0.7013475442339137,0.0
1787808060000,1787808480000,1,0.0037823782000000004,0.00378922104,confirmed_pivot,0.808232339113957,0.0
1787808480000,1787808960000,-1,0.00378922104,0.0037681767799999997,confirmed_pivot,4.55649351350595,0.0
1787808960000,1787809440000,1,0.0037681767799999997,0.0037792220400000003,confirmed_pivot,1.929729154055397,0.0
1787809440000,1787809680000,-1,0.0037792220400000003,0.0037952794899999997,opposite_break,-5.251001543428599,0.0
1787809680000,1787810100000,1,0.0037952794899999997,0.0037984201200000002,confirmed_pivot,-0.17290421080411167,0.0
1787810100000,1787812560000,-1,0.0037984201200000002,0.0037934793100000003,opposite_break,0.30140433359961016,0.0
1787812560000,1787813400000,1,0.0037934793100000003,0.00379832013,confirmed_pivot,0.27545168817584453,0.0
1787813400000,1787815200000,-1,0.00379832013,0.00380968093,opposite_break,-3.9925019511191198,0.0
1787815200000,1787815500000,1,0.00380968093,0.00380321964,confirmed_pivot,-2.695170664856663,0.0
1787815500000,1787816580000,-1,0.00380321964,0.00381748171,opposite_break,-4.751874039806928,0.0
1787816580000,1787816700000,1,0.00381748171,0.0038132186399999998,confirmed_pivot,-2.116164735992976,0.0
1787816700000,1787817060000,-1,0.0038132186399999998,0.00382098206,opposite_break,-3.0369410839762647,0.0
1787817060000,1787818380000,1,0.00382098206,0.00390700926,confirmed_pivot,21.40298961257104,-0.10017450853982812
1787818380000,1787819220000,-1,0.00390700926,0.00390379034,opposite_break,-0.17570467698344505,0.0
1787819220000,1787819640000,1,0.00390379034,0.00394250571,confirmed_pivot,8.912420735945727,0.0
1787819640000,1787820720000,-1,0.00394250571,0.00392579254,confirmed_pivot,3.2413449250276045,0.0
1787820720000,1787821260000,1,0.00392579254,0.00392220774,confirmed_pivot,-1.9126838882829653,0.0
1787821260000,1787822460000,-1,0.00392220774,0.00393409337,opposite_break,-4.031856954879131,0.0
1787822460000,1787823780000,1,0.00393409337,0.00394750521,confirmed_pivot,2.4074265197218097,0.0
1787823780000,1787825280000,-1,0.00394750521,0.00398319828,opposite_break,-10.046452033688494,0.0
1787825280000,1787825400000,1,0.00398319828,0.00397290267,confirmed_pivot,-3.5834672219731276,0.0
1787825400000,1787825520000,-1,0.00397290267,0.00398459842,opposite_break,-3.945352264318003,0.0
1787825520000,1787825640000,1,0.00398459842,0.00396940302,confirmed_pivot,-4.811626843941805,0.0
1787825640000,1787826600000,-1,0.00396940302,0.0039553955,confirmed_pivot,2.530637652409396,0.0
1787826600000,1787827080000,1,0.0039553955,0.00392520744,opposite_break,-8.628305682706115,0.0
1787827080000,1787827860000,-1,0.00392520744,0.00392329229,confirmed_pivot,-0.5118455255449708,0.0
1787827860000,1787828820000,1,0.00392329229,0.00394780518,confirmed_pivot,5.244916703618808,0.0
1787828820000,1787831580000,-1,0.00394780518,0.0039164916099999995,confirmed_pivot,6.9358593842769505,0.0
1787831580000,1787832840000,1,0.0039164916099999995,0.00392500746,confirmed_pivot,1.1732695796584842,0.0
1787832840000,1787834400000,-1,0.00392500746,0.0038941893800000004,confirmed_pivot,6.855651066711563,0.0
1787834400000,1787835180000,1,0.0038941893800000004,0.00389921004,confirmed_pivot,0.2886249692354824,0.0
1787835180000,1787835660000,-1,0.00389921004,0.00389768973,confirmed_pivot,-0.6099029958898694,0.0
1787835660000,1787836200000,1,0.00389768973,0.00390550941,confirmed_pivot,1.0052314836255425,0.0
1787836200000,1787836620000,-1,0.00390550941,0.00391879184,opposite_break,-4.402647342488389,0.0
1787836620000,1787837400000,1,0.00391879184,0.00393580638,confirmed_pivot,3.3396111414788847,0.0
1787837400000,1787839140000,-1,0.00393580638,0.003939593920000001,opposite_break,-1.962810007437493,0.0
1787839140000,1787839260000,1,0.003939593920000001,0.00393210675,confirmed_pivot,-2.8995425840744145,0.0
1787839260000,1787839440000,-1,0.00393210675,0.00394929489,opposite_break,-5.373414854517844,0.0
1787839440000,1787839620000,1,0.00394929489,0.003942005760000001,confirmed_pivot,-2.8447559976963923,0.0
1787839620000,1787840280000,-1,0.003942005760000001,0.00393499346,confirmed_pivot,0.7797554283635426,0.0
1787840280000,1787841840000,1,0.00393499346,0.00399640032,confirmed_pivot,14.597524416215927,0.0
1787841840000,1787842620000,-1,0.00399640032,0.00397219718,confirmed_pivot,5.059263244679117,0.0
1787842620000,1787843280000,1,0.00397219718,0.003966803279999999,confirmed_pivot,-2.3572344991194463,0.0
1787843280000,1787843640000,-1,0.003966803279999999,0.003999599919999999,opposite_break,-9.27190964710504,0.0
1787843640000,1787843760000,1,0.003999599919999999,0.003983501610000001,confirmed_pivot,-5.022967588467885,0.0
1787843760000,1787844540000,-1,0.003983501610000001,0.003995499509999999,opposite_break,-4.01340381534293,0.0
1787844540000,1787844660000,1,0.003995499509999999,0.00398910105,confirmed_pivot,-2.6006160816671886,0.0
1787844660000,1787845080000,-1,0.00398910105,0.00397749771,confirmed_pivot,1.9102149894147615,0.0
1787845080000,1787845620000,1,0.00397749771,0.00396470349,opposite_break,-4.215042175347975,0.0
1787845620000,1787847060000,-1,0.00396470349,0.00392459242,confirmed_pivot,9.220937237099545,0.09883715162769968
1787847060000,1787847780000,1,0.00392459242,0.00389741022,opposite_break,-7.9226574361065065,0.0
1787847780000,1787848320000,-1,0.00389741022,0.003913091269999999,confirmed_pivot,-5.0254655372149655,0.0
1787848320000,1787849220000,1,0.003913091269999999,0.00393320664,confirmed_pivot,4.137961506070492,0.0
1787849220000,1787849400000,-1,0.00393320664,0.00394069403,opposite_break,-2.904586862743569,0.0
1787849400000,1787850180000,1,0.00394069403,0.003914408520000001,opposite_break,-7.666939134322706,0.0
1787850180000,1787850300000,-1,0.003914408520000001,0.003926292590000001,confirmed_pivot,-4.037499017859259,0.0
1787850300000,1787851320000,1,0.003926292590000001,0.0039466053,confirmed_pivot,4.17092223251745,0.0
1787851320000,1787852220000,-1,0.0039466053,0.00393319328,confirmed_pivot,2.400067903927431,0.0
1787852220000,1787852760000,1,0.00393319328,0.00390880908,opposite_break,-7.196493832105963,0.0
1787852760000,1787853360000,-1,0.00390880908,0.00392149211,confirmed_pivot,-4.2463523429494785,0.0
1787853360000,1787853720000,1,0.00392149211,0.00391110885,opposite_break,-3.646459071927069,0.0
1787853720000,1787853840000,-1,0.00391110885,0.00391729169,confirmed_pivot,-2.581631106994032,0.0
1787853840000,1787854020000,1,0.00391729169,0.00391080888,opposite_break,-2.6540939781279675,0.0
1787854020000,1787855460000,-1,0.00391080888,0.00387158712,confirmed_pivot,9.034080438111276,0.0
1787855460000,1787855580000,1,0.00387158712,0.0038646135,opposite_break,-2.8003296771996924,0.0
1787855580000,1787855760000,-1,0.0038646135,0.0038667866399999997,confirmed_pivot,-1.5625987100649832,0.0
1787855760000,1787856660000,1,0.0038667866399999997,0.00386901306,confirmed_pivot,-0.42450747941960554,0.0
1787856660000,1787857140000,-1,0.00386901306,0.0038884888099999996,opposite_break,-6.036294158955292,0.0
1787857140000,1787857920000,1,0.0038884888099999996,0.0039026097,confirmed_pivot,2.6296438654275547,0.0
1787857920000,1787858340000,-1,0.0039026097,0.00390879084,opposite_break,-2.5846397783513795,0.0
1787858340000,1787858640000,1,0.00390879084,0.00390530943,confirmed_pivot,-1.8902162938449067,0.0
1787858640000,1787859000000,-1,0.00390530943,0.00392009197,opposite_break,-4.787134293735103,0.0
1787859000000,1787859180000,1,0.00392009197,0.0039140085600000004,confirmed_pivot,-2.551077969989491,0.0
1787859180000,1787863260000,-1,0.0039140085600000004,0.0038985898200000002,confirmed_pivot,2.9413427777480874,0.0
1787863260000,1787863980000,1,0.0038985898200000002,0.00389141082,opposite_break,-2.840514347826514,0.0
1787863980000,1787864160000,-1,0.00389141082,0.00389218918,confirmed_pivot,-1.200120012001248,0.0
1787864160000,1787864520000,1,0.00389218918,0.00390090987,confirmed_pivot,1.2394414176445814,0.0
1787864520000,1787864700000,-1,0.00390090987,0.003913091269999999,opposite_break,-4.1242687234912365,0.0
1787864700000,1787865240000,1,0.003913091269999999,0.0039046095,confirmed_pivot,-3.1664532028662293,0.0
1787865240000,1787865780000,-1,0.0039046095,0.0038963896000000003,confirmed_pivot,1.1062310968612148,0.0
1787865780000,1787866140000,1,0.0038963896000000003,0.0038853114300000002,opposite_break,-3.841766879523561,0.0
1787866140000,1787866380000,-1,0.0038853114300000002,0.00388588855,confirmed_pivot,-1.1486131988137238,0.0
1787866380000,1787866560000,1,0.00388588855,0.00387971199,opposite_break,-2.5886898557602813,0.0
1787866560000,1787867100000,-1,0.00387971199,0.00387728769,confirmed_pivot,-0.37482159597106984,0.0
1787867100000,1787867520000,1,0.00387728769,0.0038813118300000003,confirmed_pivot,0.037356072486937175,0.0
1787867520000,1787868240000,-1,0.0038813118300000003,0.0038973896999999996,opposite_break,-5.144451577084266,0.0
1787868240000,1787868600000,1,0.0038973896999999996,0.0039012098399999998,confirmed_pivot,-0.020310971212303075,0.0
1787868600000,1787868720000,-1,0.0039012098399999998,0.00391369133,opposite_break,-4.200989246197574,0.0
1787868720000,1787869800000,1,0.00391369133,0.00390210975,opposite_break,-3.9577675483160655,0.0
1787869800000,1787870940000,-1,0.00390210975,0.00389958992,confirmed_pivot,-0.35391619495068666,0.0
1787870940000,1787872200000,1,0.00389958992,0.00389681028,confirmed_pivot,-1.7124467538884467,0.0
1787872200000,1787872680000,-1,0.00389681028,0.00388748871,confirmed_pivot,1.3932986506594722,0.0
1787872680000,1787873160000,1,0.00388748871,0.00389851011,confirmed_pivot,1.8336775028216312,0.0
1787873160000,1787873280000,-1,0.00389851011,0.0039033902999999997,opposite_break,-2.2524348936470373,0.0
1787873280000,1787874300000,1,0.0039033902999999997,0.0038906109,opposite_break,-4.272286222569081,0.0
1787874300000,1787874660000,-1,0.0038906109,0.00389018898,confirmed_pivot,-0.8915000829304702,0.0
1787874660000,1787875320000,1,0.00389018898,0.00388791117,confirmed_pivot,-1.685310690227697,-0.1000766291821638
1787875320000,1787875860000,-1,0.00388791117,0.00385998596,confirmed_pivot,6.18616536833075,0.0
1787875860000,1787877000000,1,0.00385998596,0.0038786121,confirmed_pivot,3.8230297008645575,0.0
1787877000000,1787878680000,-1,0.0038786121,0.00389758972,opposite_break,-5.895335836754597,0.0
1787878680000,1787878800000,1,0.00389758972,0.00388411155,confirmed_pivot,-4.456349149802282,0.0
1787878800000,1787878980000,-1,0.00388411155,0.00389508947,opposite_break,-3.827778970457199,0.0
1787878980000,1787879220000,1,0.00389508947,0.00389401056,confirmed_pivot,-1.276853857480115,0.0
1787879220000,1787879880000,-1,0.00389401056,0.00390669063,opposite_break,-4.2579290270337316,0.0
1787879880000,1787880900000,1,0.00390669063,0.0039456054,confirmed_pivot,8.95607697121378,0.0
1787880900000,1787882400000,-1,0.0039456054,0.00388168813,confirmed_pivot,15.20771013619353,0.0
1787882400000,1787882940000,1,0.00388168813,0.00386241372,opposite_break,-5.962988305554516,0.0
1787882940000,1787884380000,-1,0.00386241372,0.00382158212,confirmed_pivot,9.576809933245592,0.0
1787884380000,1787885220000,1,0.00382158212,0.00381271869,opposite_break,-3.3181493964599222,0.0
1787885220000,1787885640000,-1,0.00381271869,0.00381718168,confirmed_pivot,-2.171138459994845,0.0
1787885640000,1787886540000,1,0.00381718168,0.00380591937,opposite_break,-3.94895024357348,0.0
1787886540000,1787886720000,-1,0.00380591937,0.00381098106,confirmed_pivot,-2.330616955503201,0.0
1787886720000,1787887620000,1,0.00381098106,0.0038282171400000004,confirmed_pivot,3.520479553367408,0.0
1787887620000,1787888880000,-1,0.0038282171400000004,0.00382398236,confirmed_pivot,0.10675472029270727,0.0
1787888880000,1787889840000,1,0.00382398236,0.0038143185299999998,confirmed_pivot,-3.5259002724584185,0.0
1787889840000,1787890320000,-1,0.0038143185299999998,0.00380908087,confirmed_pivot,0.3738440533438919,0.0
1787890320000,1787890800000,1,0.00380908087,0.0038286171,confirmed_pivot,4.126292287146969,0.0
1787890800000,1787892000000,-1,0.0038286171,0.00380498046,confirmed_pivot,5.176762445113694,0.0
1787892000000,1787892900000,1,0.00380498046,0.00382031793,confirmed_pivot,3.028877789559032,0.0
1787892900000,1787893020000,-1,0.00382031793,0.00382398236,opposite_break,-1.9596746349851641,0.0
1787893020000,1787893680000,1,0.00382398236,0.00381021894,opposite_break,-4.597437695816156,0.0
1787893680000,1787893920000,-1,0.00381021894,0.0038133813,confirmed_pivot,-1.8303830383038284,0.0
1787893920000,1787896140000,1,0.0038133813,0.00382381758,confirmed_pivot,1.735383912434913,0.0
1787896140000,1787896500000,-1,0.00382381758,0.0038164816099999998,confirmed_pivot,0.9194529632870896,0.0
1787896500000,1787897160000,1,0.0038164816099999998,0.0038176182,confirmed_pivot,-0.7023379591234686,0.0
1787897160000,1787897580000,-1,0.0038176182,0.00383028299,opposite_break,-4.319117243049549,0.0
1787897580000,1787897760000,1,0.00383028299,0.00382531743,confirmed_pivot,-2.295746876394617,0.0
1787897760000,1787898300000,-1,0.00382531743,0.00381708167,confirmed_pivot,1.1540376794299392,0.0
1787898300000,1787899080000,1,0.00381708167,0.0038171182500000003,confirmed_pivot,-0.9904215541711432,0.0
1787899080000,1787899680000,-1,0.0038171182500000003,0.00382478244,opposite_break,-3.0088510737124223,0.0
1787899680000,1787900580000,1,0.00382478244,0.0038165183099999997,opposite_break,-3.1595994189411627,0.0
1787900580000,1787901360000,-1,0.0038165183099999997,0.0037874787099999997,confirmed_pivot,6.61272904780064,0.0
1787901360000,1787902800000,1,0.0037874787099999997,0.00378312165,opposite_break,-2.149810151672043,0.0
1787902800000,1787903160000,-1,0.00378312165,0.0037873787,confirmed_pivot,-2.1258370517902674,0.0
1787903160000,1787903700000,1,0.0037873787,0.00379132083,confirmed_pivot,0.040339307764545085,0.0
1787903700000,1787904120000,-1,0.00379132083,0.00379607957,opposite_break,-2.15578173583367,0.10001263860331229
1787904120000,1787904360000,1,0.00379607957,0.0037911208500000003,confirmed_pivot,-2.3056208513562617,0.0
1787904360000,1787905020000,-1,0.0037911208500000003,0.00379687965,confirmed_pivot,-2.5197825730086243,0.0
1787905020000,1787906640000,1,0.00379687965,0.00379352061,confirmed_pivot,-1.8842420064591534,0.0
1787906640000,1787906940000,-1,0.00379352061,0.00378417838,confirmed_pivot,1.4639120426447978,0.0
1787906940000,1787908920000,1,0.00378417838,0.00381141882,confirmed_pivot,6.194909183958818,0.0
1787908920000,1787911860000,-1,0.00381141882,0.0037766776299999996,confirmed_pivot,8.119585707193565,0.0
1787911860000,1787913780000,1,0.0037766776299999996,0.00379382058,confirmed_pivot,3.536891999701992,0.0
1787913780000,1787914020000,-1,0.00379382058,0.00379627959,opposite_break,-1.648485992713908,0.0
1787914020000,1787914980000,1,0.00379627959,0.00381371859,confirmed_pivot,3.591411166320384,0.0
1787914980000,1787915760000,-1,0.00381371859,0.00382088205,opposite_break,-2.879279123738396,0.0
1787915760000,1787916420000,1,0.00382088205,0.00381801816,confirmed_pivot,-1.749161585608223,0.0
1787916420000,1787921100000,-1,0.00381801816,0.00379387935,confirmed_pivot,5.3255014494221715,0.0
1787921100000,1787921760000,1,0.00379387935,0.0037911208500000003,confirmed_pivot,-1.726728632000271,0.0
1787921760000,1787922180000,-1,0.0037911208500000003,0.00380268023,opposite_break,-4.050591143777372,0.0
1787922180000,1787922420000,1,0.00380268023,0.00380041992,confirmed_pivot,-1.5941019776464573,0.0
1787922420000,1787923680000,-1,0.00380041992,0.0037909790599999996,confirmed_pivot,1.4854044102579982,0.0
1787923680000,1787923800000,1,0.0037909790599999996,0.00377992197,opposite_break,-3.9152261935732566,0.0
1787923800000,1787924880000,-1,0.00377992197,0.00380118008,opposite_break,-6.626766696191912,0.0
1787924880000,1787925000000,1,0.00380118008,0.0037922207400000003,confirmed_pivot,-3.355810601322454,0.0
1787925000000,1787925300000,-1,0.0037922207400000003,0.0038099809599999998,opposite_break,-5.685671359415503,0.0
1787925300000,1787925600000,1,0.0038099809599999998,0.0037970202599999997,confirmed_pivot,-4.400074642367775,0.0
1787925600000,1787926140000,-1,0.0037970202599999997,0.0037592758899999998,confirmed_pivot,8.945493992439213,0.0
1787926140000,1787926260000,1,0.0037592758899999998,0.0037447254899999997,opposite_break,-4.868597364371688,0.0
1787926260000,1787926500000,-1,0.0037447254899999997,0.00374697466,confirmed_pivot,-1.6009237769255986,0.0
1787926500000,1787928420000,1,0.00374697466,0.00380531943,confirmed_pivot,14.563381903148514,0.0
1787928420000,1787928900000,-1,0.00380531943,0.00381788175,opposite_break,-4.302903052214946,0.0
1787928900000,1787929140000,1,0.00381788175,0.00381791817,confirmed_pivot,-0.9904654485435047,0.0
1787929140000,1787930280000,-1,0.00381791817,0.00379157912,confirmed_pivot,5.902248385538347,0.0
1787930280000,1787930580000,1,0.00379157912,0.0038038195800000002,confirmed_pivot,2.226713562553869,0.0
1787930580000,1787930760000,-1,0.0038038195800000002,0.0038253824999999997,opposite_break,-6.671589045240547,0.0
1787930760000,1787930880000,1,0.0038253824999999997,0.0038111188499999997,confirmed_pivot,-4.7268216119564626,0.0
1787930880000,1787932020000,-1,0.0038111188499999997,0.0037668766499999997,confirmed_pivot,10.614521310454531,0.0
1787932020000,1787933580000,1,0.0037668766499999997,0.0036893310300000004,opposite_break,-21.674899240462068,-0.09900722392914035
1787933580000,1787934480000,-1,0.0036893310300000004,0.0036632662900000002,confirmed_pivot,6.068428438095509,0.0
1787934480000,1787935440000,1,0.0036632662900000002,0.00370282968,confirmed_pivot,9.79463112276219,0.0
1787935440000,1787936580000,-1,0.00370282968,0.00369846981,confirmed_pivot,0.17803148185843098,0.0
1787936580000,1787937360000,1,0.00369846981,0.00370222974,confirmed_pivot,0.016109425806038358,0.0
1787937360000,1787937660000,-1,0.00370222974,0.0037153715,opposite_break,-4.551462713926536,0.0
1787937660000,1787937780000,1,0.0037153715,0.00370522944,confirmed_pivot,-3.7283917557100468,0.0
1787937780000,1787938140000,-1,0.00370522944,0.00370357032,confirmed_pivot,-0.5519981726151449,0.0
1787938140000,1787938680000,1,0.00370357032,0.00368573139,opposite_break,-5.8142762238681645,0.0
1787938680000,1787939160000,-1,0.00368573139,0.0036913691,confirmed_pivot,-2.5303689439506174,0.0
1787939160000,1787939580000,1,0.0036913691,0.00369683028,confirmed_pivot,0.47870593867195665,0.0
1787939580000,1787940540000,-1,0.00369683028,0.00368706867,confirmed_pivot,1.6418553369456341,0.0
1787940540000,1787941200000,1,0.00368706867,0.00367123284,opposite_break,-5.292817276169632,0.0
1787941200000,1787942100000,-1,0.00367123284,0.0036607660399999996,confirmed_pivot,1.8524568874799239,0.0
1787942100000,1787942220000,1,0.0036607660399999996,0.00364743522,opposite_break,-4.639717601291866,0.0
1787942220000,1787942460000,-1,0.00364743522,0.00365196516,confirmed_pivot,-2.242573122381538,0.0
1787942460000,1787942700000,1,0.00365196516,0.00364633533,opposite_break,-2.5408183918709044,0.0
1787942700000,1787943120000,-1,0.00364633533,0.00364546451,confirmed_pivot,-0.7610599873160239,0.0
1787943120000,1787943900000,1,0.00364546451,0.0036682331400000002,confirmed_pivot,5.24261890976422,0.0
1787943900000,1787945220000,-1,0.0036682331400000002,0.0036929692599999998,opposite_break,-7.746705325278084,0.0
1787945220000,1787945400000,1,0.0036929692599999998,0.00368713125,confirmed_pivot,-2.580054038955018,0.0
1787945400000,1787945760000,-1,0.00368713125,0.00367726769,confirmed_pivot,1.6764688075587428,0.0
1787945760000,1787946360000,1,0.00367726769,0.00366993297,opposite_break,-2.9936140792622195,0.0
1787946360000,1787947680000,-1,0.00366993297,0.0036743674,confirmed_pivot,-2.208917778953392,0.0
1787947680000,1787949180000,1,0.0036743674,0.00366593337,opposite_break,-3.2942215808359787,0.0
1787949180000,1787949480000,-1,0.00366593337,0.0036673667000000003,confirmed_pivot,-1.3911818683710335,0.0
1787949480000,1787950560000,1,0.0036673667000000003,0.0036652334400000004,opposite_break,-1.5813962836058666,0.0
1787950560000,1787950680000,-1,0.0036652334400000004,0.00366746671,confirmed_pivot,-1.609616460063649,0.0
1787950680000,1787951040000,1,0.00366746671,0.00366323364,opposite_break,-2.153644681617276,0.0
1787951040000,1787951220000,-1,0.00366323364,0.0036669666599999998,confirmed_pivot,-2.019560005459987,0.0
1787951220000,1787951880000,1,0.0036669666599999998,0.00366973299,confirmed_pivot,-0.24598528119686192,0.0
1787951880000,1787952300000,-1,0.00366973299,0.00366676664,confirmed_pivot,-0.19126727119185255,0.0
1787952300000,1787952900000,1,0.00366676664,0.0036707328900000002,confirmed_pivot,0.08113421556602796,0.0
1787952900000,1787953860000,-1,0.0036707328900000002,0.0036521651800000003,confirmed_pivot,4.060840549201583,0.0
1787953860000,1787955120000,1,0.0036521651800000003,0.00366103386,confirmed_pivot,1.4271206868030726,0.0
1787955120000,1787956020000,-1,0.00366103386,0.00366946691,opposite_break,-3.3046130813441215,0.0
1787956020000,1787957760000,1,0.00366946691,0.00368993097,confirmed_pivot,4.574059794423976,0.0
1787957760000,1787958660000,-1,0.00368993097,0.00369146911,opposite_break,-1.4170563304603017,0.0
1787958660000,1787958960000,1,0.00369146911,0.003689631,confirmed_pivot,-1.4976855799831126,0.0
1787958960000,1787959680000,-1,0.003689631,0.00369596956,opposite_break,-2.718797700908237,0.0
1787959680000,1787960940000,1,0.00369596956,0.0036895310099999998,opposite_break,-2.7411752506425064,0.0
1787960940000,1787961060000,-1,0.0036895310099999998,0.00369366933,confirmed_pivot,-2.1221993117223703,0.0
1787961060000,1787962380000,1,0.00369366933,0.0036966303000000003,confirmed_pivot,-0.28617541825265963,-0.08740835238762427
1787962380000,1787962980000,-1,0.0036966303000000003,0.00370427039,opposite_break,-3.0678048451314712,0.0
1787962980000,1787963040000,1,0.00370427039,0.00369813015,confirmed_pivot,-2.656782371116355,0.0
1787963040000,1787963820000,-1,0.00369813015,0.0036940693699999997,confirmed_pivot,0.09861206209848872,0.0
1787963820000,1787965080000,1,0.0036940693699999997,0.00368503146,opposite_break,-3.4453766673579733,0.0
1787965080000,1787965380000,-1,0.00368503146,0.00368506847,confirmed_pivot,-1.010048355190976,0.0
1787965380000,1787965500000,1,0.00368506847,0.00367943202,opposite_break,-2.5287726187078885,0.0
1787965500000,1787965800000,-1,0.00367943202,0.00368096806,confirmed_pivot,-1.4176753400106952,0.0
1787965800000,1787966640000,1,0.00368096806,0.00367403256,opposite_break,-2.8832090192056032,0.0
1787966640000,1787966760000,-1,0.00367403256,0.00367726769,confirmed_pivot,-1.8809795537031886,0.0
1787966760000,1787967960000,1,0.00367726769,0.00367703226,confirmed_pivot,-1.0639910675091273,0.0
1787967960000,1787968320000,-1,0.00367703226,0.0036823681999999997,opposite_break,-2.451879557347068,0.0
1787968320000,1787969700000,1,0.0036823681999999997,0.00367203276,opposite_break,-3.8053338826898813,0.0
1787969700000,1787970600000,-1,0.00367203276,0.00366306627,confirmed_pivot,1.4430537065796178,0.0
1787970600000,1787970900000,1,0.00366306627,0.0036588340800000002,opposite_break,-2.1547904387216983,0.0
1787970900000,1787971020000,-1,0.0036588340800000002,0.0036628662499999997,confirmed_pivot,-2.10258787274647,0.0
1787971020000,1787971380000,1,0.0036628662499999997,0.00366653331,confirmed_pivot,0.0006443642326171561,0.0
1787971380000,1787971680000,-1,0.00366653331,0.00366546651,confirmed_pivot,-0.7088984853652054,0.0
1787971680000,1787972640000,1,0.00366546651,0.00367373259,confirmed_pivot,1.2539960295531232,0.0
1787972640000,1787973660000,-1,0.00367373259,0.00367306727,confirmed_pivot,-0.8188075360161213,0.0
1787973660000,1787973840000,1,0.00367306727,0.00367213275,confirmed_pivot,-1.2542977493576557,0.0
1787973840000,1787975940000,-1,0.00367213275,0.0036314631099999997,confirmed_pivot,10.080747236057892,0.0
1787975940000,1787977740000,1,0.0036314631099999997,0.0036468352800000004,confirmed_pivot,3.2309348737954453,0.0
1787977740000,1787979120000,-1,0.0036468352800000004,0.00365256522,opposite_break,-2.571994491069968,0.0
1787979120000,1787979480000,1,0.00365256522,0.00365073489,confirmed_pivot,-1.5008575411556804,0.0
1787979480000,1787979780000,-1,0.00365073489,0.00365056502,confirmed_pivot,-0.953446377203264,0.0
1787979780000,1787980560000,1,0.00365056502,0.00365373459,confirmed_pivot,-0.13219318170100536,0.0
1787980560000,1787981760000,-1,0.00365373459,0.00365356532,confirmed_pivot,-0.9536488951706427,0.0
1787981760000,1787982120000,1,0.00365356532,0.00365753421,confirmed_pivot,0.08576286655795706,0.0
1787982120000,1787982300000,-1,0.00365753421,0.00366256622,opposite_break,-2.3764809065175703,0.0
1787982300000,1787982540000,1,0.00366256622,0.00366013395,confirmed_pivot,-1.663756972290297,0.0
1787982540000,1787983080000,-1,0.00366013395,0.00365306527,confirmed_pivot,0.932228283612448,0.0
1787983080000,1787983380000,1,0.00365306527,0.00364393557,opposite_break,-3.497939258008354,0.0
1787983380000,1787983800000,-1,0.00364393557,0.0036444644099999997,confirmed_pivot,-1.1452013653467952,0.0
1787983800000,1787986440000,1,0.0036444644099999997,0.00362803716,confirmed_pivot,-5.505198714507331,0.0
1787986440000,1787987160000,-1,0.00362803716,0.00363356332,opposite_break,-2.523943343513011,0.0
1787987160000,1787987280000,1,0.00363356332,0.00362653731,confirmed_pivot,-2.9326750015188345,0.0
1787987280000,1787987880000,-1,0.00362653731,0.0036242623900000002,confirmed_pivot,-0.3723882410574678,0.0
1787987880000,1787988240000,1,0.0036242623900000002,0.0036232376399999997,confirmed_pivot,-1.28260581458633,0.0
1787988240000,1787989200000,-1,0.0036232376399999997,0.00362826279,opposite_break,-2.3876160148856123,0.0
1787989200000,1787989320000,1,0.00362826279,0.00362443752,confirmed_pivot,-2.0537707950862227,0.0
1787989320000,1787989620000,-1,0.00362443752,0.00362526249,confirmed_pivot,-1.2277270557004913,0.0
1787989620000,1787989860000,1,0.00362526249,0.00361913805,opposite_break,-2.6885336708405143,0.0
1787989860000,1787990760000,-1,0.00361913805,0.00361446141,confirmed_pivot,0.3928427847619527,0.09999950126246221
1787990760000,1787991720000,1,0.00361446141,0.0036133386300000003,confirmed_pivot,-1.310480174693465,0.0
1787991720000,1787991900000,-1,0.0036133386300000003,0.00362266223,opposite_break,-3.5816184850628447,0.0
1787991900000,1787992140000,1,0.00362266223,0.0036198379800000003,confirmed_pivot,-1.7792164148297271,0.0
1787992140000,1787992500000,-1,0.0036198379800000003,0.00361686165,confirmed_pivot,-0.1773614782061499,0.0
1787992500000,1787993040000,1,0.00361686165,0.00361203876,opposite_break,-2.332779359973508,0.0
1787993040000,1787993580000,-1,0.00361203876,0.00360856082,confirmed_pivot,-0.03664406690914335,0.0
1787993580000,1787993700000,1,0.00360856082,0.00360393957,opposite_break,-2.2799948803412695,0.0
1787993700000,1787993820000,-1,0.00360393957,0.00361026099,confirmed_pivot,-2.7549075358109185,0.0
1787993820000,1787994240000,1,0.00361026099,0.00361293867,confirmed_pivot,-0.2586848520334095,0.0
1787994240000,1787994360000,-1,0.00361293867,0.00362316228,opposite_break,-3.8311362963157927,0.0
1787994360000,1787995260000,1,0.00362316228,0.0036144385200000003,confirmed_pivot,-3.406571234231204,0.0
1787995260000,1787995740000,-1,0.0036144385200000003,0.00361526149,confirmed_pivot,-1.2278034279580836,0.0
1787995740000,1787996520000,1,0.00361526149,0.0036208378800000004,confirmed_pivot,0.5416870454370284,0.0
1787996520000,1787997540000,-1,0.0036208378800000004,0.00362756272,opposite_break,-2.8581893591987417,0.0
1787997540000,1787997600000,1,0.00362756272,0.0036230376600000004,confirmed_pivot,-2.246786842599313,0.0
1787997600000,1787998620000,-1,0.0036230376600000004,0.00362976294,opposite_break,-2.8571826382836187,0.0
1787998620000,1787998920000,1,0.00362976294,0.00363023694,confirmed_pivot,-0.8694782530343774,0.0
1787998920000,1787999700000,-1,0.00363023694,0.00363326329,opposite_break,-1.834067644906963,0.0
1787999700000,1787999880000,1,0.00363326329,0.00362993697,confirmed_pivot,-1.9150608074979703,0.0
1787999880000,1788001380000,-1,0.00362993697,0.00362556252,confirmed_pivot,0.2057061213930853,0.0
1788001380000,1788001620000,1,0.00362556252,0.0036246375,opposite_break,-1.2550107700251798,0.0
1788001620000,1788001860000,-1,0.0036246375,0.00362786275,confirmed_pivot,-1.8902580258025243,0.0
1788001860000,1788002340000,1,0.00362786275,0.0036306369000000003,confirmed_pivot,-0.2357034661798162,0.0
1788002340000,1788003180000,-1,0.0036306369000000003,0.00363226319,confirmed_pivot,-1.4481591494317447,0.0
1788003180000,1788004680000,1,0.00363226319,0.00362013795,opposite_break,-4.336536133550359,0.0
1788004680000,1788004800000,-1,0.00362013795,0.0036214621099999998,confirmed_pivot,-1.3659590044075045,0.0
1788004800000,1788006120000,1,0.0036214621099999998,0.0036326367,confirmed_pivot,2.0841141963515737,0.0
1788006120000,1788006540000,-1,0.0036326367,0.00361676164,confirmed_pivot,3.372305529479461,0.0
1788006540000,1788006840000,1,0.00361676164,0.00361183878,opposite_break,-2.3604431421696117,0.0
1788006840000,1788007020000,-1,0.00361183878,0.0036139613599999996,confirmed_pivot,-1.587966800112726,0.0
1788007020000,1788008400000,1,0.0036139613599999996,0.00361523844,confirmed_pivot,-0.6468026819189354,0.0
1788008400000,1788009360000,-1,0.00361523844,0.0036193618999999996,opposite_break,-2.1411478934151402,0.0
1788009360000,1788009600000,1,0.0036193618999999996,0.00361803816,confirmed_pivot,-1.3655556328864953,0.0
1788009600000,1788010500000,-1,0.00361803816,0.00362066203,confirmed_pivot,-1.725581604976826,0.0
1788010500000,1788010800000,1,0.00362066203,0.00362233773,confirmed_pivot,-0.537415495806486,0.0
1788010800000,1788011340000,-1,0.00362233773,0.0036247624399999997,opposite_break,-1.669711809285041,0.0
1788011340000,1788012000000,1,0.0036247624399999997,0.00362673729,confirmed_pivot,-0.45545049981257646,0.0
1788012000000,1788012120000,-1,0.00362673729,0.00362986295,opposite_break,-1.8622689155409033,0.0
1788012120000,1788012660000,1,0.00362986295,0.00363303666,confirmed_pivot,-0.1261038808641035,0.0
1788012660000,1788012840000,-1,0.00363303666,0.0036402639900000003,opposite_break,-2.990330498068868,0.0
1788012840000,1788012960000,1,0.0036402639900000003,0.0036356364,confirmed_pivot,-2.270588127044145,0.0
1788012960000,1788013500000,-1,0.0036356364,0.00364326429,opposite_break,-3.0991383915619233,0.0
1788013500000,1788013740000,1,0.00364326429,0.00363743622,confirmed_pivot,-2.5988837211148295,0.0
1788013740000,1788014520000,-1,0.00363743622,0.0036498649499999997,opposite_break,-4.418601348012029,0.0
1788014520000,1788015180000,1,0.0036498649499999997,0.0036682331400000002,confirmed_pivot,4.030050743384487,0.0
1788015180000,1788017040000,-1,0.0036682331400000002,0.00365116508,confirmed_pivot,3.6552640953459274,0.0
1788017040000,1788017400000,1,0.00365116508,0.0036415358100000002,opposite_break,-3.6359956764814196,0.0
1788017400000,1788017700000,-1,0.0036415358100000002,0.0036355635199999997,confirmed_pivot,0.6408670563095458,0.0
1788017700000,1788017940000,1,0.0036355635199999997,0.00363553641,opposite_break,-1.0074531623091159,0.0
1788017940000,1788018060000,-1,0.00363553641,0.00363766373,confirmed_pivot,-1.5854386863367416,0.0
1788018060000,1788018720000,1,0.00363766373,0.00364433553,confirmed_pivot,0.8331722212267358,0.0
1788018720000,1788019380000,-1,0.00364433553,0.00365016498,opposite_break,-2.5003982701340624,0.099993537093441
1788019380000,1788020220000,1,0.00365016498,0.0036544345200000003,confirmed_pivot,0.16909927452110174,0.0
1788020220000,1788020880000,-1,0.0036544345200000003,0.0036383638,confirmed_pivot,3.3997929835667513,0.0
1788020880000,1788022320000,1,0.0036383638,0.00364233573,confirmed_pivot,0.0911344365838117,0.0
1788022320000,1788022860000,-1,0.00364233573,0.00363466343,confirmed_pivot,1.1074762786900856,0.0
1788022860000,1788023640000,1,0.00363466343,0.00363633633,confirmed_pivot,-0.5399674324177581,0.0
1788023640000,1788024660000,-1,0.00363633633,0.0036279627599999998,confirmed_pivot,1.3039004164392605,0.0
1788024660000,1788025740000,1,0.0036279627599999998,0.00363103686,confirmed_pivot,-0.15308861935504559,0.0
1788025740000,1788026280000,-1,0.00363103686,0.00363026299,confirmed_pivot,-0.7867669856152568,0.0
1788026280000,1788028140000,1,0.00363026299,0.0036427356899999997,confirmed_pivot,2.4340387140931963,0.0
1788028140000,1788028740000,-1,0.0036427356899999997,0.00365066503,opposite_break,-3.1778425186813957,0.0
1788028740000,1788028980000,1,0.00365066503,0.003649635,confirmed_pivot,-1.2820075182301331,0.0
1788028980000,1788029220000,-1,0.003649635,0.0036521651800000003,opposite_break,-1.6936159615962425,0.0
1788029220000,1788031320000,1,0.0036521651800000003,0.0036557343899999996,confirmed_pivot,-0.023202615660635972,0.0
1788031320000,1788032520000,-1,0.0036557343899999996,0.00365496546,confirmed_pivot,-0.7895595295150252,0.0
1788032520000,1788034140000,1,0.00365496546,0.0036552344400000002,confirmed_pivot,-0.9264437617967795,0.0
1788034140000,1788034680000,-1,0.0036552344400000002,0.00365996596,opposite_break,-2.295097711981413,0.0
1788034680000,1788034920000,1,0.00365996596,0.00365493447,confirmed_pivot,-2.3740494611047516,0.0
1788034920000,1788037620000,-1,0.00365493447,0.00364466443,confirmed_pivot,1.8113157990490585,0.0
1788037620000,1788038100000,1,0.00364466443,0.00365193477,confirmed_pivot,0.9937925615828784,0.0
1788038100000,1788039000000,-1,0.00365193477,0.00364696466,confirmed_pivot,0.36163304335251556,0.0
1788039000000,1788040560000,1,0.00364696466,0.0036555344100000003,confirmed_pivot,1.3486559162326541,0.0
1788040560000,1788040980000,-1,0.0036555344100000003,0.0036507650399999997,confirmed_pivot,0.30535077769946195,0.0
1788040980000,1788041940000,1,0.0036507650399999997,0.0036425357100000003,opposite_break,-3.253011422230377,0.0
1788041940000,1788042420000,-1,0.0036425357100000003,0.00364406437,confirmed_pivot,-1.4198790215840429,0.0
1788042420000,1788042900000,1,0.00364406437,0.0036486351,confirmed_pivot,0.253667381018263,0.0
1788042900000,1788043020000,-1,0.0036486351,0.003650365,opposite_break,-1.4743595625663142,0.0
1788043020000,1788043080000,1,0.003650365,0.0036487350900000002,confirmed_pivot,-1.4462827813108516,0.0
1788043080000,1788043200000,-1,0.0036487350900000002,0.00365086505,opposite_break,-1.5840448614206335,0.0
1788043200000,1788044700000,1,0.00365086505,0.00365193477,confirmed_pivot,-0.7071419717362688,0.0
1788044700000,1788046080000,-1,0.00365193477,0.00365696566,confirmed_pivot,-2.3782845976189124,0.0
1788046080000,1788046380000,1,0.00365696566,0.00365673429,confirmed_pivot,-1.0632366657223862,0.0
1788046380000,1788047220000,-1,0.00365673429,0.00365666563,confirmed_pivot,-0.981214295447163,0.0
1788047220000,1788047580000,1,0.00365666563,0.00365733423,confirmed_pivot,-0.8172472499215411,0.0
1788047580000,1788048540000,-1,0.00365733423,0.00365276524,confirmed_pivot,0.3499010985932999,0.10000863388413918
1788048540000,1788049260000,1,0.00365276524,0.0036556344,confirmed_pivot,-0.21491658193719843,0.0
1788049260000,1788049920000,-1,0.0036556344,0.00365476544,confirmed_pivot,-0.7621768522584507,0.0
1788049920000,1788050340000,1,0.00365476544,0.00365093487,confirmed_pivot,-2.0475787784071025,0.0
1788050340000,1788051840000,-1,0.00365093487,0.0036518651499999996,confirmed_pivot,-1.2549333727225402,0.0
1788051840000,1788052080000,1,0.0036518651499999996,0.00364453551,opposite_break,-3.006091374978493,0.0
1788052080000,1788052800000,-1,0.00364453551,0.0036402639900000003,confirmed_pivot,0.17262014549552096,0.0
1788052800000,1788053160000,1,0.0036402639900000003,0.00363753621,opposite_break,-1.748961096637517,0.0
1788053160000,1788053580000,-1,0.00363753621,0.00363606357,confirmed_pivot,-0.5949521228271696,0.0
1788053580000,1788054180000,1,0.00363606357,0.00363753621,confirmed_pivot,-0.5951930840417614,0.0
1788054180000,1788055140000,-1,0.00363753621,0.0036307630400000002,confirmed_pivot,0.8629523374557977,0.0
1788055140000,1788055620000,1,0.0036307630400000002,0.00363213675,confirmed_pivot,-0.6218362008555671,0.0
1788055620000,1788056520000,-1,0.00363213675,0.0036402639900000003,opposite_break,-3.238710758894328,0.0
1788056520000,1788056640000,1,0.0036402639900000003,0.00363633633,confirmed_pivot,-2.078409747420632,0.0
1788056640000,1788056940000,-1,0.00363633633,0.00363956392,confirmed_pivot,-1.8880377121221865,0.0
1788056940000,1788058860000,1,0.00363956392,0.00363473649,opposite_break,-2.3257127477513295,0.0
1788058860000,1788059640000,-1,0.00363473649,0.00363516348,confirmed_pivot,-1.1175335533057948,0.0
1788059640000,1788060120000,1,0.00363516348,0.0036361363500000002,confirmed_pivot,-0.7325062351803451,0.0
1788060120000,1788060300000,-1,0.0036361363500000002,0.00363846381,confirmed_pivot,-1.6404115538736002,0.0
1788060300000,1788060660000,1,0.00363846381,0.00363893607,confirmed_pivot,-0.8702683619656815,0.0
1788060660000,1788060780000,-1,0.00363893607,0.00364386435,opposite_break,-2.3549960881835847,0.0
1788060780000,1788061020000,1,0.00364386435,0.0036426357,confirmed_pivot,-1.3370146517665578,0.0
1788061020000,1788062400000,-1,0.0036426357,0.00363276324,confirmed_pivot,1.711606936153422,0.0
1788062400000,1788062820000,1,0.00363276324,0.0036338365800000004,confirmed_pivot,-0.704686691885748,0.0
1788062820000,1788063060000,-1,0.0036338365800000004,0.0036337633400000003,confirmed_pivot,-0.9798349159663966,0.0
1788063060000,1788064260000,1,0.0036337633400000003,0.00363593637,confirmed_pivot,-0.40228812892373844,0.0
1788064260000,1788067140000,-1,0.00363593637,0.00364456442,confirmed_pivot,-3.3741790687607405,0.0
1788067140000,1788068220000,1,0.00364456442,0.00363913605,opposite_break,-2.4886980142883175,0.0
1788068220000,1788068340000,-1,0.00363913605,0.00364276424,confirmed_pivot,-1.9974906255565759,0.0
1788068340000,1788069660000,1,0.00364276424,0.0036406359,confirmed_pivot,-1.5839729638940496,0.0
1788069660000,1788069840000,-1,0.0036406359,0.00364366433,confirmed_pivot,-1.8322568634232246,0.0
1788069840000,1788070200000,1,0.00364366433,0.00363853611,opposite_break,-2.406731088755386,0.0
1788070200000,1788070500000,-1,0.00363853611,0.00363826379,confirmed_pivot,-0.9251192920001092,0.0
1788070500000,1788071400000,1,0.00363826379,0.00364393557,confirmed_pivot,0.5581454334293832,0.0
1788071400000,1788071760000,-1,0.00364393557,0.00364576454,opposite_break,-1.5021725686001046,0.0
1788071760000,1788072240000,1,0.00364576454,0.00365153481,confirmed_pivot,0.5819411269494061,0.0
1788072240000,1788072480000,-1,0.00365153481,0.00365296526,opposite_break,-1.3919352544800518,0.0
1788072480000,1788073260000,1,0.00365296526,0.00365493447,confirmed_pivot,-0.46119788858869937,0.0
1788073260000,1788073920000,-1,0.00365493447,0.0036531652799999996,confirmed_pivot,-0.5157027822169049,0.0
1788073920000,1788074220000,1,0.0036531652799999996,0.00364623534,opposite_break,-2.8960201630953444,0.0
1788074220000,1788074820000,-1,0.00364623534,0.0036455645199999997,confirmed_pivot,-0.815931955176509,0.0
1788074820000,1788076860000,1,0.0036455645199999997,0.00363253671,opposite_break,-4.612055257219658,-0.040236400753647886
1788076860000,1788076980000,-1,0.00363253671,0.00363876384,confirmed_pivot,-2.715121982896526,0.0
1788076980000,1788078180000,1,0.00363876384,0.00363723624,confirmed_pivot,-1.419602993526405,0.0
1788078180000,1788078540000,-1,0.00363723624,0.00363976394,confirmed_pivot,-1.6952982108194883,0.0
1788078540000,1788078960000,1,0.00363976394,0.0036411358500000003,confirmed_pivot,-0.6232656656848251,0.0
1788078960000,1788081240000,-1,0.0036411358500000003,0.0036353635,opposite_break,0.5861084048814451,0.0
1788081240000,1788081540000,1,0.0036353635,0.0036296370000000002,opposite_break,-2.5744331344031774,0.0
1788081540000,1788081660000,-1,0.0036296370000000002,0.0036312630899999997,confirmed_pivot,-1.4482274797726158,0.0
1788081660000,1788081840000,1,0.0036312630899999997,0.00362443752,opposite_break,-2.8787284330311884,0.0
1788081840000,1788082380000,-1,0.00362443752,0.00362346231,confirmed_pivot,-0.73080026911324,0.0
1788082380000,1788083400000,1,0.00362346231,0.00362073789,confirmed_pivot,-1.7515071379340528,0.0
1788083400000,1788083700000,-1,0.00362073789,0.00362106207,confirmed_pivot,-1.0895790029142498,0.0
1788083700000,1788084000000,1,0.00362106207,0.00362223774,confirmed_pivot,-0.6754868758712314,0.0
1788084000000,1788084360000,-1,0.00362223774,0.00362496246,confirmed_pivot,-1.7525962003808493,0.0
1788084360000,1788084720000,1,0.00362496246,0.0036232376399999997,confirmed_pivot,-1.4755794326213378,0.0
1788084720000,1788085200000,-1,0.0036232376399999997,0.00362466243,confirmed_pivot,-1.3934333147963718,0.0
1788085200000,1788085740000,1,0.00362466243,0.0036275372099999997,confirmed_pivot,-0.20727994248009152,0.0
1788085740000,1788085920000,-1,0.0036275372099999997,0.00363356332,opposite_break,-2.662043062819503,0.0
1788085920000,1788087060000,1,0.00363356332,0.0036403359300000004,confirmed_pivot,0.862971166001461,0.0
1788087060000,1788087180000,-1,0.0036403359300000004,0.00364276424,opposite_break,-1.6673900985285426,0.0
1788087180000,1788087300000,1,0.00364276424,0.0036414358200000004,confirmed_pivot,-1.3644912770966797,0.0
1788087300000,1788087480000,-1,0.0036414358200000004,0.00364266423,opposite_break,-1.3375108791563108,0.0
1788087480000,1788088320000,1,0.00364266423,0.0036406359,confirmed_pivot,-1.5565475451465978,0.0
1788088320000,1788089400000,-1,0.0036406359,0.00364516448,opposite_break,-2.2445200273941217,0.0
1788089400000,1788089460000,1,0.00364516448,0.0036405359099999997,confirmed_pivot,-2.2691486873591873,0.0
1788089460000,1788090000000,-1,0.0036405359099999997,0.00363646361,confirmed_pivot,0.11915834666209868,0.0
1788090000000,1788090780000,1,0.00363646361,0.00363523644,opposite_break,-1.3372937409925298,0.0
1788090780000,1788091500000,-1,0.00363523644,0.00365046501,opposite_break,-5.191249877820831,0.0
1788091500000,1788092160000,1,0.00365046501,0.0036566343000000003,confirmed_pivot,0.6891561316459394,0.0
1788092160000,1788092880000,-1,0.0036566343000000003,0.00364696466,confirmed_pivot,1.6457321203819562,0.0
1788092880000,1788093300000,1,0.00364696466,0.00363353661,opposite_break,-4.680138752701822,0.0
1788093300000,1788093720000,-1,0.00363353661,0.003640364,confirmed_pivot,-2.879932536306611,0.0
1788093720000,1788094140000,1,0.003640364,0.00363333663,opposite_break,-2.9294379119780287,0.0
1788094140000,1788094620000,-1,0.00363333663,0.0036455645199999997,opposite_break,-4.367153993930794,0.0
1788094620000,1788094920000,1,0.0036455645199999997,0.0036405359099999997,confirmed_pivot,-2.3786879007150223,0.0
1788094920000,1788095880000,-1,0.0036405359099999997,0.0036383638,confirmed_pivot,-0.403056003642195,0.0
1788095880000,1788096660000,1,0.0036383638,0.0036473352299999998,confirmed_pivot,1.464554062735442,0.0
1788096660000,1788096780000,-1,0.0036473352299999998,0.00365416538,opposite_break,-2.8735774597280543,0.0
1788096780000,1788096960000,1,0.00365416538,0.0036512348400000003,confirmed_pivot,-1.8015714740309656,0.0
1788096960000,1788098580000,-1,0.0036512348400000003,0.0036783678,opposite_break,-8.43488920038889,0.0
1788098580000,1788098700000,1,0.0036783678,0.00366933303,confirmed_pivot,-3.454961848839514,0.0
1788098700000,1788099900000,-1,0.00366933303,0.0036651664800000003,confirmed_pivot,0.13607384255330524,0.0
1788099900000,1788100500000,1,0.0036651664800000003,0.0036668332799999997,confirmed_pivot,-0.5454595012013207,0.0
1788100500000,1788100860000,-1,0.0036668332799999997,0.0036661665799999996,confirmed_pivot,-0.8180900796231183,0.0
1788100860000,1788101160000,1,0.0036661665799999996,0.00366913305,confirmed_pivot,-0.1912569436491972,0.0
1788101160000,1788101340000,-1,0.00366913305,0.00367356732,opposite_break,-2.2091377103373224,0.0
1788101340000,1788101400000,1,0.00367356732,0.00366733323,confirmed_pivot,-2.6961640858129154,0.0
1788101400000,1788102180000,-1,0.00366733323,0.0036682667899999998,confirmed_pivot,-1.2546882765817733,0.0
1788102180000,1788102660000,1,0.0036682667899999998,0.00367733223,confirmed_pivot,1.4700785953467554,0.0
1788102660000,1788103020000,-1,0.00367733223,0.00366706667,confirmed_pivot,1.7929738564851174,0.0
1788103020000,1788104640000,1,0.00366706667,0.00368003196,confirmed_pivot,2.533834675277368,0.0
1788104640000,1788105480000,-1,0.00368003196,0.00367726769,confirmed_pivot,-0.24847062061930025,0.0
1788105480000,1788106020000,1,0.00367726769,0.0036806319,confirmed_pivot,-0.04356087685308378,0.04202979033054839
1788106020000,1788106380000,-1,0.0036806319,0.00368366833,confirmed_pivot,-1.82538767731707,0.0
1788106380000,1788107220000,1,0.00368366833,0.00370202976,confirmed_pivot,3.9820580033055633,0.0
1788107220000,1788108120000,-1,0.00370202976,0.00371567153,opposite_break,-4.6867858363731685,0.0
1788108120000,1788108240000,1,0.00371567153,0.00370912905,confirmed_pivot,-2.759899578636819,0.0
1788108240000,1788108420000,-1,0.00370912905,0.00372427239,opposite_break,-5.084762612937384,0.0
1788108420000,1788110640000,1,0.00372427239,0.0037346265,opposite_break,1.7787798155655778,0.0
1788110640000,1788110820000,-1,0.0037346265,0.00373687365,confirmed_pivot,-1.60200761039953,0.0
1788110820000,1788111660000,1,0.00373687365,0.0037606239,confirmed_pivot,5.352469229191144,0.0
1788111660000,1788111900000,-1,0.0037606239,0.0037768776499999997,opposite_break,-5.324249727551732,0.0
1788111900000,1788112020000,1,0.0037768776499999997,0.00377002296,confirmed_pivot,-2.814001746919062,0.0
1788112020000,1788112680000,-1,0.00377002296,0.00375457542,confirmed_pivot,3.099514494734016,0.0
1788112680000,1788113400000,1,0.00375457542,0.0037489250700000003,opposite_break,-2.5041713624705246,0.0
1788113400000,1788114540000,-1,0.0037489250700000003,0.00373667363,confirmed_pivot,2.269621422441613,0.0
1788114540000,1788115020000,1,0.00373667363,0.0037594240200000003,confirmed_pivot,5.085362827098276,0.0
1788115020000,1788115740000,-1,0.0037594240200000003,0.00375167513,confirmed_pivot,1.0622213412895298,0.0
1788115740000,1788116640000,1,0.00375167513,0.00373802616,opposite_break,-4.636281139033436,0.0
1788116640000,1788116760000,-1,0.00373802616,0.0037423742,confirmed_pivot,-2.1637730272064797,0.0
1788116760000,1788117360000,1,0.0037423742,0.00373722624,confirmed_pivot,-2.374898859659763,0.0
1788117360000,1788117540000,-1,0.00373722624,0.0037412740900000002,confirmed_pivot,-2.0836576821745076,0.0
1788117540000,1788117720000,1,0.0037412740900000002,0.0037276272,opposite_break,-4.645834607910354,0.0
1788117720000,1788117900000,-1,0.0037276272,0.003740374,confirmed_pivot,-4.421257737361706,0.0
1788117900000,1788118500000,1,0.003740374,0.00372432753,opposite_break,-5.28792595740423,0.0
1788118500000,1788118860000,-1,0.00372432753,0.0037200719699999997,confirmed_pivot,0.14320981323579995,0.0
1788118860000,1788119700000,1,0.0037200719699999997,0.0036999299700000003,opposite_break,-6.411704171948983,0.0
1788119700000,1788119820000,-1,0.0036999299700000003,0.00370547051,confirmed_pivot,-2.4982203217212877,0.0
1788119820000,1788120900000,1,0.00370547051,0.0037101289499999997,confirmed_pivot,0.2565504886449115,0.0
1788120900000,1788122880000,-1,0.0037101289499999997,0.00366666663,confirmed_pivot,10.72036113731297,0.0
1788122880000,1788123720000,1,0.00366666663,0.00362883708,opposite_break,-11.311991528119927,0.0
1788123720000,1788125520000,-1,0.00362883708,0.0036621661800000003,opposite_break,-10.189104888114839,0.0
1788125520000,1788125999999,1,0.0036621661800000003,0.0036603339299999997,sample_end,-1.5000684799619126,0.0
