timestamp,cumulative_pnl
1786311600000,0.0
1786311660000,0.0
1786311720000,0.0
1786311780000,0.0
1786311840000,0.0
1786311900000,0.0
1786311960000,0.0
1786312020000,0.0
1786312080000,1.4539596939968913
1786312140000,-0.42946719129004507
1786312200000,1.6679854764159323
1786312260000,-1.9276476682228862
1786312320000,-3.126334676550524
1786312380000,-3.126334676550524
1786312440000,-1.8542850366873673
1786312500000,-6.414716628431917
1786312560000,-8.673621996305437
1786312620000,-9.867966160979215
1786312680000,-9.867966160979215
1786312740000,-9.867966160979215
1786312800000,-20.576549425305217
1786312860000,-20.49202832969333
1786312920000,-19.773599016993032
1786312980000,-18.548043130622
1786313040000,-18.928388060875047
1786313100000,-21.421760381423198
1786313160000,-22.56279517218249
1786313220000,-21.125936546781887
1786313280000,-20.069422851634336
1786313340000,-22.393752980958862
1786313400000,-28.521532412814597
1786313460000,-40.56578853749621
1786313520000,-42.15205552621523
1786313580000,-42.15205552621523
1786313640000,-42.15205552621523
1786313700000,-42.15205552621523
1786313760000,-42.15205552621523
1786313820000,-42.15205552621523
1786313880000,-42.15205552621523
1786313940000,-42.15205552621523
1786314000000,-42.15205552621523
1786314060000,-42.15205552621523
1786314120000,-42.15205552621523
1786314180000,-42.15205552621523
1786314240000,-42.15205552621523
1786314300000,-42.15205552621523
1786314360000,-42.15205552621523
1786314420000,-42.15205552621523
1786314480000,-42.15205552621523
1786314540000,-42.15205552621523
1786314600000,-42.15205552621523
1786314660000,-42.15205552621523
1786314720000,-42.15205552621523
1786314780000,-42.15205552621523
1786314840000,-42.15205552621523
1786314900000,-42.15205552621523
1786314960000,-42.15205552621523
1786315020000,-42.15205552621523
1786315080000,-42.15205552621523
1786315140000,-42.15205552621523
1786315200000,-42.15205552621523
1786315260000,-42.15205552621523
1786315320000,-42.15205552621523
1786315380000,-42.15205552621523
1786315440000,-42.15205552621523
1786315500000,-42.15205552621523
1786315560000,-42.15205552621523
1786315620000,-42.15205552621523
1786315680000,-42.15205552621523
1786315740000,-42.15205552621523
1786315800000,-42.15205552621523
1786315860000,-42.15205552621523
1786315920000,-42.15205552621523
1786315980000,-42.15205552621523
1786316040000,-42.15205552621523
1786316100000,-42.15205552621523
1786316160000,-42.15205552621523
1786316220000,-42.15205552621523
1786316280000,-42.15205552621523
1786316340000,-42.15205552621523
1786316400000,-43.839608846875635
1786316460000,-45.87830088163143
1786316520000,-46.90428258452986
1786316580000,-46.90428258452986
1786316640000,-46.90428258452986
1786316700000,-46.90428258452986
1786316760000,-46.90428258452986
1786316820000,-46.90428258452986
1786316880000,-46.90428258452986
1786316940000,-46.90428258452986
1786317000000,-46.90428258452986
1786317060000,-46.90428258452986
1786317120000,-46.90428258452986
1786317180000,-46.90428258452986
1786317240000,-46.90428258452986
1786317300000,-46.90428258452986
1786317360000,-46.90428258452986
1786317420000,-34.195262833879674
1786317480000,-15.85856025816507
1786317540000,-1.412816521687482
1786317600000,-27.933949759245372
1786317660000,-31.154053626200245
1786317720000,-32.065485948436404
1786317780000,-32.065485948436404
1786317840000,-32.065485948436404
1786317900000,-32.065485948436404
1786317960000,-32.065485948436404
1786318020000,-32.065485948436404
1786318080000,-32.065485948436404
1786318140000,-32.065485948436404
1786318200000,-32.065485948436404
1786318260000,-32.065485948436404
1786318320000,-32.065485948436404
1786318380000,-32.065485948436404
1786318440000,-32.065485948436404
1786318500000,-32.065485948436404
1786318560000,-32.065485948436404
1786318620000,-32.065485948436404
1786318680000,-32.065485948436404
1786318740000,-32.065485948436404
1786318800000,-36.90362177855852
1786318860000,-34.693133177776396
1786318920000,-38.469384537445734
1786318980000,-38.469384537445734
1786319040000,-36.39705147421262
1786319100000,-33.67999256908475
1786319160000,-32.390540885295245
1786319220000,-33.633940723235085
1786319280000,-29.397170905069675
1786319340000,-32.06817796434787
1786319400000,-30.96293366395689
1786319460000,-40.495665754829176
1786319520000,-40.18324858655738
1786319580000,-40.18324858655738
1786319640000,-40.18324858655738
1786319700000,-40.18324858655738
1786319760000,-40.18324858655738
1786319820000,-40.18324858655738
1786319880000,-40.18324858655738
1786319940000,-40.18324858655738
1786320000000,-40.18324858655738
1786320060000,-40.18324858655738
1786320120000,-40.18324858655738
1786320180000,-40.18324858655738
1786320240000,-40.96280090957808
1786320300000,-62.641277113039955
1786320360000,-62.55747704772037
1786320420000,-62.55747704772037
1786320480000,-62.55747704772037
1786320540000,-62.55747704772037
1786320600000,-62.55747704772037
1786320660000,-62.55747704772037
1786320720000,-62.55747704772037
1786320780000,-62.55747704772037
1786320840000,-62.55747704772037
1786320900000,-62.55747704772037
1786320960000,-62.55747704772037
1786321020000,-58.18642407857099
1786321080000,-55.212026980600506
1786321140000,-49.971422569890656
1786321200000,-49.782571960495844
1786321260000,-47.75242790950007
1786321320000,-45.816709163201864
1786321380000,-45.15573203031954
1786321440000,-43.69213980750869
1786321500000,-39.065299877332386
1786321560000,-51.01010092156294
1786321620000,-52.43158814560687
1786321680000,-52.43158814560687
1786321740000,-56.17678861646726
1786321800000,-48.34921964578817
1786321860000,-49.0695480786728
1786321920000,-48.1091101681599
1786321980000,-46.14021245160875
1786322040000,-51.23053337732654
1786322100000,-52.42809167139364
1786322160000,-52.42809167139364
1786322220000,-52.42809167139364
1786322280000,-52.42809167139364
1786322340000,-52.42809167139364
1786322400000,-52.42809167139364
1786322460000,-52.42809167139364
1786322520000,-52.42809167139364
1786322580000,-52.42809167139364
1786322640000,-52.42809167139364
1786322700000,-52.42809167139364
1786322760000,-52.42809167139364
1786322820000,-52.42809167139364
1786322880000,-52.42809167139364
1786322940000,-52.42809167139364
1786323000000,-52.42809167139364
1786323060000,-52.42809167139364
1786323120000,-52.42809167139364
1786323180000,-52.42809167139364
1786323240000,-52.42809167139364
1786323300000,-52.42809167139364
1786323360000,-52.42809167139364
1786323420000,-52.42809167139364
1786323480000,-52.42809167139364
1786323540000,-49.45151588298087
1786323600000,-37.66749274309733
1786323660000,-44.33018937071071
1786323720000,-42.39104632237559
1786323780000,-39.60663579143262
1786323840000,-36.72278202724161
1786323900000,-31.203682581979713
1786323960000,-18.723556809360595
1786324020000,-29.811477316508405
1786324080000,-36.22556586100181
1786324140000,-37.504681974540716
1786324200000,-37.504681974540716
1786324260000,-37.504681974540716
1786324320000,-37.504681974540716
1786324380000,-37.504681974540716
1786324440000,-37.504681974540716
1786324500000,-37.504681974540716
1786324560000,-37.504681974540716
1786324620000,-37.504681974540716
1786324680000,-37.504681974540716
1786324740000,-37.504681974540716
1786324800000,-35.925673762298786
1786324860000,-21.41286638991628
1786324920000,-21.104083254333542
1786324980000,-13.230113296976988
1786325040000,-11.943516898716258
1786325100000,-10.965703636037912
1786325160000,-6.333956602298784
1786325220000,-14.568173551168382
1786325280000,-15.069811856704561
1786325340000,-15.069811856704561
1786325400000,-15.069811856704561
1786325460000,-15.069811856704561
1786325520000,-15.069811856704561
1786325580000,-15.069811856704561
1786325640000,-15.069811856704561
1786325700000,-15.069811856704561
1786325760000,-15.069811856704561
1786325820000,-15.069811856704561
1786325880000,-15.069811856704561
1786325940000,-15.069811856704561
1786326000000,-15.069811856704561
1786326060000,-15.069811856704561
1786326120000,-15.069811856704561
1786326180000,-15.069811856704561
1786326240000,-15.069811856704561
1786326300000,-15.069811856704561
1786326360000,-8.941600974283617
1786326420000,-5.171268994428759
1786326480000,-2.0912794897585645
1786326540000,3.6438733810067454
1786326600000,4.440422390835316
1786326660000,9.432129519094008
1786326720000,10.919021004107243
1786326780000,3.1128407077877576
1786326840000,2.2014987367124945
1786326900000,2.2014987367124945
1786326960000,2.2014987367124945
1786327020000,2.2014987367124945
1786327080000,2.2014987367124945
1786327140000,2.2014987367124945
1786327200000,2.2014987367124945
1786327260000,2.2014987367124945
1786327320000,2.2014987367124945
1786327380000,2.2014987367124945
1786327440000,2.2014987367124945
1786327500000,2.2014987367124945
1786327560000,2.2014987367124945
1786327620000,2.2014987367124945
1786327680000,2.2014987367124945
1786327740000,2.2014987367124945
1786327800000,2.2014987367124945
1786327860000,2.2014987367124945
1786327920000,2.2014987367124945
1786327980000,2.2014987367124945
1786328040000,2.2014987367124945
1786328100000,2.2014987367124945
1786328160000,2.2014987367124945
1786328220000,2.2014987367124945
1786328280000,2.2014987367124945
1786328340000,2.2014987367124945
1786328400000,2.2014987367124945
1786328460000,2.2014987367124945
1786328520000,2.2014987367124945
1786328580000,2.2014987367124945
1786328640000,2.2014987367124945
1786328700000,2.2014987367124945
1786328760000,-1.280242519474268
1786328820000,-0.8999589781100794
1786328880000,-0.3566967761612656
1786328940000,-16.32860551345699
1786329000000,-13.992578045076922
1786329060000,-14.372861586441111
1786329120000,-12.851727420984357
1786329180000,-8.994565787147723
1786329240000,-4.105205969608212
1786329300000,-8.016693823639784
1786329360000,-2.2037882627872696
1786329420000,-2.8557029051257707
1786329480000,-0.5196754367458909
1786329540000,0.13223920559279856
1786329600000,-2.2581144829822075
1786329660000,0.07791298539786062
1786329720000,4.967272802937372
1786329780000,2.957202655726743
1786329840000,1.5447209306596763
1786329900000,0.6755014075416123
1786329960000,3.6091172980652435
1786330020000,7.737910032876378
1786330080000,10.182589941646134
1786330140000,13.333510712949517
1786330200000,11.486419226323324
1786330260000,19.635352255555905
1786330320000,17.136346126591214
1786330380000,19.798330916140532
1786330440000,19.25506871419172
1786330500000,13.387836933144266
1786330560000,9.856632620476883
1786330620000,13.007553391780078
1786330680000,12.192660088856952
1786330740000,17.299324787176026
1786330800000,17.679608328540215
1786330860000,17.84258698912484
1786330920000,23.383861449002854
1786330980000,24.416059632705732
1786331040000,14.148404015872643
1786331100000,13.290091426734943
1786331160000,13.290091426734943
1786331220000,13.290091426734943
1786331280000,13.290091426734943
1786331340000,13.290091426734943
1786331400000,13.290091426734943
1786331460000,13.290091426734943
1786331520000,13.290091426734943
1786331580000,13.290091426734943
1786331640000,13.290091426734943
1786331700000,13.290091426734943
1786331760000,13.290091426734943
1786331820000,13.290091426734943
1786331880000,13.290091426734943
1786331940000,13.290091426734943
1786332000000,13.290091426734943
1786332060000,13.290091426734943
1786332120000,13.290091426734943
1786332180000,13.290091426734943
1786332240000,13.290091426734943
1786332300000,13.290091426734943
1786332360000,13.290091426734943
1786332420000,13.290091426734943
1786332480000,13.290091426734943
1786332540000,13.290091426734943
1786332600000,13.290091426734943
1786332660000,13.290091426734943
1786332720000,13.290091426734943
1786332780000,13.290091426734943
1786332840000,13.290091426734943
1786332900000,13.290091426734943
1786332960000,13.290091426734943
1786333020000,13.290091426734943
1786333080000,13.290091426734943
1786333140000,13.290091426734943
1786333200000,13.290091426734943
1786333260000,13.290091426734943
1786333320000,13.290091426734943
1786333380000,13.290091426734943
1786333440000,13.290091426734943
1786333500000,13.290091426734943
1786333560000,13.290091426734943
1786333620000,11.651727654281663
1786333680000,12.364003771515659
1786333740000,9.898432596475399
1786333800000,12.58316565374149
1786333860000,13.843346476539779
1786333920000,20.36341247275743
1786333980000,23.541259765031498
1786334040000,24.582278705603954
1786334100000,30.116116231805467
1786334160000,29.73258293791031
1786334220000,31.047554231265103
1786334280000,30.499649525700622
1786334340000,33.677496817974884
1786334400000,33.3530290315115
1786334460000,26.39463927084219
1786334520000,24.991608700334712
1786334580000,24.991608700334712
1786334640000,22.337464406926898
1786334700000,24.46269374713624
1786334760000,33.578809074876354
1786334820000,35.36847588768427
1786334880000,29.384277482357774
1786334940000,30.446892152462546
1786335000000,28.936860779155943
1786335060000,19.037766220812376
1786335120000,16.521047265301306
1786335180000,19.48518292401421
1786335240000,18.98183913291207
1786335300000,19.037766220812376
1786335360000,18.702203693410755
1786335420000,16.4091930895007
1786335480000,18.03107863860791
1786335540000,17.639589023306183
1786335600000,16.96846396850314
1786335660000,15.290651331495825
1786335720000,24.238985395535227
1786335780000,7.237150673860285
1786335840000,-39.12640519544374
1786335900000,-41.01829576322386
1786335960000,-41.01829576322386
1786336020000,-41.01829576322386
1786336080000,-41.01829576322386
1786336140000,-41.01829576322386
1786336200000,-41.01829576322386
1786336260000,-41.01829576322386
1786336320000,-41.01829576322386
1786336380000,-41.01829576322386
1786336440000,-41.01829576322386
1786336500000,-41.01829576322386
1786336560000,-41.01829576322386
1786336620000,-41.01829576322386
1786336680000,-41.01829576322386
1786336740000,-41.01829576322386
1786336800000,-41.01829576322386
1786336860000,-41.01829576322386
1786336920000,-41.01829576322386
1786336980000,-41.01829576322386
1786337040000,-41.01829576322386
1786337100000,-41.01829576322386
1786337160000,-41.01829576322386
1786337220000,-41.01829576322386
1786337280000,-41.01829576322386
1786337340000,-41.21383871603681
1786337400000,-38.256152942426084
1786337460000,-40.48836862062292
1786337520000,-34.405580897536744
1786337580000,-50.19850682077855
1786337640000,-52.30248262347142
1786337700000,-52.30248262347142
1786337760000,-52.30248262347142
1786337820000,-52.30248262347142
1786337880000,-52.30248262347142
1786337940000,-52.30248262347142
1786338000000,-52.30248262347142
1786338060000,-52.30248262347142
1786338120000,-52.30248262347142
1786338180000,-52.30248262347142
1786338240000,-52.30248262347142
1786338300000,-52.30248262347142
1786338360000,-52.30248262347142
1786338420000,-52.30248262347142
1786338480000,-52.30248262347142
1786338540000,-52.30248262347142
1786338600000,-52.30248262347142
1786338660000,-52.30248262347142
1786338720000,-52.30248262347142
1786338780000,-52.30248262347142
1786338840000,-52.30248262347142
1786338900000,-52.30248262347142
1786338960000,-54.91797307362786
1786339020000,-46.04368607086723
1786339080000,-56.60572090850871
1786339140000,-57.74717952595526
1786339200000,-57.74717952595526
1786339260000,-57.74717952595526
1786339320000,-57.74717952595526
1786339380000,-57.74717952595526
1786339440000,-57.74717952595526
1786339500000,-50.600863614271546
1786339560000,-58.322662288266145
1786339620000,-53.26942639131389
1786339680000,-62.80811887095412
1786339740000,-64.97957610745149
1786339800000,-64.97957610745149
1786339860000,-64.97957610745149
1786339920000,-61.823194369759435
1786339980000,-60.218196884503875
1786340040000,-61.42194499844555
1786340100000,-64.11604792012461
1786340160000,-65.3140113135942
1786340220000,-65.3140113135942
1786340280000,-65.3140113135942
1786340340000,-65.3140113135942
1786340400000,-65.3140113135942
1786340460000,-65.3140113135942
1786340520000,-65.3140113135942
1786340580000,-65.3140113135942
1786340640000,-67.03324617452435
1786340700000,-72.68670123974418
1786340760000,-74.81867061435518
1786340820000,-74.81867061435518
1786340880000,-74.81867061435518
1786340940000,-74.81867061435518
1786341000000,-74.81867061435518
1786341060000,-74.81867061435518
1786341120000,-74.81867061435518
1786341180000,-74.81867061435518
1786341240000,-74.81867061435518
1786341300000,-74.81867061435518
1786341360000,-74.81867061435518
1786341420000,-74.81867061435518
1786341480000,-74.81867061435518
1786341540000,-74.81867061435518
1786341600000,-74.81867061435518
1786341660000,-74.81867061435518
1786341720000,-74.81867061435518
1786341780000,-74.81867061435518
1786341840000,-74.81867061435518
1786341900000,-74.81867061435518
1786341960000,-74.81867061435518
1786342020000,-74.81867061435518
1786342080000,-74.81867061435518
1786342140000,-74.81867061435518
1786342200000,-74.81867061435518
1786342260000,-74.81867061435518
1786342320000,-74.81867061435518
1786342380000,-75.46530722870038
1786342440000,-70.81739072201349
1786342500000,-71.53671113376262
1786342560000,-69.98740563153359
1786342620000,-64.89683040992388
1786342680000,-18.3070006643229
1786342740000,-20.243632542109182
1786342800000,-18.583662361149592
1786342860000,19.540319461557317
1786342920000,54.56569027980599
1786342980000,57.55363660553347
1786343040000,90.31038150980397
1786343100000,127.21705186647374
1786343160000,101.8748404371563
1786343220000,100.38086727429264
1786343280000,115.04393720610283
1786343340000,139.83282524176707
1786343400000,158.20316191105388
1786343460000,151.23128715102348
1786343520000,161.96576098789586
1786343580000,168.16298299681182
1786343640000,172.58957014603754
1786343700000,157.3178444812088
1786343760000,167.9416536393507
1786343820000,163.45973415075952
1786343880000,155.32588026405716
1786343940000,158.59048828661116
1786344000000,144.59140642718472
1786344060000,141.76945711955335
1786344120000,154.77255687040395
1786344180000,164.78771029552723
1786344240000,157.70517085676607
1786344300000,176.9054926165328
1786344360000,179.28478320924148
1786344420000,197.98711391472034
1786344480000,209.6069051814381
1786344540000,192.01122126326555
1786344600000,172.53423780667237
1786344660000,180.72342403273996
1786344720000,192.61987699628418
1786344780000,194.0585178197826
1786344840000,177.45881601018596
1786344900000,191.7345595664391
1786344960000,180.22543297845215
1786345020000,157.64983851740067
1786345080000,163.0724077752023
1786345140000,139.39016652684444
1786345200000,142.93143624622513
1786345260000,164.78771029552723
1786345320000,171.1509293225393
1786345380000,147.96667912846948
1786345440000,141.88012179828394
1786345500000,147.80068211037354
1786345560000,152.28260159896445
1786345620000,179.17411853051095
1786345680000,161.46776993360788
1786345740000,155.21521558532658
1786345800000,155.4918772821531
1786345860000,161.135775897416
1786345920000,152.00593990213798
1786345980000,165.67302772537232
1786346040000,160.25045846757092
1786346100000,169.4909591415797
1786346160000,169.4909591415797
1786346220000,175.3008547749384
1786346280000,181.99606783814227
1786346340000,218.79207351608147
1786346400000,280.7089612658766
1786346460000,287.34884198971537
1786346520000,301.73525022469903
1786346580000,337.03728273977435
1786346640000,350.040382490625
1786346700000,360.60885930940145
1786346760000,349.9297178118944
1786346820000,361.43884439988136
1786346880000,363.09881458084095
1786346940000,342.51518433694116
1786347000000,340.8134673777707
1786347060000,340.8134673777707
1786347120000,340.8134673777707
1786347180000,340.8134673777707
1786347240000,340.8134673777707
1786347300000,340.8134673777707
1786347360000,340.8134673777707
1786347420000,340.8134673777707
1786347480000,340.8134673777707
1786347540000,340.8134673777707
1786347600000,337.62374348108716
1786347660000,350.2756383959347
1786347720000,360.4872568435267
1786347780000,379.6340414327619
1786347840000,371.67498587802095
1786347900000,370.135734567906
1786347960000,371.67498587802095
1786348020000,377.38147853991063
1786348080000,374.1528050601573
1786348140000,387.0674989791708
1786348200000,354.4804224625902
1786348260000,352.4005786138541
1786348320000,352.4005786138541
1786348380000,352.4005786138541
1786348440000,352.4005786138541
1786348500000,352.4005786138541
1786348560000,352.4005786138541
1786348620000,352.4005786138541
1786348680000,352.4005786138541
1786348740000,352.4005786138541
1786348800000,352.4005786138541
1786348860000,352.4005786138541
1786348920000,352.4005786138541
1786348980000,352.4005786138541
1786349040000,352.4005786138541
1786349100000,352.4005786138541
1786349160000,352.4005786138541
1786349220000,352.4005786138541
1786349280000,352.4005786138541
1786349340000,352.4005786138541
1786349400000,352.4005786138541
1786349460000,352.4005786138541
1786349520000,352.4005786138541
1786349580000,352.4005786138541
1786349640000,352.4005786138541
1786349700000,352.4005786138541
1786349760000,352.4005786138541
1786349820000,352.4005786138541
1786349880000,352.4005786138541
1786349940000,352.4005786138541
1786350000000,352.4005786138541
1786350060000,352.4005786138541
1786350120000,352.4005786138541
1786350180000,352.4005786138541
1786350240000,352.4005786138541
1786350300000,352.4005786138541
1786350360000,352.4005786138541
1786350420000,352.4005786138541
1786350480000,352.4005786138541
1786350540000,352.4005786138541
1786350600000,352.4005786138541
1786350660000,352.4005786138541
1786350720000,352.4005786138541
1786350780000,352.4005786138541
1786350840000,352.4005786138541
1786350900000,352.4005786138541
1786350960000,352.4005786138541
1786351020000,352.4005786138541
1786351080000,352.4005786138541
1786351140000,352.4005786138541
1786351200000,352.4005786138541
1786351260000,352.4005786138541
1786351320000,352.4005786138541
1786351380000,352.4005786138541
1786351440000,352.4005786138541
1786351500000,352.4005786138541
1786351560000,352.4005786138541
1786351620000,352.4005786138541
1786351680000,352.4005786138541
1786351740000,352.4005786138541
1786351800000,352.4005786138541
1786351860000,352.4005786138541
1786351920000,352.4005786138541
1786351980000,352.4005786138541
1786352040000,352.4005786138541
1786352100000,352.4005786138541
1786352160000,352.4005786138541
1786352220000,352.4005786138541
1786352280000,352.4005786138541
1786352340000,352.4005786138541
1786352400000,352.4005786138541
1786352460000,352.4005786138541
1786352520000,352.4005786138541
1786352580000,352.4005786138541
1786352640000,352.4005786138541
1786352700000,352.4005786138541
1786352760000,352.4005786138541
1786352820000,352.4005786138541
1786352880000,352.4005786138541
1786352940000,352.4005786138541
1786353000000,352.4005786138541
1786353060000,352.4005786138541
1786353120000,352.4005786138541
1786353180000,352.4005786138541
1786353240000,352.4005786138541
1786353300000,352.4005786138541
1786353360000,352.4005786138541
1786353420000,352.4005786138541
1786353480000,352.4005786138541
1786353540000,352.4005786138541
1786353600000,352.4005786138541
1786353660000,352.4005786138541
1786353720000,352.4005786138541
1786353780000,352.4005786138541
1786353840000,352.4005786138541
1786353900000,352.4005786138541
1786353960000,352.4005786138541
1786354020000,352.4005786138541
1786354080000,352.4005786138541
1786354140000,352.4005786138541
1786354200000,352.4005786138541
1786354260000,352.4005786138541
1786354320000,352.4005786138541
1786354380000,352.4005786138541
1786354440000,352.4005786138541
1786354500000,352.4005786138541
1786354560000,352.4005786138541
1786354620000,352.4005786138541
1786354680000,352.4005786138541
1786354740000,352.4005786138541
1786354800000,352.4005786138541
1786354860000,352.4005786138541
1786354920000,352.4005786138541
1786354980000,352.4005786138541
1786355040000,352.4005786138541
1786355100000,352.4005786138541
1786355160000,352.4005786138541
1786355220000,352.4005786138541
1786355280000,352.4005786138541
1786355340000,352.4005786138541
1786355400000,352.4005786138541
1786355460000,352.4005786138541
1786355520000,352.4005786138541
1786355580000,352.4005786138541
1786355640000,352.4005786138541
1786355700000,352.4005786138541
1786355760000,352.4005786138541
1786355820000,352.4005786138541
1786355880000,352.4005786138541
1786355940000,352.4005786138541
1786356000000,352.4005786138541
1786356060000,352.4005786138541
1786356120000,352.4005786138541
1786356180000,352.4005786138541
1786356240000,352.4005786138541
1786356300000,352.4005786138541
1786356360000,352.4005786138541
1786356420000,352.4005786138541
1786356480000,352.4005786138541
1786356540000,352.4005786138541
1786356600000,352.4005786138541
1786356660000,352.4005786138541
1786356720000,352.4005786138541
1786356780000,352.4005786138541
1786356840000,352.4005786138541
1786356900000,352.4005786138541
1786356960000,352.4005786138541
1786357020000,352.4005786138541
1786357080000,352.4005786138541
1786357140000,352.4005786138541
1786357200000,352.4005786138541
1786357260000,352.4005786138541
1786357320000,352.4005786138541
1786357380000,352.4005786138541
1786357440000,352.4005786138541
1786357500000,352.4005786138541
1786357560000,352.4005786138541
1786357620000,352.4005786138541
1786357680000,352.4005786138541
1786357740000,352.4005786138541
1786357800000,352.4005786138541
1786357860000,352.4005786138541
1786357920000,352.4005786138541
1786357980000,352.4005786138541
1786358040000,352.4005786138541
1786358100000,352.4005786138541
1786358160000,352.4005786138541
1786358220000,352.4005786138541
1786358280000,352.4005786138541
1786358340000,352.4005786138541
1786358400000,352.4005786138541
1786358460000,356.73660996793757
1786358520000,351.6158179580118
1786358580000,353.51881498872746
1786358640000,356.7712099139506
1786358700000,350.3356199555304
1786358760000,361.0616032195641
1786358820000,358.3974073765623
1786358880000,354.6260132611439
1786358940000,357.4286088881979
1786359000000,360.646403867408
1786359060000,379.9531737426688
1786359120000,390.40235743859853
1786359180000,399.1215438338776
1786359240000,395.21174993440724
1786359300000,392.1669546852621
1786359360000,397.42614647923995
1786359420000,412.82312245503044
1786359480000,441.81787721393476
1786359540000,460.53644800697435
1786359600000,501.1913845722636
1786359660000,496.9355912126631
1786359720000,491.88399909476334
1786359780000,495.2401938580255
1786359840000,478.3554202036757
1786359900000,494.2021954776353
1786359960000,472.2658297053855
1786360020000,478.7014196638057
1786360080000,485.6560088124212
1786360140000,474.9992254404135
1786360200000,480.4314169644564
1786360260000,453.7548585884239
1786360320000,452.4322539233105
1786360380000,452.4322539233105
1786360440000,452.4322539233105
1786360500000,452.4322539233105
1786360560000,452.4322539233105
1786360620000,452.4322539233105
1786360680000,452.4322539233105
1786360740000,452.4322539233105
1786360800000,452.4322539233105
1786360860000,452.4322539233105
1786360920000,452.4322539233105
1786360980000,452.4322539233105
1786361040000,452.4322539233105
1786361100000,452.4322539233105
1786361160000,452.4322539233105
1786361220000,452.4322539233105
1786361280000,452.4322539233105
1786361340000,452.4322539233105
1786361400000,452.4322539233105
1786361460000,452.4322539233105
1786361520000,452.4322539233105
1786361580000,452.4322539233105
1786361640000,452.4322539233105
1786361700000,452.4322539233105
1786361760000,452.4322539233105
1786361820000,452.4322539233105
1786361880000,452.4322539233105
1786361940000,452.4322539233105
1786362000000,452.4322539233105
1786362060000,452.4322539233105
1786362120000,452.4322539233105
1786362180000,452.4322539233105
1786362240000,452.4322539233105
1786362300000,452.4322539233105
1786362360000,452.4322539233105
1786362420000,452.4322539233105
1786362480000,452.4322539233105
1786362540000,452.4322539233105
1786362600000,452.4322539233105
1786362660000,452.4322539233105
1786362720000,452.4322539233105
1786362780000,452.4322539233105
1786362840000,452.4322539233105
1786362900000,452.4322539233105
1786362960000,452.4322539233105
1786363020000,452.4322539233105
1786363080000,452.4322539233105
1786363140000,452.4322539233105
1786363200000,452.4322539233105
1786363260000,452.4322539233105
1786363320000,452.4322539233105
1786363380000,452.4322539233105
1786363440000,452.4322539233105
1786363500000,452.4322539233105
1786363560000,452.4322539233105
1786363620000,452.4322539233105
1786363680000,452.4322539233105
1786363740000,452.4322539233105
1786363800000,452.4322539233105
1786363860000,452.4322539233105
1786363920000,452.4322539233105
1786363980000,452.4322539233105
1786364040000,452.4322539233105
1786364100000,452.4322539233105
1786364160000,452.4322539233105
1786364220000,452.4322539233105
1786364280000,452.4322539233105
1786364340000,452.4322539233105
1786364400000,452.4322539233105
1786364460000,452.4322539233105
1786364520000,452.4322539233105
1786364580000,452.4322539233105
1786364640000,452.4322539233105
1786364700000,452.4322539233105
1786364760000,452.4322539233105
1786364820000,452.4322539233105
1786364880000,452.4322539233105
1786364940000,452.4322539233105
1786365000000,452.4322539233105
1786365060000,452.4322539233105
1786365120000,452.4322539233105
1786365180000,452.4322539233105
1786365240000,452.4322539233105
1786365300000,452.4322539233105
1786365360000,452.4322539233105
1786365420000,452.4322539233105
1786365480000,452.4322539233105
1786365540000,452.4322539233105
1786365600000,452.4322539233105
1786365660000,452.4322539233105
1786365720000,452.4322539233105
1786365780000,452.4322539233105
1786365840000,452.4322539233105
1786365900000,452.4322539233105
1786365960000,452.4322539233105
1786366020000,452.4322539233105
1786366080000,452.4322539233105
1786366140000,452.4322539233105
1786366200000,452.4322539233105
1786366260000,452.4322539233105
1786366320000,452.4322539233105
1786366380000,452.4322539233105
1786366440000,452.4322539233105
1786366500000,452.4322539233105
1786366560000,452.4322539233105
1786366620000,452.4322539233105
1786366680000,452.4322539233105
1786366740000,452.4322539233105
1786366800000,452.4322539233105
1786366860000,452.4322539233105
1786366920000,452.4322539233105
1786366980000,452.4322539233105
1786367040000,452.4322539233105
1786367100000,452.4322539233105
1786367160000,452.4322539233105
1786367220000,452.4322539233105
1786367280000,452.4322539233105
1786367340000,452.4322539233105
1786367400000,452.4322539233105
1786367460000,452.4322539233105
1786367520000,452.4322539233105
1786367580000,452.4322539233105
1786367640000,452.4322539233105
1786367700000,452.4322539233105
1786367760000,452.4322539233105
1786367820000,452.4322539233105
1786367880000,452.4322539233105
1786367940000,452.4322539233105
1786368000000,452.4322539233105
1786368060000,452.4322539233105
1786368120000,452.4322539233105
1786368180000,452.4322539233105
1786368240000,452.4322539233105
1786368300000,452.4322539233105
1786368360000,452.4322539233105
1786368420000,452.4322539233105
1786368480000,452.4322539233105
1786368540000,452.4322539233105
1786368600000,452.4322539233105
1786368660000,452.4322539233105
1786368720000,452.4322539233105
1786368780000,452.4322539233105
1786368840000,452.4322539233105
1786368900000,452.4322539233105
1786368960000,452.4322539233105
1786369020000,452.4322539233105
1786369080000,452.4322539233105
1786369140000,452.4322539233105
1786369200000,452.4322539233105
1786369260000,452.4322539233105
1786369320000,452.4322539233105
1786369380000,452.4322539233105
1786369440000,452.4322539233105
1786369500000,470.9057507310476
1786369560000,456.3434759311626
1786369620000,448.33904673652376
1786369680000,447.2316889211926
1786369740000,447.2316889211926
1786369800000,447.2316889211926
1786369860000,447.2316889211926
1786369920000,447.2316889211926
1786369980000,447.2316889211926
1786370040000,447.2316889211926
1786370100000,436.5056170292691
1786370160000,468.48110866760817
1786370220000,468.58103207897796
1786370280000,461.12008403003216
1786370340000,455.4910651895329
1786370400000,444.466182135064
1786370460000,446.7644205965696
1786370520000,445.09903040707275
1786370580000,469.7134974078358
1786370640000,489.6648718780077
1786370700000,485.2682417777361
1786370760000,481.5044599494733
1786370820000,474.2433587232672
1786370880000,472.6766049715711
1786370940000,472.6766049715711
1786371000000,472.6766049715711
1786371060000,472.6766049715711
1786371120000,472.6766049715711
1786371180000,472.6766049715711
1786371240000,472.6766049715711
1786371300000,472.6766049715711
1786371360000,472.6766049715711
1786371420000,472.6766049715711
1786371480000,472.6766049715711
1786371540000,472.6766049715711
1786371600000,472.6766049715711
1786371660000,476.340227918305
1786371720000,471.5115553445389
1786371780000,473.4010359168821
1786371840000,544.8513938562328
1786371900000,537.0135485191053
1786371960000,540.3026443302213
1786372020000,530.750270325597
1786372080000,529.6209705387548
1786372140000,529.6209705387548
1786372200000,529.6209705387548
1786372260000,529.6209705387548
1786372320000,529.6209705387548
1786372380000,529.6209705387548
1786372440000,529.6209705387548
1786372500000,529.6209705387548
1786372560000,529.6209705387548
1786372620000,529.6209705387548
1786372680000,529.6209705387548
1786372740000,529.6209705387548
1786372800000,529.6209705387548
1786372860000,529.6209705387548
1786372920000,529.6209705387548
1786372980000,529.6209705387548
1786373040000,529.6209705387548
1786373100000,529.6209705387548
1786373160000,529.6209705387548
1786373220000,529.6209705387548
1786373280000,529.6209705387548
1786373340000,529.6209705387548
1786373400000,529.6209705387548
1786373460000,529.6209705387548
1786373520000,529.6209705387548
1786373580000,529.6209705387548
1786373640000,529.6209705387548
1786373700000,529.6209705387548
1786373760000,529.6209705387548
1786373820000,529.6209705387548
1786373880000,529.6209705387548
1786373940000,529.6209705387548
1786374000000,529.6209705387548
1786374060000,529.6209705387548
1786374120000,529.6209705387548
1786374180000,529.6209705387548
1786374240000,529.6209705387548
1786374300000,529.6209705387548
1786374360000,529.6209705387548
1786374420000,529.6209705387548
1786374480000,529.6209705387548
1786374540000,529.6209705387548
1786374600000,529.6209705387548
1786374660000,529.6209705387548
1786374720000,529.6209705387548
1786374780000,529.6209705387548
1786374840000,529.6209705387548
1786374900000,529.6209705387548
1786374960000,529.6209705387548
1786375020000,529.6209705387548
1786375080000,529.6209705387548
1786375140000,529.6209705387548
1786375200000,529.6209705387548
1786375260000,529.6209705387548
1786375320000,529.6209705387548
1786375380000,529.6209705387548
1786375440000,529.6209705387548
1786375500000,529.6209705387548
1786375560000,529.6209705387548
1786375620000,529.6209705387548
1786375680000,529.6209705387548
1786375740000,529.6209705387548
1786375800000,529.6209705387548
1786375860000,529.6209705387548
1786375920000,529.6209705387548
1786375980000,529.6209705387548
1786376040000,529.6209705387548
1786376100000,529.6209705387548
1786376160000,529.6209705387548
1786376220000,529.6209705387548
1786376280000,529.6209705387548
1786376340000,529.6209705387548
1786376400000,529.6209705387548
1786376460000,529.6209705387548
1786376520000,529.6209705387548
1786376580000,529.6209705387548
1786376640000,529.6209705387548
1786376700000,529.6209705387548
1786376760000,529.6209705387548
1786376820000,529.6209705387548
1786376880000,529.6209705387548
1786376940000,529.6209705387548
1786377000000,529.6209705387548
1786377060000,529.6209705387548
1786377120000,529.6209705387548
1786377180000,529.6209705387548
1786377240000,529.6209705387548
1786377300000,529.6209705387548
1786377360000,529.6209705387548
1786377420000,529.6209705387548
1786377480000,529.6209705387548
1786377540000,529.6209705387548
1786377600000,529.6209705387548
1786377660000,529.6209705387548
1786377720000,529.6209705387548
1786377780000,529.6209705387548
1786377840000,529.6209705387548
1786377900000,529.6209705387548
1786377960000,529.6209705387548
1786378020000,529.6209705387548
1786378080000,529.6209705387548
1786378140000,529.6209705387548
1786378200000,529.6209705387548
1786378260000,529.6209705387548
1786378320000,529.6209705387548
1786378380000,529.6209705387548
1786378440000,529.6209705387548
1786378500000,529.6209705387548
1786378560000,529.6209705387548
1786378620000,529.6209705387548
1786378680000,529.6209705387548
1786378740000,529.6209705387548
1786378800000,529.6209705387548
1786378860000,529.6209705387548
1786378920000,529.6209705387548
1786378980000,529.6209705387548
1786379040000,529.6209705387548
1786379100000,529.6209705387548
1786379160000,529.6209705387548
1786379220000,529.6209705387548
1786379280000,529.6209705387548
1786379340000,529.6209705387548
1786379400000,529.6209705387548
1786379460000,529.6209705387548
1786379520000,529.6209705387548
1786379580000,529.6209705387548
1786379640000,529.6209705387548
1786379700000,529.6209705387548
1786379760000,529.6209705387548
1786379820000,529.6209705387548
1786379880000,529.6209705387548
1786379940000,529.6209705387548
1786380000000,529.6209705387548
1786380060000,529.6209705387548
1786380120000,529.6209705387548
1786380180000,529.6209705387548
1786380240000,529.6209705387548
1786380300000,529.6209705387548
1786380360000,529.6209705387548
1786380420000,529.6209705387548
1786380480000,529.6209705387548
1786380540000,529.6209705387548
1786380600000,529.6209705387548
1786380660000,529.6209705387548
1786380720000,529.6209705387548
1786380780000,529.6209705387548
1786380840000,529.6209705387548
1786380900000,529.6209705387548
1786380960000,529.6209705387548
1786381020000,529.6209705387548
1786381080000,529.6209705387548
1786381140000,529.6209705387548
1786381200000,529.6209705387548
1786381260000,529.6209705387548
1786381320000,529.6209705387548
1786381380000,529.6209705387548
1786381440000,529.6209705387548
1786381500000,529.6209705387548
1786381560000,529.6209705387548
1786381620000,529.6209705387548
1786381680000,529.6209705387548
1786381740000,529.6209705387548
1786381800000,529.6209705387548
1786381860000,529.6209705387548
1786381920000,529.6209705387548
1786381980000,529.6209705387548
1786382040000,529.6209705387548
1786382100000,529.6209705387548
1786382160000,529.6209705387548
1786382220000,529.6209705387548
1786382280000,529.6209705387548
1786382340000,529.6209705387548
1786382400000,529.6209705387548
1786382460000,529.6209705387548
1786382520000,529.6209705387548
1786382580000,529.6209705387548
1786382640000,529.6209705387548
1786382700000,529.6209705387548
1786382760000,529.6209705387548
1786382820000,529.6209705387548
1786382880000,529.6209705387548
1786382940000,529.6209705387548
1786383000000,529.6209705387548
1786383060000,529.6209705387548
1786383120000,529.6209705387548
1786383180000,529.6209705387548
1786383240000,529.6209705387548
1786383300000,529.6209705387548
1786383360000,529.6209705387548
1786383420000,529.6209705387548
1786383480000,529.6209705387548
1786383540000,529.6209705387548
1786383600000,529.6209705387548
1786383660000,529.6209705387548
1786383720000,529.6209705387548
1786383780000,529.6209705387548
1786383840000,529.6209705387548
1786383900000,529.6209705387548
1786383960000,529.6209705387548
1786384020000,529.6209705387548
1786384080000,529.6209705387548
1786384140000,529.6209705387548
1786384200000,529.6209705387548
1786384260000,529.6209705387548
1786384320000,529.6209705387548
1786384380000,529.6209705387548
1786384440000,529.6209705387548
1786384500000,529.6209705387548
1786384560000,529.6209705387548
1786384620000,529.6209705387548
1786384680000,529.6209705387548
1786384740000,529.6209705387548
1786384800000,529.6209705387548
1786384860000,529.6209705387548
1786384920000,529.6209705387548
1786384980000,529.6209705387548
1786385040000,529.6209705387548
1786385100000,529.6209705387548
1786385160000,529.6209705387548
1786385220000,529.6209705387548
1786385280000,529.6209705387548
1786385340000,529.6209705387548
1786385400000,529.6209705387548
1786385460000,529.6209705387548
1786385520000,529.6209705387548
1786385580000,529.6209705387548
1786385640000,529.6209705387548
1786385700000,529.6209705387548
1786385760000,529.6209705387548
1786385820000,529.6209705387548
1786385880000,529.6209705387548
1786385940000,529.6209705387548
1786386000000,529.6209705387548
1786386060000,529.6209705387548
1786386120000,529.6209705387548
1786386180000,529.6209705387548
1786386240000,529.6209705387548
1786386300000,529.6209705387548
1786386360000,529.6209705387548
1786386420000,529.6209705387548
1786386480000,529.6209705387548
1786386540000,529.6209705387548
1786386600000,529.6209705387548
1786386660000,529.6209705387548
1786386720000,529.6209705387548
1786386780000,529.6209705387548
1786386840000,529.6209705387548
1786386900000,529.6209705387548
1786386960000,529.6209705387548
1786387020000,529.6209705387548
1786387080000,529.6209705387548
1786387140000,529.6209705387548
1786387200000,529.6209705387548
1786387260000,529.6209705387548
1786387320000,529.6209705387548
1786387380000,529.6209705387548
1786387440000,529.6209705387548
1786387500000,529.6209705387548
1786387560000,529.6209705387548
1786387620000,529.6209705387548
1786387680000,529.6209705387548
1786387740000,529.6209705387548
1786387800000,529.6209705387548
1786387860000,529.6209705387548
1786387920000,529.6209705387548
1786387980000,529.6209705387548
1786388040000,529.6209705387548
1786388100000,529.6209705387548
1786388160000,529.6209705387548
1786388220000,529.6209705387548
1786388280000,529.6209705387548
1786388340000,529.6209705387548
1786388400000,529.6209705387548
1786388460000,529.6209705387548
1786388520000,529.6209705387548
1786388580000,529.6209705387548
1786388640000,529.6209705387548
1786388700000,529.6209705387548
1786388760000,529.6209705387548
1786388820000,529.6209705387548
1786388880000,529.6209705387548
1786388940000,529.6209705387548
1786389000000,529.6209705387548
1786389060000,529.6209705387548
1786389120000,529.6209705387548
1786389180000,529.6209705387548
1786389240000,529.6209705387548
1786389300000,529.6209705387548
1786389360000,529.6209705387548
1786389420000,529.6209705387548
1786389480000,529.6209705387548
1786389540000,529.6209705387548
1786389600000,529.6209705387548
1786389660000,529.6209705387548
1786389720000,529.6209705387548
1786389780000,529.6209705387548
1786389840000,529.6209705387548
1786389900000,529.6209705387548
1786389960000,529.6209705387548
1786390020000,529.6209705387548
1786390080000,529.6209705387548
1786390140000,529.6209705387548
1786390200000,529.6209705387548
1786390260000,529.6209705387548
1786390320000,529.6209705387548
1786390380000,529.6209705387548
1786390440000,529.6209705387548
1786390500000,529.6209705387548
1786390560000,529.6209705387548
1786390620000,529.6209705387548
1786390680000,529.6209705387548
1786390740000,529.6209705387548
1786390800000,529.6209705387548
1786390860000,529.6209705387548
1786390920000,529.6209705387548
1786390980000,529.6209705387548
1786391040000,529.6209705387548
1786391100000,529.6209705387548
1786391160000,529.6209705387548
1786391220000,529.6209705387548
1786391280000,529.6209705387548
1786391340000,529.6209705387548
1786391400000,529.6209705387548
1786391460000,529.6209705387548
1786391520000,529.6209705387548
1786391580000,529.6209705387548
1786391640000,529.6209705387548
1786391700000,529.6209705387548
1786391760000,529.6209705387548
1786391820000,529.6209705387548
1786391880000,529.6209705387548
1786391940000,529.6209705387548
1786392000000,529.6209705387548
1786392060000,529.6209705387548
1786392120000,529.6209705387548
1786392180000,531.2079734844502
1786392240000,529.8144520076016
1786392300000,526.88805690622
1786392360000,525.8601763109438
1786392420000,525.8601763109438
1786392480000,525.8601763109438
1786392540000,525.8601763109438
1786392600000,525.8601763109438
1786392660000,525.8601763109438
1786392720000,525.8601763109438
1786392780000,525.8601763109438
1786392840000,525.8601763109438
1786392900000,525.8601763109438
1786392960000,525.8601763109438
1786393020000,525.8601763109438
1786393080000,525.8601763109438
1786393140000,525.8601763109438
1786393200000,525.8601763109438
1786393260000,525.8601763109438
1786393320000,525.8601763109438
1786393380000,525.8601763109438
1786393440000,525.8601763109438
1786393500000,525.8601763109438
1786393560000,525.8601763109438
1786393620000,525.8601763109438
1786393680000,525.8601763109438
1786393740000,525.8601763109438
1786393800000,525.8601763109438
1786393860000,525.8601763109438
1786393920000,525.8601763109438
1786393980000,525.8601763109438
1786394040000,525.8601763109438
1786394100000,525.8601763109438
1786394160000,525.8601763109438
1786394220000,525.8601763109438
1786394280000,525.8601763109438
1786394340000,525.8601763109438
1786394400000,525.8601763109438
1786394460000,525.8601763109438
1786394520000,525.8601763109438
1786394580000,525.8601763109438
1786394640000,525.8601763109438
1786394700000,525.8601763109438
1786394760000,525.8601763109438
1786394820000,525.8601763109438
1786394880000,525.8601763109438
1786394940000,525.8601763109438
1786395000000,525.8601763109438
1786395060000,525.8601763109438
1786395120000,525.8601763109438
1786395180000,525.8601763109438
1786395240000,525.8601763109438
1786395300000,525.8601763109438
1786395360000,525.8601763109438
1786395420000,525.8601763109438
1786395480000,525.8601763109438
1786395540000,525.8601763109438
1786395600000,525.8601763109438
1786395660000,525.8601763109438
1786395720000,525.8601763109438
1786395780000,525.8601763109438
1786395840000,525.8601763109438
1786395900000,525.8601763109438
1786395960000,525.8601763109438
1786396020000,525.8601763109438
1786396080000,525.8601763109438
1786396140000,525.8601763109438
1786396200000,525.8601763109438
1786396260000,525.8601763109438
1786396320000,525.8601763109438
1786396380000,525.8601763109438
1786396440000,525.8601763109438
1786396500000,525.8601763109438
1786396560000,525.8601763109438
1786396620000,525.8601763109438
1786396680000,525.8601763109438
1786396740000,525.8601763109438
1786396800000,525.8601763109438
1786396860000,525.8601763109438
1786396920000,525.8601763109438
1786396980000,525.8601763109438
1786397040000,525.8601763109438
1786397100000,525.8601763109438
1786397160000,525.8601763109438
1786397220000,525.8601763109438
1786397280000,525.8601763109438
1786397340000,525.8601763109438
1786397400000,525.8601763109438
1786397460000,525.8601763109438
1786397520000,525.8601763109438
1786397580000,525.8601763109438
1786397640000,525.8601763109438
1786397700000,525.8601763109438
1786397760000,525.8601763109438
1786397820000,525.8601763109438
1786397880000,525.8601763109438
1786397940000,525.8601763109438
1786398000000,525.8601763109438
1786398060000,525.8601763109438
1786398120000,525.8601763109438
1786398180000,525.8601763109438
1786398240000,523.6701124523864
1786398300000,523.0897067468863
1786398360000,522.1337444084156
1786398420000,523.465263379857
1786398480000,520.2218197314742
1786398540000,520.8022254369743
1786398600000,521.9288953358863
1786398660000,519.9145461226801
1786398720000,519.5048479776212
1786398780000,519.1634328567388
1786398840000,518.7878762237682
1786398900000,520.6656593886213
1786398960000,521.3826311424743
1786399020000,521.7923292875332
1786399080000,523.4994048919452
1786399140000,522.3727349930333
1786399200000,521.8606123117097
1786399260000,521.4850556787392
1786399320000,520.1876782193859
1786399380000,522.2703104567686
1786399440000,529.5424525315635
1786399500000,531.0788205755345
1786399560000,530.3618488216814
1786399620000,530.3959903337695
1786399680000,528.7571977535341
1786399740000,527.8012354150634
1786399800000,528.8254807777106
1786399860000,528.6206317051812
1786399920000,520.0852536831212
1786399980000,520.7339424127979
1786400040000,522.475159529298
1786400100000,522.2361689446803
1786400160000,520.1193951952096
1786400220000,521.3826311424743
1786400280000,521.5191971908273
1786400340000,521.0412160215919
1786400400000,522.5775840655627
1786400460000,525.0699144480042
1786400520000,523.3628388435923
1786400580000,522.8507161622687
1786400640000,518.6854516875035
1786400700000,519.6072725138858
1786400760000,516.2955458413267
1786400820000,513.5642248742676
1786400880000,512.2415755603932
1786400940000,512.2415755603932
1786401000000,512.2415755603932
1786401060000,512.2415755603932
1786401120000,512.2415755603932
1786401180000,512.2415755603932
1786401240000,512.2415755603932
1786401300000,512.2415755603932
1786401360000,512.2415755603932
1786401420000,512.2415755603932
1786401480000,512.2415755603932
1786401540000,512.2415755603932
1786401600000,512.2415755603932
1786401660000,512.2415755603932
1786401720000,512.2415755603932
1786401780000,512.2415755603932
1786401840000,512.2415755603932
1786401900000,512.2415755603932
1786401960000,512.2415755603932
1786402020000,512.2415755603932
1786402080000,512.2415755603932
1786402140000,512.2415755603932
1786402200000,512.2415755603932
1786402260000,512.2415755603932
1786402320000,512.2415755603932
1786402380000,512.2415755603932
1786402440000,512.2415755603932
1786402500000,512.2415755603932
1786402560000,512.2415755603932
1786402620000,510.9718982871958
1786402680000,512.9217417126797
1786402740000,511.3200846131751
1786402800000,508.8131430661245
1786402860000,507.29628466415795
1786402920000,507.29628466415795
1786402980000,507.29628466415795
1786403040000,507.29628466415795
1786403100000,507.29628466415795
1786403160000,507.29628466415795
1786403220000,507.29628466415795
1786403280000,507.29628466415795
1786403340000,507.29628466415795
1786403400000,507.29628466415795
1786403460000,507.29628466415795
1786403520000,507.29628466415795
1786403580000,507.29628466415795
1786403640000,507.29628466415795
1786403700000,507.29628466415795
1786403760000,507.29628466415795
1786403820000,507.29628466415795
1786403880000,507.29628466415795
1786403940000,507.29628466415795
1786404000000,507.29628466415795
1786404060000,507.29628466415795
1786404120000,507.29628466415795
1786404180000,507.29628466415795
1786404240000,507.29628466415795
1786404300000,507.29628466415795
1786404360000,507.29628466415795
1786404420000,507.29628466415795
1786404480000,507.29628466415795
1786404540000,507.29628466415795
1786404600000,507.29628466415795
1786404660000,507.29628466415795
1786404720000,507.29628466415795
1786404780000,507.29628466415795
1786404840000,511.75044455430674
1786404900000,509.62139397537345
1786404960000,510.8778828416292
1786405020000,509.44688163283803
1786405080000,508.63485092226773
1786405140000,508.63485092226773
1786405200000,508.63485092226773
1786405260000,508.63485092226773
1786405320000,508.63485092226773
1786405380000,508.63485092226773
1786405440000,508.63485092226773
1786405500000,508.63485092226773
1786405560000,508.63485092226773
1786405620000,508.63485092226773
1786405680000,508.63485092226773
1786405740000,508.63485092226773
1786405800000,508.63485092226773
1786405860000,508.63485092226773
1786405920000,508.63485092226773
1786405980000,508.63485092226773
1786406040000,508.63485092226773
1786406100000,508.63485092226773
1786406160000,508.63485092226773
1786406220000,508.63485092226773
1786406280000,508.63485092226773
1786406340000,508.63485092226773
1786406400000,508.63485092226773
1786406460000,508.63485092226773
1786406520000,508.63485092226773
1786406580000,508.63485092226773
1786406640000,508.63485092226773
1786406700000,508.63485092226773
1786406760000,508.63485092226773
1786406820000,508.63485092226773
1786406880000,508.63485092226773
1786406940000,508.63485092226773
1786407000000,508.63485092226773
1786407060000,508.63485092226773
1786407120000,508.63485092226773
1786407180000,508.63485092226773
1786407240000,508.63485092226773
1786407300000,508.63485092226773
1786407360000,508.63485092226773
1786407420000,508.63485092226773
1786407480000,508.63485092226773
1786407540000,508.63485092226773
1786407600000,508.63485092226773
1786407660000,508.63485092226773
1786407720000,508.63485092226773
1786407780000,508.63485092226773
1786407840000,508.63485092226773
1786407900000,508.63485092226773
1786407960000,508.63485092226773
1786408020000,508.63485092226773
1786408080000,508.63485092226773
1786408140000,508.63485092226773
1786408200000,508.63485092226773
1786408260000,508.63485092226773
1786408320000,508.63485092226773
1786408380000,508.63485092226773
1786408440000,508.63485092226773
1786408500000,508.63485092226773
1786408560000,508.63485092226773
1786408620000,508.63485092226773
1786408680000,508.63485092226773
1786408740000,508.63485092226773
1786408800000,508.63485092226773
1786408860000,508.63485092226773
1786408920000,508.63485092226773
1786408980000,508.63485092226773
1786409040000,508.63485092226773
1786409100000,508.63485092226773
1786409160000,508.63485092226773
1786409220000,508.63485092226773
1786409280000,508.63485092226773
1786409340000,508.63485092226773
1786409400000,508.63485092226773
1786409460000,508.63485092226773
1786409520000,508.63485092226773
1786409580000,508.63485092226773
1786409640000,508.63485092226773
1786409700000,508.63485092226773
1786409760000,508.63485092226773
1786409820000,508.63485092226773
1786409880000,508.63485092226773
1786409940000,508.7873945982628
1786410000000,514.2333236417228
1786410060000,513.5214374922509
1786410120000,517.1164625470839
1786410180000,513.4502488773036
1786410240000,515.6570959406664
1786410300000,516.9384910097159
1786410360000,519.5724697627619
1786410420000,524.5200785015916
1786410480000,522.0284769784399
1786410540000,521.9928826709663
1786410600000,511.52815627372956
1786410660000,510.15444388000526
1786410720000,510.15444388000526
1786410780000,510.15444388000526
1786410840000,510.15444388000526
1786410900000,510.15444388000526
1786410960000,510.15444388000526
1786411020000,510.15444388000526
1786411080000,510.15444388000526
1786411140000,510.15444388000526
1786411200000,510.15444388000526
1786411260000,510.15444388000526
1786411320000,510.15444388000526
1786411380000,510.15444388000526
1786411440000,510.15444388000526
1786411500000,510.15444388000526
1786411560000,510.15444388000526
1786411620000,505.86433723438944
1786411680000,510.40855287793977
1786411740000,509.0634650474489
1786411800000,509.8632470007138
1786411860000,510.9175050300174
1786411920000,510.7357364042754
1786411980000,507.6093160415127
1786412040000,506.5164536497491
1786412100000,506.5164536497491
1786412160000,506.5164536497491
1786412220000,506.5164536497491
1786412280000,509.8858740050749
1786412340000,531.5999496516066
1786412400000,531.3075041883536
1786412460000,527.2132677028122
1786412520000,521.8761379984459
1786412580000,520.3295773212288
1786412640000,520.3295773212288
1786412700000,515.1091990607533
1786412760000,521.1209198121162
1786412820000,521.9475314154287
1786412880000,526.1933091960786
1786412940000,520.2943082088037
1786413000000,511.65245962871967
1786413060000,515.3722118436255
1786413120000,503.4990633596837
1786413180000,501.5828273701868
1786413240000,499.51629836190585
1786413300000,499.96717741825796
1786413360000,503.7245028878599
1786413420000,512.7796572696002
1786413480000,515.5600781171056
1786413540000,513.2305363259525
1786413600000,515.5600781171056
1786413660000,513.7565618916967
1786413720000,519.8058558977556
1786413780000,523.1123023110052
1786413840000,514.395307221529
1786413900000,502.97303779393945
1786413960000,501.7532066751987
1786414020000,501.7532066751987
1786414080000,501.7532066751987
1786414140000,501.7532066751987
1786414200000,501.7532066751987
1786414260000,501.7532066751987
1786414320000,501.7532066751987
1786414380000,501.7532066751987
1786414440000,501.7532066751987
1786414500000,501.7532066751987
1786414560000,501.7532066751987
1786414620000,501.7532066751987
1786414680000,501.7532066751987
1786414740000,501.7532066751987
1786414800000,501.7532066751987
1786414860000,501.7532066751987
1786414920000,501.7532066751987
1786414980000,501.7532066751987
1786415040000,501.7532066751987
1786415100000,501.7532066751987
1786415160000,501.7532066751987
1786415220000,501.7532066751987
1786415280000,501.7532066751987
1786415340000,501.7532066751987
1786415400000,501.7532066751987
1786415460000,501.7532066751987
1786415520000,501.7532066751987
1786415580000,501.7532066751987
1786415640000,501.7532066751987
1786415700000,501.7532066751987
1786415760000,501.7532066751987
1786415820000,501.7532066751987
1786415880000,501.7532066751987
1786415940000,501.7532066751987
1786416000000,501.7532066751987
1786416060000,501.7532066751987
1786416120000,501.7532066751987
1786416180000,501.7532066751987
1786416240000,501.7532066751987
1786416300000,501.7532066751987
1786416360000,501.7532066751987
1786416420000,501.7532066751987
1786416480000,501.7532066751987
1786416540000,501.7532066751987
1786416600000,501.7532066751987
1786416660000,501.7532066751987
1786416720000,501.7532066751987
1786416780000,501.7532066751987
1786416840000,501.7532066751987
1786416900000,501.7532066751987
1786416960000,501.7532066751987
1786417020000,501.7532066751987
1786417080000,501.7532066751987
1786417140000,501.7532066751987
1786417200000,501.7532066751987
1786417260000,501.7532066751987
1786417320000,501.7532066751987
1786417380000,501.7532066751987
1786417440000,501.7532066751987
1786417500000,501.7532066751987
1786417560000,501.7532066751987
1786417620000,501.7532066751987
1786417680000,501.7532066751987
1786417740000,501.7532066751987
1786417800000,501.7532066751987
1786417860000,501.7532066751987
1786417920000,501.7532066751987
1786417980000,501.7532066751987
1786418040000,501.7532066751987
1786418100000,501.7532066751987
1786418160000,501.7532066751987
1786418220000,501.7532066751987
1786418280000,501.7532066751987
1786418340000,501.7532066751987
1786418400000,501.7532066751987
1786418460000,501.7532066751987
1786418520000,501.7532066751987
1786418580000,501.7532066751987
1786418640000,501.7532066751987
1786418700000,501.7532066751987
1786418760000,501.7532066751987
1786418820000,501.7532066751987
1786418880000,501.7532066751987
1786418940000,501.7532066751987
1786419000000,501.7532066751987
1786419060000,501.7532066751987
1786419120000,501.7532066751987
1786419180000,501.7532066751987
1786419240000,501.7532066751987
1786419300000,501.7532066751987
1786419360000,501.7532066751987
1786419420000,501.7532066751987
1786419480000,501.7532066751987
1786419540000,501.7532066751987
1786419600000,501.7532066751987
1786419660000,501.7532066751987
1786419720000,501.7532066751987
1786419780000,501.7532066751987
1786419840000,501.7532066751987
1786419900000,501.7532066751987
1786419960000,501.7532066751987
1786420020000,501.7532066751987
1786420080000,501.7532066751987
1786420140000,501.7532066751987
1786420200000,501.7532066751987
1786420260000,501.7532066751987
1786420320000,501.7532066751987
1786420380000,505.75850984690015
1786420440000,500.87193624963083
1786420500000,500.8011163424241
1786420560000,498.92438880144385
1786420620000,501.3676756000784
1786420680000,513.0883702428039
1786420740000,515.8149366702658
1786420800000,514.5396794130223
1786420860000,497.1888021473563
1786420920000,495.74502608231074
1786420980000,495.74502608231074
1786421040000,495.74502608231074
1786421100000,495.74502608231074
1786421160000,495.74502608231074
1786421220000,495.74502608231074
1786421280000,495.74502608231074
1786421340000,495.74502608231074
1786421400000,495.74502608231074
1786421460000,495.74502608231074
1786421520000,495.74502608231074
1786421580000,495.74502608231074
1786421640000,495.74502608231074
1786421700000,495.74502608231074
1786421760000,495.74502608231074
1786421820000,495.74502608231074
1786421880000,495.74502608231074
1786421940000,495.74502608231074
1786422000000,495.74502608231074
1786422060000,495.74502608231074
1786422120000,495.74502608231074
1786422180000,495.74502608231074
1786422240000,495.74502608231074
1786422300000,495.74502608231074
1786422360000,495.74502608231074
1786422420000,495.74502608231074
1786422480000,495.74502608231074
1786422540000,495.74502608231074
1786422600000,495.74502608231074
1786422660000,495.74502608231074
1786422720000,495.74502608231074
1786422780000,495.74502608231074
1786422840000,495.74502608231074
1786422900000,495.74502608231074
1786422960000,504.9523740216931
1786423020000,496.29125868293323
1786423080000,497.40882195245064
1786423140000,519.2711534123848
1786423200000,509.8417133258318
1786423260000,508.5495307954522
1786423320000,512.4610022387632
1786423380000,515.5692250821083
1786423440000,514.2770425517289
1786423500000,514.9056718908324
1786423560000,509.1432362823833
1786423620000,507.8912793592508
1786423680000,507.8912793592508
1786423740000,507.8912793592508
1786423800000,510.3420581660033
1786423860000,511.4473277154232
1786423920000,506.2894031514634
1786423980000,493.8634939746508
1786424040000,496.6434143565253
1786424100000,492.62425235863435
1786424160000,488.2366671776035
1786424220000,486.8299604783417
1786424280000,489.30844371037443
1786424340000,493.32760570826525
1786424400000,499.2893626718034
1786424460000,502.102776070327
1786424520000,506.155431084867
1786424580000,506.6578263346034
1786424640000,506.92577046779604
1786424700000,491.8539129757053
1786424760000,490.77251330307547
1786424820000,490.77251330307547
1786424880000,490.77251330307547
1786424940000,490.77251330307547
1786425000000,490.77251330307547
1786425060000,490.77251330307547
1786425120000,490.77251330307547
1786425180000,490.77251330307547
1786425240000,490.77251330307547
1786425300000,490.77251330307547
1786425360000,490.77251330307547
1786425420000,490.77251330307547
1786425480000,490.77251330307547
1786425540000,490.77251330307547
1786425600000,490.77251330307547
1786425660000,490.77251330307547
1786425720000,490.77251330307547
1786425780000,490.77251330307547
1786425840000,490.77251330307547
1786425900000,490.77251330307547
1786425960000,490.77251330307547
1786426020000,490.77251330307547
1786426080000,490.77251330307547
1786426140000,490.77251330307547
1786426200000,490.77251330307547
1786426260000,490.77251330307547
1786426320000,490.77251330307547
1786426380000,490.77251330307547
1786426440000,490.77251330307547
1786426500000,490.77251330307547
1786426560000,490.77251330307547
1786426620000,490.77251330307547
1786426680000,490.77251330307547
1786426740000,490.77251330307547
1786426800000,490.77251330307547
1786426860000,490.77251330307547
1786426920000,490.77251330307547
1786426980000,490.77251330307547
1786427040000,490.77251330307547
1786427100000,490.77251330307547
1786427160000,490.77251330307547
1786427220000,490.77251330307547
1786427280000,490.77251330307547
1786427340000,490.77251330307547
1786427400000,490.77251330307547
1786427460000,490.77251330307547
1786427520000,490.77251330307547
1786427580000,490.77251330307547
1786427640000,490.77251330307547
1786427700000,490.77251330307547
1786427760000,490.77251330307547
1786427820000,490.77251330307547
1786427880000,490.77251330307547
1786427940000,490.77251330307547
1786428000000,490.77251330307547
1786428060000,490.77251330307547
1786428120000,490.77251330307547
1786428180000,490.77251330307547
1786428240000,490.77251330307547
1786428300000,490.77251330307547
1786428360000,490.77251330307547
1786428420000,490.77251330307547
1786428480000,490.77251330307547
1786428540000,490.77251330307547
1786428600000,490.77251330307547
1786428660000,490.77251330307547
1786428720000,490.77251330307547
1786428780000,490.77251330307547
1786428840000,490.77251330307547
1786428900000,490.77251330307547
1786428960000,490.77251330307547
1786429020000,490.77251330307547
1786429080000,490.77251330307547
1786429140000,490.77251330307547
1786429200000,490.77251330307547
1786429260000,490.77251330307547
1786429320000,490.77251330307547
1786429380000,490.77251330307547
1786429440000,490.77251330307547
1786429500000,490.77251330307547
1786429560000,490.77251330307547
1786429620000,490.77251330307547
1786429680000,490.77251330307547
1786429740000,490.77251330307547
1786429800000,490.77251330307547
1786429860000,490.77251330307547
1786429920000,510.30221396036825
1786429980000,515.1961834456489
1786430040000,505.01036077709733
1786430100000,506.32337698046535
1786430160000,507.87512340262754
1786430220000,495.8988240931196
1786430280000,462.5163818317339
1786430340000,454.2801892833349
1786430400000,453.2365720150487
1786430460000,453.2365720150487
1786430520000,453.2365720150487
1786430580000,453.2365720150487
1786430640000,453.2365720150487
1786430700000,453.2365720150487
1786430760000,453.2365720150487
1786430820000,453.2365720150487
1786430880000,453.2365720150487
1786430940000,453.2365720150487
1786431000000,453.2365720150487
1786431060000,453.2365720150487
1786431120000,453.2365720150487
1786431180000,453.2365720150487
1786431240000,453.2365720150487
1786431300000,453.2365720150487
1786431360000,453.2365720150487
1786431420000,453.2365720150487
1786431480000,453.2365720150487
1786431540000,453.2365720150487
1786431600000,453.2365720150487
1786431660000,453.2365720150487
1786431720000,453.2365720150487
1786431780000,453.2365720150487
1786431840000,453.2365720150487
1786431900000,453.2365720150487
1786431960000,453.2365720150487
1786432020000,453.2365720150487
1786432080000,453.2365720150487
1786432140000,453.2365720150487
1786432200000,453.2365720150487
1786432260000,453.2365720150487
1786432320000,453.2365720150487
1786432380000,453.2365720150487
1786432440000,453.2365720150487
1786432500000,453.2365720150487
1786432560000,453.2365720150487
1786432620000,453.2365720150487
1786432680000,453.2365720150487
1786432740000,453.2365720150487
1786432800000,453.2365720150487
1786432860000,453.2365720150487
1786432920000,453.2365720150487
1786432980000,453.2365720150487
1786433040000,453.2365720150487
1786433100000,453.2365720150487
1786433160000,453.2365720150487
1786433220000,453.2365720150487
1786433280000,453.2365720150487
1786433340000,453.2365720150487
1786433400000,453.2365720150487
1786433460000,453.2365720150487
1786433520000,453.2365720150487
1786433580000,453.2365720150487
1786433640000,453.2365720150487
1786433700000,453.2365720150487
1786433760000,453.2365720150487
1786433820000,453.2365720150487
1786433880000,453.2365720150487
1786433940000,453.2365720150487
1786434000000,453.2365720150487
1786434060000,453.2365720150487
1786434120000,453.2365720150487
1786434180000,453.2365720150487
1786434240000,453.2365720150487
1786434300000,453.2365720150487
1786434360000,453.2365720150487
1786434420000,453.2365720150487
1786434480000,453.2365720150487
1786434540000,453.2365720150487
1786434600000,453.2365720150487
1786434660000,453.2365720150487
1786434720000,453.2365720150487
1786434780000,453.2365720150487
1786434840000,453.2365720150487
1786434900000,453.2365720150487
1786434960000,453.2365720150487
1786435020000,453.2365720150487
1786435080000,453.2365720150487
1786435140000,453.2365720150487
1786435200000,453.2365720150487
1786435260000,453.2365720150487
1786435320000,453.2365720150487
1786435380000,453.2365720150487
1786435440000,453.2365720150487
1786435500000,453.2365720150487
1786435560000,453.2365720150487
1786435620000,453.2365720150487
1786435680000,453.2365720150487
1786435740000,453.2365720150487
1786435800000,453.2365720150487
1786435860000,453.2365720150487
1786435920000,453.2365720150487
1786435980000,453.2365720150487
1786436040000,453.2365720150487
1786436100000,453.2365720150487
1786436160000,453.2365720150487
1786436220000,453.2365720150487
1786436280000,453.2365720150487
1786436340000,453.2365720150487
1786436400000,453.2365720150487
1786436460000,453.2365720150487
1786436520000,453.2365720150487
1786436580000,453.2365720150487
1786436640000,453.2365720150487
1786436700000,453.2365720150487
1786436760000,453.2365720150487
1786436820000,453.2365720150487
1786436880000,453.2365720150487
1786436940000,453.2365720150487
1786437000000,453.2365720150487
1786437060000,453.2365720150487
1786437120000,453.2365720150487
1786437180000,453.2365720150487
1786437240000,453.2365720150487
1786437300000,453.2365720150487
1786437360000,453.2365720150487
1786437420000,453.2365720150487
1786437480000,453.2365720150487
1786437540000,453.2365720150487
1786437600000,453.2365720150487
1786437660000,456.13033705854025
1786437720000,456.5277938596561
1786437780000,455.85211729775915
1786437840000,455.81237161764767
1786437900000,454.1827987330726
1786437960000,458.6740605856817
1786438020000,458.7932976260164
1786438080000,457.3624531419993
1786438140000,453.86483329218004
1786438200000,452.8257610628723
1786438260000,452.8257610628723
1786438320000,452.8257610628723
1786438380000,452.8257610628723
1786438440000,452.8257610628723
1786438500000,452.8257610628723
1786438560000,452.8257610628723
1786438620000,452.8257610628723
1786438680000,452.8257610628723
1786438740000,452.8257610628723
1786438800000,452.8257610628723
1786438860000,452.8257610628723
1786438920000,452.8257610628723
1786438980000,452.8257610628723
1786439040000,452.8257610628723
1786439100000,453.39292989558686
1786439160000,447.9306480242827
1786439220000,447.8517102835562
1786439280000,447.8517102835562
1786439340000,447.8517102835562
1786439400000,447.8517102835562
1786439460000,447.8517102835562
1786439520000,447.8517102835562
1786439580000,447.8517102835562
1786439640000,447.8517102835562
1786439700000,447.8517102835562
1786439760000,447.8517102835562
1786439820000,447.8517102835562
1786439880000,447.8517102835562
1786439940000,447.8517102835562
1786440000000,447.8517102835562
1786440060000,447.8517102835562
1786440120000,447.8517102835562
1786440180000,447.8517102835562
1786440240000,447.8517102835562
1786440300000,447.8517102835562
1786440360000,447.8517102835562
1786440420000,447.8517102835562
1786440480000,447.8517102835562
1786440540000,447.8517102835562
1786440600000,447.8517102835562
1786440660000,447.8517102835562
1786440720000,447.8517102835562
1786440780000,447.8517102835562
1786440840000,447.8517102835562
1786440900000,447.8517102835562
1786440960000,447.8517102835562
1786441020000,447.8517102835562
1786441080000,447.8517102835562
1786441140000,447.8517102835562
1786441200000,447.8517102835562
1786441260000,447.8517102835562
1786441320000,447.8517102835562
1786441380000,447.8517102835562
1786441440000,447.8517102835562
1786441500000,447.8517102835562
1786441560000,447.8517102835562
1786441620000,447.8517102835562
1786441680000,447.8517102835562
1786441740000,447.8517102835562
1786441800000,447.8517102835562
1786441860000,447.8517102835562
1786441920000,447.8517102835562
1786441980000,447.8517102835562
1786442040000,447.8517102835562
1786442100000,447.8517102835562
1786442160000,447.8517102835562
1786442220000,447.11619749141033
1786442280000,440.6526404041285
1786442340000,435.93076037629396
1786442400000,434.7440633319928
1786442460000,434.7440633319928
1786442520000,434.7440633319928
1786442580000,434.7440633319928
1786442640000,434.7440633319928
1786442700000,434.7440633319928
1786442760000,434.7440633319928
1786442820000,434.7440633319928
1786442880000,434.7440633319928
1786442940000,434.7440633319928
1786443000000,434.7440633319928
1786443060000,434.7440633319928
1786443120000,434.7440633319928
1786443180000,434.7440633319928
1786443240000,434.7440633319928
1786443300000,434.7440633319928
1786443360000,434.7440633319928
1786443420000,434.7440633319928
1786443480000,434.7440633319928
1786443540000,434.7440633319928
1786443600000,434.7440633319928
1786443660000,434.7440633319928
1786443720000,434.7440633319928
1786443780000,430.4245423363459
1786443840000,428.5374005043117
1786443900000,427.035389658407
1786443960000,418.9476389496889
1786444020000,419.9874926122383
1786444080000,421.60504275398193
1786444140000,423.9543417693715
1786444200000,426.4191800805998
1786444260000,435.85488924077094
1786444320000,438.6663454395158
1786444380000,437.0102821991592
1786444440000,436.00894163522264
1786444500000,431.6569614919601
1786444560000,430.4596655967478
1786444620000,430.4596655967478
1786444680000,430.4596655967478
1786444740000,430.4596655967478
1786444800000,430.4596655967478
1786444860000,430.4596655967478
1786444920000,430.4596655967478
1786444980000,430.4596655967478
1786445040000,430.4596655967478
1786445100000,430.4596655967478
1786445160000,430.4596655967478
1786445220000,430.4596655967478
1786445280000,430.4596655967478
1786445340000,430.4596655967478
1786445400000,430.4596655967478
1786445460000,430.4596655967478
1786445520000,430.4596655967478
1786445580000,430.4596655967478
1786445640000,430.4596655967478
1786445700000,430.4596655967478
1786445760000,430.4596655967478
1786445820000,430.4596655967478
1786445880000,430.4596655967478
1786445940000,430.4596655967478
1786446000000,430.4596655967478
1786446060000,430.4596655967478
1786446120000,430.4596655967478
1786446180000,430.4596655967478
1786446240000,430.4596655967478
1786446300000,430.4596655967478
1786446360000,430.4596655967478
1786446420000,430.4596655967478
1786446480000,430.4596655967478
1786446540000,430.4596655967478
1786446600000,430.4596655967478
1786446660000,430.4596655967478
1786446720000,430.4596655967478
1786446780000,430.4596655967478
1786446840000,430.4596655967478
1786446900000,430.4596655967478
1786446960000,430.4596655967478
1786447020000,430.4596655967478
1786447080000,430.4596655967478
1786447140000,430.4596655967478
1786447200000,430.4596655967478
1786447260000,430.4596655967478
1786447320000,430.4596655967478
1786447380000,430.4596655967478
1786447440000,430.4596655967478
1786447500000,430.4596655967478
1786447560000,430.4596655967478
1786447620000,430.4596655967478
1786447680000,430.4596655967478
1786447740000,430.4596655967478
1786447800000,430.4596655967478
1786447860000,425.6871636188989
1786447920000,430.5099872781928
1786447980000,437.47628811939506
1786448040000,443.99603121436644
1786448100000,434.30572812115565
1786448160000,447.61314895883686
1786448220000,461.94765261284914
1786448280000,465.20752416033486
1786448340000,467.0384109198816
1786448400000,485.03468809298744
1786448460000,474.540581056561
1786448520000,463.19801430229575
1786448580000,461.50179462260667
1786448640000,461.50179462260667
1786448700000,461.50179462260667
1786448760000,461.50179462260667
1786448820000,461.50179462260667
1786448880000,461.50179462260667
1786448940000,461.50179462260667
1786449000000,461.50179462260667
1786449060000,461.50179462260667
1786449120000,461.50179462260667
1786449180000,461.50179462260667
1786449240000,461.50179462260667
1786449300000,461.50179462260667
1786449360000,461.50179462260667
1786449420000,461.50179462260667
1786449480000,461.50179462260667
1786449540000,485.3770602099323
1786449600000,475.6776919693677
1786449660000,471.36567680157304
1786449720000,464.33521728886444
1786449780000,462.38863047384456
1786449840000,462.38863047384456
1786449900000,462.38863047384456
1786449960000,462.38863047384456
1786450020000,462.38863047384456
1786450080000,462.38863047384456
1786450140000,462.38863047384456
1786450200000,462.38863047384456
1786450260000,462.38863047384456
1786450320000,462.38863047384456
1786450380000,462.38863047384456
1786450440000,462.38863047384456
1786450500000,462.38863047384456
1786450560000,462.38863047384456
1786450620000,462.38863047384456
1786450680000,462.38863047384456
1786450740000,462.38863047384456
1786450800000,462.38863047384456
1786450860000,462.38863047384456
1786450920000,462.38863047384456
1786450980000,462.38863047384456
1786451040000,462.38863047384456
1786451100000,462.38863047384456
1786451160000,462.38863047384456
1786451220000,462.38863047384456
1786451280000,462.38863047384456
1786451340000,462.38863047384456
1786451400000,462.38863047384456
1786451460000,462.38863047384456
1786451520000,462.38863047384456
1786451580000,462.38863047384456
1786451640000,462.38863047384456
1786451700000,462.38863047384456
1786451760000,462.38863047384456
1786451820000,462.38863047384456
1786451880000,462.38863047384456
1786451940000,462.38863047384456
1786452000000,462.38863047384456
1786452060000,462.38863047384456
1786452120000,462.38863047384456
1786452180000,462.38863047384456
1786452240000,462.38863047384456
1786452300000,462.38863047384456
1786452360000,462.38863047384456
1786452420000,462.38863047384456
1786452480000,462.38863047384456
1786452540000,462.38863047384456
1786452600000,462.38863047384456
1786452660000,462.38863047384456
1786452720000,462.38863047384456
1786452780000,462.38863047384456
1786452840000,462.38863047384456
1786452900000,462.38863047384456
1786452960000,462.38863047384456
1786453020000,462.38863047384456
1786453080000,462.38863047384456
1786453140000,462.38863047384456
1786453200000,462.38863047384456
1786453260000,462.38863047384456
1786453320000,462.38863047384456
1786453380000,462.38863047384456
1786453440000,462.38863047384456
1786453500000,462.38863047384456
1786453560000,462.38863047384456
1786453620000,462.38863047384456
1786453680000,462.38863047384456
1786453740000,462.38863047384456
1786453800000,462.38863047384456
1786453860000,462.38863047384456
1786453920000,462.38863047384456
1786453980000,462.38863047384456
1786454040000,462.38863047384456
1786454100000,462.38863047384456
1786454160000,462.38863047384456
1786454220000,462.38863047384456
1786454280000,462.38863047384456
1786454340000,462.38863047384456
1786454400000,462.38863047384456
1786454460000,462.38863047384456
1786454520000,462.38863047384456
1786454580000,462.38863047384456
1786454640000,462.38863047384456
1786454700000,462.38863047384456
1786454760000,462.38863047384456
1786454820000,462.38863047384456
1786454880000,462.38863047384456
1786454940000,462.8330381077202
1786455000000,463.4438329461318
1786455060000,458.6514426755184
1786455120000,456.74234837074994
1786455180000,456.74234837074994
1786455240000,456.74234837074994
1786455300000,456.74234837074994
1786455360000,456.74234837074994
1786455420000,456.74234837074994
1786455480000,456.74234837074994
1786455540000,456.74234837074994
1786455600000,456.74234837074994
1786455660000,456.74234837074994
1786455720000,456.74234837074994
1786455780000,456.74234837074994
1786455840000,456.74234837074994
1786455900000,456.74234837074994
1786455960000,456.74234837074994
1786456020000,456.74234837074994
1786456080000,456.74234837074994
1786456140000,456.74234837074994
1786456200000,456.74234837074994
1786456260000,456.74234837074994
1786456320000,456.74234837074994
1786456380000,456.74234837074994
1786456440000,456.74234837074994
1786456500000,456.74234837074994
1786456560000,456.74234837074994
1786456620000,456.74234837074994
1786456680000,456.74234837074994
1786456740000,456.74234837074994
1786456800000,456.74234837074994
1786456860000,456.74234837074994
1786456920000,456.74234837074994
1786456980000,456.74234837074994
1786457040000,463.05621369519685
1786457100000,463.48152909137326
1786457160000,470.42834722891985
1786457220000,460.5043213181389
1786457280000,460.35074429515095
1786457340000,460.35074429515095
1786457400000,460.35074429515095
1786457460000,460.35074429515095
1786457520000,460.35074429515095
1786457580000,460.35074429515095
1786457640000,460.35074429515095
1786457700000,460.35074429515095
1786457760000,460.35074429515095
1786457820000,460.35074429515095
1786457880000,460.35074429515095
1786457940000,460.35074429515095
1786458000000,460.35074429515095
1786458060000,460.35074429515095
1786458120000,458.249452235544
1786458180000,470.81954663951433
1786458240000,464.13130773023204
1786458300000,450.65996127465615
1786458360000,449.44933059687503
1786458420000,449.44933059687503
1786458480000,449.44933059687503
1786458540000,449.44933059687503
1786458600000,449.44933059687503
1786458660000,449.44933059687503
1786458720000,449.44933059687503
1786458780000,449.44933059687503
1786458840000,449.44933059687503
1786458900000,449.44933059687503
1786458960000,449.44933059687503
1786459020000,449.44933059687503
1786459080000,449.44933059687503
1786459140000,449.44933059687503
1786459200000,449.44933059687503
1786459260000,449.44933059687503
1786459320000,449.44933059687503
1786459380000,449.44933059687503
1786459440000,449.44933059687503
1786459500000,449.44933059687503
1786459560000,449.44933059687503
1786459620000,449.44933059687503
1786459680000,449.44933059687503
1786459740000,449.44933059687503
1786459800000,449.44933059687503
1786459860000,449.44933059687503
1786459920000,449.44933059687503
1786459980000,449.44933059687503
1786460040000,449.44933059687503
1786460100000,449.44933059687503
1786460160000,449.44933059687503
1786460220000,449.44933059687503
1786460280000,449.44933059687503
1786460340000,449.44933059687503
1786460400000,449.44933059687503
1786460460000,449.44933059687503
1786460520000,449.44933059687503
1786460580000,449.44933059687503
1786460640000,449.44933059687503
1786460700000,449.44933059687503
1786460760000,449.44933059687503
1786460820000,449.44933059687503
1786460880000,449.44933059687503
1786460940000,449.44933059687503
1786461000000,449.44933059687503
1786461060000,449.44933059687503
1786461120000,449.44933059687503
1786461180000,449.44933059687503
1786461240000,449.44933059687503
1786461300000,449.44933059687503
1786461360000,449.44933059687503
1786461420000,449.44933059687503
1786461480000,449.44933059687503
1786461540000,449.44933059687503
1786461600000,449.44933059687503
1786461660000,449.44933059687503
1786461720000,449.44933059687503
1786461780000,449.44933059687503
1786461840000,449.44933059687503
1786461900000,449.44933059687503
1786461960000,449.44933059687503
1786462020000,449.44933059687503
1786462080000,449.44933059687503
1786462140000,449.44933059687503
1786462200000,449.44933059687503
1786462260000,449.44933059687503
1786462320000,449.44933059687503
1786462380000,449.44933059687503
1786462440000,449.44933059687503
1786462500000,449.44933059687503
1786462560000,449.44933059687503
1786462620000,449.44933059687503
1786462680000,449.44933059687503
1786462740000,449.44933059687503
1786462800000,449.44933059687503
1786462860000,449.44933059687503
1786462920000,449.44933059687503
1786462980000,449.44933059687503
1786463040000,449.44933059687503
1786463100000,449.44933059687503
1786463160000,442.90115203793556
1786463220000,456.0997691957551
1786463280000,448.8871419756826
1786463340000,452.1745298923143
1786463400000,448.54368353663153
1786463460000,454.4315424917928
1786463520000,462.42921757255334
1786463580000,463.2633309245345
1786463640000,477.7867163472654
1786463700000,470.3778271620209
1786463760000,474.2540009741686
1786463820000,480.48531836838094
1786463880000,479.7493359989857
1786463940000,489.70963073146675
1786464000000,477.7367049223657
1786464060000,477.14791902684965
1786464120000,484.262415264336
1786464180000,494.5171029445751
1786464240000,513.1129241446256
1786464300000,507.47039264592945
1786464360000,516.2531155873783
1786464420000,517.3816218871175
1786464480000,524.4961181246039
1786464540000,524.0054632116737
1786464600000,528.6666848845098
1786464660000,527.6363095673565
1786464720000,532.1012692750204
1786464780000,529.0592088148538
1786464840000,502.8582364643867
1786464900000,502.7057678740289
1786464960000,502.7057678740289
1786465020000,502.7057678740289
1786465080000,502.7057678740289
1786465140000,502.7057678740289
1786465200000,502.7057678740289
1786465260000,502.7057678740289
1786465320000,502.7057678740289
1786465380000,502.7057678740289
1786465440000,502.7057678740289
1786465500000,502.7057678740289
1786465560000,502.7057678740289
1786465620000,502.7057678740289
1786465680000,502.7057678740289
1786465740000,502.7057678740289
1786465800000,502.7057678740289
1786465860000,502.7057678740289
1786465920000,502.7057678740289
1786465980000,502.7057678740289
1786466040000,502.7057678740289
1786466100000,502.7057678740289
1786466160000,502.7057678740289
1786466220000,502.7057678740289
1786466280000,502.7057678740289
1786466340000,502.7057678740289
1786466400000,502.7057678740289
1786466460000,502.7057678740289
1786466520000,502.7057678740289
1786466580000,502.7057678740289
1786466640000,502.7057678740289
1786466700000,502.7057678740289
1786466760000,502.7057678740289
1786466820000,502.7057678740289
1786466880000,502.7057678740289
1786466940000,502.7057678740289
1786467000000,502.7057678740289
1786467060000,502.7057678740289
1786467120000,502.7057678740289
1786467180000,502.7057678740289
1786467240000,502.7057678740289
1786467300000,502.7057678740289
1786467360000,502.7057678740289
1786467420000,502.7057678740289
1786467480000,502.7057678740289
1786467540000,502.7057678740289
1786467600000,502.7057678740289
1786467660000,502.7057678740289
1786467720000,502.7057678740289
1786467780000,502.7057678740289
1786467840000,507.7295933049847
1786467900000,507.82248562496915
1786467960000,502.3418387458901
1786468020000,492.2165758675915
1786468080000,491.90957924405996
1786468140000,491.90957924405996
1786468200000,491.90957924405996
1786468260000,491.90957924405996
1786468320000,491.90957924405996
1786468380000,491.90957924405996
1786468440000,491.90957924405996
1786468500000,491.90957924405996
1786468560000,491.90957924405996
1786468620000,491.90957924405996
1786468680000,491.90957924405996
1786468740000,491.90957924405996
1786468800000,491.90957924405996
1786468860000,491.90957924405996
1786468920000,491.90957924405996
1786468980000,491.90957924405996
1786469040000,491.90957924405996
1786469100000,491.90957924405996
1786469160000,491.90957924405996
1786469220000,491.90957924405996
1786469280000,491.90957924405996
1786469340000,491.90957924405996
1786469400000,491.90957924405996
1786469460000,491.90957924405996
1786469520000,491.90957924405996
1786469580000,491.90957924405996
1786469640000,491.90957924405996
1786469700000,491.90957924405996
1786469760000,491.90957924405996
1786469820000,491.90957924405996
1786469880000,491.90957924405996
1786469940000,491.90957924405996
1786470000000,491.90957924405996
1786470060000,491.90957924405996
1786470120000,491.90957924405996
1786470180000,491.90957924405996
1786470240000,491.90957924405996
1786470300000,491.90957924405996
1786470360000,491.90957924405996
1786470420000,491.90957924405996
1786470480000,491.90957924405996
1786470540000,491.90957924405996
1786470600000,491.90957924405996
1786470660000,491.90957924405996
1786470720000,491.90957924405996
1786470780000,491.90957924405996
1786470840000,491.90957924405996
1786470900000,491.90957924405996
1786470960000,491.90957924405996
1786471020000,491.90957924405996
1786471080000,491.90957924405996
1786471140000,491.90957924405996
1786471200000,491.90957924405996
1786471260000,491.90957924405996
1786471320000,491.90957924405996
1786471380000,491.90957924405996
1786471440000,491.90957924405996
1786471500000,491.90957924405996
1786471560000,491.90957924405996
1786471620000,491.90957924405996
1786471680000,491.90957924405996
1786471740000,491.90957924405996
1786471800000,491.90957924405996
1786471860000,491.90957924405996
1786471920000,491.90957924405996
1786471980000,491.90957924405996
1786472040000,491.90957924405996
1786472100000,491.90957924405996
1786472160000,491.90957924405996
1786472220000,491.90957924405996
1786472280000,491.90957924405996
1786472340000,491.90957924405996
1786472400000,491.90957924405996
1786472460000,491.90957924405996
1786472520000,491.90957924405996
1786472580000,491.90957924405996
1786472640000,491.90957924405996
1786472700000,491.90957924405996
1786472760000,491.90957924405996
1786472820000,491.90957924405996
1786472880000,491.90957924405996
1786472940000,491.90957924405996
1786473000000,491.90957924405996
1786473060000,491.90957924405996
1786473120000,491.90957924405996
1786473180000,491.90957924405996
1786473240000,491.90957924405996
1786473300000,491.90957924405996
1786473360000,491.90957924405996
1786473420000,491.90957924405996
1786473480000,491.90957924405996
1786473540000,491.90957924405996
1786473600000,490.11022828184167
1786473660000,487.8628122035294
1786473720000,486.5589504325234
1786473780000,486.5589504325234
1786473840000,486.5589504325234
1786473900000,486.5589504325234
1786473960000,486.5589504325234
1786474020000,486.5589504325234
1786474080000,500.94644351555564
1786474140000,496.9496401588803
1786474200000,488.9560334455296
1786474260000,492.5031964245791
1786474320000,491.8537158791192
1786474380000,493.9020775994154
1786474440000,488.3065529000699
1786474500000,487.15967057655223
1786474560000,487.15967057655223
1786474620000,487.15967057655223
1786474680000,487.15967057655223
1786474740000,487.15967057655223
1786474800000,487.15967057655223
1786474860000,486.10760998275384
1786474920000,486.1569097874872
1786474980000,487.19220568688723
1786475040000,486.00901037328725
1786475100000,484.85863179022675
1786475160000,484.85863179022675
1786475220000,484.85863179022675
1786475280000,484.85863179022675
1786475340000,484.85863179022675
1786475400000,484.85863179022675
1786475460000,484.85863179022675
1786475520000,484.85863179022675
1786475580000,484.85863179022675
1786475640000,484.85863179022675
1786475700000,484.85863179022675
1786475760000,484.85863179022675
1786475820000,484.85863179022675
1786475880000,484.85863179022675
1786475940000,484.85863179022675
1786476000000,484.85863179022675
1786476060000,484.85863179022675
1786476120000,484.85863179022675
1786476180000,485.73233143533906
1786476240000,481.3825360653928
1786476300000,479.92616565098143
1786476360000,479.92616565098143
1786476420000,479.92616565098143
1786476480000,479.92616565098143
1786476540000,479.92616565098143
1786476600000,479.92616565098143
1786476660000,479.92616565098143
1786476720000,479.92616565098143
1786476780000,479.92616565098143
1786476840000,479.92616565098143
1786476900000,479.92616565098143
1786476960000,479.92616565098143
1786477020000,479.92616565098143
1786477080000,479.92616565098143
1786477140000,479.92616565098143
1786477200000,479.92616565098143
1786477260000,475.49348234631725
1786477320000,474.28916243981496
1786477380000,474.28916243981496
1786477440000,474.28916243981496
1786477500000,474.28916243981496
1786477560000,474.28916243981496
1786477620000,474.28916243981496
1786477680000,476.8967973214433
1786477740000,477.8106392949545
1786477800000,480.14601322726094
1786477860000,480.60293421401644
1786477920000,482.07523517134007
1786477980000,483.64907412572046
1786478040000,484.8167610918736
1786478100000,486.390600046254
1786478160000,484.5629160992317
1786478220000,489.03058796973073
1786478280000,486.4921380433109
1786478340000,489.5890469535432
1786478400000,489.65276839706036
1786478460000,489.29738540736156
1786478520000,489.6019993985321
1786478580000,481.73280462663
1786478640000,480.0574276751929
1786478700000,473.81284085619967
1786478760000,476.96051876496045
1786478820000,479.24512369873844
1786478880000,476.60513577526166
1786478940000,478.4835887208125
1786479000000,479.7020446854941
1786479060000,479.44819969285203
1786479120000,481.32665263840295
1786479180000,481.1743456428176
1786479240000,482.39280160749917
1786479300000,480.3112726678348
1786479360000,482.03741861780037
1786479420000,483.9158715633513
1786479480000,481.8851116222152
1786479540000,481.07280764576086
1786479600000,479.7528136840224
1786479660000,466.80671905928057
1786479720000,467.87286802837696
1786479780000,473.3051508709157
1786479840000,472.18823290329084
1786479900000,475.3359108120518
1786479960000,474.52360683559726
1786480020000,470.91900794008103
1786480080000,447.2098856273183
1786480140000,441.11760580391035
1786480200000,440.59033606388556
1786480260000,440.59033606388556
1786480320000,440.59033606388556
1786480380000,440.59033606388556
1786480440000,440.59033606388556
1786480500000,440.59033606388556
1786480560000,440.59033606388556
1786480620000,440.59033606388556
1786480680000,440.59033606388556
1786480740000,440.59033606388556
1786480800000,440.59033606388556
1786480860000,440.59033606388556
1786480920000,440.59033606388556
1786480980000,440.59033606388556
1786481040000,440.59033606388556
1786481100000,440.59033606388556
1786481160000,440.59033606388556
1786481220000,440.59033606388556
1786481280000,440.59033606388556
1786481340000,440.59033606388556
1786481400000,440.59033606388556
1786481460000,440.59033606388556
1786481520000,436.6735281211263
1786481580000,431.3386267219595
1786481640000,430.24740305957727
1786481700000,430.24740305957727
1786481760000,430.24740305957727
1786481820000,430.24740305957727
1786481880000,430.24740305957727
1786481940000,435.94873511345037
1786482000000,433.9769373814871
1786482060000,428.8009683350833
1786482120000,428.1925335581793
1786482180000,428.1925335581793
1786482240000,425.57427872262303
1786482300000,427.3838272957142
1786482360000,423.42238312219007
1786482420000,422.5690428280613
1786482480000,422.5690428280613
1786482540000,422.5690428280613
1786482600000,422.5690428280613
1786482660000,422.5690428280613
1786482720000,422.5690428280613
1786482780000,422.5690428280613
1786482840000,422.5690428280613
1786482900000,422.5690428280613
1786482960000,422.5690428280613
1786483020000,422.5690428280613
1786483080000,422.5690428280613
1786483140000,422.5690428280613
1786483200000,422.5690428280613
1786483260000,422.5690428280613
1786483320000,422.5690428280613
1786483380000,422.5690428280613
1786483440000,422.5690428280613
1786483500000,422.5690428280613
1786483560000,422.5690428280613
1786483620000,422.5690428280613
1786483680000,422.5690428280613
1786483740000,422.5690428280613
1786483800000,422.5690428280613
1786483860000,422.5690428280613
1786483920000,422.5690428280613
1786483980000,422.5690428280613
1786484040000,422.5690428280613
1786484100000,422.5690428280613
1786484160000,422.5690428280613
1786484220000,422.5690428280613
1786484280000,422.5690428280613
1786484340000,422.5690428280613
1786484400000,422.5690428280613
1786484460000,422.5690428280613
1786484520000,422.5690428280613
1786484580000,422.5690428280613
1786484640000,422.5690428280613
1786484700000,422.5690428280613
1786484760000,420.4146613968612
1786484820000,419.9626049332408
1786484880000,418.76047688647947
1786484940000,418.76047688647947
1786485000000,418.76047688647947
1786485060000,418.76047688647947
1786485120000,418.06558841383554
1786485180000,419.4800127128368
1786485240000,423.52122499569725
1786485300000,424.63255837348396
1786485360000,424.12740683812643
1786485420000,425.18822506237734
1786485480000,426.70367966845
1786485540000,430.0881949553458
1786485600000,427.36037666441496
1786485660000,430.59334649070337
1786485720000,434.83661938770706
1786485780000,439.73658928067556
1786485840000,436.09949822610105
1786485900000,436.8572255291373
1786485960000,438.92834682410347
1786486020000,439.2819528988538
1786486080000,440.1912256624973
1786486140000,444.5355288665726
1786486200000,441.20152873321257
1786486260000,444.2324379453579
1786486320000,444.8386197877871
1786486380000,445.74789255143077
1786486440000,443.47471064232167
1786486500000,441.79961504744495
1786486560000,441.79961504744495
1786486620000,441.79961504744495
1786486680000,441.79961504744495
1786486740000,441.79961504744495
1786486800000,441.79961504744495
1786486860000,441.79961504744495
1786486920000,441.79961504744495
1786486980000,441.79961504744495
1786487040000,441.79961504744495
1786487100000,441.79961504744495
1786487160000,441.79961504744495
1786487220000,441.79961504744495
1786487280000,441.79961504744495
1786487340000,441.79961504744495
1786487400000,441.79961504744495
1786487460000,441.79961504744495
1786487520000,441.3263891451275
1786487580000,440.9110667990222
1786487640000,444.02598439481176
1786487700000,444.9604596735484
1786487760000,444.8566290870222
1786487820000,441.482135024917
1786487880000,440.3347317873919
1786487940000,440.3347317873919
1786488000000,440.54195603578506
1786488060000,443.72133083726953
1786488120000,442.26194568248974
1786488180000,443.20012185341966
1786488240000,442.57467107279984
1786488300000,441.3758904099449
1786488360000,437.4147021326855
1786488420000,438.2486365068455
1786488480000,435.90319607952085
1786488540000,436.00743787629074
1786488600000,437.04985584399054
1786488660000,437.4147021326855
1786488720000,436.8934931488356
1786488780000,438.5613618971554
1786488840000,437.4147021326855
1786488900000,436.63288865691055
1786488960000,436.73713045368066
1786489020000,437.46682303107053
1786489080000,439.1346917793903
1786489140000,439.1346917793903
1786489200000,439.8122634583952
1786489260000,441.4280113083299
1786489320000,442.6267919711847
1786489380000,442.15770388571985
1786489440000,442.47042927602973
1786489500000,443.04375915826466
1786489560000,438.8219663890803
1786489620000,437.56896751416207
1786489680000,437.56896751416207
1786489740000,437.56896751416207
1786489800000,437.56896751416207
1786489860000,437.56896751416207
1786489920000,437.56896751416207
1786489980000,437.56896751416207
1786490040000,437.56896751416207
1786490100000,437.56896751416207
1786490160000,437.56896751416207
1786490220000,437.56896751416207
1786490280000,437.56896751416207
1786490340000,437.56896751416207
1786490400000,437.56896751416207
1786490460000,434.1601677564188
1786490520000,434.3179363099719
1786490580000,436.8422331668195
1786490640000,436.8422331668195
1786490700000,434.3179363099719
1786490760000,433.00972935074
1786490820000,433.00972935074
1786490880000,433.00972935074
1786490940000,433.00972935074
1786491000000,433.00972935074
1786491060000,433.00972935074
1786491120000,433.00972935074
1786491180000,433.00972935074
1786491240000,433.00972935074
1786491300000,433.00972935074
1786491360000,433.00972935074
1786491420000,433.00972935074
1786491480000,433.00972935074
1786491540000,433.00972935074
1786491600000,433.00972935074
1786491660000,433.00972935074
1786491720000,433.00972935074
1786491780000,433.00972935074
1786491840000,433.00972935074
1786491900000,433.00972935074
1786491960000,433.00972935074
1786492020000,433.00972935074
1786492080000,433.00972935074
1786492140000,433.00972935074
1786492200000,433.00972935074
1786492260000,433.00972935074
1786492320000,433.00972935074
1786492380000,433.00972935074
1786492440000,433.00972935074
1786492500000,433.00972935074
1786492560000,433.00972935074
1786492620000,431.0755975702556
1786492680000,432.3864757354035
1786492740000,434.2217051666109
1786492800000,435.5825040105213
1786492860000,436.8933821756694
1786492920000,436.1068552765805
1786492980000,428.0318457792683
1786493040000,426.8268116086073
1786493100000,426.8268116086073
1786493160000,426.8268116086073
1786493220000,426.8268116086073
1786493280000,426.8268116086073
1786493340000,426.8268116086073
1786493400000,426.8268116086073
1786493460000,426.8268116086073
1786493520000,426.8268116086073
1786493580000,426.8268116086073
1786493640000,426.34995954914876
1786493700000,426.9697663621831
1786493760000,426.4016101169017
1786493820000,427.3829709042058
1786493880000,427.48627203971165
1786493940000,427.0730674976888
1786494000000,428.6742350980272
1786494060000,427.84782601398166
1786494120000,427.43462147195874
1786494180000,427.0730674976888
1786494240000,426.7115135234188
1786494300000,427.0730674976888
1786494360000,426.19500784589025
1786494420000,427.33132033645313
1786494480000,427.3829709042058
1786494540000,426.14335727813733
1786494600000,426.09170671038464
1786494660000,424.64549081330466
1786494720000,422.32121526442626
1786494780000,422.9410220774604
1786494840000,422.73441980644895
1786494900000,423.3025760517304
1786494960000,420.5134453930763
1786495020000,421.90801072240333
1786495080000,429.2940419110616
1786495140000,436.4218202609554
1786495200000,439.2626014873624
1786495260000,436.98997650623687
1786495320000,437.3515304805068
1786495380000,437.24822934500105
1786495440000,437.2998799127539
1786495500000,439.3142520551153
1786495560000,439.3659026228682
1786495620000,424.80044251656324
1786495680000,423.2923423697899
1786495740000,423.2923423697899
1786495800000,423.2923423697899
1786495860000,423.2923423697899
1786495920000,423.2923423697899
1786495980000,423.2923423697899
1786496040000,423.2923423697899
1786496100000,423.2923423697899
1786496160000,423.2923423697899
1786496220000,423.2923423697899
1786496280000,423.2923423697899
1786496340000,423.2923423697899
1786496400000,423.2923423697899
1786496460000,423.2923423697899
1786496520000,423.2923423697899
1786496580000,423.2923423697899
1786496640000,423.2923423697899
1786496700000,423.2923423697899
1786496760000,423.2923423697899
1786496820000,423.2923423697899
1786496880000,423.2923423697899
1786496940000,423.2923423697899
1786497000000,423.2923423697899
1786497060000,423.2923423697899
1786497120000,423.74007837498107
1786497180000,429.108638934093
1786497240000,433.6267344541377
1786497300000,431.39426372658625
1786497360000,430.9158771421108
1786497420000,432.56365315530354
1786497480000,428.9491767392679
1786497540000,431.66003405129464
1786497600000,429.8527958432768
1786497660000,434.53035355814666
1786497720000,435.7528970518057
1786497780000,450.5297271055988
1786497840000,454.14420352163444
1786497900000,458.343374652029
1786497960000,454.40997384634306
1786498020000,455.9514417296523
1786498080000,457.3866014830784
1786498140000,462.91462423701535
1786498200000,464.2966299254995
1786498260000,459.77853440545493
1786498320000,457.91814213249535
1786498380000,456.3881751942174
1786498440000,456.3881751942174
1786498500000,456.3881751942174
1786498560000,456.3881751942174
1786498620000,456.3881751942174
1786498680000,456.3881751942174
1786498740000,456.3881751942174
1786498800000,456.3881751942174
1786498860000,456.3881751942174
1786498920000,456.3881751942174
1786498980000,456.3881751942174
1786499040000,456.3881751942174
1786499100000,456.3881751942174
1786499160000,456.3881751942174
1786499220000,456.3881751942174
1786499280000,456.3881751942174
1786499340000,456.3881751942174
1786499400000,456.3881751942174
1786499460000,456.3881751942174
1786499520000,456.3881751942174
1786499580000,456.3881751942174
1786499640000,456.3881751942174
1786499700000,456.3881751942174
1786499760000,456.3881751942174
1786499820000,456.3881751942174
1786499880000,456.3881751942174
1786499940000,456.3881751942174
1786500000000,456.3881751942174
1786500060000,456.3881751942174
1786500120000,456.3881751942174
1786500180000,456.3881751942174
1786500240000,456.3881751942174
1786500300000,456.3881751942174
1786500360000,456.3881751942174
1786500420000,456.3881751942174
1786500480000,456.3881751942174
1786500540000,456.3881751942174
1786500600000,456.3881751942174
1786500660000,456.3881751942174
1786500720000,456.3881751942174
1786500780000,456.3881751942174
1786500840000,456.3881751942174
1786500900000,456.3881751942174
1786500960000,456.3881751942174
1786501020000,456.3881751942174
1786501080000,456.3881751942174
1786501140000,456.3881751942174
1786501200000,456.3881751942174
1786501260000,456.3881751942174
1786501320000,456.3881751942174
1786501380000,456.3881751942174
1786501440000,456.3881751942174
1786501500000,456.3881751942174
1786501560000,456.3881751942174
1786501620000,456.3881751942174
1786501680000,456.3881751942174
1786501740000,456.3881751942174
1786501800000,456.3881751942174
1786501860000,456.3881751942174
1786501920000,456.3881751942174
1786501980000,456.3881751942174
1786502040000,456.3881751942174
1786502100000,456.3881751942174
1786502160000,456.3881751942174
1786502220000,456.3881751942174
1786502280000,456.3881751942174
1786502340000,456.3881751942174
1786502400000,456.3881751942174
1786502460000,456.3881751942174
1786502520000,456.3881751942174
1786502580000,456.3881751942174
1786502640000,456.3881751942174
1786502700000,456.3881751942174
1786502760000,456.3881751942174
1786502820000,456.3881751942174
1786502880000,456.3881751942174
1786502940000,456.3881751942174
1786503000000,456.3881751942174
1786503060000,456.3881751942174
1786503120000,456.3881751942174
1786503180000,456.3881751942174
1786503240000,456.3881751942174
1786503300000,456.3881751942174
1786503360000,456.3881751942174
1786503420000,456.3881751942174
1786503480000,456.3881751942174
1786503540000,456.3881751942174
1786503600000,456.3881751942174
1786503660000,456.3881751942174
1786503720000,456.3881751942174
1786503780000,456.3881751942174
1786503840000,456.3881751942174
1786503900000,456.3881751942174
1786503960000,456.3881751942174
1786504020000,456.3881751942174
1786504080000,456.3881751942174
1786504140000,456.3881751942174
1786504200000,456.3881751942174
1786504260000,456.3881751942174
1786504320000,456.3881751942174
1786504380000,456.3881751942174
1786504440000,456.3881751942174
1786504500000,456.3881751942174
1786504560000,456.3881751942174
1786504620000,456.3881751942174
1786504680000,456.3881751942174
1786504740000,456.3881751942174
1786504800000,456.3881751942174
1786504860000,456.3881751942174
1786504920000,456.3881751942174
1786504980000,456.3881751942174
1786505040000,456.3881751942174
1786505100000,456.3881751942174
1786505160000,456.3881751942174
1786505220000,456.3881751942174
1786505280000,456.3881751942174
1786505340000,456.3881751942174
1786505400000,456.3881751942174
1786505460000,456.3881751942174
1786505520000,456.3881751942174
1786505580000,456.3881751942174
1786505640000,456.3881751942174
1786505700000,456.3881751942174
1786505760000,456.3881751942174
1786505820000,456.3881751942174
1786505880000,456.3881751942174
1786505940000,456.3881751942174
1786506000000,456.3881751942174
1786506060000,456.3881751942174
1786506120000,456.3881751942174
1786506180000,456.3881751942174
1786506240000,456.3881751942174
1786506300000,456.3881751942174
1786506360000,456.3881751942174
1786506420000,456.3881751942174
1786506480000,456.3881751942174
1786506540000,456.3881751942174
1786506600000,456.3881751942174
1786506660000,456.3881751942174
1786506720000,456.3881751942174
1786506780000,456.3881751942174
1786506840000,456.3881751942174
1786506900000,456.3881751942174
1786506960000,456.3881751942174
1786507020000,456.3881751942174
1786507080000,456.3881751942174
1786507140000,456.3881751942174
1786507200000,456.3881751942174
1786507260000,456.3881751942174
1786507320000,456.3881751942174
1786507380000,456.3881751942174
1786507440000,456.3881751942174
1786507500000,456.3881751942174
1786507560000,456.3881751942174
1786507620000,456.3881751942174
1786507680000,456.3881751942174
1786507740000,456.3881751942174
1786507800000,456.3881751942174
1786507860000,456.3881751942174
1786507920000,456.3881751942174
1786507980000,456.3881751942174
1786508040000,456.3881751942174
1786508100000,456.3881751942174
1786508160000,456.3881751942174
1786508220000,456.3881751942174
1786508280000,456.3881751942174
1786508340000,456.3881751942174
1786508400000,444.5905690821173
1786508460000,442.7654367505352
1786508520000,442.7654367505352
1786508580000,442.7654367505352
1786508640000,442.7654367505352
1786508700000,442.7654367505352
1786508760000,442.7654367505352
1786508820000,442.7654367505352
1786508880000,442.7654367505352
1786508940000,442.7654367505352
1786509000000,442.7654367505352
1786509060000,442.7654367505352
1786509120000,442.7654367505352
1786509180000,442.7654367505352
1786509240000,442.7654367505352
1786509300000,442.7654367505352
1786509360000,442.7654367505352
1786509420000,442.7654367505352
1786509480000,442.7654367505352
1786509540000,442.7654367505352
1786509600000,442.7654367505352
1786509660000,442.7654367505352
1786509720000,442.7654367505352
1786509780000,442.7654367505352
1786509840000,442.7654367505352
1786509900000,442.7654367505352
1786509960000,442.7654367505352
1786510020000,442.7654367505352
1786510080000,442.7654367505352
1786510140000,442.7654367505352
1786510200000,442.7654367505352
1786510260000,442.7654367505352
1786510320000,442.7654367505352
1786510380000,442.7654367505352
1786510440000,442.7654367505352
1786510500000,442.7654367505352
1786510560000,442.7654367505352
1786510620000,442.7654367505352
1786510680000,442.7654367505352
1786510740000,442.7654367505352
1786510800000,442.7654367505352
1786510860000,442.7654367505352
1786510920000,442.7654367505352
1786510980000,442.7654367505352
1786511040000,442.7654367505352
1786511100000,442.7654367505352
1786511160000,442.7654367505352
1786511220000,442.7654367505352
1786511280000,442.7654367505352
1786511340000,442.7654367505352
1786511400000,442.7654367505352
1786511460000,442.7654367505352
1786511520000,442.7654367505352
1786511580000,442.7654367505352
1786511640000,442.7654367505352
1786511700000,442.7654367505352
1786511760000,442.7654367505352
1786511820000,442.7654367505352
1786511880000,442.7654367505352
1786511940000,442.7654367505352
1786512000000,442.7654367505352
1786512060000,442.7654367505352
1786512120000,442.7654367505352
1786512180000,442.7654367505352
1786512240000,442.7654367505352
1786512300000,442.7654367505352
1786512360000,442.7654367505352
1786512420000,442.7654367505352
1786512480000,442.7654367505352
1786512540000,442.7654367505352
1786512600000,442.7654367505352
1786512660000,442.7654367505352
1786512720000,442.7654367505352
1786512780000,442.7654367505352
1786512840000,439.6913871217291
1786512900000,439.5307508685171
1786512960000,439.74493253946633
1786513020000,436.9070253993864
1786513080000,438.9952966911435
1786513140000,427.00112311797454
1786513200000,412.9722236707861
1786513260000,410.79082746288117
1786513320000,410.79082746288117
1786513380000,410.79082746288117
1786513440000,410.79082746288117
1786513500000,410.79082746288117
1786513560000,410.79082746288117
1786513620000,410.79082746288117
1786513680000,410.79082746288117
1786513740000,410.79082746288117
1786513800000,410.79082746288117
1786513860000,410.79082746288117
1786513920000,410.79082746288117
1786513980000,410.79082746288117
1786514040000,410.79082746288117
1786514100000,410.79082746288117
1786514160000,410.79082746288117
1786514220000,410.79082746288117
1786514280000,410.79082746288117
1786514340000,410.79082746288117
1786514400000,410.79082746288117
1786514460000,410.79082746288117
1786514520000,410.79082746288117
1786514580000,410.79082746288117
1786514640000,410.79082746288117
1786514700000,410.79082746288117
1786514760000,410.79082746288117
1786514820000,410.79082746288117
1786514880000,414.9476020599007
1786514940000,416.6978222773817
1786515000000,411.02286581464
1786515060000,412.4018271981101
1786515120000,412.29575324553537
1786515180000,411.28805069607665
1786515240000,410.54553302805436
1786515300000,409.0604976920098
1786515360000,406.9390186405174
1786515420000,401.21102520148855
1786515480000,395.5360687387467
1786515540000,394.8831050234957
1786515600000,394.8831050234957
1786515660000,394.8831050234957
1786515720000,394.8831050234957
1786515780000,394.8831050234957
1786515840000,394.8831050234957
1786515900000,394.8831050234957
1786515960000,394.8831050234957
1786516020000,394.8831050234957
1786516080000,394.8831050234957
1786516140000,394.8831050234957
1786516200000,394.8831050234957
1786516260000,394.8831050234957
1786516320000,394.8831050234957
1786516380000,394.8831050234957
1786516440000,394.8831050234957
1786516500000,394.8831050234957
1786516560000,394.8831050234957
1786516620000,394.8831050234957
1786516680000,394.8831050234957
1786516740000,394.8831050234957
1786516800000,394.8831050234957
1786516860000,394.8831050234957
1786516920000,394.8831050234957
1786516980000,394.8831050234957
1786517040000,394.8831050234957
1786517100000,394.8831050234957
1786517160000,394.8831050234957
1786517220000,394.8831050234957
1786517280000,394.8831050234957
1786517340000,394.8831050234957
1786517400000,394.8831050234957
1786517460000,394.8831050234957
1786517520000,394.8831050234957
1786517580000,394.8831050234957
1786517640000,394.8831050234957
1786517700000,394.8831050234957
1786517760000,394.8831050234957
1786517820000,394.8831050234957
1786517880000,394.8831050234957
1786517940000,394.8831050234957
1786518000000,394.8831050234957
1786518060000,394.8831050234957
1786518120000,394.8831050234957
1786518180000,394.8831050234957
1786518240000,394.8831050234957
1786518300000,394.8831050234957
1786518360000,394.8831050234957
1786518420000,394.8831050234957
1786518480000,394.8831050234957
1786518540000,394.8831050234957
1786518600000,394.8831050234957
1786518660000,394.8831050234957
1786518720000,394.8831050234957
1786518780000,394.8831050234957
1786518840000,394.8831050234957
1786518900000,394.8831050234957
1786518960000,394.8831050234957
1786519020000,394.8831050234957
1786519080000,394.8831050234957
1786519140000,394.8831050234957
1786519200000,394.8831050234957
1786519260000,394.8831050234957
1786519320000,394.8831050234957
1786519380000,394.8831050234957
1786519440000,394.8831050234957
1786519500000,394.8831050234957
1786519560000,394.8831050234957
1786519620000,394.8831050234957
1786519680000,394.8831050234957
1786519740000,394.8831050234957
1786519800000,394.8831050234957
1786519860000,394.8831050234957
1786519920000,394.8831050234957
1786519980000,394.8831050234957
1786520040000,394.8831050234957
1786520100000,394.8831050234957
1786520160000,394.8831050234957
1786520220000,394.8831050234957
1786520280000,394.8831050234957
1786520340000,394.8831050234957
1786520400000,394.8831050234957
1786520460000,394.8831050234957
1786520520000,394.8831050234957
1786520580000,394.8831050234957
1786520640000,394.8831050234957
1786520700000,396.1625984705218
1786520760000,392.6280584388913
1786520820000,389.46279870907273
1786520880000,388.2156111584021
1786520940000,388.2156111584021
1786521000000,388.2156111584021
1786521060000,388.2156111584021
1786521120000,388.2156111584021
1786521180000,388.2156111584021
1786521240000,388.2156111584021
1786521300000,388.2156111584021
1786521360000,384.2413369033057
1786521420000,385.2359023881144
1786521480000,386.7015778394116
1786521540000,387.0156511504038
1786521600000,386.8086244929081
1786521660000,384.0343102458098
1786521720000,380.8935771358874
1786521780000,378.2762995442852
1786521840000,383.6155458311536
1786521900000,379.53259278825425
1786521960000,381.2599959987117
1786522020000,382.98739920916904
1786522080000,380.94592268771936
1786522140000,376.54889633382794
1786522200000,376.81062409298806
1786522260000,378.90444616626985
1786522320000,376.49655078199584
1786522380000,376.23482302283554
1786522440000,377.5958073704688
1786522500000,379.2708650290941
1786522560000,379.79432054741454
1786522620000,377.6481529223008
1786522680000,377.5434618186367
1786522740000,377.5434618186367
1786522800000,376.96766074848415
1786522860000,380.370121617567
1786522920000,382.3592525871846
1786522980000,383.66789138298554
1786523040000,386.1281323190916
1786523100000,388.6407188070296
1786523160000,395.0268761305387
1786523220000,396.02144161534744
1786523280000,395.7073683043552
1786523340000,389.21651987718207
1786523400000,388.74621767584216
1786523460000,388.74621767584216
1786523520000,388.74621767584216
1786523580000,388.21736834682855
1786523640000,386.77189919209235
1786523700000,389.0433507209635
1786523760000,382.3838678295002
1786523820000,381.34518745693623
1786523880000,381.34518745693623
1786523940000,381.34518745693623
1786524000000,381.34518745693623
1786524060000,381.34518745693623
1786524120000,381.34518745693623
1786524180000,381.34518745693623
1786524240000,381.34518745693623
1786524300000,381.34518745693623
1786524360000,381.34518745693623
1786524420000,381.34518745693623
1786524480000,381.34518745693623
1786524540000,381.34518745693623
1786524600000,381.34518745693623
1786524660000,381.34518745693623
1786524720000,381.34518745693623
1786524780000,381.34518745693623
1786524840000,381.34518745693623
1786524900000,381.34518745693623
1786524960000,381.34518745693623
1786525020000,381.34518745693623
1786525080000,378.2893903772489
1786525140000,378.0773038547705
1786525200000,380.19816907955413
1786525260000,380.092125818315
1786525320000,379.9860825570759
1786525380000,377.5470875485746
1786525440000,374.8429843869752
1786525500000,378.8196066834448
1786525560000,374.8429843869752
1786525620000,374.4188113420186
1786525680000,374.25974645015987
1786525740000,370.81334045988615
1786525800000,364.7688745692526
1786525860000,363.54997987852477
1786525920000,363.54997987852477
1786525980000,363.54997987852477
1786526040000,363.54997987852477
1786526100000,363.54997987852477
1786526160000,363.54997987852477
1786526220000,363.54997987852477
1786526280000,363.54997987852477
1786526340000,366.3040607218244
1786526400000,365.62771162883905
1786526460000,366.5121681350506
1786526520000,367.34459778795537
1786526580000,370.6222895462681
1786526640000,376.2411897033757
1786526700000,370.6222895462681
1786526760000,364.58717456270807
1786526820000,363.332965905038
1786526880000,363.332965905038
1786526940000,363.332965905038
1786527000000,363.332965905038
1786527060000,363.332965905038
1786527120000,363.332965905038
1786527180000,363.332965905038
1786527240000,363.332965905038
1786527300000,363.332965905038
1786527360000,363.332965905038
1786527420000,363.332965905038
1786527480000,363.332965905038
1786527540000,363.332965905038
1786527600000,363.332965905038
1786527660000,363.332965905038
1786527720000,363.332965905038
1786527780000,363.332965905038
1786527840000,363.332965905038
1786527900000,363.332965905038
1786527960000,363.332965905038
1786528020000,363.332965905038
1786528080000,361.6686785137933
1786528140000,361.7202704452651
1786528200000,364.45464281327054
1786528260000,371.5743293563788
1786528320000,369.71701982339414
1786528380000,374.4118855873278
1786528440000,386.48439755172893
1786528500000,377.7653611329949
1786528560000,371.4195535619634
1786528620000,371.239452103541
1786528680000,371.239452103541
1786528740000,371.239452103541
1786528800000,371.239452103541
1786528860000,371.239452103541
1786528920000,371.239452103541
1786528980000,371.239452103541
1786529040000,371.239452103541
1786529100000,371.239452103541
1786529160000,371.239452103541
1786529220000,371.239452103541
1786529280000,371.239452103541
1786529340000,371.239452103541
1786529400000,371.239452103541
1786529460000,371.239452103541
1786529520000,371.239452103541
1786529580000,371.239452103541
1786529640000,371.239452103541
1786529700000,371.239452103541
1786529760000,371.239452103541
1786529820000,371.239452103541
1786529880000,371.239452103541
1786529940000,371.239452103541
1786530000000,371.239452103541
1786530060000,371.239452103541
1786530120000,371.239452103541
1786530180000,371.239452103541
1786530240000,371.239452103541
1786530300000,371.239452103541
1786530360000,371.239452103541
1786530420000,371.239452103541
1786530480000,371.239452103541
1786530540000,371.239452103541
1786530600000,371.239452103541
1786530660000,371.239452103541
1786530720000,371.239452103541
1786530780000,371.239452103541
1786530840000,371.239452103541
1786530900000,371.239452103541
1786530960000,371.239452103541
1786531020000,371.239452103541
1786531080000,371.239452103541
1786531140000,371.239452103541
1786531200000,371.239452103541
1786531260000,371.239452103541
1786531320000,371.239452103541
1786531380000,371.239452103541
1786531440000,371.239452103541
1786531500000,361.2339685309019
1786531560000,369.8404972127259
1786531620000,367.203815015404
1786531680000,380.7852157676466
1786531740000,365.41286107005345
1786531800000,364.21885201397544
1786531860000,364.21885201397544
1786531920000,364.21885201397544
1786531980000,364.21885201397544
1786532040000,363.1160259844081
1786532100000,360.00773867461083
1786532160000,351.5570825510993
1786532220000,352.0427524432551
1786532280000,351.84848448639275
1786532340000,352.6255563138422
1786532400000,353.2083601844291
1786532460000,358.6478629765745
1786532520000,364.6216026500912
1786532580000,359.8134707177485
1786532640000,363.69882985499515
1786532700000,375.257773288304
1786532760000,373.6550626441898
1786532820000,374.04359855791455
1786532880000,397.79285628433485
1786532940000,399.05559800393996
1786533000000,409.74033563136834
1786533060000,416.6854150891967
1786533120000,400.7554426264854
1786533180000,391.8676836000336
1786533240000,391.65219382127714
1786533300000,391.65219382127714
1786533360000,391.65219382127714
1786533420000,391.65219382127714
1786533480000,391.65219382127714
1786533540000,384.5994738690772
1786533600000,382.23049960594807
1786533660000,381.13359344360134
1786533720000,381.13359344360134
1786533780000,381.13359344360134
1786533840000,381.13359344360134
1786533900000,381.13359344360134
1786533960000,381.13359344360134
1786534020000,381.13359344360134
1786534080000,381.13359344360134
1786534140000,381.13359344360134
1786534200000,381.13359344360134
1786534260000,381.13359344360134
1786534320000,381.13359344360134
1786534380000,381.13359344360134
1786534440000,381.13359344360134
1786534500000,381.13359344360134
1786534560000,381.13359344360134
1786534620000,381.13359344360134
1786534680000,381.13359344360134
1786534740000,381.13359344360134
1786534800000,381.13359344360134
1786534860000,381.13359344360134
1786534920000,381.13359344360134
1786534980000,381.13359344360134
1786535040000,381.13359344360134
1786535100000,381.13359344360134
1786535160000,381.13359344360134
1786535220000,381.13359344360134
1786535280000,381.13359344360134
1786535340000,381.13359344360134
1786535400000,381.13359344360134
1786535460000,381.13359344360134
1786535520000,381.13359344360134
1786535580000,381.13359344360134
1786535640000,381.13359344360134
1786535700000,381.13359344360134
1786535760000,381.13359344360134
1786535820000,381.13359344360134
1786535880000,381.13359344360134
1786535940000,381.13359344360134
1786536000000,381.13359344360134
1786536060000,381.13359344360134
1786536120000,381.13359344360134
1786536180000,381.13359344360134
1786536240000,381.13359344360134
1786536300000,381.13359344360134
1786536360000,381.13359344360134
1786536420000,381.13359344360134
1786536480000,381.13359344360134
1786536540000,381.13359344360134
1786536600000,381.13359344360134
1786536660000,381.13359344360134
1786536720000,381.13359344360134
1786536780000,381.13359344360134
1786536840000,381.13359344360134
1786536900000,381.13359344360134
1786536960000,381.13359344360134
1786537020000,381.13359344360134
1786537080000,381.13359344360134
1786537140000,381.13359344360134
1786537200000,381.13359344360134
1786537260000,381.13359344360134
1786537320000,381.13359344360134
1786537380000,381.13359344360134
1786537440000,381.13359344360134
1786537500000,381.13359344360134
1786537560000,381.13359344360134
1786537620000,381.13359344360134
1786537680000,381.13359344360134
1786537740000,381.13359344360134
1786537800000,381.13359344360134
1786537860000,381.13359344360134
1786537920000,381.13359344360134
1786537980000,381.13359344360134
1786538040000,381.13359344360134
1786538100000,381.13359344360134
1786538160000,381.13359344360134
1786538220000,381.13359344360134
1786538280000,381.13359344360134
1786538340000,381.13359344360134
1786538400000,381.13359344360134
1786538460000,381.13359344360134
1786538520000,381.13359344360134
1786538580000,381.13359344360134
1786538640000,381.13359344360134
1786538700000,381.13359344360134
1786538760000,381.13359344360134
1786538820000,381.13359344360134
1786538880000,381.13359344360134
1786538940000,381.13359344360134
1786539000000,381.13359344360134
1786539060000,381.13359344360134
1786539120000,381.13359344360134
1786539180000,381.13359344360134
1786539240000,381.13359344360134
1786539300000,381.13359344360134
1786539360000,381.13359344360134
1786539420000,381.13359344360134
1786539480000,381.13359344360134
1786539540000,381.13359344360134
1786539600000,378.79448624802865
1786539660000,382.55836043304583
1786539720000,377.75446838111594
1786539780000,376.1547401566041
1786539840000,376.1547401566041
1786539900000,376.1547401566041
1786539960000,376.1547401566041
1786540020000,376.9563011892428
1786540080000,376.55598098111466
1786540140000,375.1048202266505
1786540200000,373.9045603127506
1786540260000,373.9045603127506
1786540320000,373.9045603127506
1786540380000,373.9045603127506
1786540440000,373.9045603127506
1786540500000,373.30844505467826
1786540560000,380.7568503038071
1786540620000,377.48559124168963
1786540680000,383.77647405345374
1786540740000,384.8836694283243
1786540800000,380.1025984913835
1786540860000,372.8051744297371
1786540920000,372.51182951742175
1786540980000,372.51182951742175
1786541040000,372.51182951742175
1786541100000,372.51182951742175
1786541160000,372.51182951742175
1786541220000,372.51182951742175
1786541280000,372.51182951742175
1786541340000,372.51182951742175
1786541400000,372.51182951742175
1786541460000,372.51182951742175
1786541520000,372.51182951742175
1786541580000,372.51182951742175
1786541640000,372.51182951742175
1786541700000,372.51182951742175
1786541760000,372.51182951742175
1786541820000,372.51182951742175
1786541880000,372.51182951742175
1786541940000,372.51182951742175
1786542000000,372.51182951742175
1786542060000,372.51182951742175
1786542120000,372.51182951742175
1786542180000,372.51182951742175
1786542240000,372.51182951742175
1786542300000,372.51182951742175
1786542360000,372.51182951742175
1786542420000,372.51182951742175
1786542480000,372.51182951742175
1786542540000,372.51182951742175
1786542600000,372.51182951742175
1786542660000,372.51182951742175
1786542720000,372.51182951742175
1786542780000,372.51182951742175
1786542840000,372.51182951742175
1786542900000,372.51182951742175
1786542960000,372.51182951742175
1786543020000,372.51182951742175
1786543080000,372.51182951742175
1786543140000,372.51182951742175
1786543200000,372.51182951742175
1786543260000,372.51182951742175
1786543320000,372.51182951742175
1786543380000,372.51182951742175
1786543440000,372.51182951742175
1786543500000,372.51182951742175
1786543560000,372.51182951742175
1786543620000,372.51182951742175
1786543680000,372.51182951742175
1786543740000,372.51182951742175
1786543800000,371.8976018447048
1786543860000,369.5546725035789
1786543920000,370.1404048388604
1786543980000,375.68233385729286
1786544040000,374.1053621853812
1786544100000,382.9814598815697
1786544160000,381.22426287572523
1786544220000,380.458305206511
1786544280000,382.03527687842274
1786544340000,385.59472722359476
1786544400000,378.9263898680826
1786544460000,377.5376847789968
1786544520000,377.5376847789968
1786544580000,377.5376847789968
1786544640000,377.5376847789968
1786544700000,377.5376847789968
1786544760000,377.5376847789968
1786544820000,377.5376847789968
1786544880000,377.5376847789968
1786544940000,377.5376847789968
1786545000000,377.5376847789968
1786545060000,377.5376847789968
1786545120000,377.5376847789968
1786545180000,377.5376847789968
1786545240000,377.5376847789968
1786545300000,377.5376847789968
1786545360000,377.5376847789968
1786545420000,377.5376847789968
1786545480000,377.5376847789968
1786545540000,377.5376847789968
1786545600000,377.5376847789968
1786545660000,377.5376847789968
1786545720000,377.5376847789968
1786545780000,377.5376847789968
1786545840000,377.5376847789968
1786545900000,377.5376847789968
1786545960000,377.5376847789968
1786546020000,377.5376847789968
1786546080000,377.5376847789968
1786546140000,377.5376847789968
1786546200000,377.5376847789968
1786546260000,377.5376847789968
1786546320000,377.5376847789968
1786546380000,377.5376847789968
1786546440000,377.5376847789968
1786546500000,377.5376847789968
1786546560000,377.5376847789968
1786546620000,377.5376847789968
1786546680000,377.5376847789968
1786546740000,377.5376847789968
1786546800000,377.5376847789968
1786546860000,377.5376847789968
1786546920000,377.5376847789968
1786546980000,377.5376847789968
1786547040000,377.5376847789968
1786547100000,377.5376847789968
1786547160000,377.5376847789968
1786547220000,377.5376847789968
1786547280000,377.5376847789968
1786547340000,377.5376847789968
1786547400000,377.5376847789968
1786547460000,377.5376847789968
1786547520000,377.5376847789968
1786547580000,377.5376847789968
1786547640000,377.5376847789968
1786547700000,377.5376847789968
1786547760000,377.5376847789968
1786547820000,377.5376847789968
1786547880000,377.5376847789968
1786547940000,377.5376847789968
1786548000000,377.5376847789968
1786548060000,377.5376847789968
1786548120000,377.5376847789968
1786548180000,377.5376847789968
1786548240000,377.5376847789968
1786548300000,377.5376847789968
1786548360000,377.5376847789968
1786548420000,377.5376847789968
1786548480000,377.5376847789968
1786548540000,377.5376847789968
1786548600000,377.5376847789968
1786548660000,377.5376847789968
1786548720000,377.5376847789968
1786548780000,377.5376847789968
1786548840000,377.5376847789968
1786548900000,377.5376847789968
1786548960000,377.5376847789968
1786549020000,377.5376847789968
1786549080000,377.5376847789968
1786549140000,377.5376847789968
1786549200000,373.5847150098238
1786549260000,371.96052840724866
1786549320000,371.96052840724866
1786549380000,371.96052840724866
1786549440000,371.96052840724866
1786549500000,371.96052840724866
1786549560000,371.96052840724866
1786549620000,371.96052840724866
1786549680000,371.96052840724866
1786549740000,371.96052840724866
1786549800000,371.96052840724866
1786549860000,371.96052840724866
1786549920000,371.96052840724866
1786549980000,371.96052840724866
1786550040000,371.96052840724866
1786550100000,371.96052840724866
1786550160000,371.96052840724866
1786550220000,371.8400097939061
1786550280000,369.3524170149092
1786550340000,368.74225274836283
1786550400000,372.9848621636669
1786550460000,372.93792645085557
1786550520000,375.19084066579615
1786550580000,377.5376263063593
1786550640000,383.63926897182336
1786550700000,382.7944261412206
1786550760000,383.8739475358797
1786550820000,379.1334405419422
1786550880000,378.22469820220255
1786550940000,378.22469820220255
1786551000000,378.22469820220255
1786551060000,378.22469820220255
1786551120000,378.22469820220255
1786551180000,378.22469820220255
1786551240000,378.22469820220255
1786551300000,378.22469820220255
1786551360000,378.22469820220255
1786551420000,378.22469820220255
1786551480000,378.22469820220255
1786551540000,378.22469820220255
1786551600000,378.22469820220255
1786551660000,378.22469820220255
1786551720000,378.22469820220255
1786551780000,378.22469820220255
1786551840000,378.22469820220255
1786551900000,378.22469820220255
1786551960000,378.22469820220255
1786552020000,378.22469820220255
1786552080000,378.22469820220255
1786552140000,378.22469820220255
1786552200000,378.22469820220255
1786552260000,378.22469820220255
1786552320000,378.22469820220255
1786552380000,378.22469820220255
1786552440000,378.22469820220255
1786552500000,378.22469820220255
1786552560000,378.22469820220255
1786552620000,378.22469820220255
1786552680000,378.22469820220255
1786552740000,378.22469820220255
1786552800000,378.22469820220255
1786552860000,378.22469820220255
1786552920000,378.22469820220255
1786552980000,378.22469820220255
1786553040000,378.22469820220255
1786553100000,378.22469820220255
1786553160000,378.22469820220255
1786553220000,378.22469820220255
1786553280000,378.22469820220255
1786553340000,378.22469820220255
1786553400000,378.22469820220255
1786553460000,378.22469820220255
1786553520000,378.22469820220255
1786553580000,378.22469820220255
1786553640000,378.22469820220255
1786553700000,378.22469820220255
1786553760000,378.22469820220255
1786553820000,378.22469820220255
1786553880000,378.22469820220255
1786553940000,378.22469820220255
1786554000000,378.22469820220255
1786554060000,378.22469820220255
1786554120000,378.22469820220255
1786554180000,378.22469820220255
1786554240000,378.22469820220255
1786554300000,378.22469820220255
1786554360000,378.22469820220255
1786554420000,378.22469820220255
1786554480000,378.22469820220255
1786554540000,378.22469820220255
1786554600000,378.22469820220255
1786554660000,378.22469820220255
1786554720000,378.22469820220255
1786554780000,378.22469820220255
1786554840000,378.22469820220255
1786554900000,378.22469820220255
1786554960000,378.22469820220255
1786555020000,378.22469820220255
1786555080000,378.22469820220255
1786555140000,378.22469820220255
1786555200000,378.22469820220255
1786555260000,378.22469820220255
1786555320000,378.22469820220255
1786555380000,378.22469820220255
1786555440000,378.22469820220255
1786555500000,378.22469820220255
1786555560000,378.22469820220255
1786555620000,378.22469820220255
1786555680000,378.22469820220255
1786555740000,378.22469820220255
1786555800000,378.22469820220255
1786555860000,378.22469820220255
1786555920000,378.22469820220255
1786555980000,378.22469820220255
1786556040000,378.22469820220255
1786556100000,378.22469820220255
1786556160000,378.22469820220255
1786556220000,378.22469820220255
1786556280000,378.22469820220255
1786556340000,378.22469820220255
1786556400000,378.22469820220255
1786556460000,378.22469820220255
1786556520000,378.22469820220255
1786556580000,378.22469820220255
1786556640000,378.22469820220255
1786556700000,378.22469820220255
1786556760000,378.22469820220255
1786556820000,378.22469820220255
1786556880000,378.22469820220255
1786556940000,378.22469820220255
1786557000000,378.22469820220255
1786557060000,378.22469820220255
1786557120000,378.22469820220255
1786557180000,378.22469820220255
1786557240000,378.22469820220255
1786557300000,378.22469820220255
1786557360000,378.22469820220255
1786557420000,378.22469820220255
1786557480000,378.22469820220255
1786557540000,378.22469820220255
1786557600000,378.22469820220255
1786557660000,378.22469820220255
1786557720000,378.22469820220255
1786557780000,378.22469820220255
1786557840000,378.22469820220255
1786557900000,378.22469820220255
1786557960000,378.22469820220255
1786558020000,378.22469820220255
1786558080000,378.22469820220255
1786558140000,378.22469820220255
1786558200000,378.22469820220255
1786558260000,378.22469820220255
1786558320000,378.22469820220255
1786558380000,378.22469820220255
1786558440000,378.22469820220255
1786558500000,378.22469820220255
1786558560000,378.22469820220255
1786558620000,378.22469820220255
1786558680000,378.22469820220255
1786558740000,378.22469820220255
1786558800000,378.22469820220255
1786558860000,378.22469820220255
1786558920000,378.22469820220255
1786558980000,378.22469820220255
1786559040000,378.22469820220255
1786559100000,378.22469820220255
1786559160000,378.22469820220255
1786559220000,378.22469820220255
1786559280000,378.22469820220255
1786559340000,378.22469820220255
1786559400000,378.22469820220255
1786559460000,378.22469820220255
1786559520000,378.22469820220255
1786559580000,378.22469820220255
1786559640000,378.22469820220255
1786559700000,378.22469820220255
1786559760000,378.22469820220255
1786559820000,378.22469820220255
1786559880000,378.22469820220255
1786559940000,378.22469820220255
1786560000000,378.22469820220255
1786560060000,378.22469820220255
1786560120000,378.22469820220255
1786560180000,378.22469820220255
1786560240000,378.22469820220255
1786560300000,378.22469820220255
1786560360000,378.22469820220255
1786560420000,378.22469820220255
1786560480000,378.22469820220255
1786560540000,378.22469820220255
1786560600000,378.22469820220255
1786560660000,378.22469820220255
1786560720000,378.22469820220255
1786560780000,378.22469820220255
1786560840000,378.22469820220255
1786560900000,378.22469820220255
1786560960000,378.22469820220255
1786561020000,378.22469820220255
1786561080000,378.22469820220255
1786561140000,378.22469820220255
1786561200000,378.22469820220255
1786561260000,378.22469820220255
1786561320000,378.22469820220255
1786561380000,378.22469820220255
1786561440000,378.22469820220255
1786561500000,378.22469820220255
1786561560000,378.22469820220255
1786561620000,378.22469820220255
1786561680000,378.22469820220255
1786561740000,378.22469820220255
1786561800000,378.22469820220255
1786561860000,378.22469820220255
1786561920000,378.22469820220255
1786561980000,378.22469820220255
1786562040000,378.22469820220255
1786562100000,378.22469820220255
1786562160000,378.22469820220255
1786562220000,378.22469820220255
1786562280000,378.22469820220255
1786562340000,378.22469820220255
1786562400000,378.22469820220255
1786562460000,378.22469820220255
1786562520000,378.22469820220255
1786562580000,378.22469820220255
1786562640000,378.22469820220255
1786562700000,378.22469820220255
1786562760000,378.22469820220255
1786562820000,378.22469820220255
1786562880000,378.22469820220255
1786562940000,378.22469820220255
1786563000000,378.22469820220255
1786563060000,378.22469820220255
1786563120000,378.22469820220255
1786563180000,378.22469820220255
1786563240000,378.22469820220255
1786563300000,378.22469820220255
1786563360000,378.22469820220255
1786563420000,378.22469820220255
1786563480000,378.22469820220255
1786563540000,378.22469820220255
1786563600000,378.22469820220255
1786563660000,378.22469820220255
1786563720000,378.22469820220255
1786563780000,378.22469820220255
1786563840000,378.22469820220255
1786563900000,378.22469820220255
1786563960000,378.22469820220255
1786564020000,378.22469820220255
1786564080000,378.22469820220255
1786564140000,378.22469820220255
1786564200000,378.22469820220255
1786564260000,378.22469820220255
1786564320000,378.22469820220255
1786564380000,378.22469820220255
1786564440000,378.22469820220255
1786564500000,378.22469820220255
1786564560000,378.22469820220255
1786564620000,378.22469820220255
1786564680000,378.22469820220255
1786564740000,378.22469820220255
1786564800000,378.22469820220255
1786564860000,378.22469820220255
1786564920000,378.22469820220255
1786564980000,378.22469820220255
1786565040000,378.22469820220255
1786565100000,378.22469820220255
1786565160000,378.22469820220255
1786565220000,378.22469820220255
1786565280000,378.22469820220255
1786565340000,378.22469820220255
1786565400000,378.22469820220255
1786565460000,378.22469820220255
1786565520000,378.22469820220255
1786565580000,378.22469820220255
1786565640000,378.22469820220255
1786565700000,378.22469820220255
1786565760000,378.22469820220255
1786565820000,378.22469820220255
1786565880000,378.22469820220255
1786565940000,378.22469820220255
1786566000000,378.22469820220255
1786566060000,378.22469820220255
1786566120000,378.22469820220255
1786566180000,378.22469820220255
1786566240000,378.22469820220255
1786566300000,378.22469820220255
1786566360000,378.22469820220255
1786566420000,378.22469820220255
1786566480000,378.22469820220255
1786566540000,378.22469820220255
1786566600000,378.22469820220255
1786566660000,378.22469820220255
1786566720000,378.22469820220255
1786566780000,378.22469820220255
1786566840000,378.22469820220255
1786566900000,378.22469820220255
1786566960000,378.22469820220255
1786567020000,378.22469820220255
1786567080000,378.22469820220255
1786567140000,378.22469820220255
1786567200000,378.22469820220255
1786567260000,378.22469820220255
1786567320000,378.22469820220255
1786567380000,378.22469820220255
1786567440000,378.22469820220255
1786567500000,378.22469820220255
1786567560000,378.22469820220255
1786567620000,378.22469820220255
1786567680000,378.22469820220255
1786567740000,378.22469820220255
1786567800000,378.22469820220255
1786567860000,378.22469820220255
1786567920000,378.22469820220255
1786567980000,378.22469820220255
1786568040000,378.22469820220255
1786568100000,378.22469820220255
1786568160000,378.22469820220255
1786568220000,378.22469820220255
1786568280000,378.22469820220255
1786568340000,378.22469820220255
1786568400000,378.22469820220255
1786568460000,378.22469820220255
1786568520000,378.22469820220255
1786568580000,378.22469820220255
1786568640000,378.22469820220255
1786568700000,378.22469820220255
1786568760000,378.22469820220255
1786568820000,378.22469820220255
1786568880000,378.22469820220255
1786568940000,378.22469820220255
1786569000000,378.22469820220255
1786569060000,378.22469820220255
1786569120000,378.22469820220255
1786569180000,378.22469820220255
1786569240000,378.22469820220255
1786569300000,378.22469820220255
1786569360000,378.22469820220255
1786569420000,378.22469820220255
1786569480000,378.22469820220255
1786569540000,378.22469820220255
1786569600000,378.22469820220255
1786569660000,378.22469820220255
1786569720000,378.22469820220255
1786569780000,378.22469820220255
1786569840000,378.22469820220255
1786569900000,378.22469820220255
1786569960000,378.22469820220255
1786570020000,378.22469820220255
1786570080000,378.22469820220255
1786570140000,378.22469820220255
1786570200000,378.22469820220255
1786570260000,378.22469820220255
1786570320000,378.22469820220255
1786570380000,378.22469820220255
1786570440000,378.22469820220255
1786570500000,378.22469820220255
1786570560000,378.22469820220255
1786570620000,378.22469820220255
1786570680000,378.22469820220255
1786570740000,378.22469820220255
1786570800000,378.22469820220255
1786570860000,378.22469820220255
1786570920000,378.22469820220255
1786570980000,378.22469820220255
1786571040000,378.22469820220255
1786571100000,378.22469820220255
1786571160000,378.22469820220255
1786571220000,378.22469820220255
1786571280000,378.22469820220255
1786571340000,378.22469820220255
1786571400000,378.22469820220255
1786571460000,378.22469820220255
1786571520000,378.22469820220255
1786571580000,378.22469820220255
1786571640000,378.22469820220255
1786571700000,378.22469820220255
1786571760000,378.22469820220255
1786571820000,378.22469820220255
1786571880000,378.22469820220255
1786571940000,378.22469820220255
1786572000000,378.22469820220255
1786572060000,378.22469820220255
1786572120000,378.22469820220255
1786572180000,378.22469820220255
1786572240000,378.22469820220255
1786572300000,378.22469820220255
1786572360000,378.22469820220255
1786572420000,378.22469820220255
1786572480000,378.22469820220255
1786572540000,378.22469820220255
1786572600000,378.22469820220255
1786572660000,378.22469820220255
1786572720000,378.22469820220255
1786572780000,378.22469820220255
1786572840000,378.22469820220255
1786572900000,378.22469820220255
1786572960000,378.22469820220255
1786573020000,378.22469820220255
1786573080000,378.22469820220255
1786573140000,378.22469820220255
1786573200000,378.22469820220255
1786573260000,378.22469820220255
1786573320000,378.22469820220255
1786573380000,378.22469820220255
1786573440000,378.22469820220255
1786573500000,378.22469820220255
1786573560000,378.22469820220255
1786573620000,378.22469820220255
1786573680000,378.22469820220255
1786573740000,378.22469820220255
1786573800000,378.22469820220255
1786573860000,378.22469820220255
1786573920000,378.22469820220255
1786573980000,378.22469820220255
1786574040000,378.22469820220255
1786574100000,378.22469820220255
1786574160000,378.22469820220255
1786574220000,378.22469820220255
1786574280000,378.22469820220255
1786574340000,378.22469820220255
1786574400000,378.22469820220255
1786574460000,378.22469820220255
1786574520000,378.22469820220255
1786574580000,378.22469820220255
1786574640000,378.22469820220255
1786574700000,378.22469820220255
1786574760000,378.22469820220255
1786574820000,378.22469820220255
1786574880000,378.22469820220255
1786574940000,378.22469820220255
1786575000000,378.22469820220255
1786575060000,378.22469820220255
1786575120000,378.22469820220255
1786575180000,378.22469820220255
1786575240000,378.22469820220255
1786575300000,380.64924869700013
1786575360000,377.96616949363187
1786575420000,378.67224296820234
1786575480000,379.8961036574582
1786575540000,380.64924869700013
1786575600000,376.36573628460496
1786575660000,375.16696686711373
1786575720000,375.16696686711373
1786575780000,375.16696686711373
1786575840000,375.16696686711373
1786575900000,375.16696686711373
1786575960000,375.16696686711373
1786576020000,375.16696686711373
1786576080000,375.16696686711373
1786576140000,375.16696686711373
1786576200000,375.16696686711373
1786576260000,375.16696686711373
1786576320000,375.16696686711373
1786576380000,375.16696686711373
1786576440000,375.16696686711373
1786576500000,375.16696686711373
1786576560000,375.16696686711373
1786576620000,375.16696686711373
1786576680000,375.16696686711373
1786576740000,375.16696686711373
1786576800000,375.16696686711373
1786576860000,375.16696686711373
1786576920000,375.16696686711373
1786576980000,375.16696686711373
1786577040000,375.16696686711373
1786577100000,375.16696686711373
1786577160000,375.16696686711373
1786577220000,375.16696686711373
1786577280000,375.16696686711373
1786577340000,375.16696686711373
1786577400000,375.16696686711373
1786577460000,375.16696686711373
1786577520000,375.16696686711373
1786577580000,375.16696686711373
1786577640000,375.16696686711373
1786577700000,375.16696686711373
1786577760000,375.16696686711373
1786577820000,375.16696686711373
1786577880000,375.16696686711373
1786577940000,375.16696686711373
1786578000000,375.16696686711373
1786578060000,375.16696686711373
1786578120000,375.16696686711373
1786578180000,375.16696686711373
1786578240000,375.16696686711373
1786578300000,375.16696686711373
1786578360000,375.16696686711373
1786578420000,375.16696686711373
1786578480000,375.16696686711373
1786578540000,375.16696686711373
1786578600000,375.16696686711373
1786578660000,375.16696686711373
1786578720000,375.16696686711373
1786578780000,375.16696686711373
1786578840000,375.16696686711373
1786578900000,375.16696686711373
1786578960000,375.16696686711373
1786579020000,375.16696686711373
1786579080000,375.16696686711373
1786579140000,375.16696686711373
1786579200000,375.16696686711373
1786579260000,375.16696686711373
1786579320000,375.16696686711373
1786579380000,375.16696686711373
1786579440000,375.16696686711373
1786579500000,375.16696686711373
1786579560000,375.16696686711373
1786579620000,375.16696686711373
1786579680000,375.16696686711373
1786579740000,375.16696686711373
1786579800000,375.16696686711373
1786579860000,375.16696686711373
1786579920000,375.16696686711373
1786579980000,375.16696686711373
1786580040000,375.16696686711373
1786580100000,375.16696686711373
1786580160000,375.16696686711373
1786580220000,375.16696686711373
1786580280000,375.16696686711373
1786580340000,375.16696686711373
1786580400000,375.16696686711373
1786580460000,375.16696686711373
1786580520000,375.16696686711373
1786580580000,375.16696686711373
1786580640000,380.47269727578765
1786580700000,378.35027345190866
1786580760000,378.0272959134923
1786580820000,376.7815254081721
1786580880000,380.24199903406173
1786580940000,377.24292189162406
1786581000000,375.81259279292306
1786581060000,375.5818945511972
1786581120000,389.0085322196485
1786581180000,382.96423828642816
1786581240000,374.6129619359481
1786581300000,373.3665425410694
1786581360000,373.3665425410694
1786581420000,373.3665425410694
1786581480000,373.3665425410694
1786581540000,373.3665425410694
1786581600000,373.3665425410694
1786581660000,373.3665425410694
1786581720000,373.3665425410694
1786581780000,373.3665425410694
1786581840000,373.3665425410694
1786581900000,373.3665425410694
1786581960000,373.3665425410694
1786582020000,373.3665425410694
1786582080000,373.3665425410694
1786582140000,373.3665425410694
1786582200000,373.3665425410694
1786582260000,373.3665425410694
1786582320000,373.3665425410694
1786582380000,373.3665425410694
1786582440000,373.3665425410694
1786582500000,373.3665425410694
1786582560000,373.3665425410694
1786582620000,373.3665425410694
1786582680000,373.3665425410694
1786582740000,373.3665425410694
1786582800000,373.3665425410694
1786582860000,373.3665425410694
1786582920000,373.3665425410694
1786582980000,373.3665425410694
1786583040000,373.3665425410694
1786583100000,373.3665425410694
1786583160000,373.3665425410694
1786583220000,373.3665425410694
1786583280000,373.3665425410694
1786583340000,373.3665425410694
1786583400000,373.3665425410694
1786583460000,373.3665425410694
1786583520000,373.3665425410694
1786583580000,373.3665425410694
1786583640000,373.3665425410694
1786583700000,373.3665425410694
1786583760000,373.3665425410694
1786583820000,373.3665425410694
1786583880000,373.3665425410694
1786583940000,373.3665425410694
1786584000000,373.3665425410694
1786584060000,373.3665425410694
1786584120000,373.3665425410694
1786584180000,373.3665425410694
1786584240000,373.3665425410694
1786584300000,373.3665425410694
1786584360000,373.3665425410694
1786584420000,373.3665425410694
1786584480000,373.3665425410694
1786584540000,373.3665425410694
1786584600000,373.3665425410694
1786584660000,373.3665425410694
1786584720000,373.3665425410694
1786584780000,373.3665425410694
1786584840000,373.3665425410694
1786584900000,373.3665425410694
1786584960000,373.3665425410694
1786585020000,373.3665425410694
1786585080000,373.3665425410694
1786585140000,373.3665425410694
1786585200000,373.3665425410694
1786585260000,373.3665425410694
1786585320000,373.3665425410694
1786585380000,373.3665425410694
1786585440000,373.3665425410694
1786585500000,373.3665425410694
1786585560000,373.3665425410694
1786585620000,373.3665425410694
1786585680000,373.3665425410694
1786585740000,373.3665425410694
1786585800000,373.3665425410694
1786585860000,373.3665425410694
1786585920000,373.3665425410694
1786585980000,373.3665425410694
1786586040000,373.3665425410694
1786586100000,373.3665425410694
1786586160000,373.3665425410694
1786586220000,373.3665425410694
1786586280000,369.5034081757116
1786586340000,370.03604304718357
1786586400000,368.6600696292146
1786586460000,377.5817037263685
1786586520000,383.97332218403096
1786586580000,389.0333534630138
1786586640000,389.16651218088185
1786586700000,386.9028139771263
1786586760000,386.4589515842331
1786586820000,387.0803589342836
1786586880000,380.9994441516464
1786586940000,376.11695782982076
1786587000000,372.16658253307105
1786587060000,372.6104449259643
1786587120000,347.66537844536475
1786587180000,355.2998116031284
1786587240000,355.7436739960216
1786587300000,366.0412815111445
1786587360000,371.81149261875646
1786587420000,375.40677800119164
1786587480000,376.82713765845006
1786587540000,373.0543073188575
1786587600000,366.8402338183524
1786587660000,362.1796786929734
1786587720000,365.64180535754053
1786587780000,367.90550356129614
1786587840000,364.17705946099295
1786587900000,364.57653561459676
1786587960000,367.7723448434282
1786588020000,360.75931903571507
1786588080000,355.25542536383904
1786588140000,357.5191235675945
1786588200000,358.6731657891169
1786588260000,358.4068483533809
1786588320000,354.76717673165643
1786588380000,343.98132058435095
1786588440000,342.8155771736546
1786588500000,342.8155771736546
1786588560000,342.8155771736546
1786588620000,342.8155771736546
1786588680000,342.8155771736546
1786588740000,342.8155771736546
1786588800000,342.8155771736546
1786588860000,342.8155771736546
1786588920000,342.8155771736546
1786588980000,342.8155771736546
1786589040000,342.8155771736546
1786589100000,342.8155771736546
1786589160000,342.8155771736546
1786589220000,342.8155771736546
1786589280000,342.8155771736546
1786589340000,342.8155771736546
1786589400000,342.8155771736546
1786589460000,342.8155771736546
1786589520000,342.8155771736546
1786589580000,342.8155771736546
1786589640000,342.8155771736546
1786589700000,342.8155771736546
1786589760000,342.8155771736546
1786589820000,342.8155771736546
1786589880000,342.8155771736546
1786589940000,342.8155771736546
1786590000000,342.8155771736546
1786590060000,342.8155771736546
1786590120000,342.8155771736546
1786590180000,342.8155771736546
1786590240000,342.8155771736546
1786590300000,342.8155771736546
1786590360000,342.8155771736546
1786590420000,342.8155771736546
1786590480000,342.8155771736546
1786590540000,342.8155771736546
1786590600000,342.8155771736546
1786590660000,342.8155771736546
1786590720000,342.8155771736546
1786590780000,342.8155771736546
1786590840000,342.8155771736546
1786590900000,337.49948761829506
1786590960000,334.43531739970626
1786591020000,333.4552034802605
1786591080000,333.4552034802605
1786591140000,333.4552034802605
1786591200000,333.4552034802605
1786591260000,333.4552034802605
1786591320000,333.4552034802605
1786591380000,333.4552034802605
1786591440000,333.4552034802605
1786591500000,328.77397630241967
1786591560000,330.0565189439394
1786591620000,326.98757762316023
1786591680000,327.85787441561996
1786591740000,327.67465403826
1786591800000,326.5753317741002
1786591860000,327.4456285665601
1786591920000,323.73541592502096
1786591980000,320.43744913254176
1786592040000,336.10279139681796
1786592100000,342.2406740383766
1786592160000,341.92003837799666
1786592220000,342.28647913271647
1786592280000,343.6606319629162
1786592340000,345.30961535915577
1786592400000,343.7064370572561
1786592460000,347.0960140384154
1786592520000,340.087834604397
1786592580000,339.3553959844144
1786592640000,339.3553959844144
1786592700000,339.3553959844144
1786592760000,336.2087201246826
1786592820000,336.301417070003
1786592880000,335.8379323434006
1786592940000,334.12303885497175
1786593000000,338.6188407030151
1786593060000,338.43344681237414
1786593120000,338.34074986705355
1786593180000,337.5991743044898
1786593240000,339.1286739022778
1786593300000,337.3674319411885
1786593360000,336.7649017966054
1786593420000,339.68485557420064
1786593480000,336.116023179362
1786593540000,344.9685814574681
1786593600000,348.44178049787865
1786593660000,343.9923271224954
1786593720000,347.2830686813726
1786593780000,346.4951446461485
1786593840000,347.97829577127607
1786593900000,357.8968689205678
1786593960000,352.1960067833581
1786594020000,349.5541438417244
1786594080000,350.9445980215316
1786594140000,362.2072768779702
1786594200000,356.5064147407605
1786594260000,357.0162479400231
1786594320000,356.55276321342075
1786594380000,358.87018684643283
1786594440000,356.69180863140144
1786594500000,357.1089448853437
1786594560000,356.3210208501196
1786594620000,357.0162479400231
1786594680000,366.1468970540906
1786594740000,368.7887599957244
1786594800000,374.8140614415558
1786594860000,381.44189303197015
1786594920000,383.4348773563606
1786594980000,385.7523009893727
1786595040000,376.25086409402326
1786595100000,376.39507516978813
1786595160000,376.39507516978813
1786595220000,376.39507516978813
1786595280000,376.39507516978813
1786595340000,376.39507516978813
1786595400000,376.39507516978813
1786595460000,376.39507516978813
1786595520000,376.39507516978813
1786595580000,376.39507516978813
1786595640000,376.39507516978813
1786595700000,376.39507516978813
1786595760000,376.39507516978813
1786595820000,376.39507516978813
1786595880000,376.39507516978813
1786595940000,376.39507516978813
1786596000000,376.39507516978813
1786596060000,376.39507516978813
1786596120000,376.39507516978813
1786596180000,376.39507516978813
1786596240000,376.39507516978813
1786596300000,376.39507516978813
1786596360000,376.39507516978813
1786596420000,376.39507516978813
1786596480000,376.39507516978813
1786596540000,376.39507516978813
1786596600000,376.39507516978813
1786596660000,376.39507516978813
1786596720000,376.39507516978813
1786596780000,376.39507516978813
1786596840000,376.39507516978813
1786596900000,376.39507516978813
1786596960000,376.39507516978813
1786597020000,376.39507516978813
1786597080000,376.39507516978813
1786597140000,376.78932590806784
1786597200000,377.1275087936427
1786597260000,373.600744415505
1786597320000,373.3657873530884
1786597380000,373.3657873530884
1786597440000,373.3657873530884
1786597500000,373.3657873530884
1786597560000,373.3657873530884
1786597620000,373.3657873530884
1786597680000,373.3657873530884
1786597740000,373.3657873530884
1786597800000,373.3657873530884
1786597860000,373.3657873530884
1786597920000,373.3657873530884
1786597980000,373.3657873530884
1786598040000,373.3657873530884
1786598100000,373.3657873530884
1786598160000,373.3657873530884
1786598220000,373.3657873530884
1786598280000,373.3657873530884
1786598340000,373.3657873530884
1786598400000,373.3657873530884
1786598460000,373.3657873530884
1786598520000,373.3657873530884
1786598580000,368.6906211967839
1786598640000,368.4458940032414
1786598700000,369.8653117257877
1786598760000,363.5513501323924
1786598820000,362.3277141646801
1786598880000,359.0973152099197
1786598940000,359.53782415829625
1786599000000,364.92182241623016
1786599060000,369.1800755838688
1786599120000,368.8864029516179
1786599180000,370.06109348062165
1786599240000,369.3758573387028
1786599300000,372.89992892571405
1786599360000,379.0670542029839
1786599420000,384.84261597058577
1786599480000,382.78690754482915
1786599540000,380.0459629771537
1786599600000,375.64087349338956
1786599660000,374.39560006875104
1786599720000,374.39560006875104
1786599780000,374.39560006875104
1786599840000,377.6645496466077
1786599900000,372.6432130332838
1786599960000,383.23823328739735
1786600020000,389.2136238572529
1786600080000,383.6901535825966
1786600140000,376.91134915460907
1786600200000,376.8716622976133
1786600260000,376.8716622976133
1786600320000,376.8716622976133
1786600380000,376.8716622976133
1786600440000,376.8716622976133
1786600500000,375.6716222896117
1786600560000,376.38076847416113
1786600620000,376.7353415664358
1786600680000,376.33011517526467
1786600740000,367.1112147761229
1786600800000,364.88621862729303
1786600860000,364.88621862729303
1786600920000,364.88621862729303
1786600980000,362.62208211794035
1786601040000,361.5579856165893
1786601100000,366.62511181349896
1786601160000,358.11233980269077
1786601220000,357.4632628471203
1786601280000,357.4632628471203
1786601340000,357.4632628471203
1786601400000,357.4632628471203
1786601460000,357.4632628471203
1786601520000,357.4632628471203
1786601580000,357.4632628471203
1786601640000,357.4632628471203
1786601700000,357.4632628471203
1786601760000,357.4632628471203
1786601820000,357.4632628471203
1786601880000,357.4632628471203
1786601940000,357.4632628471203
1786602000000,357.4632628471203
1786602060000,357.4632628471203
1786602120000,357.4632628471203
1786602180000,357.4632628471203
1786602240000,357.4632628471203
1786602300000,357.4632628471203
1786602360000,357.4632628471203
1786602420000,357.4632628471203
1786602480000,357.4632628471203
1786602540000,357.4632628471203
1786602600000,357.4632628471203
1786602660000,357.4632628471203
1786602720000,357.4632628471203
1786602780000,357.4632628471203
1786602840000,357.4632628471203
1786602900000,357.4632628471203
1786602960000,357.4632628471203
1786603020000,357.4632628471203
1786603080000,357.4632628471203
1786603140000,357.4632628471203
1786603200000,357.4632628471203
1786603260000,357.4632628471203
1786603320000,357.4632628471203
1786603380000,357.4632628471203
1786603440000,357.4632628471203
1786603500000,357.4632628471203
1786603560000,357.4632628471203
1786603620000,357.4632628471203
1786603680000,357.4632628471203
1786603740000,357.4632628471203
1786603800000,357.4632628471203
1786603860000,357.4632628471203
1786603920000,357.4632628471203
1786603980000,357.4632628471203
1786604040000,357.4632628471203
1786604100000,357.4632628471203
1786604160000,357.4632628471203
1786604220000,357.4632628471203
1786604280000,357.4632628471203
1786604340000,357.4632628471203
1786604400000,357.4632628471203
1786604460000,357.4632628471203
1786604520000,357.4632628471203
1786604580000,357.4632628471203
1786604640000,357.4632628471203
1786604700000,357.4632628471203
1786604760000,357.4632628471203
1786604820000,357.4632628471203
1786604880000,357.4632628471203
1786604940000,357.4632628471203
1786605000000,357.4632628471203
1786605060000,357.4632628471203
1786605120000,357.4632628471203
1786605180000,357.4632628471203
1786605240000,357.4632628471203
1786605300000,357.4632628471203
1786605360000,357.4632628471203
1786605420000,357.4632628471203
1786605480000,357.4632628471203
1786605540000,357.4632628471203
1786605600000,357.4632628471203
1786605660000,357.4632628471203
1786605720000,353.44096714778146
1786605780000,350.1729995051769
1786605840000,349.2774780845006
1786605900000,349.2774780845006
1786605960000,349.2774780845006
1786606020000,349.2774780845006
1786606080000,349.2774780845006
1786606140000,349.2774780845006
1786606200000,349.2774780845006
1786606260000,349.2774780845006
1786606320000,349.2774780845006
1786606380000,349.2774780845006
1786606440000,349.2774780845006
1786606500000,349.2774780845006
1786606560000,349.2774780845006
1786606620000,349.2774780845006
1786606680000,349.2774780845006
1786606740000,349.2774780845006
1786606800000,349.2774780845006
1786606860000,349.2774780845006
1786606920000,349.2774780845006
1786606980000,349.2774780845006
1786607040000,349.2774780845006
1786607100000,349.2774780845006
1786607160000,349.2774780845006
1786607220000,349.2774780845006
1786607280000,349.2774780845006
1786607340000,349.2774780845006
1786607400000,349.2774780845006
1786607460000,349.2774780845006
1786607520000,349.2774780845006
1786607580000,349.2774780845006
1786607640000,349.2774780845006
1786607700000,349.2774780845006
1786607760000,349.2774780845006
1786607820000,349.2774780845006
1786607880000,349.2774780845006
1786607940000,349.2774780845006
1786608000000,349.2774780845006
1786608060000,349.2774780845006
1786608120000,349.2774780845006
1786608180000,349.2774780845006
1786608240000,349.2774780845006
1786608300000,349.2774780845006
1786608360000,349.2774780845006
1786608420000,349.2774780845006
1786608480000,349.2774780845006
1786608540000,349.2774780845006
1786608600000,349.2774780845006
1786608660000,349.2774780845006
1786608720000,349.2774780845006
1786608780000,349.2774780845006
1786608840000,349.2774780845006
1786608900000,349.2774780845006
1786608960000,349.2774780845006
1786609020000,348.18131718954953
1786609080000,350.25889945056224
1786609140000,345.16882291108124
1786609200000,343.912890008761
1786609260000,343.912890008761
1786609320000,343.912890008761
1786609380000,343.912890008761
1786609440000,338.2116881252653
1786609500000,337.4789408432082
1786609560000,338.00233175896346
1786609620000,336.1704635538206
1786609680000,336.9555499274531
1786609740000,340.09589542198376
1786609800000,340.61928633773886
1786609860000,342.97454545863684
1786609920000,342.76518909233477
1786609980000,344.59705729747765
1786610040000,344.5447182059021
1786610100000,343.8643100154205
1786610160000,342.3988154513062
1786610220000,345.7485173121389
1786610280000,347.31869005940416
1786610340000,343.8119709238451
1786610400000,344.9110918469306
1786610460000,347.00465550995114
1786610520000,345.0681091216573
1786610580000,347.7374027920083
1786610640000,347.2140118762532
1786610700000,345.69617822056335
1786610760000,345.01577003008174
1786610820000,343.39887863505766
1786610880000,343.39887863505766
1786610940000,343.39887863505766
1786611000000,343.39887863505766
1786611060000,343.39887863505766
1786611120000,343.39887863505766
1786611180000,343.39887863505766
1786611240000,343.39887863505766
1786611300000,343.39887863505766
1786611360000,343.39887863505766
1786611420000,343.39887863505766
1786611480000,343.39887863505766
1786611540000,343.39887863505766
1786611600000,343.39887863505766
1786611660000,343.39887863505766
1786611720000,343.39887863505766
1786611780000,343.39887863505766
1786611840000,343.39887863505766
1786611900000,343.39887863505766
1786611960000,343.39887863505766
1786612020000,343.39887863505766
1786612080000,343.39887863505766
1786612140000,343.39887863505766
1786612200000,343.39887863505766
1786612260000,343.39887863505766
1786612320000,343.39887863505766
1786612380000,343.39887863505766
1786612440000,343.39887863505766
1786612500000,343.39887863505766
1786612560000,343.39887863505766
1786612620000,343.39887863505766
1786612680000,343.39887863505766
1786612740000,343.39887863505766
1786612800000,343.39887863505766
1786612860000,343.39887863505766
1786612920000,343.39887863505766
1786612980000,343.39887863505766
1786613040000,343.39887863505766
1786613100000,343.39887863505766
1786613160000,343.39887863505766
1786613220000,343.39887863505766
1786613280000,343.39887863505766
1786613340000,343.39887863505766
1786613400000,343.39887863505766
1786613460000,343.39887863505766
1786613520000,343.39887863505766
1786613580000,343.39887863505766
1786613640000,343.39887863505766
1786613700000,343.39887863505766
1786613760000,343.39887863505766
1786613820000,343.39887863505766
1786613880000,343.39887863505766
1786613940000,343.39887863505766
1786614000000,343.39887863505766
1786614060000,343.39887863505766
1786614120000,343.39887863505766
1786614180000,343.39887863505766
1786614240000,343.39887863505766
1786614300000,343.39887863505766
1786614360000,343.39887863505766
1786614420000,343.39887863505766
1786614480000,343.39887863505766
1786614540000,343.39887863505766
1786614600000,343.39887863505766
1786614660000,343.39887863505766
1786614720000,343.39887863505766
1786614780000,343.39887863505766
1786614840000,343.39887863505766
1786614900000,343.39887863505766
1786614960000,343.39887863505766
1786615020000,343.39887863505766
1786615080000,343.39887863505766
1786615140000,343.39887863505766
1786615200000,343.39887863505766
1786615260000,343.39887863505766
1786615320000,340.12174589221524
1786615380000,342.62490893163886
1786615440000,342.03906226283755
1786615500000,340.60107498487076
1786615560000,345.980212580228
1786615620000,346.9388707655392
1786615680000,347.2051647059033
1786615740000,347.09864712975775
1786615800000,350.8800210829295
1786615860000,349.38877501689007
1786615920000,350.98653865907534
1786615980000,351.57238532787665
1786616040000,350.8267622948568
1786616100000,349.7083277453271
1786616160000,348.5702232554196
1786616220000,348.5702232554196
1786616280000,348.5702232554196
1786616340000,348.5702232554196
1786616400000,348.5702232554196
1786616460000,348.5702232554196
1786616520000,348.5702232554196
1786616580000,348.5702232554196
1786616640000,348.5702232554196
1786616700000,348.5702232554196
1786616760000,348.5702232554196
1786616820000,348.5702232554196
1786616880000,348.5702232554196
1786616940000,348.5702232554196
1786617000000,348.5702232554196
1786617060000,348.5702232554196
1786617120000,348.5702232554196
1786617180000,348.5702232554196
1786617240000,348.5702232554196
1786617300000,348.5702232554196
1786617360000,348.5702232554196
1786617420000,348.5702232554196
1786617480000,348.5702232554196
1786617540000,348.5702232554196
1786617600000,348.5702232554196
1786617660000,348.5702232554196
1786617720000,348.5702232554196
1786617780000,348.5702232554196
1786617840000,348.5702232554196
1786617900000,348.5702232554196
1786617960000,348.5702232554196
1786618020000,348.5702232554196
1786618080000,348.5702232554196
1786618140000,348.5702232554196
1786618200000,348.5702232554196
1786618260000,348.5702232554196
1786618320000,348.5702232554196
1786618380000,348.5702232554196
1786618440000,348.5702232554196
1786618500000,348.5702232554196
1786618560000,348.5702232554196
1786618620000,348.5702232554196
1786618680000,348.5702232554196
1786618740000,348.5702232554196
1786618800000,348.5702232554196
1786618860000,348.5702232554196
1786618920000,348.5702232554196
1786618980000,348.5702232554196
1786619040000,348.5702232554196
1786619100000,348.5702232554196
1786619160000,348.5702232554196
1786619220000,347.1084258181334
1786619280000,344.85662392625943
1786619340000,344.28058158182677
1786619400000,344.80425644040207
1786619460000,343.8092742091088
1786619520000,343.5998042656787
1786619580000,349.93627005444006
1786619640000,354.0733014371852
1786619700000,365.6988832975573
1786619760000,361.66658688652734
1786619820000,361.8236893440999
1786619880000,362.2949967168176
1786619940000,364.9657384955519
1786620000000,364.44206363697657
1786620060000,359.62425493808354
1786620120000,358.04385992343464
1786620180000,358.04385992343464
1786620240000,358.04385992343464
1786620300000,358.04385992343464
1786620360000,358.04385992343464
1786620420000,358.04385992343464
1786620480000,358.04385992343464
1786620540000,358.04385992343464
1786620600000,358.04385992343464
1786620660000,358.04385992343464
1786620720000,358.04385992343464
1786620780000,358.04385992343464
1786620840000,358.04385992343464
1786620900000,358.04385992343464
1786620960000,358.04385992343464
1786621020000,358.04385992343464
1786621080000,358.04385992343464
1786621140000,358.04385992343464
1786621200000,358.04385992343464
1786621260000,358.04385992343464
1786621320000,358.04385992343464
1786621380000,358.04385992343464
1786621440000,358.04385992343464
1786621500000,358.04385992343464
1786621560000,357.1022461790002
1786621620000,352.24533642400024
1786621680000,351.515759031985
1786621740000,351.515759031985
1786621800000,351.515759031985
1786621860000,351.515759031985
1786621920000,351.515759031985
1786621980000,351.515759031985
1786622040000,351.515759031985
1786622100000,351.515759031985
1786622160000,351.515759031985
1786622220000,351.515759031985
1786622280000,351.515759031985
1786622340000,351.515759031985
1786622400000,351.515759031985
1786622460000,351.515759031985
1786622520000,351.515759031985
1786622580000,351.515759031985
1786622640000,351.515759031985
1786622700000,351.515759031985
1786622760000,351.515759031985
1786622820000,351.515759031985
1786622880000,351.515759031985
1786622940000,351.515759031985
1786623000000,351.515759031985
1786623060000,351.515759031985
1786623120000,351.515759031985
1786623180000,351.515759031985
1786623240000,351.515759031985
1786623300000,351.515759031985
1786623360000,351.515759031985
1786623420000,351.515759031985
1786623480000,351.515759031985
1786623540000,351.515759031985
1786623600000,351.515759031985
1786623660000,351.8273968214774
1786623720000,353.43651705751597
1786623780000,351.68111316365577
1786623840000,348.9017236650435
1786623900000,341.09992858121984
1786623960000,345.0008261231317
1786624020000,341.0024061426721
1786624080000,341.4412571161371
1786624140000,345.39091587732287
1786624200000,348.0727829373872
1786624260000,346.21985660497916
1786624320000,342.80657125580626
1786624380000,342.0056424638043
1786624440000,342.0056424638043
1786624500000,342.0056424638043
1786624560000,342.0056424638043
1786624620000,342.0056424638043
1786624680000,342.0056424638043
1786624740000,342.0056424638043
1786624800000,342.0056424638043
1786624860000,342.0056424638043
1786624920000,342.0056424638043
1786624980000,342.0056424638043
1786625040000,342.0056424638043
1786625100000,342.0056424638043
1786625160000,342.0056424638043
1786625220000,342.0056424638043
1786625280000,342.0056424638043
1786625340000,342.0056424638043
1786625400000,342.0056424638043
1786625460000,342.0056424638043
1786625520000,342.0056424638043
1786625580000,342.0056424638043
1786625640000,342.0056424638043
1786625700000,342.0056424638043
1786625760000,342.0056424638043
1786625820000,342.0056424638043
1786625880000,342.0056424638043
1786625940000,342.0056424638043
1786626000000,342.0056424638043
1786626060000,342.0056424638043
1786626120000,342.0056424638043
1786626180000,342.0056424638043
1786626240000,342.0056424638043
1786626300000,342.0056424638043
1786626360000,342.0056424638043
1786626420000,342.0056424638043
1786626480000,342.0056424638043
1786626540000,342.0056424638043
1786626600000,340.4149256860596
1786626660000,340.75683785958756
1786626720000,341.0499054368972
1786626780000,343.05253388184667
1786626840000,343.6386690364661
1786626900000,341.6848851877348
1786626960000,339.9753243200951
1786627020000,338.5328305334451
1786627080000,338.5328305334451
1786627140000,338.5328305334451
1786627200000,338.5328305334451
1786627260000,338.5328305334451
1786627320000,338.5328305334451
1786627380000,338.5328305334451
1786627440000,338.5328305334451
1786627500000,338.5328305334451
1786627560000,338.5328305334451
1786627620000,338.5328305334451
1786627680000,338.5328305334451
1786627740000,338.5328305334451
1786627800000,338.5328305334451
1786627860000,338.5328305334451
1786627920000,338.5328305334451
1786627980000,338.5328305334451
1786628040000,338.5328305334451
1786628100000,338.5328305334451
1786628160000,338.5328305334451
1786628220000,338.5328305334451
1786628280000,338.5328305334451
1786628340000,338.5328305334451
1786628400000,338.5328305334451
1786628460000,338.5328305334451
1786628520000,338.5328305334451
1786628580000,338.5328305334451
1786628640000,338.5328305334451
1786628700000,338.5328305334451
1786628760000,338.5328305334451
1786628820000,338.5328305334451
1786628880000,338.5328305334451
1786628940000,338.5328305334451
1786629000000,338.5328305334451
1786629060000,338.5328305334451
1786629120000,338.5328305334451
1786629180000,338.5328305334451
1786629240000,338.5328305334451
1786629300000,338.5328305334451
1786629360000,338.5328305334451
1786629420000,338.5328305334451
1786629480000,338.5328305334451
1786629540000,338.5328305334451
1786629600000,338.5328305334451
1786629660000,338.5328305334451
1786629720000,338.5328305334451
1786629780000,338.5328305334451
1786629840000,342.50716819312
1786629900000,341.2015042956698
1786629960000,340.6212092301364
1786630020000,339.26718741055834
1786630080000,340.2827037752419
1786630140000,341.83015728333095
1786630200000,346.37580196334295
1786630260000,342.4104523488645
1786630320000,345.4570014429151
1786630380000,348.8904139139879
1786630440000,350.3411515778216
1786630500000,349.1805614467548
1786630560000,349.6641406680326
1786630620000,348.6969822254769
1786630680000,349.7608565122881
1786630740000,345.89222274206514
1786630800000,344.6823931432932
1786630860000,344.6823931432932
1786630920000,344.6823931432932
1786630980000,342.6711395467571
1786631040000,341.9075691104864
1786631100000,341.28188927270685
1786631160000,341.28188927270685
1786631220000,341.28188927270685
1786631280000,341.28188927270685
1786631340000,341.28188927270685
1786631400000,341.28188927270685
1786631460000,341.28188927270685
1786631520000,341.28188927270685
1786631580000,341.28188927270685
1786631640000,341.28188927270685
1786631700000,341.28188927270685
1786631760000,341.28188927270685
1786631820000,341.28188927270685
1786631880000,341.28188927270685
1786631940000,341.28188927270685
1786632000000,341.28188927270685
1786632060000,341.28188927270685
1786632120000,341.28188927270685
1786632180000,341.28188927270685
1786632240000,341.28188927270685
1786632300000,341.28188927270685
1786632360000,341.28188927270685
1786632420000,341.28188927270685
1786632480000,341.28188927270685
1786632540000,341.28188927270685
1786632600000,341.28188927270685
1786632660000,341.28188927270685
1786632720000,341.28188927270685
1786632780000,341.28188927270685
1786632840000,341.28188927270685
1786632900000,341.28188927270685
1786632960000,341.28188927270685
1786633020000,341.28188927270685
1786633080000,341.28188927270685
1786633140000,341.28188927270685
1786633200000,341.28188927270685
1786633260000,341.28188927270685
1786633320000,341.28188927270685
1786633380000,341.28188927270685
1786633440000,341.28188927270685
1786633500000,341.28188927270685
1786633560000,341.28188927270685
1786633620000,341.28188927270685
1786633680000,341.28188927270685
1786633740000,341.28188927270685
1786633800000,341.28188927270685
1786633860000,341.28188927270685
1786633920000,341.28188927270685
1786633980000,341.28188927270685
1786634040000,341.28188927270685
1786634100000,341.28188927270685
1786634160000,341.28188927270685
1786634220000,341.28188927270685
1786634280000,341.28188927270685
1786634340000,341.28188927270685
1786634400000,341.28188927270685
1786634460000,341.28188927270685
1786634520000,341.28188927270685
1786634580000,341.28188927270685
1786634640000,341.28188927270685
1786634700000,341.28188927270685
1786634760000,341.28188927270685
1786634820000,341.28188927270685
1786634880000,341.28188927270685
1786634940000,341.28188927270685
1786635000000,341.28188927270685
1786635060000,341.28188927270685
1786635120000,341.28188927270685
1786635180000,341.28188927270685
1786635240000,341.28188927270685
1786635300000,341.28188927270685
1786635360000,341.28188927270685
1786635420000,341.28188927270685
1786635480000,341.28188927270685
1786635540000,341.28188927270685
1786635600000,341.28188927270685
1786635660000,341.28188927270685
1786635720000,341.28188927270685
1786635780000,341.28188927270685
1786635840000,341.28188927270685
1786635900000,341.28188927270685
1786635960000,341.28188927270685
1786636020000,341.28188927270685
1786636080000,341.28188927270685
1786636140000,341.28188927270685
1786636200000,341.28188927270685
1786636260000,341.28188927270685
1786636320000,341.28188927270685
1786636380000,341.28188927270685
1786636440000,341.28188927270685
1786636500000,339.8273195313969
1786636560000,340.387284944675
1786636620000,341.0490622512764
1786636680000,340.1836611580284
1786636740000,343.1871120110655
1786636800000,341.9012918273829
1786636860000,342.56306913398447
1786636920000,342.2067275073529
1786636980000,341.3413264141048
1786637040000,338.38878150772945
1786637100000,340.8322669474884
1786637160000,343.1739404939241
1786637220000,343.3775642805707
1786637280000,343.0721286006009
1786637340000,346.2792032402845
1786637400000,346.58463892025435
1786637460000,345.7192378270064
1786637520000,348.06091137344197
1786637580000,345.66833188034474
1786637640000,345.5665199870215
1786637700000,345.5156140403598
1786637760000,342.46125724066104
1786637820000,341.5958561474131
1786637880000,345.617425933683
1786637940000,344.14115348049546
1786638000000,342.7666929206309
1786638060000,341.85038588072143
1786638120000,341.5958561474131
1786638180000,341.0867966807967
1786638240000,341.6467620940748
1786638300000,345.5156140403598
1786638360000,343.9884356405104
1786638420000,341.85038588072143
1786638480000,342.1558215606912
1786638540000,342.1558215606912
1786638600000,341.2904204674433
1786638660000,338.79602908102265
1786638720000,339.96686585424044
1786638780000,339.8141480142555
1786638840000,342.8175988672926
1786638900000,340.32320748087193
1786638960000,341.7994799340597
1786639020000,345.5156140403598
1786639080000,344.65021294711187
1786639140000,345.1592724137283
1786639200000,347.195510280194
1786639260000,344.09024753383375
1786639320000,344.2938713204803
1786639380000,346.07557945363794
1786639440000,344.2938713204803
1786639500000,343.9884356405104
1786639560000,343.1230345472624
1786639620000,344.8538367337585
1786639680000,346.788262706901
1786639740000,344.59930700045015
1786639800000,346.43192108026943
1786639860000,345.7192378270064
1786639920000,342.3085394006761
1786639980000,344.90474268042
1786640040000,344.90474268042
1786640100000,343.1739404939241
1786640160000,344.3956832138036
1786640220000,341.1886085741199
1786640280000,342.51216318732276
1786640340000,342.9703167072775
1786640400000,343.3775642805707
1786640460000,344.65021294711187
1786640520000,344.3956832138036
1786640580000,343.93752969384883
1786640640000,342.05400966736784
1786640700000,344.2938713204803
1786640760000,345.4647080936981
1786640820000,347.195510280194
1786640880000,347.14460433353247
1786640940000,346.33010918694606
1786641000000,347.0936983868708
1786641060000,347.8572875867955
1786641120000,346.6864508135776
1786641180000,348.56997084005855
1786641240000,347.0936983868708
1786641300000,347.195510280194
1786641360000,348.31544110675026
1786641420000,348.0100054267804
1786641480000,348.4681589467352
1786641540000,347.0427924402091
1786641600000,346.2070643112772
1786641660000,346.2070643112772
1786641720000,344.18525165050124
1786641780000,344.8015811400821
1786641840000,343.36347899772693
1786641900000,345.21246746646915
1786641960000,345.36654983886433
1786642020000,345.5206322112597
1786642080000,345.10974588487244
1786642140000,344.8015811400821
1786642200000,345.2638282572676
1786642260000,344.95566351247726
1786642320000,340.79543945780694
1786642380000,341.51449052898454
1786642440000,341.2063257841942
1786642500000,341.4117689473878
1786642560000,343.1580358345333
1786642620000,342.43898476335573
1786642680000,343.0553142529364
1786642740000,343.26075741613005
1786642800000,343.1580358345333
1786642860000,342.1821808093637
1786642920000,343.6716437425173
1786642980000,343.41483978852517
1786643040000,341.8740160645733
1786643100000,342.0280984369685
1786643160000,342.1308200185654
1786643220000,342.7471495081461
1786643280000,342.6444279265493
1786643340000,343.26075741613005
1786643400000,342.7471495081461
1786643460000,343.7230045333157
1786643520000,345.41791062966274
1786643580000,344.9043027216788
1786643640000,345.6747145836548
1786643700000,342.2335416001621
1786643760000,341.3383073823212
1786643820000,341.3383073823212
1786643880000,341.3383073823212
1786643940000,341.3383073823212
1786644000000,341.3383073823212
1786644060000,341.3383073823212
1786644120000,341.3383073823212
1786644180000,341.3383073823212
1786644240000,341.3383073823212
1786644300000,341.3383073823212
1786644360000,341.3383073823212
1786644420000,341.3383073823212
1786644480000,341.3383073823212
1786644540000,341.3383073823212
1786644600000,341.3383073823212
1786644660000,341.3383073823212
1786644720000,341.3383073823212
1786644780000,341.3383073823212
1786644840000,341.3383073823212
1786644900000,341.3383073823212
1786644960000,341.3383073823212
1786645020000,341.3383073823212
1786645080000,341.3383073823212
1786645140000,341.3383073823212
1786645200000,341.3383073823212
1786645260000,341.3383073823212
1786645320000,341.3383073823212
1786645380000,341.3383073823212
1786645440000,341.3383073823212
1786645500000,341.3383073823212
1786645560000,341.3383073823212
1786645620000,341.3383073823212
1786645680000,341.3383073823212
1786645740000,341.3383073823212
1786645800000,341.3383073823212
1786645860000,341.3383073823212
1786645920000,341.3383073823212
1786645980000,341.3383073823212
1786646040000,341.3383073823212
1786646100000,341.3383073823212
1786646160000,341.3383073823212
1786646220000,341.3383073823212
1786646280000,341.3383073823212
1786646340000,341.3383073823212
1786646400000,341.3383073823212
1786646460000,341.3383073823212
1786646520000,341.3383073823212
1786646580000,341.3383073823212
1786646640000,341.3383073823212
1786646700000,341.3383073823212
1786646760000,341.3383073823212
1786646820000,341.3383073823212
1786646880000,341.3383073823212
1786646940000,341.3383073823212
1786647000000,341.3383073823212
1786647060000,341.3383073823212
1786647120000,341.3383073823212
1786647180000,341.3383073823212
1786647240000,341.3383073823212
1786647300000,341.3383073823212
1786647360000,341.3383073823212
1786647420000,341.3383073823212
1786647480000,340.3953089142067
1786647540000,339.46995937061376
1786647600000,339.98404245038756
1786647660000,339.1615095227495
1786647720000,338.39038490308866
1786647780000,337.92771013129226
1786647840000,338.85305967488523
1786647900000,339.4185510626363
1786647960000,339.11010121477204
1786648020000,338.5960181349982
1786648080000,336.4882775079255
1786648140000,336.4882775079255
1786648200000,339.0586929067946
1786648260000,339.31573444668163
1786648320000,339.0586929067946
1786648380000,339.367142754659
1786648440000,339.57277598656844
1786648500000,338.7502430589303
1786648560000,337.56785197545054
1786648620000,338.7502430589303
1786648680000,339.00728459881736
1786648740000,338.90446798286246
1786648800000,338.287568287134
1786648860000,338.85305967488523
1786648920000,338.7502430589303
1786648980000,338.8016513669078
1786649040000,337.92771013129226
1786649100000,339.00728459881736
1786649160000,338.4932015190435
1786649220000,337.97911843926954
1786649280000,338.44179321106606
1786649340000,337.8248935153374
1786649400000,337.10517720365397
1786649460000,337.6192602834278
1786649520000,337.56785197545054
1786649580000,337.56785197545054
1786649640000,337.97911843926954
1786649700000,337.92771013129226
1786649760000,338.64742644297564
1786649820000,338.5960181349982
1786649880000,339.57277598656844
1786649940000,339.1615095227495
1786650000000,339.2129178307267
1786650060000,339.11010121477204
1786650120000,339.2643261387042
1786650180000,338.7502430589303
1786650240000,339.4185510626363
1786650300000,338.3389765951112
1786650360000,338.39038490308866
1786650420000,338.5446098270208
1786650480000,338.5960181349982
1786650540000,338.13334336320185
1786650600000,338.2361599791565
1786650660000,336.0256027361289
1786650720000,333.1981457973728
1786650780000,331.93790616721
1786650840000,331.93790616721
1786650900000,331.93790616721
1786650960000,331.93790616721
1786651020000,331.93790616721
1786651080000,331.93790616721
1786651140000,331.93790616721
1786651200000,331.93790616721
1786651260000,331.93790616721
1786651320000,331.93790616721
1786651380000,331.93790616721
1786651440000,331.93790616721
1786651500000,331.93790616721
1786651560000,331.93790616721
1786651620000,331.93790616721
1786651680000,331.93790616721
1786651740000,331.93790616721
1786651800000,331.93790616721
1786651860000,331.93790616721
1786651920000,331.93790616721
1786651980000,331.93790616721
1786652040000,331.93790616721
1786652100000,331.93790616721
1786652160000,331.93790616721
1786652220000,331.93790616721
1786652280000,331.93790616721
1786652340000,331.93790616721
1786652400000,331.93790616721
1786652460000,331.93790616721
1786652520000,331.93790616721
1786652580000,331.93790616721
1786652640000,331.93790616721
1786652700000,331.93790616721
1786652760000,331.93790616721
1786652820000,331.93790616721
1786652880000,331.93790616721
1786652940000,331.93790616721
1786653000000,331.93790616721
1786653060000,331.93790616721
1786653120000,331.93790616721
1786653180000,331.93790616721
1786653240000,331.93790616721
1786653300000,331.93790616721
1786653360000,331.93790616721
1786653420000,331.93790616721
1786653480000,331.93790616721
1786653540000,331.93790616721
1786653600000,331.93790616721
1786653660000,331.93790616721
1786653720000,331.93790616721
1786653780000,331.93790616721
1786653840000,331.0452932357538
1786653900000,330.276925544398
1786653960000,328.9244294281894
1786654020000,328.9244294281894
1786654080000,328.9244294281894
1786654140000,328.9244294281894
1786654200000,328.9244294281894
1786654260000,328.9244294281894
1786654320000,328.9244294281894
1786654380000,328.9244294281894
1786654440000,328.9244294281894
1786654500000,328.9244294281894
1786654560000,328.9244294281894
1786654620000,328.9244294281894
1786654680000,328.9244294281894
1786654740000,328.9244294281894
1786654800000,328.9244294281894
1786654860000,328.9244294281894
1786654920000,328.9244294281894
1786654980000,328.9244294281894
1786655040000,328.9244294281894
1786655100000,328.9244294281894
1786655160000,328.9244294281894
1786655220000,328.9244294281894
1786655280000,328.9244294281894
1786655340000,328.9244294281894
1786655400000,328.9244294281894
1786655460000,328.9244294281894
1786655520000,328.9244294281894
1786655580000,328.9244294281894
1786655640000,328.9244294281894
1786655700000,328.9244294281894
1786655760000,328.9244294281894
1786655820000,328.9244294281894
1786655880000,328.9244294281894
1786655940000,328.9244294281894
1786656000000,328.9244294281894
1786656060000,328.9244294281894
1786656120000,328.9244294281894
1786656180000,328.9244294281894
1786656240000,328.9244294281894
1786656300000,328.9244294281894
1786656360000,328.9244294281894
1786656420000,328.9244294281894
1786656480000,328.9244294281894
1786656540000,328.9244294281894
1786656600000,328.9244294281894
1786656660000,328.9244294281894
1786656720000,328.9244294281894
1786656780000,328.9244294281894
1786656840000,328.9244294281894
1786656900000,328.9244294281894
1786656960000,328.9244294281894
1786657020000,328.9244294281894
1786657080000,328.9244294281894
1786657140000,328.9244294281894
1786657200000,328.9244294281894
1786657260000,328.9244294281894
1786657320000,328.9244294281894
1786657380000,328.9244294281894
1786657440000,328.9244294281894
1786657500000,328.9244294281894
1786657560000,328.9244294281894
1786657620000,328.9244294281894
1786657680000,328.9244294281894
1786657740000,328.9244294281894
1786657800000,328.9244294281894
1786657860000,328.9244294281894
1786657920000,328.9244294281894
1786657980000,328.9244294281894
1786658040000,328.9244294281894
1786658100000,328.9244294281894
1786658160000,328.9244294281894
1786658220000,328.9244294281894
1786658280000,328.9244294281894
1786658340000,328.9244294281894
1786658400000,328.9244294281894
1786658460000,328.9244294281894
1786658520000,328.9244294281894
1786658580000,328.9244294281894
1786658640000,328.9244294281894
1786658700000,328.9244294281894
1786658760000,328.9244294281894
1786658820000,328.9244294281894
1786658880000,328.9244294281894
1786658940000,328.9244294281894
1786659000000,328.9244294281894
1786659060000,328.9244294281894
1786659120000,328.9244294281894
1786659180000,328.9244294281894
1786659240000,328.9244294281894
1786659300000,328.9244294281894
1786659360000,328.9244294281894
1786659420000,328.9244294281894
1786659480000,328.9244294281894
1786659540000,328.9244294281894
1786659600000,328.9244294281894
1786659660000,328.9244294281894
1786659720000,328.9244294281894
1786659780000,328.9244294281894
1786659840000,328.9244294281894
1786659900000,328.9244294281894
1786659960000,328.9244294281894
1786660020000,328.9244294281894
1786660080000,328.9244294281894
1786660140000,328.9244294281894
1786660200000,328.9244294281894
1786660260000,328.9244294281894
1786660320000,328.9244294281894
1786660380000,328.9244294281894
1786660440000,328.9244294281894
1786660500000,328.9244294281894
1786660560000,328.9244294281894
1786660620000,328.9244294281894
1786660680000,328.9244294281894
1786660740000,328.9244294281894
1786660800000,328.9244294281894
1786660860000,328.9244294281894
1786660920000,328.9244294281894
1786660980000,328.9244294281894
1786661040000,328.9244294281894
1786661100000,328.9244294281894
1786661160000,329.25468323904954
1786661220000,329.76478117867026
1786661280000,329.76478117867026
1786661340000,329.560742002822
1786661400000,330.3258889122527
1786661460000,330.2238693243287
1786661520000,330.5809378820631
1786661580000,330.9380064397975
1786661640000,331.09103582168365
1786661700000,330.42790850017695
1786661760000,331.39709458545593
1786661820000,330.9380064397975
1786661880000,331.346084791494
1786661940000,332.1622414948868
1786662000000,332.62132964054524
1786662060000,334.2026332533692
1786662120000,331.448104379418
1786662180000,330.7628436532622
1786662240000,330.7628436532622
1786662300000,330.7628436532622
1786662360000,330.7628436532622
1786662420000,330.7628436532622
1786662480000,330.7628436532622
1786662540000,330.7628436532622
1786662600000,330.7628436532622
1786662660000,330.7628436532622
1786662720000,330.7628436532622
1786662780000,330.7628436532622
1786662840000,330.7628436532622
1786662900000,330.7628436532622
1786662960000,330.7628436532622
1786663020000,330.7628436532622
1786663080000,330.7628436532622
1786663140000,330.7628436532622
1786663200000,330.7628436532622
1786663260000,330.7628436532622
1786663320000,330.7628436532622
1786663380000,330.7628436532622
1786663440000,330.7628436532622
1786663500000,330.7628436532622
1786663560000,330.7628436532622
1786663620000,330.7628436532622
1786663680000,330.7628436532622
1786663740000,330.7628436532622
1786663800000,330.7628436532622
1786663860000,330.7628436532622
1786663920000,330.7628436532622
1786663980000,330.7628436532622
1786664040000,330.7628436532622
1786664100000,330.7628436532622
1786664160000,330.7628436532622
1786664220000,330.7628436532622
1786664280000,330.7628436532622
1786664340000,330.7628436532622
1786664400000,328.99881961613994
1786664460000,329.10136216688926
1786664520000,328.74246323926695
1786664580000,326.1276281951616
1786664640000,326.1276281951616
1786664700000,326.7428834996569
1786664760000,326.17889947053607
1786664820000,325.15347396304384
1786664880000,324.589489933923
1786664940000,324.12804845555155
1786665000000,324.07677718017686
1786665060000,323.76914952792924
1786665120000,329.35771854376225
1786665180000,327.92212283327314
1786665240000,328.1784792101461
1786665300000,328.7937345146416
1786665360000,329.4089898191369
1786665420000,328.89627706539073
1786665480000,328.6399206885176
1786665540000,329.4089898191369
1786665600000,327.8451098953154
1786665660000,329.9472321856746
1786665720000,326.2557003587023
1786665780000,324.84574459268754
1786665840000,324.84574459268754
1786665900000,324.1549255125254
1786665960000,324.96955099706327
1786666020000,326.2933174094376
1786666080000,327.0570288011918
1786666140000,329.04267841975314
1786666200000,334.64322862595156
1786666260000,337.1380191723491
1786666320000,337.9017305641035
1786666380000,337.23984735791646
1786666440000,343.04405393524945
1786666500000,348.4409477703134
1786666560000,344.4187344404072
1786666620000,345.538844481647
1786666680000,346.3534699661849
1786666740000,337.29076145069996
1786666800000,341.3638888733898
1786666860000,340.90566203833725
1786666920000,341.92394389400965
1786666980000,340.0910365537992
1786667040000,339.0243044706698
1786667100000,339.0243044706698
1786667160000,339.0243044706698
1786667220000,339.0243044706698
1786667280000,339.0243044706698
1786667340000,339.0243044706698
1786667400000,339.0243044706698
1786667460000,339.0243044706698
1786667520000,339.0243044706698
1786667580000,339.0243044706698
1786667640000,339.0243044706698
1786667700000,339.0243044706698
1786667760000,339.0243044706698
1786667820000,339.0243044706698
1786667880000,339.0243044706698
1786667940000,339.0243044706698
1786668000000,339.0243044706698
1786668060000,339.0243044706698
1786668120000,339.0243044706698
1786668180000,339.0243044706698
1786668240000,339.0243044706698
1786668300000,339.0243044706698
1786668360000,339.0243044706698
1786668420000,339.0243044706698
1786668480000,339.0243044706698
1786668540000,339.0243044706698
1786668600000,339.0243044706698
1786668660000,339.0243044706698
1786668720000,339.0243044706698
1786668780000,339.44361773323226
1786668840000,337.67253759355634
1786668900000,337.82434446267143
1786668960000,335.6990482950601
1786669020000,336.40748035093054
1786669080000,339.08940170529706
1786669140000,339.89903834057765
1786669200000,333.9785704450891
1786669260000,332.78362451677305
1786669320000,332.78362451677305
1786669380000,332.78362451677305
1786669440000,332.78362451677305
1786669500000,332.78362451677305
1786669560000,332.78362451677305
1786669620000,332.78362451677305
1786669680000,332.78362451677305
1786669740000,332.78362451677305
1786669800000,332.78362451677305
1786669860000,332.78362451677305
1786669920000,332.78362451677305
1786669980000,332.78362451677305
1786670040000,332.78362451677305
1786670100000,332.78362451677305
1786670160000,332.78362451677305
1786670220000,332.78362451677305
1786670280000,332.78362451677305
1786670340000,332.78362451677305
1786670400000,332.78362451677305
1786670460000,332.78362451677305
1786670520000,332.78362451677305
1786670580000,332.78362451677305
1786670640000,332.78362451677305
1786670700000,332.78362451677305
1786670760000,332.78362451677305
1786670820000,332.78362451677305
1786670880000,332.78362451677305
1786670940000,332.78362451677305
1786671000000,332.78362451677305
1786671060000,332.78362451677305
1786671120000,332.78362451677305
1786671180000,332.78362451677305
1786671240000,332.78362451677305
1786671300000,333.59553701102243
1786671360000,333.9476146989156
1786671420000,332.9416784477918
1786671480000,333.9476146989156
1786671540000,344.6105389608285
1786671600000,340.8382780191141
1786671660000,340.4359035186645
1786671720000,341.7436206451256
1786671780000,335.0541445751519
1786671840000,341.29094933211974
1786671900000,337.5689852029616
1786671960000,339.7317481428778
1786672020000,336.9654234522872
1786672080000,337.2672043276243
1786672140000,337.3175011401806
1786672200000,336.7139393895063
1786672260000,332.5896007598984
1786672320000,331.63396132133084
1786672380000,333.2937561356851
1786672440000,332.7907880101232
1786672500000,332.3884135096736
1786672560000,332.7907880101232
1786672620000,331.7848517589994
1786672680000,332.8410848226795
1786672740000,332.3884135096736
1786672800000,332.740491197567
1786672860000,333.34405294824137
1786672920000,333.99791151147184
1786672980000,339.2287800173159
1786673040000,337.7701724531864
1786673100000,337.21690751506827
1786673160000,335.2050350128204
1786673220000,333.90065707162637
1786673280000,333.90065707162637
1786673340000,335.14739346075174
1786673400000,333.74928123382387
1786673460000,332.90042738176055
1786673520000,331.6507549869182
1786673580000,331.6507549869182
1786673640000,331.6507549869182
1786673700000,331.6507549869182
1786673760000,331.6507549869182
1786673820000,331.6507549869182
1786673880000,331.6507549869182
1786673940000,331.6507549869182
1786674000000,331.6507549869182
1786674060000,331.6507549869182
1786674120000,331.6507549869182
1786674180000,331.6507549869182
1786674240000,331.6507549869182
1786674300000,331.6507549869182
1786674360000,331.6507549869182
1786674420000,331.6507549869182
1786674480000,331.6507549869182
1786674540000,331.6507549869182
1786674600000,331.6507549869182
1786674660000,331.6507549869182
1786674720000,331.6507549869182
1786674780000,331.6507549869182
1786674840000,331.6507549869182
1786674900000,331.6507549869182
1786674960000,331.6507549869182
1786675020000,331.6507549869182
1786675080000,331.6507549869182
1786675140000,331.6507549869182
1786675200000,331.6507549869182
1786675260000,331.6507549869182
1786675320000,331.6507549869182
1786675380000,331.6507549869182
1786675440000,331.6507549869182
1786675500000,331.6507549869182
1786675560000,331.6507549869182
1786675620000,331.6507549869182
1786675680000,331.6507549869182
1786675740000,331.6507549869182
1786675800000,331.6507549869182
1786675860000,331.6507549869182
1786675920000,331.6507549869182
1786675980000,331.6507549869182
1786676040000,331.6507549869182
1786676100000,331.6507549869182
1786676160000,331.6507549869182
1786676220000,331.6507549869182
1786676280000,331.6507549869182
1786676340000,331.6507549869182
1786676400000,331.6507549869182
1786676460000,331.6507549869182
1786676520000,331.6507549869182
1786676580000,331.6507549869182
1786676640000,331.6507549869182
1786676700000,331.6507549869182
1786676760000,331.6507549869182
1786676820000,331.6507549869182
1786676880000,331.6507549869182
1786676940000,331.6507549869182
1786677000000,331.6507549869182
1786677060000,331.6507549869182
1786677120000,331.6507549869182
1786677180000,331.6507549869182
1786677240000,331.6507549869182
1786677300000,331.6507549869182
1786677360000,331.6507549869182
1786677420000,331.6507549869182
1786677480000,331.6507549869182
1786677540000,331.6507549869182
1786677600000,331.6507549869182
1786677660000,331.6507549869182
1786677720000,331.6507549869182
1786677780000,331.6507549869182
1786677840000,331.6507549869182
1786677900000,331.6507549869182
1786677960000,331.6507549869182
1786678020000,331.6507549869182
1786678080000,331.6507549869182
1786678140000,331.6507549869182
1786678200000,331.6507549869182
1786678260000,331.6507549869182
1786678320000,331.6507549869182
1786678380000,331.6507549869182
1786678440000,331.6507549869182
1786678500000,331.6507549869182
1786678560000,331.6507549869182
1786678620000,331.6507549869182
1786678680000,331.6507549869182
1786678740000,331.6507549869182
1786678800000,331.6507549869182
1786678860000,331.6507549869182
1786678920000,331.6507549869182
1786678980000,331.6507549869182
1786679040000,331.6507549869182
1786679100000,331.6507549869182
1786679160000,331.6507549869182
1786679220000,331.6507549869182
1786679280000,331.6507549869182
1786679340000,331.6507549869182
1786679400000,331.6507549869182
1786679460000,331.6507549869182
1786679520000,331.6507549869182
1786679580000,331.6507549869182
1786679640000,331.6507549869182
1786679700000,331.6507549869182
1786679760000,331.6507549869182
1786679820000,331.6507549869182
1786679880000,331.6507549869182
1786679940000,331.6507549869182
1786680000000,331.6507549869182
1786680060000,331.6507549869182
1786680120000,331.6507549869182
1786680180000,331.6507549869182
1786680240000,331.6507549869182
1786680300000,331.6507549869182
1786680360000,331.6507549869182
1786680420000,331.6507549869182
1786680480000,331.6507549869182
1786680540000,331.6507549869182
1786680600000,331.6507549869182
1786680660000,331.6507549869182
1786680720000,331.6507549869182
1786680780000,331.6507549869182
1786680840000,331.6507549869182
1786680900000,331.6507549869182
1786680960000,331.6507549869182
1786681020000,331.6507549869182
1786681080000,331.6507549869182
1786681140000,331.6507549869182
1786681200000,331.6507549869182
1786681260000,331.6507549869182
1786681320000,331.6507549869182
1786681380000,331.6507549869182
1786681440000,331.6507549869182
1786681500000,331.6507549869182
1786681560000,331.6507549869182
1786681620000,331.6507549869182
1786681680000,331.6507549869182
1786681740000,331.6507549869182
1786681800000,331.6507549869182
1786681860000,331.6507549869182
1786681920000,331.6507549869182
1786681980000,331.6507549869182
1786682040000,331.6507549869182
1786682100000,331.6507549869182
1786682160000,331.6507549869182
1786682220000,331.6507549869182
1786682280000,331.6507549869182
1786682340000,331.6507549869182
1786682400000,331.6507549869182
1786682460000,331.6507549869182
1786682520000,331.6507549869182
1786682580000,331.6507549869182
1786682640000,331.6507549869182
1786682700000,331.6507549869182
1786682760000,331.6507549869182
1786682820000,331.6507549869182
1786682880000,331.6507549869182
1786682940000,331.6507549869182
1786683000000,331.6507549869182
1786683060000,331.6507549869182
1786683120000,331.6507549869182
1786683180000,331.6507549869182
1786683240000,331.6507549869182
1786683300000,331.6507549869182
1786683360000,331.6507549869182
1786683420000,331.6507549869182
1786683480000,331.6507549869182
1786683540000,331.6507549869182
1786683600000,322.42128662662526
1786683660000,321.76478594373333
1786683720000,321.6637858386729
1786683780000,314.0382779066196
1786683840000,312.52327633071485
1786683900000,315.1492790622829
1786683960000,312.52327633071485
1786684020000,313.3312771711974
1786684080000,318.3307823716827
1786684140000,317.6742816887907
1786684200000,315.9067798502353
1786684260000,315.502779429994
1786684320000,315.35127927240353
1786684380000,322.5222867316855
1786684440000,319.79528389505725
1786684500000,319.79528389505725
1786684560000,315.2502791673433
1786684620000,314.13927801167983
1786684680000,313.7352775914387
1786684740000,313.8867777490292
1786684800000,315.35127927240353
1786684860000,312.5737763832451
1786684920000,319.5932836849366
1786684980000,321.25978541843176
1786685040000,319.2902833697557
1786685100000,318.8862829495144
1786685160000,317.7752817938509
1786685220000,315.6037795350544
1786685280000,314.6442785369814
1786685340000,321.10828526084117
1786685400000,321.51228568108246
1786685460000,321.51228568108246
1786685520000,317.92678195144157
1786685580000,320.1487842627683
1786685640000,318.8862829495144
1786685700000,317.92678195144157
1786685760000,325.14828946325355
1786685820000,326.05729040879635
1786685880000,323.83528809746963
1786685940000,318.98728305457485
1786686000000,317.80147688819926
1786686060000,317.80147688819926
1786686120000,317.80147688819926
1786686180000,317.80147688819926
1786686240000,317.80147688819926
1786686300000,317.80147688819926
1786686360000,317.80147688819926
1786686420000,317.80147688819926
1786686480000,317.80147688819926
1786686540000,317.80147688819926
1786686600000,317.80147688819926
1786686660000,317.80147688819926
1786686720000,317.80147688819926
1786686780000,317.80147688819926
1786686840000,317.80147688819926
1786686900000,317.80147688819926
1786686960000,317.80147688819926
1786687020000,317.80147688819926
1786687080000,313.3273746064523
1786687140000,320.91488400275114
1786687200000,314.4187286977007
1786687260000,313.48328233377345
1786687320000,313.3793438488927
1786687380000,318.8880835475754
1786687440000,313.17146687913106
1786687500000,316.133713698234
1786687560000,320.75897627543
1786687620000,324.39682324625824
1786687680000,325.79999279214906
1786687740000,327.2551315804804
1786687800000,327.41103930780156
1786687860000,326.059839004351
1786687920000,327.15119309559947
1786687980000,325.74802354970865
1786688040000,326.52756218631475
1786688100000,327.7748240048844
1786688160000,328.03467021708633
1786688220000,328.2945164292884
1786688280000,328.03467021708633
1786688340000,327.3590700653611
1786688400000,328.9701165810136
1786688460000,328.60633188393075
1786688520000,328.91814733857314
1786688580000,329.38587052053686
1786688640000,324.7086387009006
1786688700000,324.5585611950117
1786688760000,324.5585611950117
1786688820000,324.5585611950117
1786688880000,324.5585611950117
1786688940000,324.5585611950117
1786689000000,324.5585611950117
1786689060000,324.5585611950117
1786689120000,324.5585611950117
1786689180000,324.5585611950117
1786689240000,324.5585611950117
1786689300000,324.5585611950117
1786689360000,324.5585611950117
1786689420000,324.5585611950117
1786689480000,324.5585611950117
1786689540000,324.5585611950117
1786689600000,324.5585611950117
1786689660000,324.5585611950117
1786689720000,324.5585611950117
1786689780000,324.5585611950117
1786689840000,324.5585611950117
1786689900000,324.5585611950117
1786689960000,324.5585611950117
1786690020000,324.5585611950117
1786690080000,324.5585611950117
1786690140000,324.5585611950117
1786690200000,324.5585611950117
1786690260000,324.5585611950117
1786690320000,324.5585611950117
1786690380000,324.5585611950117
1786690440000,324.5585611950117
1786690500000,324.5585611950117
1786690560000,324.5585611950117
1786690620000,324.5585611950117
1786690680000,324.5585611950117
1786690740000,324.5585611950117
1786690800000,324.5585611950117
1786690860000,324.5585611950117
1786690920000,324.5585611950117
1786690980000,324.5585611950117
1786691040000,324.5585611950117
1786691100000,324.5585611950117
1786691160000,324.5585611950117
1786691220000,324.5585611950117
1786691280000,324.5585611950117
1786691340000,324.5585611950117
1786691400000,324.5585611950117
1786691460000,324.5585611950117
1786691520000,324.5585611950117
1786691580000,324.5585611950117
1786691640000,324.5585611950117
1786691700000,324.5585611950117
1786691760000,324.5585611950117
1786691820000,324.5585611950117
1786691880000,324.5585611950117
1786691940000,324.5585611950117
1786692000000,324.5585611950117
1786692060000,324.5585611950117
1786692120000,324.5585611950117
1786692180000,324.5585611950117
1786692240000,324.5585611950117
1786692300000,324.5585611950117
1786692360000,324.5585611950117
1786692420000,324.5585611950117
1786692480000,324.5585611950117
1786692540000,324.5585611950117
1786692600000,324.5585611950117
1786692660000,324.5585611950117
1786692720000,324.5585611950117
1786692780000,324.5585611950117
1786692840000,324.5585611950117
1786692900000,324.5585611950117
1786692960000,324.5585611950117
1786693020000,324.5585611950117
1786693080000,324.5585611950117
1786693140000,324.5585611950117
1786693200000,324.5585611950117
1786693260000,324.5585611950117
1786693320000,324.5585611950117
1786693380000,324.5585611950117
1786693440000,324.5585611950117
1786693500000,324.5585611950117
1786693560000,324.5585611950117
1786693620000,324.5585611950117
1786693680000,324.5585611950117
1786693740000,324.5585611950117
1786693800000,324.5585611950117
1786693860000,324.5585611950117
1786693920000,324.5585611950117
1786693980000,324.5585611950117
1786694040000,324.5585611950117
1786694100000,324.5585611950117
1786694160000,324.5585611950117
1786694220000,324.5585611950117
1786694280000,322.1328553267861
1786694340000,322.6946555127236
1786694400000,321.82753480118953
1786694460000,324.73868121922925
1786694520000,326.0665725678088
1786694580000,324.3300992658201
1786694640000,325.91335433528025
1786694700000,323.3086443822975
1786694760000,322.1090842943151
1786694820000,322.1090842943151
1786694880000,322.1090842943151
1786694940000,322.1090842943151
1786695000000,322.1090842943151
1786695060000,322.1090842943151
1786695120000,322.1090842943151
1786695180000,322.1090842943151
1786695240000,322.1090842943151
1786695300000,322.1090842943151
1786695360000,322.1090842943151
1786695420000,322.1090842943151
1786695480000,322.1090842943151
1786695540000,322.1090842943151
1786695600000,322.1090842943151
1786695660000,322.1090842943151
1786695720000,322.1090842943151
1786695780000,322.1090842943151
1786695840000,322.1090842943151
1786695900000,322.1090842943151
1786695960000,322.1090842943151
1786696020000,322.1090842943151
1786696080000,322.1090842943151
1786696140000,322.1090842943151
1786696200000,322.1090842943151
1786696260000,322.1090842943151
1786696320000,322.1090842943151
1786696380000,322.1090842943151
1786696440000,322.1090842943151
1786696500000,322.1090842943151
1786696560000,322.1090842943151
1786696620000,322.1090842943151
1786696680000,322.1090842943151
1786696740000,322.1090842943151
1786696800000,322.1090842943151
1786696860000,322.1090842943151
1786696920000,322.1090842943151
1786696980000,322.1090842943151
1786697040000,322.1090842943151
1786697100000,322.1090842943151
1786697160000,322.1090842943151
1786697220000,322.1090842943151
1786697280000,322.1090842943151
1786697340000,322.1090842943151
1786697400000,322.1090842943151
1786697460000,322.1090842943151
1786697520000,322.1090842943151
1786697580000,322.1090842943151
1786697640000,322.1090842943151
1786697700000,322.1090842943151
1786697760000,322.1090842943151
1786697820000,322.1090842943151
1786697880000,322.1090842943151
1786697940000,322.1090842943151
1786698000000,322.1090842943151
1786698060000,322.1090842943151
1786698120000,322.1090842943151
1786698180000,322.1090842943151
1786698240000,322.1090842943151
1786698300000,322.1090842943151
1786698360000,322.1090842943151
1786698420000,322.1090842943151
1786698480000,322.1090842943151
1786698540000,322.1090842943151
1786698600000,322.1090842943151
1786698660000,322.1090842943151
1786698720000,322.1090842943151
1786698780000,322.1090842943151
1786698840000,322.1090842943151
1786698900000,322.1090842943151
1786698960000,322.1090842943151
1786699020000,322.1090842943151
1786699080000,322.1090842943151
1786699140000,322.1090842943151
1786699200000,322.1090842943151
1786699260000,322.1090842943151
1786699320000,322.1090842943151
1786699380000,322.1090842943151
1786699440000,322.1090842943151
1786699500000,322.1090842943151
1786699560000,322.1090842943151
1786699620000,322.1090842943151
1786699680000,322.1090842943151
1786699740000,326.31272242453855
1786699800000,325.013761333619
1786699860000,330.1056888100235
1786699920000,327.8714757336419
1786699980000,327.2479744100006
1786700040000,325.013761333619
1786700100000,323.76622692284076
1786700160000,323.76622692284076
1786700220000,318.33270187326286
1786700280000,316.5034182133224
1786700340000,317.13060118244476
1786700400000,317.0260706875911
1786700460000,316.97380544016414
1786700520000,317.75778415156725
1786700580000,317.4441926670061
1786700640000,317.4964579144328
1786700700000,317.33966217215226
1786700760000,317.8100493989942
1786700820000,318.07137563612844
1786700880000,318.07137563612844
1786700940000,318.9598848423852
1786701000000,318.64629335782405
1786701060000,317.13060118244476
1786701120000,316.8170096978836
1786701180000,317.7055189041403
1786701240000,319.27347632694654
1786701300000,320.47557701776446
1786701360000,320.58010751261816
1786701420000,320.68463800747196
1786701480000,322.8275131519736
1786701540000,323.35016562624224
1786701600000,318.1759061309823
1786701660000,316.970196827968
1786701720000,316.970196827968
1786701780000,316.970196827968
1786701840000,316.970196827968
1786701900000,316.970196827968
1786701960000,316.970196827968
1786702020000,316.970196827968
1786702080000,316.970196827968
1786702140000,316.970196827968
1786702200000,316.970196827968
1786702260000,316.970196827968
1786702320000,316.970196827968
1786702380000,316.970196827968
1786702440000,316.970196827968
1786702500000,316.970196827968
1786702560000,316.970196827968
1786702620000,316.970196827968
1786702680000,316.970196827968
1786702740000,316.970196827968
1786702800000,316.13762652447775
1786702860000,315.50767845960115
1786702920000,313.1978688883864
1786702980000,311.9943415403933
1786703040000,311.9943415403933
1786703100000,311.9943415403933
1786703160000,311.9943415403933
1786703220000,311.9943415403933
1786703280000,311.9943415403933
1786703340000,311.9943415403933
1786703400000,311.9943415403933
1786703460000,311.9943415403933
1786703520000,311.9943415403933
1786703580000,311.9943415403933
1786703640000,311.9943415403933
1786703700000,311.9943415403933
1786703760000,311.9943415403933
1786703820000,311.9943415403933
1786703880000,311.9943415403933
1786703940000,311.9943415403933
1786704000000,311.9943415403933
1786704060000,311.9943415403933
1786704120000,311.9943415403933
1786704180000,309.00888643498683
1786704240000,309.74405735744773
1786704300000,309.0613986437341
1786704360000,309.6390329399534
1786704420000,299.34664002550124
1786704480000,298.1850356880433
1786704540000,298.1850356880433
1786704600000,298.1850356880433
1786704660000,298.1850356880433
1786704720000,298.1850356880433
1786704780000,298.1850356880433
1786704840000,298.1850356880433
1786704900000,298.1850356880433
1786704960000,298.1850356880433
1786705020000,298.1850356880433
1786705080000,298.1850356880433
1786705140000,298.1850356880433
1786705200000,298.1850356880433
1786705260000,298.1850356880433
1786705320000,298.1850356880433
1786705380000,298.1850356880433
1786705440000,298.1850356880433
1786705500000,298.1850356880433
1786705560000,298.1850356880433
1786705620000,298.1850356880433
1786705680000,298.1850356880433
1786705740000,298.1850356880433
1786705800000,298.1850356880433
1786705860000,298.1850356880433
1786705920000,298.1850356880433
1786705980000,298.1850356880433
1786706040000,298.1850356880433
1786706100000,298.1850356880433
1786706160000,298.1850356880433
1786706220000,298.1850356880433
1786706280000,298.1850356880433
1786706340000,298.1850356880433
1786706400000,298.1850356880433
1786706460000,298.1850356880433
1786706520000,298.1850356880433
1786706580000,298.1850356880433
1786706640000,298.1850356880433
1786706700000,298.1850356880433
1786706760000,298.1850356880433
1786706820000,298.1850356880433
1786706880000,298.1850356880433
1786706940000,298.1850356880433
1786707000000,298.1850356880433
1786707060000,298.1850356880433
1786707120000,298.1850356880433
1786707180000,298.1850356880433
1786707240000,298.1850356880433
1786707300000,298.1850356880433
1786707360000,298.1850356880433
1786707420000,298.1850356880433
1786707480000,298.1850356880433
1786707540000,298.1850356880433
1786707600000,298.1850356880433
1786707660000,298.1850356880433
1786707720000,298.1850356880433
1786707780000,298.1850356880433
1786707840000,298.1850356880433
1786707900000,298.1850356880433
1786707960000,298.1850356880433
1786708020000,296.9850756800449
1786708080000,293.82246406214864
1786708140000,292.6266984755854
1786708200000,292.6266984755854
1786708260000,292.6266984755854
1786708320000,292.6266984755854
1786708380000,292.6266984755854
1786708440000,292.6266984755854
1786708500000,292.6266984755854
1786708560000,292.6266984755854
1786708620000,292.6266984755854
1786708680000,292.6266984755854
1786708740000,292.6266984755854
1786708800000,292.6266984755854
1786708860000,292.6266984755854
1786708920000,292.6266984755854
1786708980000,292.6266984755854
1786709040000,292.6266984755854
1786709100000,292.6266984755854
1786709160000,292.6266984755854
1786709220000,292.6266984755854
1786709280000,292.6266984755854
1786709340000,292.6266984755854
1786709400000,296.12488412524146
1786709460000,294.03678383294925
1786709520000,294.4544038914076
1786709580000,293.93237881833454
1786709640000,295.028631471788
1786709700000,295.86387158870485
1786709760000,297.1167317640804
1786709820000,295.39404902293916
1786709880000,295.9160740960122
1786709940000,297.48214931523154
1786710000000,297.2733392860023
1786710060000,299.72685712944565
1786710120000,300.2488822025187
1786710180000,298.26518692484103
1786710240000,299.0482245344507
1786710300000,298.52619946137764
1786710360000,299.83126214406036
1786710420000,298.8916170125288
1786710480000,299.2048320563726
1786710540000,299.3614395782945
1786710600000,298.26518692484103
1786710660000,298.83941450522144
1786710720000,299.41364208560185
1786710780000,298.4739969540703
1786710840000,298.83941450522144
1786710900000,299.9356671586749
1786710960000,299.57024960752375
1786711020000,298.943819519836
1786711080000,299.4658445929092
1786711140000,302.44138750942557
1786711200000,289.96498826297926
1786711260000,288.60599839611245
1786711320000,288.60599839611245
1786711380000,288.60599839611245
1786711440000,288.60599839611245
1786711500000,288.60599839611245
1786711560000,288.60599839611245
1786711620000,288.60599839611245
1786711680000,288.60599839611245
1786711740000,287.8153521550624
1786711800000,288.5316512472219
1786711860000,285.15481266989866
1786711920000,284.06015927060565
1786711980000,284.06015927060565
1786712040000,284.06015927060565
1786712100000,284.06015927060565
1786712160000,284.06015927060565
1786712220000,284.06015927060565
1786712280000,284.06015927060565
1786712340000,284.06015927060565
1786712400000,284.06015927060565
1786712460000,284.06015927060565
1786712520000,284.06015927060565
1786712580000,284.06015927060565
1786712640000,284.06015927060565
1786712700000,284.06015927060565
1786712760000,284.06015927060565
1786712820000,284.06015927060565
1786712880000,284.06015927060565
1786712940000,284.06015927060565
1786713000000,284.06015927060565
1786713060000,284.06015927060565
1786713120000,284.06015927060565
1786713180000,284.06015927060565
1786713240000,284.06015927060565
1786713300000,284.06015927060565
1786713360000,284.06015927060565
1786713420000,284.06015927060565
1786713480000,284.06015927060565
1786713540000,284.06015927060565
1786713600000,284.06015927060565
1786713660000,284.06015927060565
1786713720000,284.06015927060565
1786713780000,284.06015927060565
1786713840000,284.06015927060565
1786713900000,284.06015927060565
1786713960000,284.06015927060565
1786714020000,284.06015927060565
1786714080000,284.06015927060565
1786714140000,284.06015927060565
1786714200000,284.06015927060565
1786714260000,284.06015927060565
1786714320000,284.06015927060565
1786714380000,284.06015927060565
1786714440000,284.06015927060565
1786714500000,284.06015927060565
1786714560000,284.06015927060565
1786714620000,284.06015927060565
1786714680000,284.06015927060565
1786714740000,284.06015927060565
1786714800000,284.06015927060565
1786714860000,284.06015927060565
1786714920000,284.06015927060565
1786714980000,284.06015927060565
1786715040000,284.06015927060565
1786715100000,284.06015927060565
1786715160000,284.06015927060565
1786715220000,284.06015927060565
1786715280000,284.06015927060565
1786715340000,284.06015927060565
1786715400000,284.06015927060565
1786715460000,284.06015927060565
1786715520000,284.06015927060565
1786715580000,284.06015927060565
1786715640000,284.06015927060565
1786715700000,284.06015927060565
1786715760000,284.06015927060565
1786715820000,284.06015927060565
1786715880000,284.06015927060565
1786715940000,284.06015927060565
1786716000000,284.06015927060565
1786716060000,284.06015927060565
1786716120000,284.06015927060565
1786716180000,284.06015927060565
1786716240000,284.06015927060565
1786716300000,284.06015927060565
1786716360000,284.06015927060565
1786716420000,284.06015927060565
1786716480000,284.06015927060565
1786716540000,284.06015927060565
1786716600000,284.06015927060565
1786716660000,284.06015927060565
1786716720000,284.8349878956632
1786716780000,294.2532106071605
1786716840000,298.60787272107854
1786716900000,304.83605225610074
1786716960000,308.6843583102609
1786717020000,305.44367952781033
1786717080000,308.98817194611576
1786717140000,308.93753634013996
1786717200000,317.1405045082181
1786717260000,321.14071738030555
1786717320000,323.9763113149499
1786717380000,324.02694692092575
1786717440000,320.0267340488383
1786717500000,315.31762269308973
1786717560000,307.31719694891456
1786717620000,308.32990906843037
1786717680000,306.507027253302
1786717740000,310.0515196716074
1786717800000,298.3546946911995
1786717860000,298.65850832705416
1786717920000,304.83605225610074
1786717980000,303.57016210670594
1786718040000,305.5449507397619
1786718100000,304.53223862024606
1786718160000,303.97524695451233
1786718220000,302.00045832145645
1786718280000,292.48096439800776
1786718340000,289.7972772812908
1786718400000,287.88134613984124
1786718460000,287.88134613984124
1786718520000,287.88134613984124
1786718580000,287.88134613984124
1786718640000,287.88134613984124
1786718700000,287.88134613984124
1786718760000,287.88134613984124
1786718820000,287.88134613984124
1786718880000,287.88134613984124
1786718940000,287.88134613984124
1786719000000,287.88134613984124
1786719060000,287.88134613984124
1786719120000,287.88134613984124
1786719180000,287.88134613984124
1786719240000,287.88134613984124
1786719300000,287.88134613984124
1786719360000,287.88134613984124
1786719420000,287.88134613984124
1786719480000,287.88134613984124
1786719540000,287.88134613984124
1786719600000,287.88134613984124
1786719660000,287.88134613984124
1786719720000,287.88134613984124
1786719780000,287.88134613984124
1786719840000,287.88134613984124
1786719900000,287.88134613984124
1786719960000,287.88134613984124
1786720020000,287.88134613984124
1786720080000,287.88134613984124
1786720140000,287.88134613984124
1786720200000,287.88134613984124
1786720260000,287.88134613984124
1786720320000,287.88134613984124
1786720380000,287.88134613984124
1786720440000,287.88134613984124
1786720500000,287.88134613984124
1786720560000,287.88134613984124
1786720620000,285.93674856481795
1786720680000,280.47607307330264
1786720740000,278.4410480822729
1786720800000,278.4410480822729
1786720860000,278.4410480822729
1786720920000,278.4410480822729
1786720980000,278.4410480822729
1786721040000,278.4410480822729
1786721100000,278.4410480822729
1786721160000,278.4410480822729
1786721220000,278.4410480822729
1786721280000,278.4410480822729
1786721340000,278.4410480822729
1786721400000,278.4410480822729
1786721460000,278.4410480822729
1786721520000,278.4410480822729
1786721580000,278.4410480822729
1786721640000,278.4410480822729
1786721700000,278.4410480822729
1786721760000,279.49992911820414
1786721820000,280.3031010449357
1786721880000,283.4153922610208
1786721940000,285.3229255870085
1786722000000,287.93323434888634
1786722060000,290.7945343378679
1786722120000,295.81435887994064
1786722180000,298.4246676418185
1786722240000,296.81832378835514
1786722300000,296.81832378835514
1786722360000,294.6597992352638
1786722420000,294.18388408736604
1786722480000,294.18388408736604
1786722540000,294.18388408736604
1786722600000,294.18388408736604
1786722660000,294.18388408736604
1786722720000,294.18388408736604
1786722780000,294.18388408736604
1786722840000,294.18388408736604
1786722900000,294.18388408736604
1786722960000,294.18388408736604
1786723020000,294.18388408736604
1786723080000,294.18388408736604
1786723140000,294.18388408736604
1786723200000,294.18388408736604
1786723260000,294.18388408736604
1786723320000,294.18388408736604
1786723380000,294.18388408736604
1786723440000,294.18388408736604
1786723500000,294.18388408736604
1786723560000,294.18388408736604
1786723620000,294.18388408736604
1786723680000,294.18388408736604
1786723740000,294.18388408736604
1786723800000,294.18388408736604
1786723860000,294.18388408736604
1786723920000,294.18388408736604
1786723980000,294.18388408736604
1786724040000,294.18388408736604
1786724100000,294.18388408736604
1786724160000,294.18388408736604
1786724220000,294.18388408736604
1786724280000,294.18388408736604
1786724340000,294.18388408736604
1786724400000,294.18388408736604
1786724460000,294.18388408736604
1786724520000,294.18388408736604
1786724580000,294.18388408736604
1786724640000,294.18388408736604
1786724700000,294.18388408736604
1786724760000,290.1872906656875
1786724820000,293.085536930771
1786724880000,293.2380762078806
1786724940000,296.08547604726084
1786725000000,291.96691556530016
1786725060000,290.30708789542985
1786725120000,290.30708789542985
1786725180000,290.30708789542985
1786725240000,290.30708789542985
1786725300000,290.30708789542985
1786725360000,290.30708789542985
1786725420000,290.30708789542985
1786725480000,290.30708789542985
1786725540000,290.30708789542985
1786725600000,290.30708789542985
1786725660000,290.30708789542985
1786725720000,290.30708789542985
1786725780000,290.30708789542985
1786725840000,290.30708789542985
1786725900000,285.72140819922805
1786725960000,284.2850762102948
1786726020000,285.41362277302807
1786726080000,285.2597300599281
1786726140000,284.644159207528
1786726200000,286.2856814805948
1786726260000,284.1311834971946
1786726320000,282.462539131333
1786726380000,282.462539131333
1786726440000,282.462539131333
1786726500000,282.462539131333
1786726560000,282.462539131333
1786726620000,282.462539131333
1786726680000,282.462539131333
1786726740000,282.462539131333
1786726800000,282.462539131333
1786726860000,282.462539131333
1786726920000,282.462539131333
1786726980000,282.462539131333
1786727040000,282.462539131333
1786727100000,282.462539131333
1786727160000,282.462539131333
1786727220000,282.462539131333
1786727280000,282.462539131333
1786727340000,282.462539131333
1786727400000,282.462539131333
1786727460000,282.462539131333
1786727520000,282.462539131333
1786727580000,282.462539131333
1786727640000,282.462539131333
1786727700000,282.462539131333
1786727760000,282.462539131333
1786727820000,282.462539131333
1786727880000,282.462539131333
1786727940000,282.462539131333
1786728000000,282.462539131333
1786728060000,282.462539131333
1786728120000,282.462539131333
1786728180000,282.462539131333
1786728240000,282.462539131333
1786728300000,282.462539131333
1786728360000,282.462539131333
1786728420000,282.462539131333
1786728480000,282.462539131333
1786728540000,282.462539131333
1786728600000,282.462539131333
1786728660000,282.462539131333
1786728720000,282.462539131333
1786728780000,282.462539131333
1786728840000,282.462539131333
1786728900000,282.462539131333
1786728960000,282.462539131333
1786729020000,282.462539131333
1786729080000,282.462539131333
1786729140000,282.462539131333
1786729200000,282.1905197790089
1786729260000,283.78877757489795
1786729320000,290.0786953522679
1786729380000,289.0991179934971
1786729440000,292.7596439131141
1786729500000,292.9143140223937
1786729560000,294.6672419275623
1786729620000,289.30534480586994
1786729680000,288.57912497427475
1786729740000,288.57912497427475
1786729800000,288.57912497427475
1786729860000,288.57912497427475
1786729920000,288.57912497427475
1786729980000,288.57912497427475
1786730040000,288.57912497427475
1786730100000,288.57912497427475
1786730160000,288.57912497427475
1786730220000,288.57912497427475
1786730280000,288.57912497427475
1786730340000,288.57912497427475
1786730400000,288.57912497427475
1786730460000,288.57912497427475
1786730520000,288.57912497427475
1786730580000,288.57912497427475
1786730640000,288.57912497427475
1786730700000,288.57912497427475
1786730760000,288.57912497427475
1786730820000,288.57912497427475
1786730880000,288.57912497427475
1786730940000,288.57912497427475
1786731000000,288.57912497427475
1786731060000,288.57912497427475
1786731120000,288.57912497427475
1786731180000,288.57912497427475
1786731240000,288.57912497427475
1786731300000,288.57912497427475
1786731360000,293.1019460534451
1786731420000,290.86482762845964
1786731480000,290.24051550985916
1786731540000,290.18848949997573
1786731600000,288.1594751145238
1786731660000,290.65672358892624
1786731720000,291.4891397470603
1786731780000,289.1479693023081
1786731840000,292.7377639842614
1786731900000,291.3850877272936
1786731960000,290.39659353950924
1786732020000,290.91685363834307
1786732080000,291.02090565810994
1786732140000,289.30404733195826
1786732200000,289.6682294011419
1786732260000,291.7492697964773
1786732320000,288.1074491046405
1786732380000,288.991891272658
1786732440000,290.86482762845964
1786732500000,290.08443748020903
1786732560000,289.6682294011419
1786732620000,290.0324114703256
1786732680000,288.991891272658
1786732740000,289.6682294011419
1786732800000,288.93986526277456
1786732860000,291.1249576778766
1786732920000,288.93986526277456
1786732980000,290.91685363834307
1786733040000,291.8012958063605
1786733100000,293.51815413251217
1786733160000,288.4716311738242
1786733220000,291.0749593192972
1786733280000,291.0749593192972
1786733340000,291.0749593192972
1786733400000,291.0749593192972
1786733460000,291.0749593192972
1786733520000,291.0749593192972
1786733580000,291.0749593192972
1786733640000,291.0749593192972
1786733700000,291.0749593192972
1786733760000,291.0749593192972
1786733820000,291.0749593192972
1786733880000,291.0749593192972
1786733940000,291.0749593192972
1786734000000,291.0749593192972
1786734060000,291.0749593192972
1786734120000,291.0749593192972
1786734180000,291.0749593192972
1786734240000,291.0749593192972
1786734300000,291.0749593192972
1786734360000,291.0749593192972
1786734420000,291.0749593192972
1786734480000,291.0749593192972
1786734540000,291.0749593192972
1786734600000,291.0749593192972
1786734660000,291.0749593192972
1786734720000,291.0749593192972
1786734780000,291.0749593192972
1786734840000,291.0749593192972
1786734900000,291.0749593192972
1786734960000,291.0749593192972
1786735020000,291.0749593192972
1786735080000,291.0749593192972
1786735140000,291.0749593192972
1786735200000,291.0749593192972
1786735260000,291.0749593192972
1786735320000,291.0749593192972
1786735380000,291.0749593192972
1786735440000,291.0749593192972
1786735500000,291.0749593192972
1786735560000,291.0749593192972
1786735620000,291.0749593192972
1786735680000,288.8746666264094
1786735740000,289.0326012608651
1786735800000,289.5590500423841
1786735860000,289.8749193112956
1786735920000,289.7169846768398
1786735980000,290.13814370205506
1786736040000,289.9802090675994
1786736100000,289.8749193112956
1786736160000,292.5071632188907
1786736220000,292.24393882813126
1786736280000,287.1373856473967
1786736340000,285.88095190894103
1786736400000,285.88095190894103
1786736460000,285.88095190894103
1786736520000,285.88095190894103
1786736580000,285.88095190894103
1786736640000,285.88095190894103
1786736700000,285.88095190894103
1786736760000,285.88095190894103
1786736820000,285.88095190894103
1786736880000,285.88095190894103
1786736940000,285.88095190894103
1786737000000,285.88095190894103
1786737060000,285.88095190894103
1786737120000,285.88095190894103
1786737180000,285.88095190894103
1786737240000,285.88095190894103
1786737300000,285.88095190894103
1786737360000,285.88095190894103
1786737420000,285.9848521513234
1786737480000,284.15944780079025
1786737540000,282.75127873037906
1786737600000,286.6651203751956
1786737660000,287.9689806255765
1786737720000,285.36126012481475
1786737780000,287.44743652542417
1786737840000,285.9871130449976
1786737900000,288.02113503559156
1786737960000,288.6991423657897
1786738020000,290.2116202562313
1786738080000,290.7331643563836
1786738140000,290.2637746662466
1786738200000,293.13226721708435
1786738260000,298.1912449885619
1786738320000,301.05973753939963
1786738380000,300.74681107930826
1786738440000,301.0075831293845
1786738500000,299.8080316990341
1786738560000,295.42706125775453
1786738620000,298.1390905785466
1786738680000,296.887384738181
1786738740000,302.0506713296891
1786738800000,303.823921270207
1786738860000,304.39761978037455
1786738920000,301.1118919494149
1786738980000,300.36138472170035
1786739040000,300.36138472170035
1786739100000,300.36138472170035
1786739160000,300.36138472170035
1786739220000,298.4972075980083
1786739280000,298.24173947658767
1786739340000,297.16877336662077
1786739400000,296.55564987521103
1786739460000,296.1469008809379
1786739520000,297.6797096094621
1786739580000,296.4023690023587
1786739640000,297.0154924937684
1786739700000,299.05923746513383
1786739760000,299.161424713702
1786739820000,299.161424713702
1786739880000,298.2928331008717
1786739940000,301.81829317647714
1786740000000,298.4461139737241
1786740060000,297.83299048231453
1786740120000,298.4972075980083
1786740180000,299.6212673322593
1786740240000,296.86221162091584
1786740300000,295.4102485180336
1786740360000,295.4102485180336
1786740420000,295.4102485180336
1786740480000,295.4102485180336
1786740540000,295.4102485180336
1786740600000,295.4102485180336
1786740660000,295.4102485180336
1786740720000,295.4102485180336
1786740780000,295.4102485180336
1786740840000,295.4102485180336
1786740900000,295.4102485180336
1786740960000,295.4102485180336
1786741020000,295.4102485180336
1786741080000,295.4102485180336
1786741140000,295.4102485180336
1786741200000,295.4102485180336
1786741260000,295.4102485180336
1786741320000,295.4102485180336
1786741380000,295.4102485180336
1786741440000,295.4102485180336
1786741500000,295.4102485180336
1786741560000,295.4102485180336
1786741620000,295.4102485180336
1786741680000,295.4102485180336
1786741740000,295.4102485180336
1786741800000,295.4102485180336
1786741860000,295.4102485180336
1786741920000,295.4102485180336
1786741980000,295.4102485180336
1786742040000,295.4102485180336
1786742100000,295.4102485180336
1786742160000,295.4102485180336
1786742220000,295.4102485180336
1786742280000,295.4102485180336
1786742340000,295.4102485180336
1786742400000,295.4102485180336
1786742460000,295.4102485180336
1786742520000,295.4102485180336
1786742580000,295.4102485180336
1786742640000,295.4102485180336
1786742700000,295.4102485180336
1786742760000,295.4102485180336
1786742820000,295.4102485180336
1786742880000,295.4102485180336
1786742940000,295.4102485180336
1786743000000,295.4102485180336
1786743060000,295.4102485180336
1786743120000,295.4102485180336
1786743180000,295.4102485180336
1786743240000,295.4102485180336
1786743300000,295.4102485180336
1786743360000,295.4102485180336
1786743420000,295.4102485180336
1786743480000,295.4102485180336
1786743540000,295.4102485180336
1786743600000,295.4102485180336
1786743660000,295.4102485180336
1786743720000,295.08980090981134
1786743780000,294.46891215702595
1786743840000,295.76243039199574
1786743900000,294.3654306982283
1786743960000,294.00324559243677
1786744020000,295.08980090981134
1786744080000,295.76243039199574
1786744140000,295.76243039199574
1786744200000,296.2280969565848
1786744260000,297.3663930033582
1786744320000,297.3663930033582
1786744380000,296.6937635211738
1786744440000,299.2807999911134
1786744500000,300.9365033318747
1786744560000,295.7106896625969
1786744620000,296.6877692541917
1786744680000,296.6877692541917
1786744740000,296.6877692541917
1786744800000,296.6877692541917
1786744860000,296.6877692541917
1786744920000,296.6877692541917
1786744980000,296.6877692541917
1786745040000,296.6877692541917
1786745100000,296.6877692541917
1786745160000,296.6877692541917
1786745220000,296.6877692541917
1786745280000,296.6877692541917
1786745340000,296.6877692541917
1786745400000,296.6877692541917
1786745460000,296.6877692541917
1786745520000,296.6877692541917
1786745580000,296.6877692541917
1786745640000,296.6877692541917
1786745700000,296.6877692541917
1786745760000,296.6877692541917
1786745820000,296.6877692541917
1786745880000,296.6877692541917
1786745940000,296.6877692541917
1786746000000,296.6877692541917
1786746060000,296.6877692541917
1786746120000,296.6877692541917
1786746180000,296.6877692541917
1786746240000,296.6877692541917
1786746300000,296.6877692541917
1786746360000,296.6877692541917
1786746420000,296.6877692541917
1786746480000,296.6877692541917
1786746540000,296.6877692541917
1786746600000,296.6877692541917
1786746660000,296.6877692541917
1786746720000,296.6877692541917
1786746780000,296.6877692541917
1786746840000,296.6877692541917
1786746900000,296.6877692541917
1786746960000,296.6877692541917
1786747020000,296.6877692541917
1786747080000,296.6877692541917
1786747140000,294.3297857172644
1786747200000,295.48772924619016
1786747260000,296.06670101065305
1786747320000,296.06670101065305
1786747380000,296.32986999449975
1786747440000,295.01402507526586
1786747500000,295.80353202680624
1786747560000,294.48768710757236
1786747620000,296.01406721388366
1786747680000,295.6982644332676
1786747740000,295.80353202680624
1786747800000,294.8561236849578
1786747860000,295.90879962034484
1786747920000,296.01406721388366
1786747980000,295.0666588720353
1786748040000,295.38246165265133
1786748100000,295.5929968397288
1786748160000,295.6982644332676
1786748220000,294.38241951403376
1786748280000,294.96139127849665
1786748340000,294.43505331080297
1786748400000,295.3298278558821
1786748460000,293.96134913987885
1786748520000,295.6456306364982
1786748580000,295.9614334171143
1786748640000,296.01406721388366
1786748700000,296.2772361977303
1786748760000,295.6982644332676
1786748820000,296.11933480742226
1786748880000,295.5929968397288
1786748940000,295.80353202680624
1786749000000,295.6982644332676
1786749060000,294.69822229464984
1786749120000,295.0666588720353
1786749180000,295.0666588720353
1786749240000,296.32986999449975
1786749300000,293.38237737541596
1786749360000,290.7506875369485
1786749420000,289.01759237294914
1786749480000,289.01759237294914
1786749540000,289.01759237294914
1786749600000,289.01759237294914
1786749660000,289.01759237294914
1786749720000,289.01759237294914
1786749780000,289.01759237294914
1786749840000,289.01759237294914
1786749900000,289.01759237294914
1786749960000,289.01759237294914
1786750020000,289.01759237294914
1786750080000,289.01759237294914
1786750140000,289.01759237294914
1786750200000,289.01759237294914
1786750260000,289.01759237294914
1786750320000,289.01759237294914
1786750380000,289.01759237294914
1786750440000,289.01759237294914
1786750500000,289.01759237294914
1786750560000,289.01759237294914
1786750620000,289.01759237294914
1786750680000,289.01759237294914
1786750740000,289.01759237294914
1786750800000,289.01759237294914
1786750860000,289.01759237294914
1786750920000,289.01759237294914
1786750980000,289.01759237294914
1786751040000,289.01759237294914
1786751100000,289.01759237294914
1786751160000,289.01759237294914
1786751220000,289.01759237294914
1786751280000,289.01759237294914
1786751340000,289.01759237294914
1786751400000,289.01759237294914
1786751460000,289.01759237294914
1786751520000,289.01759237294914
1786751580000,289.01759237294914
1786751640000,289.01759237294914
1786751700000,289.01759237294914
1786751760000,289.01759237294914
1786751820000,289.01759237294914
1786751880000,289.01759237294914
1786751940000,289.01759237294914
1786752000000,289.01759237294914
1786752060000,289.01759237294914
1786752120000,289.01759237294914
1786752180000,289.01759237294914
1786752240000,289.01759237294914
1786752300000,289.01759237294914
1786752360000,289.01759237294914
1786752420000,289.01759237294914
1786752480000,289.01759237294914
1786752540000,289.01759237294914
1786752600000,289.01759237294914
1786752660000,289.01759237294914
1786752720000,289.01759237294914
1786752780000,289.01759237294914
1786752840000,289.01759237294914
1786752900000,289.01759237294914
1786752960000,289.01759237294914
1786753020000,289.01759237294914
1786753080000,289.01759237294914
1786753140000,289.01759237294914
1786753200000,289.01759237294914
1786753260000,289.01759237294914
1786753320000,289.01759237294914
1786753380000,289.01759237294914
1786753440000,289.01759237294914
1786753500000,289.01759237294914
1786753560000,289.01759237294914
1786753620000,289.01759237294914
1786753680000,289.01759237294914
1786753740000,289.01759237294914
1786753800000,289.01759237294914
1786753860000,289.01759237294914
1786753920000,289.01759237294914
1786753980000,289.01759237294914
1786754040000,289.01759237294914
1786754100000,289.01759237294914
1786754160000,289.01759237294914
1786754220000,289.01759237294914
1786754280000,289.01759237294914
1786754340000,289.01759237294914
1786754400000,289.01759237294914
1786754460000,289.01759237294914
1786754520000,289.01759237294914
1786754580000,289.01759237294914
1786754640000,289.01759237294914
1786754700000,289.01759237294914
1786754760000,289.01759237294914
1786754820000,289.01759237294914
1786754880000,289.01759237294914
1786754940000,289.01759237294914
1786755000000,289.01759237294914
1786755060000,289.01759237294914
1786755120000,289.01759237294914
1786755180000,289.01759237294914
1786755240000,289.01759237294914
1786755300000,289.01759237294914
1786755360000,289.01759237294914
1786755420000,289.01759237294914
1786755480000,289.01759237294914
1786755540000,289.01759237294914
1786755600000,289.01759237294914
1786755660000,289.01759237294914
1786755720000,289.01759237294914
1786755780000,289.01759237294914
1786755840000,289.01759237294914
1786755900000,289.01759237294914
1786755960000,289.01759237294914
1786756020000,289.01759237294914
1786756080000,289.01759237294914
1786756140000,289.01759237294914
1786756200000,289.01759237294914
1786756260000,289.01759237294914
1786756320000,289.01759237294914
1786756380000,289.01759237294914
1786756440000,289.01759237294914
1786756500000,289.01759237294914
1786756560000,289.01759237294914
1786756620000,289.01759237294914
1786756680000,289.01759237294914
1786756740000,286.671968482466
1786756800000,288.5987668302812
1786756860000,288.6508424613032
1786756920000,287.8697079959727
1786756980000,288.025934889039
1786757040000,285.57838023100334
1786757100000,287.50517857881863
1786757160000,283.85988440727635
1786757220000,282.1934642145713
1786757280000,281.933086059461
1786757340000,282.0372373215052
1786757400000,283.1829012039898
1786757460000,283.2349768350119
1786757520000,284.0161113003424
1786757580000,280.214590235734
1786757640000,280.9436490700425
1786757700000,280.31874149777803
1786757760000,278.9647750912053
1786757820000,279.79798518755774
1786757880000,279.64175829449164
1786757940000,278.54817004302896
1786758000000,278.3398675189408
1786758060000,272.0588617899037
1786758120000,270.69566683112646
1786758180000,270.69566683112646
1786758240000,270.69566683112646
1786758300000,270.69566683112646
1786758360000,270.69566683112646
1786758420000,270.69566683112646
1786758480000,270.69566683112646
1786758540000,270.69566683112646
1786758600000,270.69566683112646
1786758660000,270.69566683112646
1786758720000,270.69566683112646
1786758780000,270.69566683112646
1786758840000,270.69566683112646
1786758900000,270.69566683112646
1786758960000,270.69566683112646
1786759020000,270.69566683112646
1786759080000,270.69566683112646
1786759140000,270.69566683112646
1786759200000,270.69566683112646
1786759260000,270.69566683112646
1786759320000,270.69566683112646
1786759380000,270.69566683112646
1786759440000,270.69566683112646
1786759500000,270.69566683112646
1786759560000,270.69566683112646
1786759620000,270.69566683112646
1786759680000,270.69566683112646
1786759740000,270.69566683112646
1786759800000,270.69566683112646
1786759860000,270.69566683112646
1786759920000,270.69566683112646
1786759980000,270.69566683112646
1786760040000,270.69566683112646
1786760100000,270.69566683112646
1786760160000,270.69566683112646
1786760220000,270.69566683112646
1786760280000,270.69566683112646
1786760340000,270.69566683112646
1786760400000,270.69566683112646
1786760460000,270.69566683112646
1786760520000,270.69566683112646
1786760580000,270.69566683112646
1786760640000,270.69566683112646
1786760700000,270.69566683112646
1786760760000,270.69566683112646
1786760820000,270.69566683112646
1786760880000,270.69566683112646
1786760940000,270.69566683112646
1786761000000,270.69566683112646
1786761060000,270.69566683112646
1786761120000,270.69566683112646
1786761180000,270.69566683112646
1786761240000,270.69566683112646
1786761300000,270.69566683112646
1786761360000,270.69566683112646
1786761420000,270.69566683112646
1786761480000,270.69566683112646
1786761540000,270.69566683112646
1786761600000,270.69566683112646
1786761660000,270.69566683112646
1786761720000,270.69566683112646
1786761780000,270.69566683112646
1786761840000,270.69566683112646
1786761900000,270.69566683112646
1786761960000,270.69566683112646
1786762020000,270.69566683112646
1786762080000,270.69566683112646
1786762140000,270.69566683112646
1786762200000,270.69566683112646
1786762260000,270.69566683112646
1786762320000,270.69566683112646
1786762380000,270.69566683112646
1786762440000,270.69566683112646
1786762500000,270.69566683112646
1786762560000,270.69566683112646
1786762620000,270.69566683112646
1786762680000,270.69566683112646
1786762740000,270.69566683112646
1786762800000,270.69566683112646
1786762860000,270.69566683112646
1786762920000,270.69566683112646
1786762980000,270.69566683112646
1786763040000,270.69566683112646
1786763100000,270.69566683112646
1786763160000,270.69566683112646
1786763220000,270.69566683112646
1786763280000,270.69566683112646
1786763340000,270.69566683112646
1786763400000,270.69566683112646
1786763460000,270.69566683112646
1786763520000,270.69566683112646
1786763580000,270.69566683112646
1786763640000,270.69566683112646
1786763700000,270.69566683112646
1786763760000,270.69566683112646
1786763820000,270.69566683112646
1786763880000,270.69566683112646
1786763940000,270.69566683112646
1786764000000,270.69566683112646
1786764060000,270.69566683112646
1786764120000,270.69566683112646
1786764180000,270.69566683112646
1786764240000,270.69566683112646
1786764300000,270.69566683112646
1786764360000,270.69566683112646
1786764420000,270.69566683112646
1786764480000,270.69566683112646
1786764540000,270.69566683112646
1786764600000,270.69566683112646
1786764660000,270.69566683112646
1786764720000,270.69566683112646
1786764780000,270.69566683112646
1786764840000,270.69566683112646
1786764900000,270.69566683112646
1786764960000,270.69566683112646
1786765020000,270.69566683112646
1786765080000,270.69566683112646
1786765140000,270.69566683112646
1786765200000,270.69566683112646
1786765260000,270.69566683112646
1786765320000,270.69566683112646
1786765380000,270.69566683112646
1786765440000,270.69566683112646
1786765500000,270.69566683112646
1786765560000,270.69566683112646
1786765620000,270.69566683112646
1786765680000,270.69566683112646
1786765740000,270.69566683112646
1786765800000,270.69566683112646
1786765860000,270.69566683112646
1786765920000,270.69566683112646
1786765980000,270.69566683112646
1786766040000,270.69566683112646
1786766100000,270.69566683112646
1786766160000,270.69566683112646
1786766220000,270.69566683112646
1786766280000,270.69566683112646
1786766340000,270.69566683112646
1786766400000,270.69566683112646
1786766460000,270.69566683112646
1786766520000,270.69566683112646
1786766580000,270.69566683112646
1786766640000,270.69566683112646
1786766700000,270.69566683112646
1786766760000,270.69566683112646
1786766820000,270.69566683112646
1786766880000,270.69566683112646
1786766940000,270.69566683112646
1786767000000,270.69566683112646
1786767060000,270.69566683112646
1786767120000,270.69566683112646
1786767180000,270.69566683112646
1786767240000,270.69566683112646
1786767300000,270.69566683112646
1786767360000,270.69566683112646
1786767420000,270.69566683112646
1786767480000,270.69566683112646
1786767540000,270.69566683112646
1786767600000,270.69566683112646
1786767660000,270.69566683112646
1786767720000,270.69566683112646
1786767780000,270.69566683112646
1786767840000,270.69566683112646
1786767900000,270.69566683112646
1786767960000,270.69566683112646
1786768020000,270.69566683112646
1786768080000,270.69566683112646
1786768140000,270.69566683112646
1786768200000,270.69566683112646
1786768260000,270.69566683112646
1786768320000,270.69566683112646
1786768380000,270.69566683112646
1786768440000,270.69566683112646
1786768500000,270.69566683112646
1786768560000,270.69566683112646
1786768620000,270.69566683112646
1786768680000,270.69566683112646
1786768740000,270.69566683112646
1786768800000,270.69566683112646
1786768860000,270.69566683112646
1786768920000,270.69566683112646
1786768980000,270.69566683112646
1786769040000,270.69566683112646
1786769100000,270.69566683112646
1786769160000,270.69566683112646
1786769220000,270.69566683112646
1786769280000,270.69566683112646
1786769340000,270.69566683112646
1786769400000,270.69566683112646
1786769460000,270.69566683112646
1786769520000,270.69566683112646
1786769580000,270.69566683112646
1786769640000,270.69566683112646
1786769700000,270.69566683112646
1786769760000,270.69566683112646
1786769820000,270.69566683112646
1786769880000,270.69566683112646
1786769940000,270.69566683112646
1786770000000,270.69566683112646
1786770060000,270.69566683112646
1786770120000,270.69566683112646
1786770180000,270.69566683112646
1786770240000,270.69566683112646
1786770300000,270.69566683112646
1786770360000,270.69566683112646
1786770420000,270.69566683112646
1786770480000,270.69566683112646
1786770540000,270.69566683112646
1786770600000,270.69566683112646
1786770660000,270.69566683112646
1786770720000,270.69566683112646
1786770780000,270.69566683112646
1786770840000,270.69566683112646
1786770900000,270.69566683112646
1786770960000,270.69566683112646
1786771020000,270.69566683112646
1786771080000,270.69566683112646
1786771140000,270.69566683112646
1786771200000,270.69566683112646
1786771260000,270.69566683112646
1786771320000,270.69566683112646
1786771380000,270.69566683112646
1786771440000,270.69566683112646
1786771500000,270.69566683112646
1786771560000,270.69566683112646
1786771620000,270.69566683112646
1786771680000,270.69566683112646
1786771740000,270.69566683112646
1786771800000,270.69566683112646
1786771860000,270.69566683112646
1786771920000,270.69566683112646
1786771980000,270.69566683112646
1786772040000,270.69566683112646
1786772100000,270.69566683112646
1786772160000,270.69566683112646
1786772220000,270.17002072818093
1786772280000,270.37750192973573
1786772340000,271.10368613517744
1786772400000,270.68872373206784
1786772460000,271.4149079375095
1786772520000,271.7261297398416
1786772580000,270.48124253051304
1786772640000,270.2218910285697
1786772700000,271.2074267359547
1786772760000,270.84433463323387
1786772820000,270.48124253051304
1786772880000,270.9999455344001
1786772940000,272.97101694917035
1786773000000,272.45231394528327
1786773060000,272.4004436448947
1786773120000,272.29670304411724
1786773180000,272.65979514683806
1786773240000,271.9854812417851
1786773300000,273.54159025344575
1786773360000,272.7116654472268
1786773420000,270.0144098270149
1786773480000,269.79858066081204
1786773540000,269.79858066081204
1786773600000,269.79858066081204
1786773660000,269.79858066081204
1786773720000,269.79858066081204
1786773780000,269.79858066081204
1786773840000,269.79858066081204
1786773900000,269.79858066081204
1786773960000,269.79858066081204
1786774020000,269.79858066081204
1786774080000,269.79858066081204
1786774140000,269.79858066081204
1786774200000,269.79858066081204
1786774260000,269.79858066081204
1786774320000,269.79858066081204
1786774380000,269.79858066081204
1786774440000,269.79858066081204
1786774500000,269.79858066081204
1786774560000,269.79858066081204
1786774620000,269.79858066081204
1786774680000,269.79858066081204
1786774740000,269.79858066081204
1786774800000,269.79858066081204
1786774860000,269.79858066081204
1786774920000,269.79858066081204
1786774980000,269.79858066081204
1786775040000,269.79858066081204
1786775100000,269.79858066081204
1786775160000,269.79858066081204
1786775220000,267.61958644367854
1786775280000,267.5680583274084
1786775340000,266.31826841526765
1786775400000,266.31826841526765
1786775460000,266.31826841526765
1786775520000,266.31826841526765
1786775580000,266.31826841526765
1786775640000,266.31826841526765
1786775700000,266.31826841526765
1786775760000,266.31826841526765
1786775820000,266.31826841526765
1786775880000,266.31826841526765
1786775940000,266.31826841526765
1786776000000,266.31826841526765
1786776060000,266.31826841526765
1786776120000,266.31826841526765
1786776180000,266.31826841526765
1786776240000,266.31826841526765
1786776300000,266.31826841526765
1786776360000,266.31826841526765
1786776420000,266.31826841526765
1786776480000,266.31826841526765
1786776540000,266.31826841526765
1786776600000,266.31826841526765
1786776660000,266.31826841526765
1786776720000,266.31826841526765
1786776780000,266.31826841526765
1786776840000,266.31826841526765
1786776900000,266.31826841526765
1786776960000,266.31826841526765
1786777020000,266.31826841526765
1786777080000,266.31826841526765
1786777140000,266.31826841526765
1786777200000,266.31826841526765
1786777260000,266.31826841526765
1786777320000,266.31826841526765
1786777380000,266.31826841526765
1786777440000,266.31826841526765
1786777500000,264.555876145844
1786777560000,266.4988239580408
1786777620000,264.9137875849329
1786777680000,264.30022511792333
1786777740000,265.37395943519
1786777800000,267.2146468362186
1786777860000,266.95899580829786
1786777920000,269.2598550595836
1786777980000,269.92454773217713
1786778040000,266.95899580829786
1786778100000,266.601084369209
1786778160000,264.9137875849329
1786778220000,265.22056881843764
1786778280000,265.8852614910312
1786778340000,266.39656354687247
1786778400000,261.7948450443011
1786778460000,262.2038866889742
1786778520000,263.6355324453297
1786778580000,263.7377928564979
1786778640000,262.8174491559836
1786778700000,264.607006351428
1786778760000,257.8066890087394
1786778820000,257.8578192143234
1786778880000,258.6759025036695
1786778940000,257.9089494199076
1786779000000,258.47138168133296
1786779060000,258.88042332600605
1786779120000,258.57364209250113
1786779180000,258.16460044782826
1786779240000,259.0849441483424
1786779300000,258.16460044782826
1786779360000,260.5165899046979
1786779420000,259.49398579301544
1786779480000,259.18720455951075
1786779540000,259.1360743539266
1786779600000,258.8292931204219
1786779660000,258.57364209250113
1786779720000,259.69850661535196
1786779780000,259.9541576432727
1786779840000,259.69850661535196
1786779900000,259.44285558743127
1786779960000,259.80076702652013
1786780020000,261.9993658666377
1786780080000,261.43693360521223
1786780140000,261.02789196053936
1786780200000,261.2835429884599
1786780260000,261.4880638107964
1786780320000,261.1812825772917
1786780380000,261.38580339962806
1786780440000,260.5677201102821
1786780500000,261.2324127828757
1786780560000,262.4084075113107
1786780620000,264.50474594025985
1786780680000,266.75447498596134
1786780740000,272.3276673946312
1786780800000,276.8495202987768
1786780860000,276.95178070994496
1786780920000,280.32637427849727
1786780980000,281.80915024043696
1786781040000,292.1374517684305
1786781100000,293.26231629128114
1786781160000,292.44423300193523
1786781220000,289.2741602557194
1786781280000,287.6871812927107
1786781340000,287.6871812927107
1786781400000,287.6871812927107
1786781460000,287.6871812927107
1786781520000,287.6871812927107
1786781580000,287.6871812927107
1786781640000,287.6871812927107
1786781700000,287.6871812927107
1786781760000,287.6871812927107
1786781820000,287.6871812927107
1786781880000,287.6871812927107
1786781940000,287.6871812927107
1786782000000,287.6871812927107
1786782060000,287.6871812927107
1786782120000,287.6871812927107
1786782180000,287.6871812927107
1786782240000,287.6871812927107
1786782300000,287.6871812927107
1786782360000,287.6871812927107
1786782420000,287.6871812927107
1786782480000,287.6871812927107
1786782540000,287.6871812927107
1786782600000,287.6871812927107
1786782660000,287.6871812927107
1786782720000,287.6871812927107
1786782780000,287.6871812927107
1786782840000,287.6871812927107
1786782900000,287.6871812927107
1786782960000,287.6871812927107
1786783020000,287.6871812927107
1786783080000,287.6871812927107
1786783140000,287.6871812927107
1786783200000,287.6871812927107
1786783260000,287.6871812927107
1786783320000,287.6871812927107
1786783380000,287.6871812927107
1786783440000,285.8884788713026
1786783500000,285.3396316590105
1786783560000,289.1815621450561
1786783620000,288.58281973164645
1786783680000,288.13376292158904
1786783740000,289.5807237539959
1786783800000,290.37904697187554
1786783860000,291.7761126031649
1786783920000,293.2729686366893
1786783980000,294.2708726590388
1786784040000,296.8155279160301
1786784100000,297.5639559327923
1786784160000,292.77401662551455
1786784220000,291.36757229306147
1786784280000,291.36757229306147
1786784340000,291.36757229306147
1786784400000,291.36757229306147
1786784460000,291.36757229306147
1786784520000,291.36757229306147
1786784580000,291.36757229306147
1786784640000,291.36757229306147
1786784700000,291.36757229306147
1786784760000,291.36757229306147
1786784820000,291.36757229306147
1786784880000,291.36757229306147
1786784940000,291.36757229306147
1786785000000,291.36757229306147
1786785060000,291.36757229306147
1786785120000,291.36757229306147
1786785180000,291.36757229306147
1786785240000,291.36757229306147
1786785300000,291.36757229306147
1786785360000,291.36757229306147
1786785420000,291.36757229306147
1786785480000,291.36757229306147
1786785540000,291.36757229306147
1786785600000,291.36757229306147
1786785660000,291.36757229306147
1786785720000,291.36757229306147
1786785780000,291.36757229306147
1786785840000,291.36757229306147
1786785900000,291.36757229306147
1786785960000,286.660581859717
1786786020000,287.15452980694886
1786786080000,280.14046895625654
1786786140000,279.49833662485514
1786786200000,280.2392585457028
1786786260000,281.1283648507202
1786786320000,281.1777596454434
1786786380000,282.56081389769264
1786786440000,280.63441690348833
1786786500000,281.8198919768448
1786786560000,282.7089982818622
1786786620000,281.9680763610143
1786786680000,280.88139087710437
1786786740000,278.60923031983776
1786786800000,278.411651140945
1786786860000,281.3753388243362
1786786920000,280.68381169821157
1786786980000,280.8319960823811
1786787040000,281.4247336190593
1786787100000,281.67170759267526
1786787160000,283.0547618449245
1786787220000,282.36323471879984
1786787280000,282.75839307658543
1786787340000,281.4741284137825
1786787400000,281.3753388243362
1786787460000,281.0295752612739
1786787520000,280.38744292987235
1786787580000,279.745310598471
1786787640000,278.5104407303913
1786787700000,277.3743604517581
1786787760000,274.80875484356795
1786787820000,274.80875484356795
1786787880000,274.80875484356795
1786787940000,274.80875484356795
1786788000000,274.80875484356795
1786788060000,274.80875484356795
1786788120000,274.80875484356795
1786788180000,274.80875484356795
1786788240000,274.80875484356795
1786788300000,274.80875484356795
1786788360000,274.80875484356795
1786788420000,274.80875484356795
1786788480000,274.80875484356795
1786788540000,274.80875484356795
1786788600000,274.80875484356795
1786788660000,274.80875484356795
1786788720000,274.80875484356795
1786788780000,274.80875484356795
1786788840000,274.80875484356795
1786788900000,274.80875484356795
1786788960000,274.80875484356795
1786789020000,274.80875484356795
1786789080000,274.80875484356795
1786789140000,274.80875484356795
1786789200000,274.80875484356795
1786789260000,274.80875484356795
1786789320000,274.80875484356795
1786789380000,274.80875484356795
1786789440000,274.80875484356795
1786789500000,274.80875484356795
1786789560000,274.80875484356795
1786789620000,274.80875484356795
1786789680000,274.80875484356795
1786789740000,274.80875484356795
1786789800000,273.46088812813946
1786789860000,276.17251109769217
1786789920000,279.57436536858575
1786789980000,272.5734478835587
1786790040000,271.9168039177119
1786790100000,271.9168039177119
1786790160000,271.9168039177119
1786790220000,274.2490128439347
1786790280000,268.3620646202329
1786790340000,268.90170154073894
1786790400000,271.354596633948
1786790460000,272.18858096563906
1786790520000,276.84908164273617
1786790580000,279.40009253967355
1786790640000,292.25326282808896
1786790700000,296.8156477014577
1786790760000,295.2457948418039
1786790820000,289.7513098330156
1786790880000,289.21489878352776
1786790940000,289.21489878352776
1786791000000,289.21489878352776
1786791060000,289.21489878352776
1786791120000,289.21489878352776
1786791180000,289.21489878352776
1786791240000,289.21489878352776
1786791300000,289.21489878352776
1786791360000,289.21489878352776
1786791420000,289.21489878352776
1786791480000,289.21489878352776
1786791540000,289.21489878352776
1786791600000,289.21489878352776
1786791660000,289.21489878352776
1786791720000,289.21489878352776
1786791780000,289.21489878352776
1786791840000,289.21489878352776
1786791900000,289.21489878352776
1786791960000,289.21489878352776
1786792020000,289.21489878352776
1786792080000,289.21489878352776
1786792140000,289.21489878352776
1786792200000,289.21489878352776
1786792260000,289.21489878352776
1786792320000,289.21489878352776
1786792380000,289.21489878352776
1786792440000,289.21489878352776
1786792500000,289.21489878352776
1786792560000,289.21489878352776
1786792620000,289.21489878352776
1786792680000,289.21489878352776
1786792740000,289.21489878352776
1786792800000,289.21489878352776
1786792860000,289.21489878352776
1786792920000,289.21489878352776
1786792980000,289.21489878352776
1786793040000,289.21489878352776
1786793100000,289.21489878352776
1786793160000,289.21489878352776
1786793220000,289.21489878352776
1786793280000,289.21489878352776
1786793340000,289.21489878352776
1786793400000,289.21489878352776
1786793460000,289.21489878352776
1786793520000,289.21489878352776
1786793580000,289.21489878352776
1786793640000,289.21489878352776
1786793700000,289.21489878352776
1786793760000,289.21489878352776
1786793820000,289.21489878352776
1786793880000,289.21489878352776
1786793940000,289.21489878352776
1786794000000,289.21489878352776
1786794060000,289.21489878352776
1786794120000,289.21489878352776
1786794180000,289.21489878352776
1786794240000,289.21489878352776
1786794300000,289.21489878352776
1786794360000,289.21489878352776
1786794420000,289.21489878352776
1786794480000,289.21489878352776
1786794540000,289.21489878352776
1786794600000,289.21489878352776
1786794660000,289.21489878352776
1786794720000,289.21489878352776
1786794780000,289.21489878352776
1786794840000,289.21489878352776
1786794900000,289.21489878352776
1786794960000,289.21489878352776
1786795020000,289.21489878352776
1786795080000,289.21489878352776
1786795140000,289.21489878352776
1786795200000,289.21489878352776
1786795260000,289.21489878352776
1786795320000,289.21489878352776
1786795380000,289.21489878352776
1786795440000,289.21489878352776
1786795500000,289.21489878352776
1786795560000,289.21489878352776
1786795620000,289.21489878352776
1786795680000,289.21489878352776
1786795740000,289.21489878352776
1786795800000,289.21489878352776
1786795860000,289.21489878352776
1786795920000,289.21489878352776
1786795980000,289.21489878352776
1786796040000,289.21489878352776
1786796100000,289.21489878352776
1786796160000,289.21489878352776
1786796220000,289.21489878352776
1786796280000,289.21489878352776
1786796340000,289.21489878352776
1786796400000,289.21489878352776
1786796460000,283.4436514391755
1786796520000,283.7914606930283
1786796580000,281.90335331497045
1786796640000,282.8474070039994
1786796700000,283.74177365676354
1786796760000,283.046155149058
1786796820000,281.35679591605896
1786796880000,281.25742184352964
1786796940000,279.7668107555892
1786797000000,278.32588670391357
1786797060000,278.87244410282506
1786797120000,279.3196274292071
1786797180000,282.30084960508793
1786797240000,288.9092254282902
1786797300000,287.21986619529116
1786797360000,287.26955323155585
1786797420000,281.35679591605896
1786797480000,279.1036847374398
1786797540000,279.1036847374398
1786797600000,279.1036847374398
1786797660000,279.1036847374398
1786797720000,279.1036847374398
1786797780000,279.1036847374398
1786797840000,279.1036847374398
1786797900000,279.1036847374398
1786797960000,279.1036847374398
1786798020000,279.1036847374398
1786798080000,279.1036847374398
1786798140000,279.1036847374398
1786798200000,279.1036847374398
1786798260000,279.1036847374398
1786798320000,279.1036847374398
1786798380000,279.1036847374398
1786798440000,279.1036847374398
1786798500000,279.1036847374398
1786798560000,279.1036847374398
1786798620000,279.1036847374398
1786798680000,279.1036847374398
1786798740000,279.1036847374398
1786798800000,279.1036847374398
1786798860000,279.1036847374398
1786798920000,279.1036847374398
1786798980000,279.1036847374398
1786799040000,279.1036847374398
1786799100000,279.1036847374398
1786799160000,279.1036847374398
1786799220000,279.1036847374398
1786799280000,279.1036847374398
1786799340000,279.1036847374398
1786799400000,279.1036847374398
1786799460000,279.1036847374398
1786799520000,279.1036847374398
1786799580000,279.1036847374398
1786799640000,279.1036847374398
1786799700000,279.1036847374398
1786799760000,279.1036847374398
1786799820000,279.1036847374398
1786799880000,279.1036847374398
1786799940000,279.1036847374398
1786800000000,279.1036847374398
1786800060000,279.1036847374398
1786800120000,279.1036847374398
1786800180000,279.1036847374398
1786800240000,280.80132716302785
1786800300000,278.553125274898
1786800360000,280.601486995194
1786800420000,280.8512872049863
1786800480000,295.5894995827266
1786800540000,291.99237656171886
1786800600000,296.1390600442695
1786800660000,299.93602323311103
1786800720000,295.7893397505604
1786800780000,287.8456930791682
1786800840000,287.00732546558555
1786800900000,287.00732546558555
1786800960000,287.00732546558555
1786801020000,287.00732546558555
1786801080000,287.00732546558555
1786801140000,287.00732546558555
1786801200000,287.00732546558555
1786801260000,287.00732546558555
1786801320000,287.00732546558555
1786801380000,287.00732546558555
1786801440000,287.00732546558555
1786801500000,287.00732546558555
1786801560000,287.00732546558555
1786801620000,287.00732546558555
1786801680000,287.00732546558555
1786801740000,287.00732546558555
1786801800000,287.00732546558555
1786801860000,293.67254325969003
1786801920000,297.8478845620409
1786801980000,294.1094975820292
1786802040000,287.0211274640846
1786802100000,285.4321732692974
1786802160000,285.4321732692974
1786802220000,285.4321732692974
1786802280000,285.4321732692974
1786802340000,285.4321732692974
1786802400000,285.4321732692974
1786802460000,285.4321732692974
1786802520000,285.4321732692974
1786802580000,289.81822639293733
1786802640000,281.39105140986237
1786802700000,270.4598015746739
1786802760000,269.2767656262332
1786802820000,269.2767656262332
1786802880000,269.2767656262332
1786802940000,269.2767656262332
1786803000000,269.2767656262332
1786803060000,269.2767656262332
1786803120000,269.2767656262332
1786803180000,269.2767656262332
1786803240000,269.2767656262332
1786803300000,269.2767656262332
1786803360000,269.2767656262332
1786803420000,269.2767656262332
1786803480000,269.2767656262332
1786803540000,269.2767656262332
1786803600000,269.2767656262332
1786803660000,269.2767656262332
1786803720000,269.2767656262332
1786803780000,269.2767656262332
1786803840000,269.2767656262332
1786803900000,269.2767656262332
1786803960000,269.2767656262332
1786804020000,269.2767656262332
1786804080000,269.2767656262332
1786804140000,269.2767656262332
1786804200000,269.2767656262332
1786804260000,269.2767656262332
1786804320000,269.2767656262332
1786804380000,269.2767656262332
1786804440000,269.2767656262332
1786804500000,269.2767656262332
1786804560000,269.2767656262332
1786804620000,269.2767656262332
1786804680000,269.2767656262332
1786804740000,269.2767656262332
1786804800000,269.2767656262332
1786804860000,269.2767656262332
1786804920000,269.2767656262332
1786804980000,269.2767656262332
1786805040000,269.2767656262332
1786805100000,269.2767656262332
1786805160000,269.2767656262332
1786805220000,269.2767656262332
1786805280000,269.2767656262332
1786805340000,269.2767656262332
1786805400000,269.2767656262332
1786805460000,269.2767656262332
1786805520000,269.2767656262332
1786805580000,269.2767656262332
1786805640000,269.2767656262332
1786805700000,269.2767656262332
1786805760000,269.2767656262332
1786805820000,269.2767656262332
1786805880000,269.2767656262332
1786805940000,269.2767656262332
1786806000000,255.1740097309148
1786806060000,253.22905572443054
1786806120000,253.22905572443054
1786806180000,253.22905572443054
1786806240000,253.22905572443054
1786806300000,253.22905572443054
1786806360000,253.22905572443054
1786806420000,253.22905572443054
1786806480000,253.22905572443054
1786806540000,253.22905572443054
1786806600000,253.22905572443054
1786806660000,253.22905572443054
1786806720000,253.22905572443054
1786806780000,253.22905572443054
1786806840000,253.22905572443054
1786806900000,253.22905572443054
1786806960000,253.22905572443054
1786807020000,253.22905572443054
1786807080000,253.22905572443054
1786807140000,253.22905572443054
1786807200000,253.22905572443054
1786807260000,253.22905572443054
1786807320000,253.22905572443054
1786807380000,253.22905572443054
1786807440000,253.22905572443054
1786807500000,253.22905572443054
1786807560000,253.22905572443054
1786807620000,253.22905572443054
1786807680000,253.22905572443054
1786807740000,253.22905572443054
1786807800000,253.22905572443054
1786807860000,253.22905572443054
1786807920000,253.22905572443054
1786807980000,253.22905572443054
1786808040000,253.22905572443054
1786808100000,253.22905572443054
1786808160000,253.22905572443054
1786808220000,253.22905572443054
1786808280000,253.22905572443054
1786808340000,253.22905572443054
1786808400000,253.22905572443054
1786808460000,253.22905572443054
1786808520000,253.22905572443054
1786808580000,253.22905572443054
1786808640000,253.22905572443054
1786808700000,253.22905572443054
1786808760000,253.22905572443054
1786808820000,253.22905572443054
1786808880000,253.22905572443054
1786808940000,253.22905572443054
1786809000000,253.22905572443054
1786809060000,253.22905572443054
1786809120000,253.22905572443054
1786809180000,253.22905572443054
1786809240000,253.22905572443054
1786809300000,253.22905572443054
1786809360000,253.22905572443054
1786809420000,253.22905572443054
1786809480000,253.22905572443054
1786809540000,253.22905572443054
1786809600000,253.22905572443054
1786809660000,253.22905572443054
1786809720000,253.22905572443054
1786809780000,253.22905572443054
1786809840000,253.22905572443054
1786809900000,253.22905572443054
1786809960000,253.22905572443054
1786810020000,253.22905572443054
1786810080000,253.22905572443054
1786810140000,253.22905572443054
1786810200000,253.22905572443054
1786810260000,253.22905572443054
1786810320000,250.7954192191324
1786810380000,250.35132448010575
1786810440000,250.25263676032193
1786810500000,249.31510342237667
1786810560000,248.08150692508013
1786810620000,248.5749455239987
1786810680000,250.59804377956493
1786810740000,251.8316402768615
1786810800000,250.94345079880796
1786810860000,251.9303279966453
1786810920000,251.68360869718592
1786810980000,251.8809841367534
1786811040000,251.48623325761847
1786811100000,252.27573501588833
1786811160000,251.53557711751037
1786811220000,250.94345079880796
1786811280000,251.68360869718592
1786811340000,250.99279465869986
1786811400000,250.7954192191324
1786811460000,252.27573501588833
1786811520000,253.26261221372548
1786811580000,251.68360869718592
1786811640000,251.28885781805099
1786811700000,251.19017009826734
1786811760000,250.64738763945687
1786811820000,249.0683841229173
1786811880000,249.80854202129524
1786811940000,250.4993560597813
1786812000000,249.9565736009708
1786812060000,248.18019464486378
1786812120000,246.25578410908136
1786812180000,245.71300165027088
1786812240000,244.99901190609611
1786812300000,244.99901190609611
1786812360000,244.99901190609611
1786812420000,244.99901190609611
1786812480000,244.99901190609611
1786812540000,244.99901190609611
1786812600000,244.99901190609611
1786812660000,244.99901190609611
1786812720000,244.99901190609611
1786812780000,244.99901190609611
1786812840000,244.99901190609611
1786812900000,244.99901190609611
1786812960000,244.99901190609611
1786813020000,244.99901190609611
1786813080000,244.99901190609611
1786813140000,244.99901190609611
1786813200000,244.99901190609611
1786813260000,244.99901190609611
1786813320000,244.28797558140369
1786813380000,244.04351373975072
1786813440000,243.4568053197837
1786813500000,244.04351373975072
1786813560000,243.50569768811434
1786813620000,244.28797558140369
1786813680000,244.09240610808135
1786813740000,244.23908321307306
1786813800000,244.58132979138713
1786813860000,243.0656663731392
1786813920000,241.81815249384263
1786813980000,241.81815249384263
1786814040000,241.81815249384263
1786814100000,241.81815249384263
1786814160000,241.81815249384263
1786814220000,241.81815249384263
1786814280000,241.81815249384263
1786814340000,241.81815249384263
1786814400000,241.81815249384263
1786814460000,241.81815249384263
1786814520000,241.81815249384263
1786814580000,241.81815249384263
1786814640000,241.81815249384263
1786814700000,241.81815249384263
1786814760000,241.81815249384263
1786814820000,241.81815249384263
1786814880000,241.81815249384263
1786814940000,241.81815249384263
1786815000000,241.81815249384263
1786815060000,241.81815249384263
1786815120000,241.81815249384263
1786815180000,241.81815249384263
1786815240000,241.81815249384263
1786815300000,241.81815249384263
1786815360000,241.81815249384263
1786815420000,241.81815249384263
1786815480000,241.81815249384263
1786815540000,241.81815249384263
1786815600000,241.81815249384263
1786815660000,241.81815249384263
1786815720000,241.81815249384263
1786815780000,241.81815249384263
1786815840000,241.81815249384263
1786815900000,241.81815249384263
1786815960000,241.81815249384263
1786816020000,241.81815249384263
1786816080000,241.81815249384263
1786816140000,241.81815249384263
1786816200000,241.81815249384263
1786816260000,241.81815249384263
1786816320000,241.81815249384263
1786816380000,241.81815249384263
1786816440000,241.81815249384263
1786816500000,239.09026182849178
1786816560000,238.08536664427112
1786816620000,238.08536664427112
1786816680000,238.08536664427112
1786816740000,239.806992264573
1786816800000,240.15363055945645
1786816860000,241.14402568769486
1786816920000,241.68874300822603
1786816980000,240.45074909792794
1786817040000,240.64882812357567
1786817100000,239.41083421327758
1786817160000,241.78778252104996
1786817220000,241.88682203387376
1786817280000,242.38201959799295
1786817340000,242.62961838005262
1786817400000,241.93634179028572
1786817460000,241.58970349540226
1786817520000,240.69238474063238
1786817580000,240.69238474063238
1786817640000,240.69238474063238
1786817700000,240.69238474063238
1786817760000,240.69238474063238
1786817820000,240.69238474063238
1786817880000,240.69238474063238
1786817940000,240.69238474063238
1786818000000,240.69238474063238
1786818060000,240.69238474063238
1786818120000,240.69238474063238
1786818180000,240.69238474063238
1786818240000,240.69238474063238
1786818300000,240.69238474063238
1786818360000,240.69238474063238
1786818420000,240.69238474063238
1786818480000,240.69238474063238
1786818540000,240.69238474063238
1786818600000,240.69238474063238
1786818660000,240.69238474063238
1786818720000,240.69238474063238
1786818780000,240.69238474063238
1786818840000,240.69238474063238
1786818900000,240.69238474063238
1786818960000,240.69238474063238
1786819020000,240.69238474063238
1786819080000,240.69238474063238
1786819140000,240.69238474063238
1786819200000,238.84409463191773
1786819260000,239.5422101249934
1786819320000,239.64194090971844
1786819380000,239.19315237845558
1786819440000,239.99099865625627
1786819500000,240.2403256180691
1786819560000,240.2403256180691
1786819620000,239.5422101249934
1786819680000,238.44168036703266
1786819740000,238.44168036703266
1786819800000,238.44168036703266
1786819860000,238.44168036703266
1786819920000,238.44168036703266
1786819980000,238.44168036703266
1786820040000,238.44168036703266
1786820100000,238.44168036703266
1786820160000,238.44168036703266
1786820220000,238.44168036703266
1786820280000,238.44168036703266
1786820340000,238.44168036703266
1786820400000,238.44168036703266
1786820460000,238.44168036703266
1786820520000,238.44168036703266
1786820580000,238.44168036703266
1786820640000,238.44168036703266
1786820700000,238.44168036703266
1786820760000,238.44168036703266
1786820820000,238.44168036703266
1786820880000,238.44168036703266
1786820940000,238.44168036703266
1786821000000,238.44168036703266
1786821060000,236.541640331031
1786821120000,236.44164032703108
1786821180000,234.9899400189631
1786821240000,234.9899400189631
1786821300000,234.9899400189631
1786821360000,234.9899400189631
1786821420000,234.9899400189631
1786821480000,234.9899400189631
1786821540000,234.9899400189631
1786821600000,234.9899400189631
1786821660000,234.9899400189631
1786821720000,234.9899400189631
1786821780000,234.9899400189631
1786821840000,234.9899400189631
1786821900000,234.9899400189631
1786821960000,234.9899400189631
1786822020000,234.9899400189631
1786822080000,234.9899400189631
1786822140000,234.9899400189631
1786822200000,234.9899400189631
1786822260000,234.9899400189631
1786822320000,234.9899400189631
1786822380000,234.9899400189631
1786822440000,234.9899400189631
1786822500000,234.9899400189631
1786822560000,234.9899400189631
1786822620000,234.9899400189631
1786822680000,234.9899400189631
1786822740000,234.9899400189631
1786822800000,234.9899400189631
1786822860000,234.9899400189631
1786822920000,234.9899400189631
1786822980000,234.9899400189631
1786823040000,234.9899400189631
1786823100000,234.9899400189631
1786823160000,234.9899400189631
1786823220000,234.9899400189631
1786823280000,234.9899400189631
1786823340000,234.9899400189631
1786823400000,234.9899400189631
1786823460000,234.9899400189631
1786823520000,234.9899400189631
1786823580000,234.9899400189631
1786823640000,234.9899400189631
1786823700000,234.9899400189631
1786823760000,234.9899400189631
1786823820000,234.9899400189631
1786823880000,234.9899400189631
1786823940000,234.9899400189631
1786824000000,234.9899400189631
1786824060000,234.9899400189631
1786824120000,234.34089161953975
1786824180000,233.23890840238343
1786824240000,232.2885583363767
1786824300000,232.2885583363767
1786824360000,230.13470379514135
1786824420000,230.4861091494907
1786824480000,231.08851832837516
1786824540000,230.38570761967648
1786824600000,230.4359083845836
1786824660000,231.94193133179493
1786824720000,233.19695045447114
1786824780000,234.20096575261203
1786824840000,235.0041779911249
1786824900000,237.3134131768489
1786824960000,237.06240935231378
1786825020000,236.56040170324334
1786825080000,237.06240935231378
1786825140000,237.76522006101246
1786825200000,239.07043994859558
1786825260000,238.3676292398969
1786825320000,237.91582235573355
1786825380000,238.71903459424624
1786825440000,237.3134131768489
1786825500000,237.3134131768489
1786825560000,235.90779175945178
1786825620000,235.9579925243587
1786825680000,237.0122085874067
1786825740000,237.0122085874067
1786825800000,237.0122085874067
1786825860000,236.81140552777848
1786825920000,237.2130116470349
1786825980000,237.16281088212781
1786826040000,237.16281088212781
1786826100000,237.3134131768489
1786826160000,238.91983765387445
1786826220000,237.91582235573355
1786826280000,238.0162238855476
1786826340000,238.5182315346182
1786826400000,237.76522006101246
1786826460000,237.91582235573355
1786826520000,237.56441700138424
1786826580000,237.41381470666312
1786826640000,237.81542082591955
1786826700000,238.11662541536177
1786826760000,239.37164453803797
1786826820000,238.41783000480402
1786826880000,238.4680307697111
1786826940000,239.37164453803797
1786827000000,238.5182315346182
1786827060000,239.17084147840976
1786827120000,238.5684322995251
1786827180000,239.32144377313088
1786827240000,239.572447597666
1786827300000,239.77325065729423
1786827360000,240.32545907127178
1786827420000,239.17084147840976
1786827480000,237.98010179463688
1786827540000,237.98010179463688
1786827600000,237.98010179463688
1786827660000,237.98010179463688
1786827720000,237.98010179463688
1786827780000,237.98010179463688
1786827840000,237.98010179463688
1786827900000,237.98010179463688
1786827960000,237.98010179463688
1786828020000,237.98010179463688
1786828080000,237.98010179463688
1786828140000,237.98010179463688
1786828200000,237.98010179463688
1786828260000,237.98010179463688
1786828320000,237.98010179463688
1786828380000,237.98010179463688
1786828440000,237.98010179463688
1786828500000,237.98010179463688
1786828560000,237.98010179463688
1786828620000,237.98010179463688
1786828680000,237.98010179463688
1786828740000,237.98010179463688
1786828800000,237.98010179463688
1786828860000,237.98010179463688
1786828920000,237.98010179463688
1786828980000,237.98010179463688
1786829040000,237.98010179463688
1786829100000,237.98010179463688
1786829160000,237.98010179463688
1786829220000,237.98010179463688
1786829280000,237.98010179463688
1786829340000,237.98010179463688
1786829400000,237.98010179463688
1786829460000,237.98010179463688
1786829520000,237.98010179463688
1786829580000,237.98010179463688
1786829640000,237.98010179463688
1786829700000,237.98010179463688
1786829760000,237.98010179463688
1786829820000,237.98010179463688
1786829880000,237.98010179463688
1786829940000,237.98010179463688
1786830000000,237.98010179463688
1786830060000,237.98010179463688
1786830120000,237.98010179463688
1786830180000,237.98010179463688
1786830240000,237.98010179463688
1786830300000,237.98010179463688
1786830360000,237.98010179463688
1786830420000,237.98010179463688
1786830480000,237.98010179463688
1786830540000,237.98010179463688
1786830600000,237.98010179463688
1786830660000,237.98010179463688
1786830720000,237.98010179463688
1786830780000,237.98010179463688
1786830840000,237.98010179463688
1786830900000,237.98010179463688
1786830960000,237.98010179463688
1786831020000,237.98010179463688
1786831080000,237.98010179463688
1786831140000,237.98010179463688
1786831200000,237.98010179463688
1786831260000,237.98010179463688
1786831320000,237.98010179463688
1786831380000,237.98010179463688
1786831440000,237.98010179463688
1786831500000,237.98010179463688
1786831560000,237.98010179463688
1786831620000,237.98010179463688
1786831680000,237.98010179463688
1786831740000,237.98010179463688
1786831800000,238.46390023782732
1786831860000,240.86209439558544
1786831920000,238.4128748302154
1786831980000,233.05520703096832
1786832040000,231.59486313074262
1786832100000,231.59486313074262
1786832160000,231.59486313074262
1786832220000,230.75291438092714
1786832280000,229.62748471234195
1786832340000,227.78587252738464
1786832400000,230.29251133468784
1786832460000,227.99049610349104
1786832520000,229.98557597052815
1786832580000,230.54829080482074
1786832640000,230.39482312274097
1786832700000,231.05984974508667
1786832760000,230.39482312274097
1786832820000,231.4690968972995
1786832880000,231.31562921521973
1786832940000,233.0037737180973
1786833000000,231.36678510924636
1786833060000,232.543370671858
1786833120000,232.18527941367182
1786833180000,232.85030603601754
1786833240000,230.3436672287143
1786833300000,228.989513869401
1786833360000,228.989513869401
1786833420000,228.989513869401
1786833480000,228.989513869401
1786833540000,228.989513869401
1786833600000,228.989513869401
1786833660000,228.989513869401
1786833720000,228.989513869401
1786833780000,228.35554715014632
1786833840000,228.25262473401057
1786833900000,228.76723681468968
1786833960000,228.45846956628225
1786834020000,228.561391982418
1786834080000,229.43623251957254
1786834140000,228.40700835821428
1786834200000,230.20815064059133
1786834260000,230.00230580831965
1786834320000,231.34029721808554
1786834380000,231.90637050683245
1786834440000,232.11221533910415
1786834500000,231.64906446649297
1786834560000,231.85490929876465
1786834620000,232.83267225205495
1786834680000,233.19290070853037
1786834740000,234.53089211829626
1786834800000,234.8396593667037
1786834860000,234.8396593667037
1786834920000,235.14842661511113
1786834980000,236.02326715226567
1786835040000,234.2221248698888
1786835100000,232.7717903905624
1786835160000,232.7717903905624
1786835220000,232.7717903905624
1786835280000,232.7717903905624
1786835340000,232.7717903905624
1786835400000,232.7717903905624
1786835460000,232.7717903905624
1786835520000,232.7717903905624
1786835580000,232.7717903905624
1786835640000,232.7717903905624
1786835700000,232.7717903905624
1786835760000,232.7717903905624
1786835820000,232.7717903905624
1786835880000,232.7717903905624
1786835940000,232.7717903905624
1786836000000,232.7717903905624
1786836060000,232.7717903905624
1786836120000,232.7717903905624
1786836180000,232.7717903905624
1786836240000,232.7717903905624
1786836300000,232.7717903905624
1786836360000,232.7717903905624
1786836420000,232.7717903905624
1786836480000,232.7717903905624
1786836540000,232.7717903905624
1786836600000,232.7717903905624
1786836660000,232.7717903905624
1786836720000,232.7717903905624
1786836780000,232.7717903905624
1786836840000,232.7717903905624
1786836900000,232.7717903905624
1786836960000,232.7717903905624
1786837020000,232.7717903905624
1786837080000,232.7717903905624
1786837140000,232.7717903905624
1786837200000,232.7717903905624
1786837260000,232.7717903905624
1786837320000,232.7717903905624
1786837380000,232.7717903905624
1786837440000,232.7717903905624
1786837500000,232.7717903905624
1786837560000,232.7717903905624
1786837620000,232.7717903905624
1786837680000,232.7717903905624
1786837740000,232.7717903905624
1786837800000,232.7717903905624
1786837860000,232.7717903905624
1786837920000,232.7717903905624
1786837980000,232.7717903905624
1786838040000,232.7717903905624
1786838100000,232.7717903905624
1786838160000,232.7717903905624
1786838220000,232.7717903905624
1786838280000,232.7717903905624
1786838340000,232.7717903905624
1786838400000,232.7717903905624
1786838460000,232.7717903905624
1786838520000,232.7717903905624
1786838580000,232.7717903905624
1786838640000,232.7717903905624
1786838700000,232.7717903905624
1786838760000,232.7717903905624
1786838820000,232.7717903905624
1786838880000,232.7717903905624
1786838940000,232.7717903905624
1786839000000,232.7717903905624
1786839060000,232.7717903905624
1786839120000,232.7717903905624
1786839180000,232.7717903905624
1786839240000,232.7717903905624
1786839300000,232.7717903905624
1786839360000,232.7717903905624
1786839420000,232.7717903905624
1786839480000,232.7717903905624
1786839540000,232.7717903905624
1786839600000,232.7717903905624
1786839660000,232.7717903905624
1786839720000,232.7717903905624
1786839780000,232.7717903905624
1786839840000,232.7717903905624
1786839900000,232.7717903905624
1786839960000,231.9392393747956
1786840020000,232.72671578672723
1786840080000,231.88674094733344
1786840140000,231.99173780225777
1786840200000,232.51672207687878
1786840260000,231.78174409240933
1786840320000,233.56669062612082
1786840380000,235.56163086968076
1786840440000,233.7241859085071
1786840500000,234.30166861059027
1786840560000,231.51925195509872
1786840620000,230.3187488584684
1786840680000,230.3187488584684
1786840740000,230.3187488584684
1786840800000,230.3187488584684
1786840860000,230.3187488584684
1786840920000,230.3187488584684
1786840980000,230.3187488584684
1786841040000,230.3187488584684
1786841100000,230.3187488584684
1786841160000,230.3187488584684
1786841220000,230.3187488584684
1786841280000,230.3187488584684
1786841340000,230.3187488584684
1786841400000,228.67111719077215
1786841460000,224.54258966244697
1786841520000,223.49756494599728
1786841580000,223.49756494599728
1786841640000,223.49756494599728
1786841700000,223.49756494599728
1786841760000,223.49756494599728
1786841820000,223.49756494599728
1786841880000,223.49756494599728
1786841940000,223.49756494599728
1786842000000,223.49756494599728
1786842060000,223.49756494599728
1786842120000,223.49756494599728
1786842180000,223.49756494599728
1786842240000,223.49756494599728
1786842300000,223.49756494599728
1786842360000,223.34113380677792
1786842420000,225.52757524612434
1786842480000,233.42857953830764
1786842540000,232.03720771326905
1786842600000,229.6519988703458
1786842660000,231.98751586237478
1786842720000,232.53412622221137
1786842780000,230.64583588823047
1786842840000,230.5464521864419
1786842900000,233.8261143454614
1786842960000,234.372724705298
1786843020000,234.07457359993265
1786843080000,234.02488174903834
1786843140000,230.74521959001885
1786843200000,229.48589182336562
1786843260000,229.48589182336562
1786843320000,229.48589182336562
1786843380000,229.48589182336562
1786843440000,229.48589182336562
1786843500000,229.48589182336562
1786843560000,229.48589182336562
1786843620000,229.48589182336562
1786843680000,229.48589182336562
1786843740000,229.48589182336562
1786843800000,229.48589182336562
1786843860000,229.48589182336562
1786843920000,229.48589182336562
1786843980000,229.48589182336562
1786844040000,229.48589182336562
1786844100000,229.48589182336562
1786844160000,229.48589182336562
1786844220000,229.48589182336562
1786844280000,229.48589182336562
1786844340000,229.48589182336562
1786844400000,229.48589182336562
1786844460000,229.48589182336562
1786844520000,229.48589182336562
1786844580000,229.48589182336562
1786844640000,229.48589182336562
1786844700000,229.48589182336562
1786844760000,229.48589182336562
1786844820000,229.48589182336562
1786844880000,229.48589182336562
1786844940000,229.48589182336562
1786845000000,229.48589182336562
1786845060000,229.48589182336562
1786845120000,229.48589182336562
1786845180000,229.48589182336562
1786845240000,229.48589182336562
1786845300000,229.48589182336562
1786845360000,229.48589182336562
1786845420000,229.48589182336562
1786845480000,229.48589182336562
1786845540000,229.48589182336562
1786845600000,229.48589182336562
1786845660000,229.48589182336562
1786845720000,229.48589182336562
1786845780000,229.48589182336562
1786845840000,229.48589182336562
1786845900000,229.48589182336562
1786845960000,229.48589182336562
1786846020000,229.48589182336562
1786846080000,229.48589182336562
1786846140000,229.48589182336562
1786846200000,229.48589182336562
1786846260000,229.48589182336562
1786846320000,229.48589182336562
1786846380000,229.48589182336562
1786846440000,229.48589182336562
1786846500000,229.48589182336562
1786846560000,229.48589182336562
1786846620000,229.48589182336562
1786846680000,229.48589182336562
1786846740000,229.48589182336562
1786846800000,229.48589182336562
1786846860000,229.48589182336562
1786846920000,229.48589182336562
1786846980000,229.48589182336562
1786847040000,229.48589182336562
1786847100000,229.48589182336562
1786847160000,229.48589182336562
1786847220000,229.48589182336562
1786847280000,229.48589182336562
1786847340000,229.48589182336562
1786847400000,229.48589182336562
1786847460000,229.48589182336562
1786847520000,229.48589182336562
1786847580000,229.48589182336562
1786847640000,229.48589182336562
1786847700000,229.48589182336562
1786847760000,229.48589182336562
1786847820000,229.48589182336562
1786847880000,229.48589182336562
1786847940000,229.48589182336562
1786848000000,229.48589182336562
1786848060000,229.48589182336562
1786848120000,229.48589182336562
1786848180000,229.48589182336562
1786848240000,229.48589182336562
1786848300000,229.48589182336562
1786848360000,229.48589182336562
1786848420000,229.48589182336562
1786848480000,229.48589182336562
1786848540000,229.48589182336562
1786848600000,229.48589182336562
1786848660000,229.48589182336562
1786848720000,229.48589182336562
1786848780000,229.48589182336562
1786848840000,229.48589182336562
1786848900000,229.48589182336562
1786848960000,229.48589182336562
1786849020000,229.48589182336562
1786849080000,229.48589182336562
1786849140000,229.48589182336562
1786849200000,229.48589182336562
1786849260000,229.48589182336562
1786849320000,229.48589182336562
1786849380000,229.48589182336562
1786849440000,229.48589182336562
1786849500000,229.48589182336562
1786849560000,229.48589182336562
1786849620000,229.48589182336562
1786849680000,229.48589182336562
1786849740000,229.48589182336562
1786849800000,229.48589182336562
1786849860000,229.48589182336562
1786849920000,229.48589182336562
1786849980000,229.48589182336562
1786850040000,229.48589182336562
1786850100000,229.48589182336562
1786850160000,229.48589182336562
1786850220000,229.48589182336562
1786850280000,229.48589182336562
1786850340000,229.48589182336562
1786850400000,229.48589182336562
1786850460000,229.48589182336562
1786850520000,229.48589182336562
1786850580000,229.48589182336562
1786850640000,229.48589182336562
1786850700000,229.48589182336562
1786850760000,229.48589182336562
1786850820000,228.58339756577536
1786850880000,230.6166268602534
1786850940000,231.6084460282916
1786851000000,232.1539465707124
1786851060000,232.10435561231063
1786851120000,231.50926411148768
1786851180000,230.91417261066493
1786851240000,232.20353752911436
1786851300000,234.5839035324057
1786851360000,231.11253644427242
1786851420000,225.65753102006303
1786851480000,224.80148976371822
1786851540000,224.80148976371822
1786851600000,224.80148976371822
1786851660000,224.80148976371822
1786851720000,224.80148976371822
1786851780000,224.80148976371822
1786851840000,224.80148976371822
1786851900000,224.80148976371822
1786851960000,224.80148976371822
1786852020000,224.80148976371822
1786852080000,224.80148976371822
1786852140000,224.80148976371822
1786852200000,224.80148976371822
1786852260000,224.80148976371822
1786852320000,224.80148976371822
1786852380000,224.80148976371822
1786852440000,224.80148976371822
1786852500000,224.80148976371822
1786852560000,224.80148976371822
1786852620000,224.80148976371822
1786852680000,224.80148976371822
1786852740000,224.80148976371822
1786852800000,224.80148976371822
1786852860000,224.80148976371822
1786852920000,224.80148976371822
1786852980000,224.80148976371822
1786853040000,224.80148976371822
1786853100000,224.80148976371822
1786853160000,222.40503822460653
1786853220000,223.40204783386503
1786853280000,223.2026459120133
1786853340000,220.80982284979325
1786853400000,220.3546869163066
1786853460000,220.3546869163066
1786853520000,220.3546869163066
1786853580000,220.3546869163066
1786853640000,220.3546869163066
1786853700000,220.3546869163066
1786853760000,220.3546869163066
1786853820000,220.3546869163066
1786853880000,220.3546869163066
1786853940000,220.3546869163066
1786854000000,220.3546869163066
1786854060000,220.3546869163066
1786854120000,220.3546869163066
1786854180000,220.3546869163066
1786854240000,220.3546869163066
1786854300000,220.3546869163066
1786854360000,220.3546869163066
1786854420000,220.3546869163066
1786854480000,220.3546869163066
1786854540000,220.3546869163066
1786854600000,220.3546869163066
1786854660000,220.3546869163066
1786854720000,220.3546869163066
1786854780000,220.3546869163066
1786854840000,220.3546869163066
1786854900000,220.3546869163066
1786854960000,220.3546869163066
1786855020000,220.3546869163066
1786855080000,220.3546869163066
1786855140000,220.3546869163066
1786855200000,220.3546869163066
1786855260000,220.3546869163066
1786855320000,220.3546869163066
1786855380000,220.3546869163066
1786855440000,220.3546869163066
1786855500000,220.3546869163066
1786855560000,220.3546869163066
1786855620000,220.3546869163066
1786855680000,220.3546869163066
1786855740000,220.3546869163066
1786855800000,220.3546869163066
1786855860000,220.3546869163066
1786855920000,220.3546869163066
1786855980000,220.3546869163066
1786856040000,220.3546869163066
1786856100000,220.3546869163066
1786856160000,219.00746649393403
1786856220000,219.35107412747408
1786856280000,219.2038137130998
1786856340000,219.59650815143118
1786856400000,219.94011578497125
1786856460000,220.3328102233028
1786856520000,219.05655329872533
1786856580000,219.44924773705688
1786856640000,217.82938317893954
1786856700000,217.87846998373084
1786856760000,215.42412974415907
1786856820000,215.66956376811615
1786856880000,215.52230335374188
1786856940000,215.27686932978477
1786857000000,216.74947347352784
1786857060000,216.209518620822
1786857120000,213.50974435729296
1786857180000,214.0006124052073
1786857240000,216.16043181603052
1786857300000,209.48462636439513
1786857360000,210.90814370334672
1786857420000,210.90814370334672
1786857480000,210.51544926501532
1786857540000,209.9754944123095
1786857600000,210.41727565543235
1786857660000,210.51544926501532
1786857720000,210.80997009376392
1786857780000,210.90814370334672
1786857840000,210.90814370334672
1786857900000,211.79170618959262
1786857960000,212.42983465188127
1786858020000,215.42412974415907
1786858080000,214.24604642916458
1786858140000,212.8716158950043
1786858200000,219.98920258976273
1786858260000,219.74376856580548
1786858320000,219.94011578497125
1786858380000,220.77459146642568
1786858440000,220.4309838328856
1786858500000,219.3019873226826
1786858560000,218.34739010387025
1786858620000,218.34739010387025
1786858680000,218.34739010387025
1786858740000,218.34739010387025
1786858800000,218.34739010387025
1786858860000,218.34739010387025
1786858920000,218.34739010387025
1786858980000,218.34739010387025
1786859040000,218.34739010387025
1786859100000,218.34739010387025
1786859160000,218.34739010387025
1786859220000,218.34739010387025
1786859280000,218.34739010387025
1786859340000,218.34739010387025
1786859400000,218.34739010387025
1786859460000,218.34739010387025
1786859520000,218.34739010387025
1786859580000,218.34739010387025
1786859640000,218.34739010387025
1786859700000,218.34739010387025
1786859760000,218.34739010387025
1786859820000,218.34739010387025
1786859880000,218.34739010387025
1786859940000,218.34739010387025
1786860000000,218.34739010387025
1786860060000,218.34739010387025
1786860120000,218.34739010387025
1786860180000,218.34739010387025
1786860240000,218.34739010387025
1786860300000,218.34739010387025
1786860360000,215.9603451529724
1786860420000,217.59247694945492
1786860480000,217.2462671744435
1786860540000,217.2957257137309
1786860600000,219.42244290308665
1786860660000,220.0654039138221
1786860720000,220.65890638527034
1786860780000,219.47190144237405
1786860840000,218.48273065662718
1786860900000,219.27406728522465
1786860960000,223.7253358210858
1786861020000,221.45024301386783
1786861080000,221.5491600924426
1786861140000,221.79645278887924
1786861200000,222.04374548531607
1786861260000,221.1040332388564
1786861320000,220.7006283527663
1786861380000,220.7006283527663
1786861440000,220.09927152912692
1786861500000,223.4918095738469
1786861560000,224.29005381966329
1786861620000,223.4918095738469
1786861680000,223.5915901045739
1786861740000,224.43972461575385
1786861800000,226.38544496493145
1786861860000,231.87337415491945
1786861920000,231.2746909705572
1786861980000,232.67161840073598
1786862040000,229.5784219481973
1786862100000,228.3900772760706
1786862160000,228.3900772760706
1786862220000,228.3900772760706
1786862280000,228.3900772760706
1786862340000,228.3900772760706
1786862400000,228.3900772760706
1786862460000,228.3900772760706
1786862520000,228.3900772760706
1786862580000,228.3900772760706
1786862640000,228.3900772760706
1786862700000,228.3900772760706
1786862760000,228.3900772760706
1786862820000,228.3900772760706
1786862880000,228.3900772760706
1786862940000,228.3900772760706
1786863000000,228.3900772760706
1786863060000,228.3900772760706
1786863120000,228.3900772760706
1786863180000,228.3900772760706
1786863240000,228.3900772760706
1786863300000,228.3900772760706
1786863360000,228.3900772760706
1786863420000,228.3900772760706
1786863480000,228.3900772760706
1786863540000,228.3900772760706
1786863600000,228.3900772760706
1786863660000,228.3900772760706
1786863720000,228.3900772760706
1786863780000,228.3900772760706
1786863840000,228.3900772760706
1786863900000,228.3900772760706
1786863960000,228.3900772760706
1786864020000,228.3900772760706
1786864080000,228.3900772760706
1786864140000,228.3900772760706
1786864200000,228.3900772760706
1786864260000,228.3900772760706
1786864320000,228.3900772760706
1786864380000,228.3900772760706
1786864440000,228.3900772760706
1786864500000,228.3900772760706
1786864560000,228.3900772760706
1786864620000,228.3900772760706
1786864680000,228.3900772760706
1786864740000,228.3900772760706
1786864800000,228.3900772760706
1786864860000,228.3900772760706
1786864920000,228.3900772760706
1786864980000,228.3900772760706
1786865040000,228.3900772760706
1786865100000,228.3900772760706
1786865160000,228.3900772760706
1786865220000,228.3900772760706
1786865280000,228.3900772760706
1786865340000,228.3900772760706
1786865400000,228.3900772760706
1786865460000,228.3900772760706
1786865520000,228.3900772760706
1786865580000,228.3900772760706
1786865640000,228.3900772760706
1786865700000,228.3900772760706
1786865760000,228.03190819867808
1786865820000,228.77466490215394
1786865880000,227.14060015450707
1786865940000,227.48721994946246
1786866000000,229.17080181067425
1786866060000,230.01259274128014
1786866120000,229.81452428702008
1786866180000,229.26983603780445
1786866240000,229.07176758354422
1786866300000,229.71549005988987
1786866360000,229.07176758354422
1786866420000,231.20100346684143
1786866480000,229.81452428702008
1786866540000,231.34955480753672
1786866600000,230.50776387693082
1786866660000,231.15148635327648
1786866720000,230.3096954226706
1786866780000,229.81452428702008
1786866840000,230.21066119554038
1786866900000,232.19134573814262
1786866960000,233.67685914509417
1786867020000,236.54885173186725
1786867080000,236.40030039117212
1786867140000,236.25174905047697
1786867200000,235.8184612818013
1786867260000,236.1155639631916
1786867320000,236.1650810767565
1786867380000,234.53101632910983
1786867440000,232.92676420147578
1786867500000,232.92676420147578
1786867560000,232.21584745310955
1786867620000,231.9713258232934
1786867680000,228.694735983758
1786867740000,227.30343116900187
1786867800000,227.30343116900187
1786867860000,227.30343116900187
1786867920000,227.30343116900187
1786867980000,227.30343116900187
1786868040000,227.30343116900187
1786868100000,227.30343116900187
1786868160000,227.30343116900187
1786868220000,227.30343116900187
1786868280000,227.30343116900187
1786868340000,227.30343116900187
1786868400000,227.30343116900187
1786868460000,227.30343116900187
1786868520000,227.30343116900187
1786868580000,227.30343116900187
1786868640000,227.30343116900187
1786868700000,227.30343116900187
1786868760000,227.30343116900187
1786868820000,227.30343116900187
1786868880000,227.30343116900187
1786868940000,227.30343116900187
1786869000000,227.30343116900187
1786869060000,227.30343116900187
1786869120000,227.30343116900187
1786869180000,227.30343116900187
1786869240000,227.30343116900187
1786869300000,227.30343116900187
1786869360000,227.30343116900187
1786869420000,227.30343116900187
1786869480000,227.30343116900187
1786869540000,227.30343116900187
1786869600000,226.20121287964574
1786869660000,226.59217975421495
1786869720000,226.05460030168234
1786869780000,224.2952493661212
1786869840000,223.65992819494616
1786869900000,223.90428249155198
1786869960000,224.4418619440846
1786870020000,224.4418619440846
1786870080000,225.27266655254405
1786870140000,225.37040827118628
1786870200000,226.59217975421495
1786870260000,224.78395795933264
1786870320000,226.00572944236114
1786870380000,217.64881249844532
1786870440000,216.47591187473782
1786870500000,215.04384181206632
1786870560000,215.04384181206632
1786870620000,215.04384181206632
1786870680000,215.04384181206632
1786870740000,215.04384181206632
1786870800000,215.04384181206632
1786870860000,215.04384181206632
1786870920000,215.04384181206632
1786870980000,215.04384181206632
1786871040000,215.04384181206632
1786871100000,215.04384181206632
1786871160000,215.04384181206632
1786871220000,215.04384181206632
1786871280000,215.04384181206632
1786871340000,215.04384181206632
1786871400000,215.04384181206632
1786871460000,215.04384181206632
1786871520000,215.04384181206632
1786871580000,215.04384181206632
1786871640000,215.04384181206632
1786871700000,215.04384181206632
1786871760000,215.04384181206632
1786871820000,215.04384181206632
1786871880000,215.04384181206632
1786871940000,215.04384181206632
1786872000000,215.04384181206632
1786872060000,215.04384181206632
1786872120000,215.04384181206632
1786872180000,215.04384181206632
1786872240000,215.04384181206632
1786872300000,215.04384181206632
1786872360000,215.04384181206632
1786872420000,215.04384181206632
1786872480000,215.04384181206632
1786872540000,215.04384181206632
1786872600000,215.04384181206632
1786872660000,215.04384181206632
1786872720000,215.04384181206632
1786872780000,215.04384181206632
1786872840000,215.04384181206632
1786872900000,215.04384181206632
1786872960000,215.04384181206632
1786873020000,215.04384181206632
1786873080000,215.04384181206632
1786873140000,215.04384181206632
1786873200000,215.04384181206632
1786873260000,215.04384181206632
1786873320000,215.04384181206632
1786873380000,215.04384181206632
1786873440000,215.04384181206632
1786873500000,215.04384181206632
1786873560000,215.04384181206632
1786873620000,215.04384181206632
1786873680000,215.04384181206632
1786873740000,215.04384181206632
1786873800000,215.04384181206632
1786873860000,215.04384181206632
1786873920000,215.04384181206632
1786873980000,215.04384181206632
1786874040000,215.04384181206632
1786874100000,215.04384181206632
1786874160000,215.04384181206632
1786874220000,215.04384181206632
1786874280000,215.04384181206632
1786874340000,215.04384181206632
1786874400000,215.04384181206632
1786874460000,215.04384181206632
1786874520000,215.04384181206632
1786874580000,215.04384181206632
1786874640000,215.04384181206632
1786874700000,215.04384181206632
1786874760000,215.04384181206632
1786874820000,215.04384181206632
1786874880000,215.04384181206632
1786874940000,215.04384181206632
1786875000000,215.04384181206632
1786875060000,215.04384181206632
1786875120000,215.04384181206632
1786875180000,215.04384181206632
1786875240000,215.04384181206632
1786875300000,215.04384181206632
1786875360000,215.04384181206632
1786875420000,215.04384181206632
1786875480000,215.04384181206632
1786875540000,215.04384181206632
1786875600000,215.04384181206632
1786875660000,215.04384181206632
1786875720000,215.04384181206632
1786875780000,215.04384181206632
1786875840000,215.04384181206632
1786875900000,215.04384181206632
1786875960000,215.04384181206632
1786876020000,215.04384181206632
1786876080000,215.04384181206632
1786876140000,215.04384181206632
1786876200000,215.04384181206632
1786876260000,215.04384181206632
1786876320000,215.04384181206632
1786876380000,215.04384181206632
1786876440000,215.04384181206632
1786876500000,215.04384181206632
1786876560000,215.04384181206632
1786876620000,215.04384181206632
1786876680000,215.04384181206632
1786876740000,215.04384181206632
1786876800000,215.04384181206632
1786876860000,215.04384181206632
1786876920000,215.04384181206632
1786876980000,215.04384181206632
1786877040000,215.04384181206632
1786877100000,215.04384181206632
1786877160000,215.04384181206632
1786877220000,215.04384181206632
1786877280000,215.04384181206632
1786877340000,215.04384181206632
1786877400000,215.04384181206632
1786877460000,215.04384181206632
1786877520000,215.04384181206632
1786877580000,215.04384181206632
1786877640000,215.04384181206632
1786877700000,215.04384181206632
1786877760000,215.04384181206632
1786877820000,215.04384181206632
1786877880000,215.04384181206632
1786877940000,215.04384181206632
1786878000000,215.04384181206632
1786878060000,215.04384181206632
1786878120000,215.04384181206632
1786878180000,215.04384181206632
1786878240000,215.04384181206632
1786878300000,215.04384181206632
1786878360000,215.04384181206632
1786878420000,215.04384181206632
1786878480000,215.04384181206632
1786878540000,215.04384181206632
1786878600000,215.04384181206632
1786878660000,215.04384181206632
1786878720000,215.04384181206632
1786878780000,215.04384181206632
1786878840000,215.04384181206632
1786878900000,215.04384181206632
1786878960000,215.04384181206632
1786879020000,215.04384181206632
1786879080000,215.04384181206632
1786879140000,215.04384181206632
1786879200000,212.38602231151623
1786879260000,211.8677295279616
1786879320000,211.8677295279616
1786879380000,214.78077907370061
1786879440000,215.60338098444808
1786879500000,222.13580792273672
1786879560000,224.89394374112516
1786879620000,224.4100602642149
1786879680000,224.26489522114184
1786879740000,227.50691451644073
1786879800000,226.10365243340087
1786879860000,230.41021537790223
1786879920000,230.94248720250354
1786879980000,232.05541919939728
1786880040000,233.74901136858324
1786880100000,230.31343868252026
1786880160000,229.0419774293252
1786880220000,229.0419774293252
1786880280000,229.0419774293252
1786880340000,229.0419774293252
1786880400000,229.0419774293252
1786880460000,229.0419774293252
1786880520000,229.0419774293252
1786880580000,229.0419774293252
1786880640000,229.0419774293252
1786880700000,229.26272607989833
1786880760000,228.22087306361254
1786880820000,226.89487831561254
1786880880000,225.17615310461073
1786880940000,225.17615310461073
1786881000000,225.17615310461073
1786881060000,225.17615310461073
1786881120000,225.17615310461073
1786881180000,225.17615310461073
1786881240000,225.17615310461073
1786881300000,225.17615310461073
1786881360000,225.17615310461073
1786881420000,225.17615310461073
1786881480000,225.17615310461073
1786881540000,225.17615310461073
1786881600000,225.17615310461073
1786881660000,225.17615310461073
1786881720000,225.17615310461073
1786881780000,225.391271469879
1786881840000,223.59883886374124
1786881900000,226.1459799356213
1786881960000,228.8817981239368
1786882020000,228.92896740304573
1786882080000,229.21198307769902
1786882140000,228.74029028661016
1786882200000,229.07047524037236
1786882260000,228.17425893730342
1786882320000,229.4006601941346
1786882380000,236.9477448515568
1786882440000,232.08930910334132
1786882500000,222.56111472334578
1786882560000,221.3632524463957
1786882620000,221.3632524463957
1786882680000,221.3632524463957
1786882740000,221.3632524463957
1786882800000,221.3632524463957
1786882860000,221.3632524463957
1786882920000,221.3632524463957
1786882980000,221.3632524463957
1786883040000,221.3632524463957
1786883100000,221.3632524463957
1786883160000,221.3632524463957
1786883220000,221.3632524463957
1786883280000,221.3632524463957
1786883340000,221.3632524463957
1786883400000,221.3632524463957
1786883460000,221.3632524463957
1786883520000,221.3632524463957
1786883580000,221.3632524463957
1786883640000,221.3632524463957
1786883700000,221.3632524463957
1786883760000,221.3632524463957
1786883820000,221.3632524463957
1786883880000,221.3632524463957
1786883940000,221.3632524463957
1786884000000,221.3632524463957
1786884060000,221.3632524463957
1786884120000,221.3632524463957
1786884180000,221.3632524463957
1786884240000,221.3632524463957
1786884300000,221.3632524463957
1786884360000,221.3632524463957
1786884420000,221.3632524463957
1786884480000,221.3632524463957
1786884540000,221.3632524463957
1786884600000,221.3632524463957
1786884660000,221.3632524463957
1786884720000,221.3632524463957
1786884780000,221.3632524463957
1786884840000,221.3632524463957
1786884900000,221.3632524463957
1786884960000,221.3632524463957
1786885020000,221.3632524463957
1786885080000,221.3632524463957
1786885140000,221.3632524463957
1786885200000,221.3632524463957
1786885260000,221.3632524463957
1786885320000,221.3632524463957
1786885380000,221.3632524463957
1786885440000,221.3632524463957
1786885500000,221.3632524463957
1786885560000,221.3632524463957
1786885620000,221.3632524463957
1786885680000,221.3632524463957
1786885740000,221.3632524463957
1786885800000,221.3632524463957
1786885860000,221.3632524463957
1786885920000,221.3632524463957
1786885980000,221.3632524463957
1786886040000,221.3632524463957
1786886100000,221.3632524463957
1786886160000,221.60511542735327
1786886220000,213.38626839028603
1786886280000,206.99383180590056
1786886340000,205.77758582724792
1786886400000,205.77758582724792
1786886460000,205.77758582724792
1786886520000,205.77758582724792
1786886580000,205.77758582724792
1786886640000,205.77758582724792
1786886700000,205.77758582724792
1786886760000,205.77758582724792
1786886820000,205.77758582724792
1786886880000,205.77758582724792
1786886940000,205.77758582724792
1786887000000,205.77758582724792
1786887060000,205.77758582724792
1786887120000,205.77758582724792
1786887180000,205.77758582724792
1786887240000,205.77758582724792
1786887300000,205.77758582724792
1786887360000,205.77758582724792
1786887420000,205.77758582724792
1786887480000,205.77758582724792
1786887540000,205.77758582724792
1786887600000,205.77758582724792
1786887660000,205.77758582724792
1786887720000,205.77758582724792
1786887780000,205.77758582724792
1786887840000,205.77758582724792
1786887900000,205.77758582724792
1786887960000,205.77758582724792
1786888020000,205.77758582724792
1786888080000,205.77758582724792
1786888140000,205.77758582724792
1786888200000,205.77758582724792
1786888260000,205.77758582724792
1786888320000,206.40378737599784
1786888380000,211.4140254932301
1786888440000,212.771940496966
1786888500000,207.99582565623984
1786888560000,216.51791292106495
1786888620000,212.44416790985736
1786888680000,215.347296538534
1786888740000,217.3607567164871
1786888800000,219.04644430733165
1786888860000,222.46464414432194
1786888920000,218.0163018907044
1786888980000,214.87904998552165
1786889040000,213.05914007278696
1786889100000,213.05914007278696
1786889160000,213.05914007278696
1786889220000,213.05914007278696
1786889280000,213.05914007278696
1786889340000,213.05914007278696
1786889400000,213.05914007278696
1786889460000,213.05914007278696
1786889520000,213.05914007278696
1786889580000,213.05914007278696
1786889640000,213.05914007278696
1786889700000,213.05914007278696
1786889760000,213.05914007278696
1786889820000,213.05914007278696
1786889880000,213.05914007278696
1786889940000,213.05914007278696
1786890000000,213.05914007278696
1786890060000,213.05914007278696
1786890120000,213.05914007278696
1786890180000,213.05914007278696
1786890240000,213.05914007278696
1786890300000,213.05914007278696
1786890360000,213.05914007278696
1786890420000,213.05914007278696
1786890480000,213.05914007278696
1786890540000,213.05914007278696
1786890600000,213.05914007278696
1786890660000,213.05914007278696
1786890720000,213.05914007278696
1786890780000,213.05914007278696
1786890840000,213.05914007278696
1786890900000,213.05914007278696
1786890960000,213.05914007278696
1786891020000,213.05914007278696
1786891080000,213.05914007278696
1786891140000,212.3586487254867
1786891200000,212.58567993489484
1786891260000,213.40299228876452
1786891320000,210.31536784081254
1786891380000,209.20836354568178
1786891440000,209.20836354568178
1786891500000,209.20836354568178
1786891560000,209.20836354568178
1786891620000,209.20836354568178
1786891680000,209.20836354568178
1786891740000,209.20836354568178
1786891800000,209.20836354568178
1786891860000,209.20836354568178
1786891920000,209.20836354568178
1786891980000,209.20836354568178
1786892040000,209.20836354568178
1786892100000,209.20836354568178
1786892160000,209.20836354568178
1786892220000,209.20836354568178
1786892280000,209.20836354568178
1786892340000,209.20836354568178
1786892400000,209.20836354568178
1786892460000,209.20836354568178
1786892520000,209.20836354568178
1786892580000,209.20836354568178
1786892640000,209.20836354568178
1786892700000,209.20836354568178
1786892760000,209.20836354568178
1786892820000,209.20836354568178
1786892880000,209.20836354568178
1786892940000,209.20836354568178
1786893000000,209.20836354568178
1786893060000,209.20836354568178
1786893120000,209.20836354568178
1786893180000,209.20836354568178
1786893240000,209.20836354568178
1786893300000,209.20836354568178
1786893360000,209.20836354568178
1786893420000,209.20836354568178
1786893480000,209.20836354568178
1786893540000,209.20836354568178
1786893600000,209.20836354568178
1786893660000,209.20836354568178
1786893720000,209.20836354568178
1786893780000,209.20836354568178
1786893840000,209.20836354568178
1786893900000,209.20836354568178
1786893960000,209.20836354568178
1786894020000,209.20836354568178
1786894080000,209.20836354568178
1786894140000,209.20836354568178
1786894200000,209.20836354568178
1786894260000,209.20836354568178
1786894320000,209.20836354568178
1786894380000,209.20836354568178
1786894440000,209.20836354568178
1786894500000,209.20836354568178
1786894560000,209.20836354568178
1786894620000,209.20836354568178
1786894680000,209.20836354568178
1786894740000,209.20836354568178
1786894800000,209.20836354568178
1786894860000,209.20836354568178
1786894920000,209.20836354568178
1786894980000,209.20836354568178
1786895040000,209.20836354568178
1786895100000,209.20836354568178
1786895160000,209.20836354568178
1786895220000,209.20836354568178
1786895280000,209.20836354568178
1786895340000,209.20836354568178
1786895400000,209.20836354568178
1786895460000,209.20836354568178
1786895520000,209.20836354568178
1786895580000,209.20836354568178
1786895640000,209.20836354568178
1786895700000,209.20836354568178
1786895760000,209.20836354568178
1786895820000,209.20836354568178
1786895880000,209.20836354568178
1786895940000,209.20836354568178
1786896000000,209.20836354568178
1786896060000,209.20836354568178
1786896120000,209.20836354568178
1786896180000,209.20836354568178
1786896240000,209.20836354568178
1786896300000,209.20836354568178
1786896360000,209.20836354568178
1786896420000,209.20836354568178
1786896480000,209.20836354568178
1786896540000,205.69908279313668
1786896600000,207.37447235290583
1786896660000,202.52942686924897
1786896720000,195.9637110269102
1786896780000,196.37123821712427
1786896840000,196.91460780407652
1786896900000,200.3559485214403
1786896960000,197.05045020081454
1786897020000,198.2730317714569
1786897080000,196.50708061386246
1786897140000,197.36741579320332
1786897200000,197.4579773910286
1786897260000,200.98987970621783
1786897320000,201.48796849425736
1786897380000,201.17100290186858
1786897440000,197.72966218450483
1786897500000,202.1218996790349
1786897560000,200.89931810839252
1786897620000,192.02428152150694
1786897680000,195.42034143995798
1786897740000,190.43945355956308
1786897800000,190.39417276065035
1786897860000,190.30118153099787
1786897920000,190.30118153099787
1786897980000,190.30118153099787
1786898040000,190.30118153099787
1786898100000,190.30118153099787
1786898160000,190.30118153099787
1786898220000,190.30118153099787
1786898280000,191.0548433406698
1786898340000,187.2384658363833
1786898400000,185.4211432152946
1786898460000,183.05862380787914
1786898520000,178.87878177937483
1786898580000,177.24319142039502
1786898640000,176.19823091326901
1786898700000,179.5602777622832
1786898760000,179.15138017253827
1786898820000,178.37901805857555
1786898880000,180.65067133493645
1786898940000,180.19634067966427
1786899000000,178.15185273093937
1786899060000,176.37996317537775
1786899120000,176.0164986511601
1786899180000,174.01744376796233
1786899240000,177.33405755144938
1786899300000,175.74390025799667
1786899360000,173.97201070243523
1786899420000,172.29098727792797
1786899480000,174.10830989901686
1786899540000,179.51484469675592
1786899600000,178.37901805857555
1786899660000,178.24271886199392
1786899720000,172.38185340898252
1786899780000,172.51815260556415
1786899840000,173.74484537479904
1786899900000,174.97153814403396
1786899960000,175.38043573377902
1786900020000,175.56216799588793
1786900080000,173.15421552294524
1786900140000,172.47271954003688
1786900200000,171.2005937052747
1786900260000,171.51862516396525
1786900320000,169.33783801865872
1786900380000,171.33689290185634
1786900440000,170.51909772236652
1786900500000,169.29240495313147
1786900560000,167.65681459415163
1786900620000,168.8380742978593
1786900680000,167.5659484630971
1786900740000,173.15421552294524
1786900800000,174.51720748876178
1786900860000,172.6090187366185
1786900920000,169.92846787051255
1786900980000,170.9734283776387
1786901040000,170.74626305000254
1786901100000,171.97295581923743
1786901160000,172.51815260556415
1786901220000,172.69988486767306
1786901280000,170.20106626367598
1786901340000,170.88256224658417
1786901400000,169.9739009360398
1786901460000,170.01933400156707
1786901520000,169.51957028076762
1786901580000,167.92941298731492
1786901640000,169.06523962549545
1786901700000,169.65586947734926
1786901760000,168.97437349444093
1786901820000,165.52146051437222
1786901880000,164.20390161408295
1786901940000,164.03254153910152
1786902000000,164.03254153910152
1786902060000,164.03254153910152
1786902120000,164.03254153910152
1786902180000,164.03254153910152
1786902240000,164.03254153910152
1786902300000,164.03254153910152
1786902360000,164.03254153910152
1786902420000,164.03254153910152
1786902480000,164.03254153910152
1786902540000,164.03254153910152
1786902600000,164.03254153910152
1786902660000,164.03254153910152
1786902720000,164.03254153910152
1786902780000,164.03254153910152
1786902840000,164.03254153910152
1786902900000,164.03254153910152
1786902960000,162.27271418535602
1786903020000,164.0920230590239
1786903080000,164.46521462285307
1786903140000,164.0453741135452
1786903200000,163.90542727710923
1786903260000,164.0920230590239
1786903320000,164.46521462285307
1786903380000,163.34563993136518
1786903440000,160.08021374785895
1786903500000,162.31936313083472
1786903560000,163.57888465875857
1786903620000,164.41856567737454
1786903680000,165.2582466959905
1786903740000,164.6051614592892
1786903800000,165.67808720529837
1786903860000,165.63143825981967
1786903920000,165.63143825981967
1786903980000,167.45074713348754
1786904040000,168.94351338880477
1786904100000,168.6636197159327
1786904160000,166.51776822391435
1786904220000,165.64868572778263
1786904280000,165.64868572778263
1786904340000,165.64868572778263
1786904400000,165.64868572778263
1786904460000,165.64868572778263
1786904520000,165.64868572778263
1786904580000,165.64868572778263
1786904640000,165.64868572778263
1786904700000,165.64868572778263
1786904760000,165.64868572778263
1786904820000,165.64868572778263
1786904880000,165.64868572778263
1786904940000,165.64868572778263
1786905000000,165.64868572778263
1786905060000,165.64868572778263
1786905120000,165.64868572778263
1786905180000,165.64868572778263
1786905240000,165.64868572778263
1786905300000,165.64868572778263
1786905360000,165.64868572778263
1786905420000,165.64868572778263
1786905480000,163.93013870059605
1786905540000,165.48565975815117
1786905600000,165.76848176861571
1786905660000,165.39138575466305
1786905720000,164.87287873547794
1786905780000,166.1927147843127
1786905840000,165.43852275640702
1786905900000,165.24997474943078
1786905960000,165.48565975815117
1786906020000,165.39138575466305
1786906080000,164.11868670757246
1786906140000,165.0142897407102
1786906200000,165.3442487529189
1786906260000,165.62707076338344
1786906320000,165.06142674245436
1786906380000,165.15570074594248
1786906440000,166.28698878780082
1786906500000,164.96715273896606
1786906560000,164.73146773024567
1786906620000,165.10856374419834
1786906680000,167.79537284361197
1786906740000,170.52931894476956
1786906800000,171.23637397093108
1786906860000,171.70774398837202
1786906920000,171.23637397093108
1786906980000,171.00068896221052
1786907040000,171.51919598139563
1786907100000,172.3676620127894
1786907160000,173.64036105987998
1786907220000,172.17911400581298
1786907280000,171.47205897965162
1786907340000,173.8289090668564
1786907400000,175.8086631401085
1786907460000,175.47870412789982
1786907520000,176.70426617324645
1786907580000,170.48218194302558
1786907640000,169.38337045633017
1786907700000,169.38337045633017
1786907760000,169.38337045633017
1786907820000,169.99900911456385
1786907880000,167.65773925547091
1786907940000,168.47001655352352
1786908000000,168.6611406236536
1786908060000,166.46321381715816
1786908120000,167.13214806261328
1786908180000,166.46321381715816
1786908240000,166.5109948346907
1786908300000,164.59975413339046
1786908360000,166.1287466944306
1786908420000,165.31646939637795
1786908480000,165.69871753663807
1786908540000,165.8420605892356
1786908600000,165.9376226243007
1786908660000,166.03318465936565
1786908720000,163.35744767754514
1786908780000,161.63733104637495
1786908840000,163.3096666600126
1786908900000,163.07076157235014
1786908960000,162.30626529183007
1786909020000,162.35404630936245
1786909080000,162.40182732689502
1786909140000,155.3302367320838
1786909200000,156.476981152864
1786909260000,153.70568213597838
1786909320000,151.02994515415804
1786909380000,155.0913316444212
1786909440000,156.5247621703964
1786909500000,154.3746163814335
1786909560000,154.94798859182367
1786909620000,155.85582792494125
1786909680000,155.66470385481136
1786909740000,157.0025723457216
1786909800000,156.57254318792894
1786909860000,155.71248487234377
1786909920000,156.42920013533143
1786909980000,158.0537547314367
1786910040000,156.19029504766883
1786910100000,158.24487880156676
1786910160000,151.7944414346781
1786910220000,151.22106922428793
1786910280000,151.0527150451639
1786910340000,151.0527150451639
1786910400000,151.0527150451639
1786910460000,151.0527150451639
1786910520000,151.0527150451639
1786910580000,151.0527150451639
1786910640000,151.0527150451639
1786910700000,151.0527150451639
1786910760000,151.0527150451639
1786910820000,151.0527150451639
1786910880000,151.0527150451639
1786910940000,151.0527150451639
1786911000000,151.0527150451639
1786911060000,151.0527150451639
1786911120000,151.0527150451639
1786911180000,151.0527150451639
1786911240000,151.0527150451639
1786911300000,151.0527150451639
1786911360000,151.0527150451639
1786911420000,151.0527150451639
1786911480000,151.0527150451639
1786911540000,151.0527150451639
1786911600000,151.0527150451639
1786911660000,151.0527150451639
1786911720000,151.0527150451639
1786911780000,151.0527150451639
1786911840000,151.0527150451639
1786911900000,151.0527150451639
1786911960000,151.0527150451639
1786912020000,151.0527150451639
1786912080000,151.0527150451639
1786912140000,151.0527150451639
1786912200000,151.0527150451639
1786912260000,151.0527150451639
1786912320000,151.0527150451639
1786912380000,151.0527150451639
1786912440000,151.0527150451639
1786912500000,151.0527150451639
1786912560000,151.0527150451639
1786912620000,151.0527150451639
1786912680000,151.0527150451639
1786912740000,151.0527150451639
1786912800000,151.0527150451639
1786912860000,151.0527150451639
1786912920000,151.0527150451639
1786912980000,151.0527150451639
1786913040000,151.0527150451639
1786913100000,151.0527150451639
1786913160000,151.0527150451639
1786913220000,151.0527150451639
1786913280000,151.0527150451639
1786913340000,151.0527150451639
1786913400000,151.0527150451639
1786913460000,151.0527150451639
1786913520000,151.0527150451639
1786913580000,151.0527150451639
1786913640000,151.0527150451639
1786913700000,151.0527150451639
1786913760000,151.0527150451639
1786913820000,151.0527150451639
1786913880000,151.0527150451639
1786913940000,151.0527150451639
1786914000000,151.0527150451639
1786914060000,151.0527150451639
1786914120000,151.0527150451639
1786914180000,151.0527150451639
1786914240000,151.0527150451639
1786914300000,151.0527150451639
1786914360000,151.0527150451639
1786914420000,151.0527150451639
1786914480000,151.0527150451639
1786914540000,151.0527150451639
1786914600000,151.0527150451639
1786914660000,151.0527150451639
1786914720000,151.0527150451639
1786914780000,151.0527150451639
1786914840000,151.0527150451639
1786914900000,151.0527150451639
1786914960000,151.0527150451639
1786915020000,151.0527150451639
1786915080000,151.0527150451639
1786915140000,151.0527150451639
1786915200000,151.0527150451639
1786915260000,151.0527150451639
1786915320000,151.0527150451639
1786915380000,151.0527150451639
1786915440000,151.0527150451639
1786915500000,151.0527150451639
1786915560000,151.0527150451639
1786915620000,151.0527150451639
1786915680000,151.0527150451639
1786915740000,151.0527150451639
1786915800000,151.0527150451639
1786915860000,151.0527150451639
1786915920000,151.0527150451639
1786915980000,151.0527150451639
1786916040000,151.0527150451639
1786916100000,151.0527150451639
1786916160000,151.0527150451639
1786916220000,151.0527150451639
1786916280000,149.99583343983517
1786916340000,151.18882012877603
1786916400000,152.38180681771692
1786916460000,152.81128202573555
1786916520000,153.24075723375418
1786916580000,151.66601480435236
1786916640000,150.32442086533555
1786916700000,150.32442086533555
1786916760000,149.41212540279076
1786916820000,147.44587100883567
1786916880000,150.22740161491848
1786916940000,150.80289070583225
1786917000000,150.94676297856066
1786917060000,151.7140817664455
1786917120000,151.61816691795997
1786917180000,150.85084813007495
1786917240000,152.04978373614517
1786917300000,151.23450752401746
1786917360000,152.8650599482729
1786917420000,152.14569858463088
1786917480000,152.57731540281608
1786917540000,151.8579540391739
1786917600000,151.95386888765964
1786917660000,153.104847069487
1786917720000,151.66612434220283
1786917780000,152.09774116038804
1786917840000,153.58442131191507
1786917900000,152.09774116038804
1786917960000,145.19187206942377
1786918020000,143.17766025122583
1786918080000,141.20184318524255
1786918140000,141.20184318524255
1786918200000,141.20184318524255
1786918260000,141.20184318524255
1786918320000,141.20184318524255
1786918380000,141.20184318524255
1786918440000,141.20184318524255
1786918500000,141.20184318524255
1786918560000,141.20184318524255
1786918620000,141.20184318524255
1786918680000,141.20184318524255
1786918740000,141.20184318524255
1786918800000,141.20184318524255
1786918860000,141.20184318524255
1786918920000,141.20184318524255
1786918980000,141.20184318524255
1786919040000,141.20184318524255
1786919100000,141.20184318524255
1786919160000,141.20184318524255
1786919220000,141.20184318524255
1786919280000,141.20184318524255
1786919340000,141.20184318524255
1786919400000,141.20184318524255
1786919460000,141.20184318524255
1786919520000,137.8315441579845
1786919580000,137.39749235413328
1786919640000,136.91521257207629
1786919700000,136.72230065925348
1786919760000,136.143564920785
1786919820000,135.56482918231669
1786919880000,133.249886228443
1786919940000,133.39457016306022
1786920000000,134.26267377076266
1786920060000,134.40735770537992
1786920120000,134.4555856835855
1786920180000,133.82862196691144
1786920240000,134.552041639997
1786920300000,135.37191726949388
1786920360000,135.8059690733451
1786920420000,136.6740726810477
1786920480000,132.67115048997468
1786920540000,131.9930566282785
1786920600000,131.9930566282785
1786920660000,131.9930566282785
1786920720000,131.9930566282785
1786920780000,131.9930566282785
1786920840000,131.9930566282785
1786920900000,131.9930566282785
1786920960000,131.9930566282785
1786921020000,131.9930566282785
1786921080000,131.9930566282785
1786921140000,131.9930566282785
1786921200000,131.9930566282785
1786921260000,131.9930566282785
1786921320000,131.9930566282785
1786921380000,131.9930566282785
1786921440000,131.9930566282785
1786921500000,131.9930566282785
1786921560000,131.9930566282785
1786921620000,131.9930566282785
1786921680000,131.9930566282785
1786921740000,131.9930566282785
1786921800000,131.9930566282785
1786921860000,131.9930566282785
1786921920000,131.9930566282785
1786921980000,131.9930566282785
1786922040000,131.9930566282785
1786922100000,131.9930566282785
1786922160000,131.9930566282785
1786922220000,131.9930566282785
1786922280000,131.9930566282785
1786922340000,131.9930566282785
1786922400000,131.9930566282785
1786922460000,131.66376534924512
1786922520000,132.14751464311624
1786922580000,131.95401492556778
1786922640000,129.29339380927644
1786922700000,129.78630848816883
1786922760000,129.78630848816883
1786922820000,129.78630848816883
1786922880000,129.78630848816883
1786922940000,129.78630848816883
1786923000000,129.78630848816883
1786923060000,129.78630848816883
1786923120000,129.78630848816883
1786923180000,129.78630848816883
1786923240000,129.78630848816883
1786923300000,129.78630848816883
1786923360000,129.78630848816883
1786923420000,129.78630848816883
1786923480000,129.78630848816883
1786923540000,129.78630848816883
1786923600000,129.78630848816883
1786923660000,129.78630848816883
1786923720000,129.78630848816883
1786923780000,129.78630848816883
1786923840000,127.95476772639822
1786923900000,127.66330584004334
1786923960000,129.50923112029122
1786924020000,127.51757489686588
1786924080000,128.00334470745742
1786924140000,127.37184395368827
1786924200000,126.16994631335407
1786924260000,126.16994631335407
1786924320000,126.16994631335407
1786924380000,126.16994631335407
1786924440000,126.16994631335407
1786924500000,126.16994631335407
1786924560000,126.16994631335407
1786924620000,126.16994631335407
1786924680000,126.16994631335407
1786924740000,126.16994631335407
1786924800000,126.16994631335407
1786924860000,126.16994631335407
1786924920000,126.16994631335407
1786924980000,126.16994631335407
1786925040000,126.16994631335407
1786925100000,126.16994631335407
1786925160000,126.16994631335407
1786925220000,121.56604599126034
1786925280000,120.36152059009378
1786925340000,120.36152059009378
1786925400000,120.36152059009378
1786925460000,120.36152059009378
1786925520000,120.36152059009378
1786925580000,120.36152059009378
1786925640000,120.36152059009378
1786925700000,120.36152059009378
1786925760000,120.36152059009378
1786925820000,120.36152059009378
1786925880000,120.36152059009378
1786925940000,120.36152059009378
1786926000000,120.36152059009378
1786926060000,120.36152059009378
1786926120000,120.36152059009378
1786926180000,120.36152059009378
1786926240000,120.36152059009378
1786926300000,120.36152059009378
1786926360000,120.36152059009378
1786926420000,120.36152059009378
1786926480000,120.36152059009378
1786926540000,120.36152059009378
1786926600000,120.36152059009378
1786926660000,120.36152059009378
1786926720000,120.36152059009378
1786926780000,120.36152059009378
1786926840000,120.36152059009378
1786926900000,120.36152059009378
1786926960000,119.81833613389193
1786927020000,121.7886627892816
1786927080000,128.87245624080143
1786927140000,130.04526972615244
1786927200000,127.04286720365386
1786927260000,131.26499575091736
1786927320000,130.9366079750191
1786927380000,128.73171862255933
1786927440000,130.32674496263664
1786927500000,125.72931610006076
1786927560000,124.74415277236592
1786927620000,126.90212958541177
1786927680000,126.66756688834167
1786927740000,130.4205700414648
1786927800000,136.09698731056352
1786927860000,141.21045410669367
1786927920000,139.66234030603047
1786927980000,143.5560810773957
1786928040000,140.97589140962359
1786928100000,141.67957950083405
1786928160000,140.41294093665505
1786928220000,140.08455316075677
1786928280000,130.4205700414648
1786928340000,127.37125497955213
1786928400000,121.7886627892816
1786928460000,123.66516436584308
1786928520000,120.94423707982887
1786928580000,116.90975869022154
1786928640000,115.712900314149
1786928700000,115.712900314149
1786928760000,115.712900314149
1786928820000,115.712900314149
1786928880000,115.712900314149
1786928940000,115.712900314149
1786929000000,115.712900314149
1786929060000,115.712900314149
1786929120000,115.712900314149
1786929180000,115.712900314149
1786929240000,115.712900314149
1786929300000,115.712900314149
1786929360000,115.712900314149
1786929420000,115.712900314149
1786929480000,115.712900314149
1786929540000,115.712900314149
1786929600000,115.712900314149
1786929660000,115.712900314149
1786929720000,115.712900314149
1786929780000,115.712900314149
1786929840000,115.712900314149
1786929900000,115.712900314149
1786929960000,115.712900314149
1786930020000,115.712900314149
1786930080000,115.712900314149
1786930140000,115.712900314149
1786930200000,115.712900314149
1786930260000,115.712900314149
1786930320000,115.712900314149
1786930380000,115.712900314149
1786930440000,115.712900314149
1786930500000,115.712900314149
1786930560000,115.712900314149
1786930620000,115.712900314149
1786930680000,115.712900314149
1786930740000,115.712900314149
1786930800000,115.712900314149
1786930860000,115.712900314149
1786930920000,115.712900314149
1786930980000,115.712900314149
1786931040000,115.712900314149
1786931100000,115.712900314149
1786931160000,115.712900314149
1786931220000,115.712900314149
1786931280000,115.712900314149
1786931340000,115.712900314149
1786931400000,115.712900314149
1786931460000,115.712900314149
1786931520000,115.712900314149
1786931580000,115.712900314149
1786931640000,115.712900314149
1786931700000,115.712900314149
1786931760000,115.712900314149
1786931820000,115.712900314149
1786931880000,115.712900314149
1786931940000,115.712900314149
1786932000000,115.712900314149
1786932060000,115.98808160409435
1786932120000,116.32119609072753
1786932180000,116.46395944214171
1786932240000,119.17646311901174
1786932300000,120.7468599845682
1786932360000,119.31922647042593
1786932420000,118.51023414574539
1786932480000,120.88962333598239
1786932540000,120.08063101130185
1786932600000,119.5571653894497
1786932660000,119.22405090281653
1786932720000,118.70058528096436
1786932780000,120.36615771413024
1786932840000,121.55585230924875
1786932900000,121.41308895783456
1786932960000,118.03435630769802
1786933020000,117.028722313833
1786933080000,117.028722313833
1786933140000,117.028722313833
1786933200000,117.028722313833
1786933260000,117.028722313833
1786933320000,117.028722313833
1786933380000,117.028722313833
1786933440000,117.028722313833
1786933500000,117.028722313833
1786933560000,117.028722313833
1786933620000,117.028722313833
1786933680000,117.028722313833
1786933740000,117.028722313833
1786933800000,117.028722313833
1786933860000,117.028722313833
1786933920000,117.028722313833
1786933980000,117.028722313833
1786934040000,117.028722313833
1786934100000,117.028722313833
1786934160000,117.028722313833
1786934220000,117.028722313833
1786934280000,117.028722313833
1786934340000,117.028722313833
1786934400000,117.028722313833
1786934460000,117.028722313833
1786934520000,117.028722313833
1786934580000,117.028722313833
1786934640000,115.78095600721957
1786934700000,115.78095600721957
1786934760000,115.49459821554868
1786934820000,115.3991456183251
1786934880000,115.63777711138412
1786934940000,114.25371445164116
1786935000000,115.63777711138412
1786935060000,115.63777711138412
1786935120000,112.24920990994468
1786935180000,108.62201121544607
1786935240000,111.86739952105005
1786935300000,112.82192549328649
1786935360000,113.44236737524017
1786935420000,114.54007224331222
1786935480000,113.25146218079301
1786935540000,113.53781997246391
1786935600000,114.30144075025304
1786935660000,114.11053555580571
1786935720000,114.15826185441759
1786935780000,114.49234594470036
1786935840000,115.01733522943046
1786935900000,117.97636574336353
1786935960000,119.78996509061285
1786936020000,120.50585956979027
1786936080000,118.78771281976454
1786936140000,119.16952320865917
1786936200000,125.18303683374893
1786936260000,119.88541768783642
1786936320000,120.41040697256652
1786936380000,121.50811184063859
1786936440000,120.83994366007305
1786936500000,122.93990079899326
1786936560000,125.99438391015009
1786936620000,127.76025695878752
1786936680000,126.0421102087618
1786936740000,127.13981507683386
1786936800000,128.9056881254713
1786936860000,134.29875986860736
1786936920000,131.62608714634536
1786936980000,133.24878129914734
1786937040000,135.58736993112677
1786937100000,136.73280109781052
1786937160000,136.73280109781052
1786937220000,135.06238064639666
1786937280000,133.4071890459732
1786937340000,133.4071890459732
1786937400000,133.4071890459732
1786937460000,133.4071890459732
1786937520000,133.4071890459732
1786937580000,133.4071890459732
1786937640000,133.4071890459732
1786937700000,133.4071890459732
1786937760000,133.4071890459732
1786937820000,133.4071890459732
1786937880000,133.4071890459732
1786937940000,133.4071890459732
1786938000000,133.4071890459732
1786938060000,133.4071890459732
1786938120000,133.4071890459732
1786938180000,133.4071890459732
1786938240000,133.4071890459732
1786938300000,133.4071890459732
1786938360000,133.4071890459732
1786938420000,133.4071890459732
1786938480000,133.4071890459732
1786938540000,133.4071890459732
1786938600000,133.4071890459732
1786938660000,133.4071890459732
1786938720000,133.4071890459732
1786938780000,133.4071890459732
1786938840000,133.4071890459732
1786938900000,133.4071890459732
1786938960000,133.4071890459732
1786939020000,133.4071890459732
1786939080000,133.4071890459732
1786939140000,133.4071890459732
1786939200000,133.4071890459732
1786939260000,133.4071890459732
1786939320000,134.70715893997155
1786939380000,132.40322824597146
1786939440000,133.33460448397153
1786939500000,134.41304012797158
1786939560000,132.40322824597146
1786939620000,129.85419854197144
1786939680000,129.36400052197146
1786939740000,128.57968368997155
1786939800000,127.15810943197147
1786939860000,131.71695101797144
1786939920000,132.15812923597156
1786939980000,132.84440646397155
1786940040000,132.5502876519716
1786940100000,123.43260447997147
1786940160000,122.41794772584086
1786940220000,122.41794772584086
1786940280000,122.41794772584086
1786940340000,122.41794772584086
1786940400000,122.41794772584086
1786940460000,122.41794772584086
1786940520000,122.41794772584086
1786940580000,122.41794772584086
1786940640000,122.41794772584086
1786940700000,122.41794772584086
1786940760000,122.41794772584086
1786940820000,122.41794772584086
1786940880000,122.41794772584086
1786940940000,122.41794772584086
1786941000000,122.41794772584086
1786941060000,122.41794772584086
1786941120000,122.41794772584086
1786941180000,122.41794772584086
1786941240000,122.41794772584086
1786941300000,122.41794772584086
1786941360000,122.41794772584086
1786941420000,122.41794772584086
1786941480000,119.45604436018952
1786941540000,119.50498500901318
1786941600000,116.96007127018575
1786941660000,114.02363234076945
1786941720000,114.56197947782913
1786941780000,114.61092012665277
1786941840000,115.05138596606514
1786941900000,115.73655504959561
1786941960000,117.1558338654802
1786942020000,117.10689321665654
1786942080000,121.07108577136856
1786942140000,117.9388842466578
1786942200000,119.16240046724795
1786942260000,119.50498500901318
1786942320000,122.1477800454879
1786942380000,121.0221451225449
1786942440000,118.52617203254114
1786942500000,114.75774207312357
1786942560000,113.48528520370994
1786942620000,112.16388768547249
1786942680000,110.95258096261206
1786942740000,110.95258096261206
1786942800000,110.95258096261206
1786942860000,110.95258096261206
1786942920000,110.95258096261206
1786942980000,110.95258096261206
1786943040000,110.95258096261206
1786943100000,110.95258096261206
1786943160000,110.95258096261206
1786943220000,110.95258096261206
1786943280000,110.95258096261206
1786943340000,110.95258096261206
1786943400000,110.95258096261206
1786943460000,110.95258096261206
1786943520000,110.95258096261206
1786943580000,110.95258096261206
1786943640000,110.95258096261206
1786943700000,110.95258096261206
1786943760000,110.95258096261206
1786943820000,110.95258096261206
1786943880000,110.95258096261206
1786943940000,110.95258096261206
1786944000000,110.95258096261206
1786944060000,110.95258096261206
1786944120000,111.56654034092955
1786944180000,109.01713579799458
1786944240000,109.99767600681568
1786944300000,108.47783868314293
1786944360000,109.85059497549254
1786944420000,110.58600013210845
1786944480000,109.60545992328736
1786944540000,109.55643291284625
1786944600000,110.19378404857994
1786944660000,110.38989209034419
1786944720000,110.29183806946214
1786944780000,109.06616280843569
1786944840000,107.49729847432184
1786944900000,103.52611062859617
1786944960000,103.52611062859617
1786945020000,99.99616587684011
1786945080000,102.15335433624657
1786945140000,101.61405722139509
1786945200000,103.72221867036042
1786945260000,104.84983991050484
1786945320000,104.16346176433004
1786945380000,104.89886692094578
1786945440000,105.29108300447427
1786945500000,109.01713579799458
1786945560000,108.18367662049664
1786945620000,106.22259620285428
1786945680000,108.57589270402515
1786945740000,108.57589270402515
1786945800000,109.36032487108199
1786945860000,109.7525409546105
1786945920000,107.84048754740924
1786945980000,106.39232334959735
1786946040000,106.39232334959735
1786946100000,106.39232334959735
1786946160000,106.39232334959735
1786946220000,106.39232334959735
1786946280000,106.39232334959735
1786946340000,106.39232334959735
1786946400000,106.39232334959735
1786946460000,106.39232334959735
1786946520000,106.39232334959735
1786946580000,106.39232334959735
1786946640000,106.39232334959735
1786946700000,106.39232334959735
1786946760000,106.39232334959735
1786946820000,106.39232334959735
1786946880000,106.39232334959735
1786946940000,106.39232334959735
1786947000000,106.39232334959735
1786947060000,106.39232334959735
1786947120000,106.39232334959735
1786947180000,106.39232334959735
1786947240000,106.39232334959735
1786947300000,106.39232334959735
1786947360000,106.39232334959735
1786947420000,106.39232334959735
1786947480000,106.39232334959735
1786947540000,106.39232334959735
1786947600000,106.39232334959735
1786947660000,106.39232334959735
1786947720000,106.39232334959735
1786947780000,106.39232334959735
1786947840000,106.39232334959735
1786947900000,106.39232334959735
1786947960000,106.39232334959735
1786948020000,106.39232334959735
1786948080000,106.39232334959735
1786948140000,106.39232334959735
1786948200000,106.39232334959735
1786948260000,106.39232334959735
1786948320000,106.39232334959735
1786948380000,106.39232334959735
1786948440000,106.39232334959735
1786948500000,106.39232334959735
1786948560000,106.39232334959735
1786948620000,106.39232334959735
1786948680000,106.39232334959735
1786948740000,106.39232334959735
1786948800000,106.39232334959735
1786948860000,106.39232334959735
1786948920000,106.39232334959735
1786948980000,106.39232334959735
1786949040000,106.39232334959735
1786949100000,106.39232334959735
1786949160000,106.39232334959735
1786949220000,106.39232334959735
1786949280000,106.39232334959735
1786949340000,106.39232334959735
1786949400000,106.39232334959735
1786949460000,106.39232334959735
1786949520000,106.39232334959735
1786949580000,106.39232334959735
1786949640000,106.39232334959735
1786949700000,107.6087019374143
1786949760000,107.90458992873914
1786949820000,107.55938727219363
1786949880000,108.44705124616766
1786949940000,107.85527526351831
1786950000000,107.29989138327122
1786950060000,107.29989138327122
1786950120000,107.29989138327122
1786950180000,107.29989138327122
1786950240000,107.29989138327122
1786950300000,107.29989138327122
1786950360000,107.29989138327122
1786950420000,107.29989138327122
1786950480000,107.29989138327122
1786950540000,107.29989138327122
1786950600000,107.29989138327122
1786950660000,107.29989138327122
1786950720000,107.29989138327122
1786950780000,107.29989138327122
1786950840000,107.64460034100543
1786950900000,105.60154525729044
1786950960000,104.455441185938
1786951020000,107.69443095280342
1786951080000,108.19273707078267
1786951140000,108.4418901297722
1786951200000,108.69104318876192
1786951260000,108.99002685954945
1786951320000,109.53816358932667
1786951380000,108.49172074157019
1786951440000,109.23917991853915
1786951500000,109.13951869494319
1786951560000,109.23917991853915
1786951620000,109.43850236573088
1786951680000,108.94019624775146
1786951740000,103.01035344379821
1786951800000,91.84829640106234
1786951860000,90.18173783028097
1786951920000,90.18173783028097
1786951980000,90.18173783028097
1786952040000,90.18173783028097
1786952100000,90.18173783028097
1786952160000,90.18173783028097
1786952220000,90.18173783028097
1786952280000,90.18173783028097
1786952340000,90.18173783028097
1786952400000,90.18173783028097
1786952460000,90.18173783028097
1786952520000,90.18173783028097
1786952580000,90.18173783028097
1786952640000,90.18173783028097
1786952700000,90.18173783028097
1786952760000,90.18173783028097
1786952820000,90.18173783028097
1786952880000,90.18173783028097
1786952940000,90.18173783028097
1786953000000,90.18173783028097
1786953060000,90.18173783028097
1786953120000,90.18173783028097
1786953180000,90.18173783028097
1786953240000,90.18173783028097
1786953300000,90.18173783028097
1786953360000,90.18173783028097
1786953420000,90.18173783028097
1786953480000,90.18173783028097
1786953540000,90.18173783028097
1786953600000,90.18173783028097
1786953660000,90.18173783028097
1786953720000,90.18173783028097
1786953780000,90.18173783028097
1786953840000,87.79549395897948
1786953900000,90.3104157491823
1786953960000,93.53710785736732
1786954020000,97.57047299259837
1786954080000,100.13284613733354
1786954140000,99.32617311028733
1786954200000,91.35434554888924
1786954260000,90.29412212133941
1786954320000,90.29412212133941
1786954380000,90.29412212133941
1786954440000,90.29412212133941
1786954500000,90.29412212133941
1786954560000,90.29412212133941
1786954620000,90.29412212133941
1786954680000,90.29412212133941
1786954740000,90.29412212133941
1786954800000,90.29412212133941
1786954860000,90.29412212133941
1786954920000,90.29412212133941
1786954980000,90.29412212133941
1786955040000,90.29412212133941
1786955100000,90.29412212133941
1786955160000,90.29412212133941
1786955220000,90.29412212133941
1786955280000,90.29412212133941
1786955340000,90.29412212133941
1786955400000,90.29412212133941
1786955460000,90.29412212133941
1786955520000,90.29412212133941
1786955580000,90.29412212133941
1786955640000,90.29412212133941
1786955700000,90.29412212133941
1786955760000,90.29412212133941
1786955820000,90.29412212133941
1786955880000,90.29412212133941
1786955940000,90.29412212133941
1786956000000,90.29412212133941
1786956060000,90.29412212133941
1786956120000,90.29412212133941
1786956180000,90.29412212133941
1786956240000,90.29412212133941
1786956300000,90.29412212133941
1786956360000,90.29412212133941
1786956420000,90.29412212133941
1786956480000,90.29412212133941
1786956540000,90.29412212133941
1786956600000,90.29412212133941
1786956660000,90.29412212133941
1786956720000,90.29412212133941
1786956780000,90.29412212133941
1786956840000,90.29412212133941
1786956900000,90.29412212133941
1786956960000,90.29412212133941
1786957020000,90.29412212133941
1786957080000,90.29412212133941
1786957140000,90.29412212133941
1786957200000,90.29412212133941
1786957260000,90.29412212133941
1786957320000,90.29412212133941
1786957380000,90.29412212133941
1786957440000,90.29412212133941
1786957500000,90.29412212133941
1786957560000,90.29412212133941
1786957620000,90.29412212133941
1786957680000,90.29412212133941
1786957740000,90.29412212133941
1786957800000,90.29412212133941
1786957860000,90.29412212133941
1786957920000,90.29412212133941
1786957980000,90.29412212133941
1786958040000,90.29412212133941
1786958100000,90.29412212133941
1786958160000,90.29412212133941
1786958220000,90.29412212133941
1786958280000,90.29412212133941
1786958340000,90.29412212133941
1786958400000,90.29412212133941
1786958460000,90.29412212133941
1786958520000,90.29412212133941
1786958580000,90.29412212133941
1786958640000,90.29412212133941
1786958700000,90.29412212133941
1786958760000,90.29412212133941
1786958820000,90.29412212133941
1786958880000,90.29412212133941
1786958940000,90.29412212133941
1786959000000,90.29412212133941
1786959060000,90.29412212133941
1786959120000,90.29412212133941
1786959180000,90.29412212133941
1786959240000,90.29412212133941
1786959300000,90.29412212133941
1786959360000,90.29412212133941
1786959420000,90.29412212133941
1786959480000,90.29412212133941
1786959540000,90.29412212133941
1786959600000,90.29412212133941
1786959660000,90.29412212133941
1786959720000,90.29412212133941
1786959780000,90.29412212133941
1786959840000,90.29412212133941
1786959900000,90.29412212133941
1786959960000,90.29412212133941
1786960020000,90.29412212133941
1786960080000,90.29412212133941
1786960140000,90.29412212133941
1786960200000,90.29412212133941
1786960260000,90.29412212133941
1786960320000,90.29412212133941
1786960380000,90.29412212133941
1786960440000,90.29412212133941
1786960500000,90.29412212133941
1786960560000,90.29412212133941
1786960620000,90.29412212133941
1786960680000,90.29412212133941
1786960740000,90.29412212133941
1786960800000,90.29412212133941
1786960860000,90.29412212133941
1786960920000,90.29412212133941
1786960980000,90.29412212133941
1786961040000,90.29412212133941
1786961100000,90.29412212133941
1786961160000,90.29412212133941
1786961220000,90.29412212133941
1786961280000,90.29412212133941
1786961340000,90.29412212133941
1786961400000,90.29412212133941
1786961460000,90.29412212133941
1786961520000,90.29412212133941
1786961580000,90.29412212133941
1786961640000,90.29412212133941
1786961700000,90.29412212133941
1786961760000,90.29412212133941
1786961820000,90.29412212133941
1786961880000,90.29412212133941
1786961940000,90.29412212133941
1786962000000,90.29412212133941
1786962060000,90.29412212133941
1786962120000,90.29412212133941
1786962180000,90.29412212133941
1786962240000,90.29412212133941
1786962300000,90.29412212133941
1786962360000,90.29412212133941
1786962420000,90.29412212133941
1786962480000,90.29412212133941
1786962540000,90.29412212133941
1786962600000,90.29412212133941
1786962660000,90.29412212133941
1786962720000,90.29412212133941
1786962780000,90.29412212133941
1786962840000,90.29412212133941
1786962900000,90.29412212133941
1786962960000,90.29412212133941
1786963020000,90.29412212133941
1786963080000,90.29412212133941
1786963140000,90.29412212133941
1786963200000,90.29412212133941
1786963260000,90.29412212133941
1786963320000,90.29412212133941
1786963380000,90.29412212133941
1786963440000,90.29412212133941
1786963500000,90.29412212133941
1786963560000,90.29412212133941
1786963620000,90.29412212133941
1786963680000,90.29412212133941
1786963740000,90.29412212133941
1786963800000,90.29412212133941
1786963860000,90.29412212133941
1786963920000,90.29412212133941
1786963980000,90.29412212133941
1786964040000,90.29412212133941
1786964100000,90.29412212133941
1786964160000,90.29412212133941
1786964220000,90.29412212133941
1786964280000,90.29412212133941
1786964340000,90.29412212133941
1786964400000,90.29412212133941
1786964460000,90.29412212133941
1786964520000,90.29412212133941
1786964580000,90.29412212133941
1786964640000,90.29412212133941
1786964700000,90.29412212133941
1786964760000,90.29412212133941
1786964820000,90.29412212133941
1786964880000,90.29412212133941
1786964940000,90.29412212133941
1786965000000,90.29412212133941
1786965060000,90.29412212133941
1786965120000,90.29412212133941
1786965180000,90.29412212133941
1786965240000,90.29412212133941
1786965300000,90.29412212133941
1786965360000,90.29412212133941
1786965420000,90.29412212133941
1786965480000,90.29412212133941
1786965540000,90.29412212133941
1786965600000,90.29412212133941
1786965660000,90.29412212133941
1786965720000,90.29412212133941
1786965780000,90.29412212133941
1786965840000,90.29412212133941
1786965900000,90.29412212133941
1786965960000,90.29412212133941
1786966020000,90.29412212133941
1786966080000,90.29412212133941
1786966140000,90.29412212133941
1786966200000,90.29412212133941
1786966260000,90.29412212133941
1786966320000,90.29412212133941
1786966380000,90.29412212133941
1786966440000,90.29412212133941
1786966500000,90.29412212133941
1786966560000,90.29412212133941
1786966620000,90.29412212133941
1786966680000,90.29412212133941
1786966740000,90.29412212133941
1786966800000,90.29412212133941
1786966860000,90.29412212133941
1786966920000,90.29412212133941
1786966980000,90.29412212133941
1786967040000,90.29412212133941
1786967100000,90.29412212133941
1786967160000,90.29412212133941
1786967220000,90.29412212133941
1786967280000,90.29412212133941
1786967340000,90.29412212133941
1786967400000,90.29412212133941
1786967460000,90.29412212133941
1786967520000,90.29412212133941
1786967580000,90.29412212133941
1786967640000,90.29412212133941
1786967700000,90.29412212133941
1786967760000,90.29412212133941
1786967820000,90.29412212133941
1786967880000,90.29412212133941
1786967940000,90.29412212133941
1786968000000,90.29412212133941
1786968060000,90.29412212133941
1786968120000,90.29412212133941
1786968180000,90.29412212133941
1786968240000,90.29412212133941
1786968300000,90.29412212133941
1786968360000,90.29412212133941
1786968420000,90.29412212133941
1786968480000,90.29412212133941
1786968540000,90.29412212133941
1786968600000,90.29412212133941
1786968660000,90.29412212133941
1786968720000,90.29412212133941
1786968780000,90.29412212133941
1786968840000,90.29412212133941
1786968900000,90.29412212133941
1786968960000,90.29412212133941
1786969020000,90.29412212133941
1786969080000,90.29412212133941
1786969140000,90.29412212133941
1786969200000,90.29412212133941
1786969260000,90.29412212133941
1786969320000,90.29412212133941
1786969380000,90.29412212133941
1786969440000,90.29412212133941
1786969500000,90.29412212133941
1786969560000,90.29412212133941
1786969620000,90.29412212133941
1786969680000,90.29412212133941
1786969740000,90.29412212133941
1786969800000,90.29412212133941
1786969860000,90.29412212133941
1786969920000,90.29412212133941
1786969980000,90.29412212133941
1786970040000,90.29412212133941
1786970100000,90.29412212133941
1786970160000,90.29412212133941
1786970220000,90.29412212133941
1786970280000,90.29412212133941
1786970340000,90.29412212133941
1786970400000,90.29412212133941
1786970460000,90.29412212133941
1786970520000,90.29412212133941
1786970580000,90.29412212133941
1786970640000,90.29412212133941
1786970700000,90.29412212133941
1786970760000,90.29412212133941
1786970820000,90.29412212133941
1786970880000,90.29412212133941
1786970940000,90.29412212133941
1786971000000,90.29412212133941
1786971060000,90.29412212133941
1786971120000,90.29412212133941
1786971180000,90.29412212133941
1786971240000,90.29412212133941
1786971300000,90.29412212133941
1786971360000,90.29412212133941
1786971420000,90.29412212133941
1786971480000,90.29412212133941
1786971540000,90.29412212133941
1786971600000,90.29412212133941
1786971660000,90.29412212133941
1786971720000,90.29412212133941
1786971780000,90.29412212133941
1786971840000,90.29412212133941
1786971900000,90.29412212133941
1786971960000,90.29412212133941
1786972020000,90.29412212133941
1786972080000,90.29412212133941
1786972140000,90.29412212133941
1786972200000,90.29412212133941
1786972260000,90.29412212133941
1786972320000,90.29412212133941
1786972380000,90.29412212133941
1786972440000,90.29412212133941
1786972500000,90.29412212133941
1786972560000,90.29412212133941
1786972620000,90.29412212133941
1786972680000,90.29412212133941
1786972740000,90.29412212133941
1786972800000,90.29412212133941
1786972860000,90.29412212133941
1786972920000,90.29412212133941
1786972980000,90.29412212133941
1786973040000,90.29412212133941
1786973100000,90.29412212133941
1786973160000,90.29412212133941
1786973220000,90.29412212133941
1786973280000,90.29412212133941
1786973340000,90.29412212133941
1786973400000,90.29412212133941
1786973460000,90.29412212133941
1786973520000,90.29412212133941
1786973580000,90.29412212133941
1786973640000,90.29412212133941
1786973700000,90.29412212133941
1786973760000,90.29412212133941
1786973820000,90.29412212133941
1786973880000,90.29412212133941
1786973940000,90.29412212133941
1786974000000,90.29412212133941
1786974060000,90.29412212133941
1786974120000,90.29412212133941
1786974180000,90.29412212133941
1786974240000,90.29412212133941
1786974300000,90.29412212133941
1786974360000,90.29412212133941
1786974420000,90.29412212133941
1786974480000,90.29412212133941
1786974540000,90.29412212133941
1786974600000,90.29412212133941
1786974660000,90.29412212133941
1786974720000,90.29412212133941
1786974780000,90.29412212133941
1786974840000,90.29412212133941
1786974900000,90.29412212133941
1786974960000,88.85164463999884
1786975020000,89.38500708134484
1786975080000,88.02735723064558
1786975140000,86.91214485328554
1786975200000,87.25155731596035
1786975260000,86.96063234795342
1786975320000,87.93038224130999
1786975380000,87.97886973597787
1786975440000,87.44550729463171
1786975500000,88.90013213466655
1786975560000,88.51223217732402
1786975620000,88.12433221998133
1786975680000,88.02735723064558
1786975740000,87.68794476797093
1786975800000,87.30004481062824
1786975860000,91.32450686805814
1786975920000,89.04559461867002
1786975980000,89.77290703868752
1786976040000,89.48198207068059
1786976100000,87.15458232662476
1786976160000,89.23954459734136
1786976220000,88.90013213466655
1786976280000,88.51223217732402
1786976340000,89.04559461867002
1786976400000,88.51223217732402
1786976460000,90.40324446936927
1786976520000,94.23375654812799
1786976580000,94.37921903213146
1786976640000,93.31249414943913
1786976700000,91.4699693520616
1786976760000,87.20306982129247
1786976820000,87.68794476797093
1786976880000,89.23954459734136
1786976940000,89.38500708134484
1786977000000,85.60298249725416
1786977060000,85.79693247592552
1786977120000,87.63945727330305
1786977180000,87.59096977863517
1786977240000,87.63945727330305
1786977300000,89.48198207068059
1786977360000,89.04559461867002
1786977420000,89.23954459734136
1786977480000,89.33651958667713
1786977540000,88.70618215599521
1786977600000,88.02735723064558
1786977660000,88.85164463999884
1786977720000,89.19105710267365
1786977780000,88.56071967199173
1786977840000,89.57895706001618
1786977900000,88.12433221998133
1786977960000,88.51223217732402
1786978020000,89.48198207068059
1786978080000,97.57939368020826
1786978140000,101.21595578029546
1786978200000,101.11898079095987
1786978260000,101.7978057163095
1786978320000,101.070493296292
1786978380000,99.42191847758579
1786978440000,98.79158104690389
1786978500000,98.5976310682327
1786978560000,100.10074340293542
1786978620000,101.11898079095987
1786978680000,101.070493296292
1786978740000,102.37965565232338
1786978800000,107.13143012977078
1786978860000,107.17991762443864
1786978920000,108.10118002312734
1786978980000,111.0104297031972
1786979040000,112.85295450057474
1786979100000,114.79245428728787
1786979160000,115.66522919130884
1786979220000,115.27732923396616
1786979280000,114.5985043086167
1786979340000,113.33158324939987
1786979400000,113.33158324939987
1786979460000,113.33158324939987
1786979520000,113.33158324939987
1786979580000,113.33158324939987
1786979640000,113.33158324939987
1786979700000,113.33158324939987
1786979760000,113.33158324939987
1786979820000,113.33158324939987
1786979880000,113.33158324939987
1786979940000,114.86650407467062
1786980000000,115.8610352867696
1786980060000,116.20912121100427
1786980120000,116.75611337765878
1786980180000,114.17033222620128
1786980240000,112.97233909272317
1786980300000,112.97233909272317
1786980360000,112.97233909272317
1786980420000,112.97233909272317
1786980480000,112.97233909272317
1786980540000,112.97233909272317
1786980600000,112.97233909272317
1786980660000,112.97233909272317
1786980720000,112.97233909272317
1786980780000,112.97233909272317
1786980840000,112.97233909272317
1786980900000,112.97233909272317
1786980960000,112.97233909272317
1786981020000,112.97233909272317
1786981080000,112.97233909272317
1786981140000,112.97233909272317
1786981200000,112.97233909272317
1786981260000,112.97233909272317
1786981320000,112.97233909272317
1786981380000,112.97233909272317
1786981440000,112.97233909272317
1786981500000,112.97233909272317
1786981560000,112.97233909272317
1786981620000,112.97233909272317
1786981680000,112.97233909272317
1786981740000,112.97233909272317
1786981800000,112.97233909272317
1786981860000,112.97233909272317
1786981920000,112.97233909272317
1786981980000,112.97233909272317
1786982040000,112.97233909272317
1786982100000,112.97233909272317
1786982160000,112.97233909272317
1786982220000,112.97233909272317
1786982280000,112.97233909272317
1786982340000,112.97233909272317
1786982400000,112.97233909272317
1786982460000,112.97233909272317
1786982520000,112.97233909272317
1786982580000,112.97233909272317
1786982640000,112.97233909272317
1786982700000,112.97233909272317
1786982760000,112.97233909272317
1786982820000,112.97233909272317
1786982880000,112.97233909272317
1786982940000,112.97233909272317
1786983000000,112.97233909272317
1786983060000,112.97233909272317
1786983120000,112.97233909272317
1786983180000,112.97233909272317
1786983240000,112.97233909272317
1786983300000,112.97233909272317
1786983360000,112.97233909272317
1786983420000,112.97233909272317
1786983480000,112.97233909272317
1786983540000,112.97233909272317
1786983600000,112.97233909272317
1786983660000,112.97233909272317
1786983720000,112.97233909272317
1786983780000,112.97233909272317
1786983840000,112.97233909272317
1786983900000,112.97233909272317
1786983960000,112.97233909272317
1786984020000,112.97233909272317
1786984080000,112.97233909272317
1786984140000,112.97233909272317
1786984200000,112.97233909272317
1786984260000,112.97233909272317
1786984320000,112.97233909272317
1786984380000,112.97233909272317
1786984440000,112.97233909272317
1786984500000,112.97233909272317
1786984560000,112.97233909272317
1786984620000,112.97233909272317
1786984680000,112.97233909272317
1786984740000,112.97233909272317
1786984800000,112.97233909272317
1786984860000,112.97233909272317
1786984920000,112.97233909272317
1786984980000,112.97233909272317
1786985040000,112.97233909272317
1786985100000,112.97233909272317
1786985160000,112.97233909272317
1786985220000,112.97233909272317
1786985280000,112.97233909272317
1786985340000,112.97233909272317
1786985400000,112.97233909272317
1786985460000,112.97233909272317
1786985520000,112.97233909272317
1786985580000,112.97233909272317
1786985640000,112.97233909272317
1786985700000,112.97233909272317
1786985760000,112.97233909272317
1786985820000,112.97233909272317
1786985880000,112.97233909272317
1786985940000,112.97233909272317
1786986000000,112.97233909272317
1786986060000,112.97233909272317
1786986120000,112.97233909272317
1786986180000,112.97233909272317
1786986240000,112.97233909272317
1786986300000,112.97233909272317
1786986360000,112.97233909272317
1786986420000,112.97233909272317
1786986480000,112.97233909272317
1786986540000,112.97233909272317
1786986600000,112.97233909272317
1786986660000,112.97233909272317
1786986720000,112.97233909272317
1786986780000,112.97233909272317
1786986840000,112.97233909272317
1786986900000,112.97233909272317
1786986960000,112.97233909272317
1786987020000,112.97233909272317
1786987080000,112.97233909272317
1786987140000,112.97233909272317
1786987200000,112.97233909272317
1786987260000,112.97233909272317
1786987320000,112.97233909272317
1786987380000,112.97233909272317
1786987440000,112.97233909272317
1786987500000,112.97233909272317
1786987560000,112.97233909272317
1786987620000,112.97233909272317
1786987680000,112.97233909272317
1786987740000,113.16839086539072
1786987800000,114.3151805423691
1786987860000,112.76950749948536
1786987920000,113.66699507277256
1786987980000,112.76950749948536
1786988040000,113.36783254834349
1786988100000,115.96057442672914
1786988160000,116.30959737189644
1786988220000,115.86085358525284
1786988280000,117.45638704887482
1786988340000,116.55889947558744
1786988400000,116.95778284149281
1786988460000,115.9107140059909
1786988520000,116.50903905484921
1786988580000,115.56169106082378
1786988640000,118.05471209773295
1786988700000,117.15722452444558
1786988760000,116.0602952682056
1786988820000,118.80261840880578
1786988880000,123.68893964114801
1786988940000,122.4922895434314
1786989000000,122.59201038490787
1786989060000,121.19591860423867
1786989120000,121.99368533604957
1786989180000,122.3925687019551
1786989240000,119.89954766504576
1786989300000,120.44801229316582
1786989360000,119.25136219544939
1786989420000,119.74996640283122
1786989480000,119.20150177471115
1786989540000,120.04912892726045
1786989600000,119.65024556135492
1786989660000,119.10178093323485
1786989720000,120.39815187242776
1786989780000,122.24298743974057
1786989840000,121.9438249153115
1786989900000,121.6945228116205
1786989960000,122.04354575678781
1786990020000,122.99089375081341
1786990080000,123.63907922040977
1786990140000,123.14047501302794
1786990200000,122.6418708056461
1786990260000,121.15495479831687
1786990320000,121.15495479831687
1786990380000,121.15495479831687
1786990440000,121.15495479831687
1786990500000,121.15495479831687
1786990560000,121.15495479831687
1786990620000,121.15495479831687
1786990680000,121.15495479831687
1786990740000,121.15495479831687
1786990800000,121.15495479831687
1786990860000,121.15495479831687
1786990920000,121.15495479831687
1786990980000,121.15495479831687
1786991040000,121.15495479831687
1786991100000,121.15495479831687
1786991160000,121.15495479831687
1786991220000,121.15495479831687
1786991280000,121.15495479831687
1786991340000,121.15495479831687
1786991400000,121.15495479831687
1786991460000,121.15495479831687
1786991520000,121.15495479831687
1786991580000,121.15495479831687
1786991640000,121.15495479831687
1786991700000,121.15495479831687
1786991760000,121.15495479831687
1786991820000,121.15495479831687
1786991880000,121.15495479831687
1786991940000,121.15495479831687
1786992000000,121.15495479831687
1786992060000,121.15495479831687
1786992120000,121.15495479831687
1786992180000,121.15495479831687
1786992240000,121.15495479831687
1786992300000,121.15495479831687
1786992360000,121.15495479831687
1786992420000,121.15495479831687
1786992480000,121.15495479831687
1786992540000,121.15495479831687
1786992600000,121.15495479831687
1786992660000,121.15495479831687
1786992720000,121.15495479831687
1786992780000,121.15495479831687
1786992840000,121.15495479831687
1786992900000,121.15495479831687
1786992960000,121.15495479831687
1786993020000,121.15495479831687
1786993080000,121.15495479831687
1786993140000,121.15495479831687
1786993200000,121.15495479831687
1786993260000,121.15495479831687
1786993320000,121.15495479831687
1786993380000,121.15495479831687
1786993440000,121.15495479831687
1786993500000,121.15495479831687
1786993560000,121.15495479831687
1786993620000,121.15495479831687
1786993680000,121.15495479831687
1786993740000,121.15495479831687
1786993800000,121.15495479831687
1786993860000,121.15495479831687
1786993920000,121.15495479831687
1786993980000,121.15495479831687
1786994040000,121.15495479831687
1786994100000,121.15495479831687
1786994160000,121.15495479831687
1786994220000,121.15495479831687
1786994280000,121.15495479831687
1786994340000,121.15495479831687
1786994400000,121.15495479831687
1786994460000,121.15495479831687
1786994520000,121.15495479831687
1786994580000,121.15495479831687
1786994640000,121.15495479831687
1786994700000,121.15495479831687
1786994760000,121.15495479831687
1786994820000,121.15495479831687
1786994880000,121.15495479831687
1786994940000,121.15495479831687
1786995000000,121.15495479831687
1786995060000,121.15495479831687
1786995120000,121.15495479831687
1786995180000,121.15495479831687
1786995240000,121.15495479831687
1786995300000,121.15495479831687
1786995360000,121.15495479831687
1786995420000,121.15495479831687
1786995480000,121.15495479831687
1786995540000,121.15495479831687
1786995600000,121.15495479831687
1786995660000,121.15495479831687
1786995720000,121.15495479831687
1786995780000,121.15495479831687
1786995840000,121.15495479831687
1786995900000,121.15495479831687
1786995960000,121.15495479831687
1786996020000,121.15495479831687
1786996080000,121.15495479831687
1786996140000,121.15495479831687
1786996200000,121.15495479831687
1786996260000,121.15495479831687
1786996320000,121.15495479831687
1786996380000,121.15495479831687
1786996440000,121.15495479831687
1786996500000,121.15495479831687
1786996560000,121.15495479831687
1786996620000,121.15495479831687
1786996680000,121.15495479831687
1786996740000,121.15495479831687
1786996800000,121.15495479831687
1786996860000,121.15495479831687
1786996920000,121.15495479831687
1786996980000,121.15495479831687
1786997040000,121.15495479831687
1786997100000,121.15495479831687
1786997160000,121.15495479831687
1786997220000,121.15495479831687
1786997280000,121.15495479831687
1786997340000,121.15495479831687
1786997400000,121.15495479831687
1786997460000,121.15495479831687
1786997520000,121.15495479831687
1786997580000,121.15495479831687
1786997640000,121.15495479831687
1786997700000,121.15495479831687
1786997760000,121.15495479831687
1786997820000,121.15495479831687
1786997880000,121.15495479831687
1786997940000,121.15495479831687
1786998000000,121.15495479831687
1786998060000,121.15495479831687
1786998120000,121.15495479831687
1786998180000,121.15495479831687
1786998240000,121.15495479831687
1786998300000,121.15495479831687
1786998360000,121.15495479831687
1786998420000,121.15495479831687
1786998480000,121.15495479831687
1786998540000,121.15495479831687
1786998600000,121.15495479831687
1786998660000,121.15495479831687
1786998720000,121.15495479831687
1786998780000,121.15495479831687
1786998840000,121.15495479831687
1786998900000,121.15495479831687
1786998960000,121.15495479831687
1786999020000,121.15495479831687
1786999080000,121.15495479831687
1786999140000,121.15495479831687
1786999200000,121.15495479831687
1786999260000,121.15495479831687
1786999320000,121.15495479831687
1786999380000,121.15495479831687
1786999440000,121.15495479831687
1786999500000,121.15495479831687
1786999560000,121.15495479831687
1786999620000,121.15495479831687
1786999680000,121.15495479831687
1786999740000,121.15495479831687
1786999800000,121.15495479831687
1786999860000,121.15495479831687
1786999920000,121.15495479831687
1786999980000,121.15495479831687
1787000040000,121.15495479831687
1787000100000,121.15495479831687
1787000160000,121.15495479831687
1787000220000,121.15495479831687
1787000280000,121.15495479831687
1787000340000,121.15495479831687
1787000400000,121.15495479831687
1787000460000,121.15495479831687
1787000520000,121.15495479831687
1787000580000,121.15495479831687
1787000640000,121.15495479831687
1787000700000,121.15495479831687
1787000760000,121.15495479831687
1787000820000,121.15495479831687
1787000880000,121.15495479831687
1787000940000,121.15495479831687
1787001000000,121.15495479831687
1787001060000,121.15495479831687
1787001120000,121.15495479831687
1787001180000,121.15495479831687
1787001240000,121.15495479831687
1787001300000,121.15495479831687
1787001360000,121.15495479831687
1787001420000,121.15495479831687
1787001480000,121.15495479831687
1787001540000,121.15495479831687
1787001600000,121.15495479831687
1787001660000,121.15495479831687
1787001720000,121.15495479831687
1787001780000,121.15495479831687
1787001840000,121.15495479831687
1787001900000,121.15495479831687
1787001960000,121.15495479831687
1787002020000,121.15495479831687
1787002080000,121.15495479831687
1787002140000,121.15495479831687
1787002200000,121.15495479831687
1787002260000,121.15495479831687
1787002320000,117.20572878297484
1787002380000,119.31677232432784
1787002440000,116.96025860374766
1787002500000,118.4330796791104
1787002560000,117.89304528481074
1787002620000,118.72764389418289
1787002680000,115.97837788683928
1787002740000,116.5675063169844
1787002800000,118.04032739234698
1787002860000,116.96025860374766
1787002920000,117.5493870338928
1787002980000,116.46931824529346
1787003040000,117.00935263959313
1787003100000,117.15663474712937
1787003160000,117.25482281882032
1787003220000,118.38398564326494
1787003280000,117.45119896220186
1787003340000,118.18760949988322
1787003400000,117.1075407112839
1787003460000,116.81297649621142
1787003520000,117.50029299804733
1787003580000,117.50029299804733
1787003640000,117.64757510558357
1787003700000,117.89304528481074
1787003760000,118.18760949988322
1787003820000,118.58036178664665
1787003880000,119.41496039601878
1787003940000,116.07656595853005
1787004000000,115.17587000638746
1787004060000,115.17587000638746
1787004120000,115.17587000638746
1787004180000,115.17587000638746
1787004240000,115.17587000638746
1787004300000,115.17587000638746
1787004360000,115.17587000638746
1787004420000,115.17587000638746
1787004480000,115.17587000638746
1787004540000,115.17587000638746
1787004600000,115.17587000638746
1787004660000,115.17587000638746
1787004720000,115.17587000638746
1787004780000,115.17587000638746
1787004840000,115.17587000638746
1787004900000,115.17587000638746
1787004960000,115.17587000638746
1787005020000,115.17587000638746
1787005080000,115.17587000638746
1787005140000,115.17587000638746
1787005200000,115.17587000638746
1787005260000,115.17587000638746
1787005320000,115.17587000638746
1787005380000,115.17587000638746
1787005440000,115.17587000638746
1787005500000,115.17587000638746
1787005560000,115.17587000638746
1787005620000,115.17587000638746
1787005680000,115.17587000638746
1787005740000,115.17587000638746
1787005800000,115.17587000638746
1787005860000,115.17587000638746
1787005920000,115.17587000638746
1787005980000,115.17587000638746
1787006040000,115.17587000638746
1787006100000,115.17587000638746
1787006160000,115.17587000638746
1787006220000,115.17587000638746
1787006280000,115.17587000638746
1787006340000,115.17587000638746
1787006400000,115.17587000638746
1787006460000,115.17587000638746
1787006520000,115.17587000638746
1787006580000,115.17587000638746
1787006640000,115.17587000638746
1787006700000,115.17587000638746
1787006760000,115.17587000638746
1787006820000,115.17587000638746
1787006880000,115.17587000638746
1787006940000,115.17587000638746
1787007000000,115.17587000638746
1787007060000,115.17587000638746
1787007120000,115.17587000638746
1787007180000,115.17587000638746
1787007240000,115.17587000638746
1787007300000,115.17587000638746
1787007360000,115.17587000638746
1787007420000,115.17587000638746
1787007480000,115.17587000638746
1787007540000,115.17587000638746
1787007600000,115.17587000638746
1787007660000,115.17587000638746
1787007720000,115.17587000638746
1787007780000,115.17587000638746
1787007840000,115.17587000638746
1787007900000,115.17587000638746
1787007960000,115.17587000638746
1787008020000,115.17587000638746
1787008080000,115.17587000638746
1787008140000,115.17587000638746
1787008200000,115.17587000638746
1787008260000,115.17587000638746
1787008320000,115.17587000638746
1787008380000,115.17587000638746
1787008440000,115.17587000638746
1787008500000,115.17587000638746
1787008560000,115.17587000638746
1787008620000,115.17587000638746
1787008680000,115.17587000638746
1787008740000,115.17587000638746
1787008800000,115.17587000638746
1787008860000,115.17587000638746
1787008920000,115.17587000638746
1787008980000,115.17587000638746
1787009040000,115.17587000638746
1787009100000,115.17587000638746
1787009160000,115.17587000638746
1787009220000,115.17587000638746
1787009280000,115.17587000638746
1787009340000,115.17587000638746
1787009400000,115.17587000638746
1787009460000,115.17587000638746
1787009520000,115.17587000638746
1787009580000,115.17587000638746
1787009640000,115.17587000638746
1787009700000,115.17587000638746
1787009760000,115.17587000638746
1787009820000,115.17587000638746
1787009880000,115.17587000638746
1787009940000,115.17587000638746
1787010000000,115.17587000638746
1787010060000,115.17587000638746
1787010120000,115.17587000638746
1787010180000,115.17587000638746
1787010240000,115.17587000638746
1787010300000,115.17587000638746
1787010360000,115.17587000638746
1787010420000,115.17587000638746
1787010480000,115.17587000638746
1787010540000,115.17587000638746
1787010600000,115.17587000638746
1787010660000,115.17587000638746
1787010720000,115.17587000638746
1787010780000,115.17587000638746
1787010840000,115.17587000638746
1787010900000,115.17587000638746
1787010960000,115.17587000638746
1787011020000,115.17587000638746
1787011080000,115.17587000638746
1787011140000,115.17587000638746
1787011200000,115.17587000638746
1787011260000,115.17587000638746
1787011320000,115.17587000638746
1787011380000,115.17587000638746
1787011440000,115.17587000638746
1787011500000,115.17587000638746
1787011560000,115.17587000638746
1787011620000,115.17587000638746
1787011680000,115.17587000638746
1787011740000,115.17587000638746
1787011800000,115.17587000638746
1787011860000,115.17587000638746
1787011920000,115.17587000638746
1787011980000,115.17587000638746
1787012040000,115.17587000638746
1787012100000,115.17587000638746
1787012160000,115.17587000638746
1787012220000,115.17587000638746
1787012280000,115.17587000638746
1787012340000,115.17587000638746
1787012400000,115.17587000638746
1787012460000,115.17587000638746
1787012520000,117.18143882008512
1787012580000,116.9310006308898
1787012640000,124.29388339323029
1787012700000,128.30089442035435
1787012760000,127.09879111221716
1787012820000,129.40282245281335
1787012880000,125.94677544191887
1787012940000,126.6480023716656
1787013000000,127.59966749060764
1787013060000,127.59966749060764
1787013120000,127.34922930141231
1787013180000,126.6980900095047
1787013240000,126.49773945814847
1787013300000,129.00212135010108
1787013360000,131.40632796637547
1787013420000,131.10580213934122
1787013480000,128.25080678251524
1787013540000,127.01735176861197
1787013600000,127.01735176861197
1787013660000,127.01735176861197
1787013720000,127.01735176861197
1787013780000,127.01735176861197
1787013840000,127.01735176861197
1787013900000,127.01735176861197
1787013960000,127.01735176861197
1787014020000,127.01735176861197
1787014080000,123.6701918178382
1787014140000,124.79487369262347
1787014200000,123.61906991443881
1787014260000,125.76618985721092
1787014320000,136.80852099146747
1787014380000,145.19251314895837
1787014440000,142.63641797899172
1787014500000,136.50178957107133
1787014560000,135.0582566937829
1787014620000,135.0582566937829
1787014680000,135.0582566937829
1787014740000,135.0582566937829
1787014800000,135.0582566937829
1787014860000,135.0582566937829
1787014920000,135.0582566937829
1787014980000,135.0582566937829
1787015040000,135.0582566937829
1787015100000,135.0582566937829
1787015160000,135.0582566937829
1787015220000,135.0582566937829
1787015280000,135.0582566937829
1787015340000,135.0582566937829
1787015400000,135.0582566937829
1787015460000,135.0582566937829
1787015520000,135.0582566937829
1787015580000,135.0582566937829
1787015640000,135.0582566937829
1787015700000,135.0582566937829
1787015760000,135.0582566937829
1787015820000,135.0582566937829
1787015880000,135.0582566937829
1787015940000,135.0582566937829
1787016000000,135.0582566937829
1787016060000,135.0582566937829
1787016120000,135.0582566937829
1787016180000,135.0582566937829
1787016240000,135.0582566937829
1787016300000,135.0582566937829
1787016360000,135.0582566937829
1787016420000,135.0582566937829
1787016480000,135.0582566937829
1787016540000,135.0582566937829
1787016600000,135.0582566937829
1787016660000,135.0582566937829
1787016720000,135.0582566937829
1787016780000,135.0582566937829
1787016840000,135.0582566937829
1787016900000,135.0582566937829
1787016960000,135.0582566937829
1787017020000,135.0582566937829
1787017080000,135.0582566937829
1787017140000,135.0582566937829
1787017200000,135.0582566937829
1787017260000,135.0582566937829
1787017320000,135.0582566937829
1787017380000,135.0582566937829
1787017440000,135.0582566937829
1787017500000,135.0582566937829
1787017560000,135.0582566937829
1787017620000,135.0582566937829
1787017680000,135.0582566937829
1787017740000,135.0582566937829
1787017800000,135.0582566937829
1787017860000,135.0582566937829
1787017920000,135.0582566937829
1787017980000,135.0582566937829
1787018040000,135.0582566937829
1787018100000,135.0582566937829
1787018160000,135.0582566937829
1787018220000,135.0582566937829
1787018280000,135.0582566937829
1787018340000,135.0582566937829
1787018400000,135.0582566937829
1787018460000,135.0582566937829
1787018520000,135.0582566937829
1787018580000,135.0582566937829
1787018640000,135.0582566937829
1787018700000,135.0582566937829
1787018760000,135.0582566937829
1787018820000,135.0582566937829
1787018880000,135.0582566937829
1787018940000,135.0582566937829
1787019000000,135.0582566937829
1787019060000,135.0582566937829
1787019120000,135.0582566937829
1787019180000,135.0582566937829
1787019240000,135.0582566937829
1787019300000,135.0582566937829
1787019360000,135.0582566937829
1787019420000,135.0582566937829
1787019480000,135.0582566937829
1787019540000,135.0582566937829
1787019600000,135.0582566937829
1787019660000,135.0582566937829
1787019720000,135.0582566937829
1787019780000,135.0582566937829
1787019840000,135.0582566937829
1787019900000,135.0582566937829
1787019960000,135.0582566937829
1787020020000,135.0582566937829
1787020080000,135.0582566937829
1787020140000,135.0582566937829
1787020200000,135.0582566937829
1787020260000,135.0582566937829
1787020320000,135.0582566937829
1787020380000,135.0582566937829
1787020440000,135.0582566937829
1787020500000,135.0582566937829
1787020560000,135.0582566937829
1787020620000,135.0582566937829
1787020680000,135.0582566937829
1787020740000,135.0582566937829
1787020800000,135.0582566937829
1787020860000,135.0582566937829
1787020920000,135.0582566937829
1787020980000,135.0582566937829
1787021040000,135.0582566937829
1787021100000,135.0582566937829
1787021160000,135.0582566937829
1787021220000,135.0582566937829
1787021280000,135.0582566937829
1787021340000,135.0582566937829
1787021400000,135.0582566937829
1787021460000,135.0582566937829
1787021520000,135.0582566937829
1787021580000,135.0582566937829
1787021640000,135.0582566937829
1787021700000,135.0582566937829
1787021760000,135.0582566937829
1787021820000,135.0582566937829
1787021880000,135.0582566937829
1787021940000,135.0582566937829
1787022000000,135.0582566937829
1787022060000,135.0582566937829
1787022120000,135.0582566937829
1787022180000,135.0582566937829
1787022240000,135.0582566937829
1787022300000,135.0582566937829
1787022360000,135.0582566937829
1787022420000,135.0582566937829
1787022480000,135.0582566937829
1787022540000,135.0582566937829
1787022600000,135.0582566937829
1787022660000,135.0582566937829
1787022720000,135.0582566937829
1787022780000,135.0582566937829
1787022840000,135.0582566937829
1787022900000,135.0582566937829
1787022960000,135.0582566937829
1787023020000,135.0582566937829
1787023080000,135.0582566937829
1787023140000,133.40285302733804
1787023200000,128.13994852973354
1787023260000,127.14942585682216
1787023320000,127.14942585682216
1787023380000,127.14942585682216
1787023440000,127.14942585682216
1787023500000,127.14942585682216
1787023560000,127.14942585682216
1787023620000,127.14942585682216
1787023680000,127.14942585682216
1787023740000,127.14942585682216
1787023800000,127.14942585682216
1787023860000,127.14942585682216
1787023920000,127.14942585682216
1787023980000,127.14942585682216
1787024040000,127.14942585682216
1787024100000,127.14942585682216
1787024160000,127.14942585682216
1787024220000,127.14942585682216
1787024280000,127.14942585682216
1787024340000,127.14942585682216
1787024400000,127.14942585682216
1787024460000,127.14942585682216
1787024520000,127.14942585682216
1787024580000,127.14942585682216
1787024640000,127.14942585682216
1787024700000,127.14942585682216
1787024760000,127.14942585682216
1787024820000,127.14942585682216
1787024880000,127.14942585682216
1787024940000,127.14942585682216
1787025000000,127.14942585682216
1787025060000,127.14942585682216
1787025120000,127.14942585682216
1787025180000,127.14942585682216
1787025240000,127.14942585682216
1787025300000,127.14942585682216
1787025360000,127.14942585682216
1787025420000,127.14942585682216
1787025480000,127.14942585682216
1787025540000,127.14942585682216
1787025600000,127.14942585682216
1787025660000,127.14942585682216
1787025720000,127.14942585682216
1787025780000,127.14942585682216
1787025840000,127.14942585682216
1787025900000,127.14942585682216
1787025960000,127.14942585682216
1787026020000,127.14942585682216
1787026080000,127.14942585682216
1787026140000,127.14942585682216
1787026200000,127.14942585682216
1787026260000,127.14942585682216
1787026320000,127.14942585682216
1787026380000,127.14942585682216
1787026440000,127.14942585682216
1787026500000,127.14942585682216
1787026560000,127.14942585682216
1787026620000,127.14942585682216
1787026680000,127.14942585682216
1787026740000,127.14942585682216
1787026800000,127.14942585682216
1787026860000,127.14942585682216
1787026920000,127.14942585682216
1787026980000,127.14942585682216
1787027040000,127.14942585682216
1787027100000,127.14942585682216
1787027160000,127.14942585682216
1787027220000,127.14942585682216
1787027280000,127.14942585682216
1787027340000,127.14942585682216
1787027400000,127.14942585682216
1787027460000,127.14942585682216
1787027520000,127.14942585682216
1787027580000,127.14942585682216
1787027640000,127.14942585682216
1787027700000,127.14942585682216
1787027760000,127.14942585682216
1787027820000,127.14942585682216
1787027880000,127.14942585682216
1787027940000,127.14942585682216
1787028000000,127.14942585682216
1787028060000,127.14942585682216
1787028120000,127.14942585682216
1787028180000,127.14942585682216
1787028240000,127.14942585682216
1787028300000,127.14942585682216
1787028360000,127.14942585682216
1787028420000,127.14942585682216
1787028480000,127.14942585682216
1787028540000,127.14942585682216
1787028600000,127.14942585682216
1787028660000,127.14942585682216
1787028720000,127.14942585682216
1787028780000,127.14942585682216
1787028840000,127.14942585682216
1787028900000,127.14942585682216
1787028960000,127.14942585682216
1787029020000,127.14942585682216
1787029080000,127.14942585682216
1787029140000,127.14942585682216
1787029200000,127.14942585682216
1787029260000,127.14942585682216
1787029320000,127.14942585682216
1787029380000,127.14942585682216
1787029440000,127.14942585682216
1787029500000,127.14942585682216
1787029560000,127.14942585682216
1787029620000,127.14942585682216
1787029680000,127.14942585682216
1787029740000,127.14942585682216
1787029800000,127.14942585682216
1787029860000,127.14942585682216
1787029920000,127.14942585682216
1787029980000,127.14942585682216
1787030040000,127.14942585682216
1787030100000,127.14942585682216
1787030160000,127.14942585682216
1787030220000,127.14942585682216
1787030280000,127.14942585682216
1787030340000,127.14942585682216
1787030400000,127.14942585682216
1787030460000,127.14942585682216
1787030520000,127.14942585682216
1787030580000,127.14942585682216
1787030640000,127.14942585682216
1787030700000,127.14942585682216
1787030760000,127.14942585682216
1787030820000,127.14942585682216
1787030880000,127.14942585682216
1787030940000,127.14942585682216
1787031000000,127.14942585682216
1787031060000,127.14942585682216
1787031120000,127.14942585682216
1787031180000,127.14942585682216
1787031240000,127.14942585682216
1787031300000,127.14942585682216
1787031360000,127.14942585682216
1787031420000,127.14942585682216
1787031480000,127.14942585682216
1787031540000,127.14942585682216
1787031600000,127.14942585682216
1787031660000,127.14942585682216
1787031720000,127.14942585682216
1787031780000,127.14942585682216
1787031840000,127.14942585682216
1787031900000,127.14942585682216
1787031960000,127.14942585682216
1787032020000,127.14942585682216
1787032080000,127.14942585682216
1787032140000,127.14942585682216
1787032200000,127.14942585682216
1787032260000,127.14942585682216
1787032320000,127.14942585682216
1787032380000,127.14942585682216
1787032440000,127.14942585682216
1787032500000,127.14942585682216
1787032560000,127.14942585682216
1787032620000,127.14942585682216
1787032680000,127.14942585682216
1787032740000,127.14942585682216
1787032800000,127.14942585682216
1787032860000,127.14942585682216
1787032920000,127.14942585682216
1787032980000,127.14942585682216
1787033040000,127.14942585682216
1787033100000,127.14942585682216
1787033160000,127.14942585682216
1787033220000,127.14942585682216
1787033280000,127.14942585682216
1787033340000,127.14942585682216
1787033400000,127.14942585682216
1787033460000,127.14942585682216
1787033520000,127.14942585682216
1787033580000,127.14942585682216
1787033640000,127.14942585682216
1787033700000,127.14942585682216
1787033760000,127.14942585682216
1787033820000,127.14942585682216
1787033880000,127.14942585682216
1787033940000,127.14942585682216
1787034000000,127.14942585682216
1787034060000,127.14942585682216
1787034120000,127.14942585682216
1787034180000,127.14942585682216
1787034240000,127.14942585682216
1787034300000,127.14942585682216
1787034360000,127.14942585682216
1787034420000,127.14942585682216
1787034480000,127.14942585682216
1787034540000,127.14942585682216
1787034600000,127.14942585682216
1787034660000,127.14942585682216
1787034720000,127.14942585682216
1787034780000,125.48758928800025
1787034840000,125.94938584882057
1787034900000,121.38273096959671
1787034960000,119.71445917334019
1787035020000,119.71445917334019
1787035080000,119.71445917334019
1787035140000,119.71445917334019
1787035200000,119.71445917334019
1787035260000,119.71445917334019
1787035320000,119.71445917334019
1787035380000,119.71445917334019
1787035440000,119.71445917334019
1787035500000,119.71445917334019
1787035560000,119.71445917334019
1787035620000,119.71445917334019
1787035680000,119.71445917334019
1787035740000,119.71445917334019
1787035800000,119.71445917334019
1787035860000,119.71445917334019
1787035920000,119.71445917334019
1787035980000,119.71445917334019
1787036040000,119.71445917334019
1787036100000,119.71445917334019
1787036160000,119.71445917334019
1787036220000,119.71445917334019
1787036280000,119.71445917334019
1787036340000,119.71445917334019
1787036400000,119.71445917334019
1787036460000,119.71445917334019
1787036520000,119.71445917334019
1787036580000,119.71445917334019
1787036640000,119.71445917334019
1787036700000,119.71445917334019
1787036760000,119.71445917334019
1787036820000,119.71445917334019
1787036880000,119.71445917334019
1787036940000,119.71445917334019
1787037000000,119.71445917334019
1787037060000,119.71445917334019
1787037120000,119.71445917334019
1787037180000,119.71445917334019
1787037240000,119.71445917334019
1787037300000,119.71445917334019
1787037360000,119.71445917334019
1787037420000,119.71445917334019
1787037480000,119.71445917334019
1787037540000,119.71445917334019
1787037600000,119.71445917334019
1787037660000,119.71445917334019
1787037720000,119.71445917334019
1787037780000,119.71445917334019
1787037840000,119.71445917334019
1787037900000,119.71445917334019
1787037960000,119.71445917334019
1787038020000,119.71445917334019
1787038080000,119.71445917334019
1787038140000,119.71445917334019
1787038200000,119.71445917334019
1787038260000,119.71445917334019
1787038320000,119.71445917334019
1787038380000,119.71445917334019
1787038440000,119.71445917334019
1787038500000,119.71445917334019
1787038560000,120.95986996379362
1787038620000,117.39370421605142
1787038680000,116.04283655518866
1787038740000,116.04283655518866
1787038800000,116.04283655518866
1787038860000,116.04283655518866
1787038920000,116.04283655518866
1787038980000,116.04283655518866
1787039040000,116.04283655518866
1787039100000,116.04283655518866
1787039160000,116.04283655518866
1787039220000,116.04283655518866
1787039280000,116.04283655518866
1787039340000,116.04283655518866
1787039400000,116.04283655518866
1787039460000,116.04283655518866
1787039520000,116.04283655518866
1787039580000,116.04283655518866
1787039640000,116.04283655518866
1787039700000,116.04283655518866
1787039760000,116.04283655518866
1787039820000,116.04283655518866
1787039880000,116.04283655518866
1787039940000,116.04283655518866
1787040000000,116.04283655518866
1787040060000,116.04283655518866
1787040120000,116.04283655518866
1787040180000,116.04283655518866
1787040240000,116.04283655518866
1787040300000,116.04283655518866
1787040360000,116.04283655518866
1787040420000,116.04283655518866
1787040480000,116.04283655518866
1787040540000,116.04283655518866
1787040600000,116.04283655518866
1787040660000,116.04283655518866
1787040720000,116.04283655518866
1787040780000,116.04283655518866
1787040840000,116.04283655518866
1787040900000,116.04283655518866
1787040960000,116.04283655518866
1787041020000,116.04283655518866
1787041080000,116.04283655518866
1787041140000,116.04283655518866
1787041200000,116.04283655518866
1787041260000,116.04283655518866
1787041320000,116.04283655518866
1787041380000,116.04283655518866
1787041440000,116.04283655518866
1787041500000,116.04283655518866
1787041560000,116.04283655518866
1787041620000,116.04283655518866
1787041680000,116.04283655518866
1787041740000,116.04283655518866
1787041800000,116.04283655518866
1787041860000,116.04283655518866
1787041920000,116.04283655518866
1787041980000,116.04283655518866
1787042040000,116.04283655518866
1787042100000,116.04283655518866
1787042160000,116.04283655518866
1787042220000,116.04283655518866
1787042280000,116.04283655518866
1787042340000,116.04283655518866
1787042400000,116.04283655518866
1787042460000,116.04283655518866
1787042520000,116.04283655518866
1787042580000,116.04283655518866
1787042640000,116.04283655518866
1787042700000,116.04283655518866
1787042760000,116.04283655518866
1787042820000,116.04283655518866
1787042880000,116.04283655518866
1787042940000,116.04283655518866
1787043000000,116.04283655518866
1787043060000,116.04283655518866
1787043120000,116.04283655518866
1787043180000,116.04283655518866
1787043240000,116.04283655518866
1787043300000,116.04283655518866
1787043360000,116.04283655518866
1787043420000,116.04283655518866
1787043480000,116.04283655518866
1787043540000,116.04283655518866
1787043600000,116.04283655518866
1787043660000,116.04283655518866
1787043720000,116.04283655518866
1787043780000,116.04283655518866
1787043840000,116.04283655518866
1787043900000,116.04283655518866
1787043960000,116.04283655518866
1787044020000,116.04283655518866
1787044080000,116.04283655518866
1787044140000,116.04283655518866
1787044200000,116.04283655518866
1787044260000,116.04283655518866
1787044320000,116.04283655518866
1787044380000,116.04283655518866
1787044440000,116.04283655518866
1787044500000,116.04283655518866
1787044560000,116.04283655518866
1787044620000,116.04283655518866
1787044680000,116.04283655518866
1787044740000,116.04283655518866
1787044800000,116.04283655518866
1787044860000,116.04283655518866
1787044920000,116.04283655518866
1787044980000,116.04283655518866
1787045040000,116.04283655518866
1787045100000,116.04283655518866
1787045160000,116.04283655518866
1787045220000,116.04283655518866
1787045280000,116.04283655518866
1787045340000,116.04283655518866
1787045400000,116.04283655518866
1787045460000,116.04283655518866
1787045520000,116.04283655518866
1787045580000,116.04283655518866
1787045640000,116.04283655518866
1787045700000,116.04283655518866
1787045760000,116.04283655518866
1787045820000,116.04283655518866
1787045880000,116.04283655518866
1787045940000,116.04283655518866
1787046000000,116.04283655518866
1787046060000,116.04283655518866
1787046120000,116.04283655518866
1787046180000,116.04283655518866
1787046240000,116.04283655518866
1787046300000,116.04283655518866
1787046360000,116.04283655518866
1787046420000,116.04283655518866
1787046480000,116.04283655518866
1787046540000,116.04283655518866
1787046600000,116.04283655518866
1787046660000,116.04283655518866
1787046720000,116.04283655518866
1787046780000,116.04283655518866
1787046840000,116.04283655518866
1787046900000,116.04283655518866
1787046960000,116.04283655518866
1787047020000,116.04283655518866
1787047080000,116.04283655518866
1787047140000,116.04283655518866
1787047200000,116.04283655518866
1787047260000,116.04283655518866
1787047320000,116.04283655518866
1787047380000,116.04283655518866
1787047440000,116.04283655518866
1787047500000,116.04283655518866
1787047560000,116.04283655518866
1787047620000,116.04283655518866
1787047680000,116.04283655518866
1787047740000,116.04283655518866
1787047800000,116.04283655518866
1787047860000,116.04283655518866
1787047920000,116.04283655518866
1787047980000,116.04283655518866
1787048040000,116.04283655518866
1787048100000,116.04283655518866
1787048160000,116.04283655518866
1787048220000,116.04283655518866
1787048280000,116.04283655518866
1787048340000,116.04283655518866
1787048400000,116.04283655518866
1787048460000,116.04283655518866
1787048520000,116.04283655518866
1787048580000,116.04283655518866
1787048640000,116.04283655518866
1787048700000,116.04283655518866
1787048760000,116.04283655518866
1787048820000,116.04283655518866
1787048880000,116.04283655518866
1787048940000,116.04283655518866
1787049000000,116.04283655518866
1787049060000,116.04283655518866
1787049120000,116.04283655518866
1787049180000,116.04283655518866
1787049240000,116.04283655518866
1787049300000,116.04283655518866
1787049360000,116.04283655518866
1787049420000,116.04283655518866
1787049480000,116.04283655518866
1787049540000,116.04283655518866
1787049600000,116.04283655518866
1787049660000,116.04283655518866
1787049720000,116.04283655518866
1787049780000,116.04283655518866
1787049840000,116.04283655518866
1787049900000,116.04283655518866
1787049960000,116.04283655518866
1787050020000,116.04283655518866
1787050080000,116.04283655518866
1787050140000,116.04283655518866
1787050200000,116.04283655518866
1787050260000,116.04283655518866
1787050320000,116.04283655518866
1787050380000,116.04283655518866
1787050440000,116.04283655518866
1787050500000,116.04283655518866
1787050560000,116.04283655518866
1787050620000,116.04283655518866
1787050680000,116.04283655518866
1787050740000,116.04283655518866
1787050800000,116.04283655518866
1787050860000,116.04283655518866
1787050920000,116.04283655518866
1787050980000,116.04283655518866
1787051040000,116.04283655518866
1787051100000,116.04283655518866
1787051160000,116.04283655518866
1787051220000,116.04283655518866
1787051280000,116.04283655518866
1787051340000,116.04283655518866
1787051400000,116.04283655518866
1787051460000,116.04283655518866
1787051520000,116.04283655518866
1787051580000,116.04283655518866
1787051640000,116.04283655518866
1787051700000,116.04283655518866
1787051760000,116.04283655518866
1787051820000,116.04283655518866
1787051880000,116.04283655518866
1787051940000,116.04283655518866
1787052000000,116.04283655518866
1787052060000,116.04283655518866
1787052120000,116.04283655518866
1787052180000,116.04283655518866
1787052240000,116.04283655518866
1787052300000,116.04283655518866
1787052360000,116.04283655518866
1787052420000,116.04283655518866
1787052480000,116.04283655518866
1787052540000,116.04283655518866
1787052600000,116.04283655518866
1787052660000,116.04283655518866
1787052720000,116.04283655518866
1787052780000,116.04283655518866
1787052840000,116.04283655518866
1787052900000,116.04283655518866
1787052960000,116.04283655518866
1787053020000,116.04283655518866
1787053080000,116.04283655518866
1787053140000,116.04283655518866
1787053200000,116.04283655518866
1787053260000,116.04283655518866
1787053320000,116.04283655518866
1787053380000,116.04283655518866
1787053440000,116.04283655518866
1787053500000,116.04283655518866
1787053560000,116.04283655518866
1787053620000,114.58665025544147
1787053680000,115.71369393912192
1787053740000,113.35714805506286
1787053800000,113.33461199693977
1787053860000,113.33461199693977
1787053920000,113.33461199693977
1787053980000,113.33461199693977
1787054040000,113.33461199693977
1787054100000,113.33461199693977
1787054160000,113.33461199693977
1787054220000,113.33461199693977
1787054280000,113.33461199693977
1787054340000,113.33461199693977
1787054400000,113.33461199693977
1787054460000,113.33461199693977
1787054520000,113.33461199693977
1787054580000,113.33461199693977
1787054640000,113.33461199693977
1787054700000,113.33461199693977
1787054760000,113.33461199693977
1787054820000,113.33461199693977
1787054880000,113.33461199693977
1787054940000,113.33461199693977
1787055000000,113.33461199693977
1787055060000,113.33461199693977
1787055120000,113.33461199693977
1787055180000,113.33461199693977
1787055240000,113.33461199693977
1787055300000,113.33461199693977
1787055360000,113.33461199693977
1787055420000,109.09034839089409
1787055480000,109.85142429040596
1787055540000,110.00363947030829
1787055600000,109.74994750380428
1787055660000,110.05437786360913
1787055720000,109.90216268370679
1787055780000,109.95290107700745
1787055840000,109.95290107700745
1787055900000,111.17062251622632
1787055960000,113.80901896786723
1787056020000,112.79425110185153
1787056080000,114.31640290087525
1787056140000,114.41787968747674
1787056200000,113.9104957544689
1787056260000,114.0119725410704
1787056320000,113.96123414776974
1787056380000,114.06271093437124
1787056440000,113.96123414776974
1787056500000,112.23612877554285
1787056560000,112.43908234874603
1787056620000,113.25089664155873
1787056680000,113.30163503485937
1787056740000,113.20015824825788
1787056800000,112.79425110185153
1787056860000,111.34051203997099
1787056920000,111.34051203997099
1787056980000,111.34051203997099
1787057040000,111.34051203997099
1787057100000,111.34051203997099
1787057160000,111.34051203997099
1787057220000,111.34051203997099
1787057280000,111.34051203997099
1787057340000,111.34051203997099
1787057400000,111.34051203997099
1787057460000,111.34051203997099
1787057520000,111.34051203997099
1787057580000,111.34051203997099
1787057640000,111.34051203997099
1787057700000,111.34051203997099
1787057760000,111.34051203997099
1787057820000,111.34051203997099
1787057880000,111.34051203997099
1787057940000,111.34051203997099
1787058000000,111.34051203997099
1787058060000,111.34051203997099
1787058120000,111.34051203997099
1787058180000,111.34051203997099
1787058240000,111.34051203997099
1787058300000,111.34051203997099
1787058360000,111.34051203997099
1787058420000,111.34051203997099
1787058480000,111.34051203997099
1787058540000,111.34051203997099
1787058600000,111.34051203997099
1787058660000,111.34051203997099
1787058720000,111.34051203997099
1787058780000,111.34051203997099
1787058840000,109.88796246095752
1787058900000,110.03951620356656
1787058960000,109.53433706153638
1787059020000,110.24158786037869
1787059080000,110.4941774313937
1787059140000,110.24158786037869
1787059200000,109.53433706153638
1787059260000,108.99144924679973
1787059320000,108.99144924679973
1787059380000,108.99144924679973
1787059440000,108.99144924679973
1787059500000,108.99144924679973
1787059560000,108.99144924679973
1787059620000,108.99144924679973
1787059680000,108.99144924679973
1787059740000,108.99144924679973
1787059800000,108.99144924679973
1787059860000,108.99144924679973
1787059920000,108.99144924679973
1787059980000,108.99144924679973
1787060040000,108.99144924679973
1787060100000,108.99144924679973
1787060160000,108.99144924679973
1787060220000,108.99144924679973
1787060280000,108.99144924679973
1787060340000,108.99144924679973
1787060400000,108.99144924679973
1787060460000,108.99144924679973
1787060520000,108.99144924679973
1787060580000,108.99144924679973
1787060640000,108.99144924679973
1787060700000,108.99144924679973
1787060760000,108.99144924679973
1787060820000,108.99144924679973
1787060880000,108.99144924679973
1787060940000,108.99144924679973
1787061000000,108.99144924679973
1787061060000,108.99144924679973
1787061120000,108.99144924679973
1787061180000,108.99144924679973
1787061240000,108.99144924679973
1787061300000,108.99144924679973
1787061360000,108.99144924679973
1787061420000,108.99144924679973
1787061480000,108.99144924679973
1787061540000,108.99144924679973
1787061600000,108.99144924679973
1787061660000,108.99144924679973
1787061720000,108.99144924679973
1787061780000,108.99144924679973
1787061840000,108.99144924679973
1787061900000,108.99144924679973
1787061960000,108.99144924679973
1787062020000,108.99144924679973
1787062080000,108.99144924679973
1787062140000,108.99144924679973
1787062200000,108.99144924679973
1787062260000,108.99144924679973
1787062320000,108.99144924679973
1787062380000,108.99144924679973
1787062440000,108.99144924679973
1787062500000,108.99144924679973
1787062560000,108.99144924679973
1787062620000,108.99144924679973
1787062680000,108.99144924679973
1787062740000,108.99144924679973
1787062800000,108.99144924679973
1787062860000,108.99144924679973
1787062920000,108.99144924679973
1787062980000,108.99144924679973
1787063040000,108.99144924679973
1787063100000,108.99144924679973
1787063160000,108.99144924679973
1787063220000,108.99144924679973
1787063280000,108.99144924679973
1787063340000,108.99144924679973
1787063400000,108.99144924679973
1787063460000,108.99144924679973
1787063520000,114.74329079666386
1787063580000,116.95980723540274
1787063640000,116.55680424654109
1787063700000,120.38533264072619
1787063760000,121.59434160731095
1787063820000,118.42069307002589
1787063880000,120.13345577268763
1787063940000,120.18383114629538
1787064000000,118.92444680610286
1787064060000,120.33495726711844
1787064120000,122.75297520028796
1787064180000,121.29208936566481
1787064240000,121.24171399205706
1787064300000,119.88157890464922
1787064360000,121.39284011288014
1787064420000,118.67256993806447
1787064480000,119.17632367414143
1787064540000,116.80868111457949
1787064600000,119.22669904774918
1787064660000,120.63720950876458
1787064720000,121.04021249762624
1787064780000,120.0327050254723
1787064840000,119.93195427825697
1787064900000,116.80868111457949
1787064960000,121.74546772813403
1787065020000,121.5439662337032
1787065080000,121.84621847534953
1787065140000,121.6447169809187
1787065200000,120.93946175041091
1787065260000,118.87407143249528
1787065320000,118.068065454772
1787065380000,120.58683413515702
1787065440000,119.93195427825697
1787065500000,122.24922146421099
1787065560000,125.42287000149607
1787065620000,124.71761477098826
1787065680000,125.82587299035771
1787065740000,127.5890110666272
1787065800000,127.84088793466559
1787065860000,131.92129319688925
1787065920000,131.51829020802762
1787065980000,130.91378572473533
1787066040000,128.79802003321194
1787066100000,126.76821737783118
1787066160000,126.76821737783118
1787066220000,126.76821737783118
1787066280000,126.76821737783118
1787066340000,126.76821737783118
1787066400000,126.76821737783118
1787066460000,125.3218434002977
1787066520000,127.09602398095082
1787066580000,125.71610575155385
1787066640000,124.23762193434288
1787066700000,123.03965834275594
1787066760000,123.03965834275594
1787066820000,123.03965834275594
1787066880000,123.03965834275594
1787066940000,123.03965834275594
1787067000000,123.03965834275594
1787067060000,123.03965834275594
1787067120000,123.03965834275594
1787067180000,123.03965834275594
1787067240000,123.03965834275594
1787067300000,123.03965834275594
1787067360000,123.03965834275594
1787067420000,123.03965834275594
1787067480000,123.03965834275594
1787067540000,123.03965834275594
1787067600000,123.03965834275594
1787067660000,123.03965834275594
1787067720000,123.03965834275594
1787067780000,123.03965834275594
1787067840000,123.03965834275594
1787067900000,123.03965834275594
1787067960000,123.03965834275594
1787068020000,123.03965834275594
1787068080000,123.03965834275594
1787068140000,123.03965834275594
1787068200000,123.03965834275594
1787068260000,123.03965834275594
1787068320000,123.03965834275594
1787068380000,123.03965834275594
1787068440000,123.03965834275594
1787068500000,123.03965834275594
1787068560000,123.03965834275594
1787068620000,123.03965834275594
1787068680000,123.03965834275594
1787068740000,123.03965834275594
1787068800000,123.03965834275594
1787068860000,123.03965834275594
1787068920000,123.03965834275594
1787068980000,123.03965834275594
1787069040000,123.03965834275594
1787069100000,123.2769046973909
1787069160000,125.25925830102341
1787069220000,122.43440441584715
1787069280000,122.9795516568461
1787069340000,122.1866102153932
1787069400000,123.87161077848071
1787069460000,123.32646353748177
1787069520000,122.43440441584715
1787069580000,124.5158756996612
1787069640000,124.36719917938879
1787069700000,126.25043510283956
1787069760000,126.89470002402005
1787069820000,125.25925830102341
1787069880000,127.24161190465573
1787069940000,124.46631685957034
1787070000000,122.28572789557475
1787070060000,120.99719805321378
1787070120000,118.2219030081284
1787070180000,118.12278532794667
1787070240000,111.89682528062463
1787070300000,115.38201632052511
1787070360000,112.54407504517752
1787070420000,112.24534438461467
1787070480000,112.4942866017505
1787070540000,108.90951867499562
1787070600000,109.05888400527722
1787070660000,108.26226891044273
1787070720000,110.15422976067438
1787070780000,110.05465287382016
1787070840000,110.4031719778102
1787070900000,110.70190263837306
1787070960000,110.30359509095581
1787071020000,110.55253730809163
1787071080000,110.15422976067438
1787071140000,110.15422976067438
1787071200000,110.15422976067438
1787071260000,107.76438447617124
1787071320000,108.36184579729712
1787071380000,107.366076928754
1787071440000,107.86396136302548
1787071500000,109.4571915526943
1787071560000,107.51544225903542
1787071620000,105.97200051279381
1787071680000,105.12559697453229
1787071740000,102.81276279132051
1787071800000,102.71421177702861
1787071860000,99.95478337685351
1787071920000,98.9063014517501
1787071980000,98.9063014517501
1787072040000,98.9063014517501
1787072100000,98.9063014517501
1787072160000,98.9063014517501
1787072220000,98.9063014517501
1787072280000,98.9063014517501
1787072340000,98.9063014517501
1787072400000,98.9063014517501
1787072460000,98.9063014517501
1787072520000,98.9063014517501
1787072580000,98.9063014517501
1787072640000,98.9063014517501
1787072700000,98.9063014517501
1787072760000,98.9063014517501
1787072820000,98.9063014517501
1787072880000,98.9063014517501
1787072940000,98.9063014517501
1787073000000,98.9063014517501
1787073060000,98.9063014517501
1787073120000,98.9063014517501
1787073180000,98.9063014517501
1787073240000,98.9063014517501
1787073300000,98.9063014517501
1787073360000,98.9063014517501
1787073420000,98.9063014517501
1787073480000,98.9063014517501
1787073540000,98.9063014517501
1787073600000,98.9063014517501
1787073660000,98.9063014517501
1787073720000,98.9063014517501
1787073780000,98.9063014517501
1787073840000,98.9063014517501
1787073900000,98.9063014517501
1787073960000,98.9063014517501
1787074020000,98.9063014517501
1787074080000,98.9063014517501
1787074140000,98.9063014517501
1787074200000,98.9063014517501
1787074260000,98.9063014517501
1787074320000,98.9063014517501
1787074380000,98.9063014517501
1787074440000,98.9063014517501
1787074500000,98.9063014517501
1787074560000,98.9063014517501
1787074620000,98.9063014517501
1787074680000,98.9063014517501
1787074740000,98.9063014517501
1787074800000,98.9063014517501
1787074860000,98.9063014517501
1787074920000,98.9063014517501
1787074980000,98.9063014517501
1787075040000,98.9063014517501
1787075100000,98.9063014517501
1787075160000,98.9063014517501
1787075220000,98.9063014517501
1787075280000,98.9063014517501
1787075340000,98.9063014517501
1787075400000,98.9063014517501
1787075460000,98.9063014517501
1787075520000,98.9063014517501
1787075580000,98.9063014517501
1787075640000,98.9063014517501
1787075700000,98.9063014517501
1787075760000,98.9063014517501
1787075820000,98.9063014517501
1787075880000,98.9063014517501
1787075940000,98.9063014517501
1787076000000,98.9063014517501
1787076060000,98.9063014517501
1787076120000,98.9063014517501
1787076180000,98.9063014517501
1787076240000,98.9063014517501
1787076300000,98.9063014517501
1787076360000,98.9063014517501
1787076420000,98.9063014517501
1787076480000,98.9063014517501
1787076540000,98.9063014517501
1787076600000,98.9063014517501
1787076660000,98.9063014517501
1787076720000,98.9063014517501
1787076780000,98.9063014517501
1787076840000,98.9063014517501
1787076900000,98.9063014517501
1787076960000,98.9063014517501
1787077020000,98.9063014517501
1787077080000,98.9063014517501
1787077140000,98.9063014517501
1787077200000,98.9063014517501
1787077260000,98.9063014517501
1787077320000,98.9063014517501
1787077380000,98.9063014517501
1787077440000,98.9063014517501
1787077500000,98.9063014517501
1787077560000,98.9063014517501
1787077620000,98.9063014517501
1787077680000,98.9063014517501
1787077740000,98.9063014517501
1787077800000,98.9063014517501
1787077860000,98.9063014517501
1787077920000,98.9063014517501
1787077980000,98.9063014517501
1787078040000,98.9063014517501
1787078100000,98.9063014517501
1787078160000,98.9063014517501
1787078220000,98.9063014517501
1787078280000,98.9063014517501
1787078340000,98.9063014517501
1787078400000,98.9063014517501
1787078460000,98.9063014517501
1787078520000,98.9063014517501
1787078580000,98.9063014517501
1787078640000,98.9063014517501
1787078700000,98.9063014517501
1787078760000,98.9063014517501
1787078820000,98.9063014517501
1787078880000,98.9063014517501
1787078940000,98.9063014517501
1787079000000,98.9063014517501
1787079060000,98.9063014517501
1787079120000,98.9063014517501
1787079180000,97.30771582836475
1787079240000,96.61026100144278
1787079300000,95.45838348742322
1787079360000,95.45838348742322
1787079420000,95.45838348742322
1787079480000,95.45838348742322
1787079540000,95.45838348742322
1787079600000,95.00513295677966
1787079660000,94.55705927036483
1787079720000,94.00941365363585
1787079780000,94.25834347942173
1787079840000,94.50727330520776
1787079900000,96.19999612055227
1787079960000,96.29956805086658
1787080020000,96.84721366759574
1787080080000,96.7974277024385
1787080140000,97.74336104042524
1787080200000,97.09614349338177
1787080260000,96.94678559791005
1787080320000,96.7974277024385
1787080380000,95.60003502330532
1787080440000,95.60003502330532
1787080500000,94.79951570234518
1787080560000,93.05161269653928
1787080620000,92.14955442389012
1787080680000,92.14955442389012
1787080740000,92.14955442389012
1787080800000,92.14955442389012
1787080860000,92.14955442389012
1787080920000,92.14955442389012
1787080980000,92.14955442389012
1787081040000,92.14955442389012
1787081100000,92.14955442389012
1787081160000,92.14955442389012
1787081220000,92.14955442389012
1787081280000,92.14955442389012
1787081340000,92.14955442389012
1787081400000,92.14955442389012
1787081460000,92.14955442389012
1787081520000,92.14955442389012
1787081580000,92.14955442389012
1787081640000,92.14955442389012
1787081700000,92.14955442389012
1787081760000,92.14955442389012
1787081820000,92.14955442389012
1787081880000,92.14955442389012
1787081940000,92.14955442389012
1787082000000,92.14955442389012
1787082060000,92.14955442389012
1787082120000,92.14955442389012
1787082180000,92.14955442389012
1787082240000,92.14955442389012
1787082300000,92.14955442389012
1787082360000,92.14955442389012
1787082420000,92.14955442389012
1787082480000,92.14955442389012
1787082540000,92.14955442389012
1787082600000,92.14955442389012
1787082660000,92.14955442389012
1787082720000,92.14955442389012
1787082780000,92.14955442389012
1787082840000,92.14955442389012
1787082900000,92.14955442389012
1787082960000,92.14955442389012
1787083020000,92.14955442389012
1787083080000,92.14955442389012
1787083140000,92.14955442389012
1787083200000,92.14955442389012
1787083260000,92.14955442389012
1787083320000,92.14955442389012
1787083380000,92.14955442389012
1787083440000,92.14955442389012
1787083500000,92.14955442389012
1787083560000,92.14955442389012
1787083620000,92.14955442389012
1787083680000,92.14955442389012
1787083740000,92.14955442389012
1787083800000,92.14955442389012
1787083860000,92.14955442389012
1787083920000,92.14955442389012
1787083980000,92.14955442389012
1787084040000,92.14955442389012
1787084100000,92.14955442389012
1787084160000,92.14955442389012
1787084220000,92.14955442389012
1787084280000,92.14955442389012
1787084340000,92.14955442389012
1787084400000,92.14955442389012
1787084460000,92.14955442389012
1787084520000,92.14955442389012
1787084580000,92.14955442389012
1787084640000,92.14955442389012
1787084700000,92.14955442389012
1787084760000,92.14955442389012
1787084820000,92.14955442389012
1787084880000,92.14955442389012
1787084940000,92.14955442389012
1787085000000,92.14955442389012
1787085060000,92.14955442389012
1787085120000,92.14955442389012
1787085180000,92.14955442389012
1787085240000,92.14955442389012
1787085300000,92.14955442389012
1787085360000,91.40209361951224
1787085420000,91.1506607286102
1787085480000,90.8489412595279
1787085540000,90.59750836862587
1787085600000,89.59803353147649
1787085660000,89.59803353147649
1787085720000,88.80136098428379
1787085780000,88.39799352347494
1787085840000,89.00304471468822
1787085900000,87.79294233226184
1787085960000,86.89466474863089
1787086020000,86.89466474863089
1787086080000,86.89466474863089
1787086140000,86.89466474863089
1787086200000,86.89466474863089
1787086260000,86.89466474863089
1787086320000,86.89466474863089
1787086380000,86.89466474863089
1787086440000,86.89466474863089
1787086500000,86.89466474863089
1787086560000,86.89466474863089
1787086620000,86.89466474863089
1787086680000,86.89466474863089
1787086740000,86.89466474863089
1787086800000,86.89466474863089
1787086860000,86.89466474863089
1787086920000,86.89466474863089
1787086980000,86.89466474863089
1787087040000,86.89466474863089
1787087100000,86.89466474863089
1787087160000,86.89466474863089
1787087220000,86.89466474863089
1787087280000,86.89466474863089
1787087340000,84.88589214308902
1787087400000,84.78480056839639
1787087460000,83.43144915220654
1787087520000,83.43144915220654
1787087580000,83.43144915220654
1787087640000,83.43144915220654
1787087700000,83.43144915220654
1787087760000,83.43144915220654
1787087820000,83.43144915220654
1787087880000,83.43144915220654
1787087940000,83.43144915220654
1787088000000,83.43144915220654
1787088060000,83.43144915220654
1787088120000,83.43144915220654
1787088180000,83.43144915220654
1787088240000,83.43144915220654
1787088300000,83.43144915220654
1787088360000,82.48417640223084
1787088420000,83.7985661439648
1787088480000,83.24247817630807
1787088540000,83.64690578914936
1787088600000,83.64690578914936
1787088660000,83.0402643698876
1787088720000,82.98971091828238
1787088780000,83.14137127309783
1787088840000,83.39413853112369
1787088900000,82.83805056346694
1787088960000,83.59635233754416
1787089020000,85.01184898248852
1787089080000,82.73694366025653
1787089140000,81.94202332162735
1787089200000,81.94202332162735
1787089260000,81.94202332162735
1787089320000,81.94202332162735
1787089380000,81.3005840670827
1787089440000,87.2928466950754
1787089500000,86.58190028158472
1787089560000,84.34749726775699
1787089620000,85.00766179456971
1787089680000,83.33185953419895
1787089740000,77.84741577298527
1787089800000,85.00766179456971
1787089860000,90.23819612239396
1787089920000,89.88272291564863
1787089980000,90.9999244225624
1787090040000,90.44132366910543
1787090100000,90.79679687585076
1787090160000,90.74601498917298
1787090220000,90.13663234903805
1787090280000,96.12889497703075
1787090340000,95.06247535679475
1787090400000,95.31638479018436
1787090460000,94.85934781008311
1787090520000,94.80856592340533
1787090580000,94.70700215004942
1787090640000,92.82807234296703
1787090700000,92.92963611632275
1787090760000,92.98041800300072
1787090820000,93.08198177635644
1787090880000,94.1991832832704
1787090940000,88.71473952205672
1787091000000,87.87976818172855
1787091060000,87.87976818172855
1787091120000,87.87976818172855
1787091180000,87.87976818172855
1787091240000,87.87976818172855
1787091300000,87.87976818172855
1787091360000,87.87976818172855
1787091420000,87.87976818172855
1787091480000,87.87976818172855
1787091540000,87.87976818172855
1787091600000,87.87976818172855
1787091660000,87.87976818172855
1787091720000,87.87976818172855
1787091780000,87.87976818172855
1787091840000,87.87976818172855
1787091900000,87.87976818172855
1787091960000,87.87976818172855
1787092020000,87.87976818172855
1787092080000,87.87976818172855
1787092140000,87.87976818172855
1787092200000,87.87976818172855
1787092260000,87.87976818172855
1787092320000,87.87976818172855
1787092380000,87.87976818172855
1787092440000,87.87976818172855
1787092500000,87.87976818172855
1787092560000,87.87976818172855
1787092620000,87.87976818172855
1787092680000,87.87976818172855
1787092740000,87.87976818172855
1787092800000,87.87976818172855
1787092860000,87.87976818172855
1787092920000,87.87976818172855
1787092980000,87.87976818172855
1787093040000,87.87976818172855
1787093100000,87.87976818172855
1787093160000,87.87976818172855
1787093220000,87.87976818172855
1787093280000,87.87976818172855
1787093340000,87.40029630834914
1787093400000,88.06939529049822
1787093460000,88.17233359544417
1787093520000,87.34882715587608
1787093580000,86.09765919470708
1787093640000,86.09765919470708
1787093700000,86.09765919470708
1787093760000,86.09765919470708
1787093820000,86.09765919470708
1787093880000,84.22776186250258
1787093940000,84.74303672727407
1787094000000,84.38234432193401
1787094060000,85.30983907852278
1787094120000,87.16482859170033
1787094180000,84.43387180841121
1787094240000,87.68010345647183
1787094300000,85.41289405147701
1787094360000,84.43387180841121
1787094420000,84.17623437602538
1787094480000,81.2391676468278
1787094540000,80.46625534967046
1787094600000,78.1255314839143
1787094660000,78.1255314839143
1787094720000,78.1255314839143
1787094780000,78.1255314839143
1787094840000,78.1255314839143
1787094900000,78.1255314839143
1787094960000,78.1255314839143
1787095020000,75.33606425812266
1787095080000,74.4456887048422
1787095140000,74.4456887048422
1787095200000,74.4456887048422
1787095260000,74.4456887048422
1787095320000,74.4456887048422
1787095380000,74.4456887048422
1787095440000,74.4456887048422
1787095500000,74.4456887048422
1787095560000,74.4456887048422
1787095620000,74.4456887048422
1787095680000,74.4456887048422
1787095740000,74.4456887048422
1787095800000,74.4456887048422
1787095860000,74.4456887048422
1787095920000,74.4456887048422
1787095980000,74.4456887048422
1787096040000,74.4456887048422
1787096100000,74.4456887048422
1787096160000,74.4456887048422
1787096220000,74.4456887048422
1787096280000,74.4456887048422
1787096340000,74.4456887048422
1787096400000,74.4456887048422
1787096460000,74.4456887048422
1787096520000,74.4456887048422
1787096580000,74.4456887048422
1787096640000,74.4456887048422
1787096700000,74.4456887048422
1787096760000,74.4456887048422
1787096820000,74.4456887048422
1787096880000,74.4456887048422
1787096940000,74.4456887048422
1787097000000,74.4456887048422
1787097060000,72.7862617667003
1787097120000,72.8373136478274
1787097180000,71.10154968950799
1787097240000,69.978408304713
1787097300000,70.59103087823759
1787097360000,69.26368196893439
1787097420000,71.2547053328891
1787097480000,70.3868233537294
1787097540000,70.28471959147538
1787097600000,73.55324991318876
1787097660000,72.88957545853725
1787097720000,74.77849506023777
1787097780000,73.60430179431569
1787097840000,74.98270258474597
1787097900000,77.58634852222508
1787097960000,82.9467960405646
1787098020000,85.49939009691663
1787098080000,84.98887128564623
1787098140000,84.63150811775692
1787098200000,79.57737188617979
1787098260000,78.37015529232532
1787098320000,78.37015529232532
1787098380000,78.37015529232532
1787098440000,78.37015529232532
1787098500000,78.37015529232532
1787098560000,78.37015529232532
1787098620000,78.37015529232532
1787098680000,78.37015529232532
1787098740000,78.37015529232532
1787098800000,78.37015529232532
1787098860000,78.37015529232532
1787098920000,78.37015529232532
1787098980000,78.37015529232532
1787099040000,78.37015529232532
1787099100000,78.37015529232532
1787099160000,78.37015529232532
1787099220000,78.37015529232532
1787099280000,78.37015529232532
1787099340000,78.37015529232532
1787099400000,78.37015529232532
1787099460000,78.37015529232532
1787099520000,78.37015529232532
1787099580000,78.37015529232532
1787099640000,78.37015529232532
1787099700000,78.37015529232532
1787099760000,78.37015529232532
1787099820000,78.37015529232532
1787099880000,78.37015529232532
1787099940000,78.37015529232532
1787100000000,78.37015529232532
1787100060000,78.37015529232532
1787100120000,78.37015529232532
1787100180000,78.37015529232532
1787100240000,78.37015529232532
1787100300000,78.37015529232532
1787100360000,78.37015529232532
1787100420000,78.37015529232532
1787100480000,78.37015529232532
1787100540000,78.37015529232532
1787100600000,78.37015529232532
1787100660000,78.37015529232532
1787100720000,78.37015529232532
1787100780000,78.37015529232532
1787100840000,78.37015529232532
1787100900000,78.37015529232532
1787100960000,78.37015529232532
1787101020000,78.37015529232532
1787101080000,78.37015529232532
1787101140000,78.37015529232532
1787101200000,78.37015529232532
1787101260000,78.37015529232532
1787101320000,78.37015529232532
1787101380000,78.37015529232532
1787101440000,78.37015529232532
1787101500000,78.37015529232532
1787101560000,78.37015529232532
1787101620000,78.37015529232532
1787101680000,78.37015529232532
1787101740000,78.37015529232532
1787101800000,78.37015529232532
1787101860000,78.37015529232532
1787101920000,78.37015529232532
1787101980000,78.37015529232532
1787102040000,78.37015529232532
1787102100000,78.37015529232532
1787102160000,78.37015529232532
1787102220000,78.37015529232532
1787102280000,78.37015529232532
1787102340000,78.37015529232532
1787102400000,78.37015529232532
1787102460000,78.37015529232532
1787102520000,78.37015529232532
1787102580000,78.37015529232532
1787102640000,78.37015529232532
1787102700000,78.37015529232532
1787102760000,78.37015529232532
1787102820000,78.37015529232532
1787102880000,78.37015529232532
1787102940000,78.37015529232532
1787103000000,78.37015529232532
1787103060000,78.37015529232532
1787103120000,78.37015529232532
1787103180000,78.37015529232532
1787103240000,78.37015529232532
1787103300000,78.37015529232532
1787103360000,78.37015529232532
1787103420000,78.37015529232532
1787103480000,78.37015529232532
1787103540000,78.37015529232532
1787103600000,78.37015529232532
1787103660000,78.37015529232532
1787103720000,78.37015529232532
1787103780000,78.37015529232532
1787103840000,78.37015529232532
1787103900000,78.37015529232532
1787103960000,78.37015529232532
1787104020000,78.37015529232532
1787104080000,78.37015529232532
1787104140000,78.37015529232532
1787104200000,78.37015529232532
1787104260000,78.37015529232532
1787104320000,78.37015529232532
1787104380000,78.37015529232532
1787104440000,78.37015529232532
1787104500000,78.37015529232532
1787104560000,78.37015529232532
1787104620000,78.08408928797576
1787104680000,77.77945795342615
1787104740000,76.45938883704434
1787104800000,77.8302298425178
1787104860000,75.2408634988457
1787104920000,79.04875518071646
1787104980000,79.25184273708292
1787105040000,78.4902644007087
1787105100000,76.61170450431915
1787105160000,75.54549483339531
1787105220000,74.63160082974629
1787105280000,77.42405472978486
1787105340000,74.47928516247148
1787105400000,71.58528748424958
1787105460000,73.66693493700578
1787105520000,74.47928516247148
1787105580000,78.43949251161703
1787105640000,77.93177362070095
1787105700000,77.01787961705209
1787105760000,77.93177362070095
1787105820000,77.88100173160946
1787105880000,79.30261462617457
1787105940000,78.43949251161703
1787106000000,77.88100173160946
1787106060000,78.74412384616683
1787106120000,78.38872062252555
1787106180000,78.4902644007087
1787106240000,80.06419296254862
1787106300000,79.35338651526607
1787106360000,79.04875518071646
1787106420000,79.04875518071646
1787106480000,79.0995270698081
1787106540000,78.89643951344163
1787106600000,79.35338651526607
1787106660000,78.6425800679835
1787106720000,77.44125341273778
1787106780000,77.44125341273778
1787106840000,77.44125341273778
1787106900000,77.44125341273778
1787106960000,77.44125341273778
1787107020000,77.44125341273778
1787107080000,77.44125341273778
1787107140000,77.44125341273778
1787107200000,77.44125341273778
1787107260000,77.44125341273778
1787107320000,77.44125341273778
1787107380000,77.44125341273778
1787107440000,77.44125341273778
1787107500000,77.44125341273778
1787107560000,77.44125341273778
1787107620000,77.44125341273778
1787107680000,77.44125341273778
1787107740000,77.44125341273778
1787107800000,77.44125341273778
1787107860000,77.44125341273778
1787107920000,75.27143381909858
1787107980000,74.37644354323152
1787108040000,74.37644354323152
1787108100000,74.37644354323152
1787108160000,74.37644354323152
1787108220000,74.37644354323152
1787108280000,74.37644354323152
1787108340000,74.37644354323152
1787108400000,74.37644354323152
1787108460000,74.37644354323152
1787108520000,74.37644354323152
1787108580000,74.37644354323152
1787108640000,74.37644354323152
1787108700000,74.37644354323152
1787108760000,74.37644354323152
1787108820000,74.37644354323152
1787108880000,74.37644354323152
1787108940000,74.37644354323152
1787109000000,74.37644354323152
1787109060000,74.37644354323152
1787109120000,74.37644354323152
1787109180000,74.37644354323152
1787109240000,74.37644354323152
1787109300000,74.37644354323152
1787109360000,74.37644354323152
1787109420000,74.37644354323152
1787109480000,74.37644354323152
1787109540000,74.37644354323152
1787109600000,74.37644354323152
1787109660000,74.37644354323152
1787109720000,74.37644354323152
1787109780000,74.37644354323152
1787109840000,74.37644354323152
1787109900000,74.37644354323152
1787109960000,74.37644354323152
1787110020000,74.37644354323152
1787110080000,74.37644354323152
1787110140000,74.37644354323152
1787110200000,74.37644354323152
1787110260000,74.37644354323152
1787110320000,74.37644354323152
1787110380000,74.37644354323152
1787110440000,74.37644354323152
1787110500000,74.37644354323152
1787110560000,74.37644354323152
1787110620000,74.37644354323152
1787110680000,74.37644354323152
1787110740000,74.37644354323152
1787110800000,74.37644354323152
1787110860000,74.37644354323152
1787110920000,74.37644354323152
1787110980000,74.37644354323152
1787111040000,74.37644354323152
1787111100000,74.37644354323152
1787111160000,74.37644354323152
1787111220000,74.37644354323152
1787111280000,74.37644354323152
1787111340000,74.37644354323152
1787111400000,74.37644354323152
1787111460000,74.37644354323152
1787111520000,74.37644354323152
1787111580000,74.37644354323152
1787111640000,74.37644354323152
1787111700000,74.37644354323152
1787111760000,74.37644354323152
1787111820000,74.37644354323152
1787111880000,74.37644354323152
1787111940000,74.37644354323152
1787112000000,74.37644354323152
1787112060000,74.37644354323152
1787112120000,73.68245521539109
1787112180000,81.67680776188594
1787112240000,84.00427749061213
1787112300000,85.01622085092805
1787112360000,87.59667641973327
1787112420000,85.82577553918061
1787112480000,83.80188881854912
1787112540000,82.18528867703893
1787112600000,82.18528867703893
1787112660000,82.18528867703893
1787112720000,82.18528867703893
1787112780000,82.18528867703893
1787112840000,82.18528867703893
1787112900000,82.18528867703893
1787112960000,82.18528867703893
1787113020000,82.18528867703893
1787113080000,82.18528867703893
1787113140000,82.18528867703893
1787113200000,82.18528867703893
1787113260000,82.18528867703893
1787113320000,82.18528867703893
1787113380000,82.18528867703893
1787113440000,82.18528867703893
1787113500000,82.18528867703893
1787113560000,82.18528867703893
1787113620000,82.18528867703893
1787113680000,82.18528867703893
1787113740000,82.18528867703893
1787113800000,82.18528867703893
1787113860000,82.18528867703893
1787113920000,82.18528867703893
1787113980000,82.18528867703893
1787114040000,82.18528867703893
1787114100000,82.18528867703893
1787114160000,82.18528867703893
1787114220000,82.18528867703893
1787114280000,82.18528867703893
1787114340000,82.18528867703893
1787114400000,82.18528867703893
1787114460000,82.18528867703893
1787114520000,82.18528867703893
1787114580000,82.18528867703893
1787114640000,82.18528867703893
1787114700000,82.18528867703893
1787114760000,82.18528867703893
1787114820000,82.18528867703893
1787114880000,82.18528867703893
1787114940000,82.18528867703893
1787115000000,82.18528867703893
1787115060000,82.18528867703893
1787115120000,82.18528867703893
1787115180000,82.18528867703893
1787115240000,82.18528867703893
1787115300000,82.18528867703893
1787115360000,82.18528867703893
1787115420000,82.18528867703893
1787115480000,82.18528867703893
1787115540000,82.18528867703893
1787115600000,82.18528867703893
1787115660000,82.18528867703893
1787115720000,82.18528867703893
1787115780000,82.18528867703893
1787115840000,82.18528867703893
1787115900000,82.18528867703893
1787115960000,82.18528867703893
1787116020000,78.96024479191433
1787116080000,77.94774285335268
1787116140000,78.25149343492126
1787116200000,78.04899304720894
1787116260000,77.79586756256847
1787116320000,78.55524401648968
1787116380000,78.65649421034576
1787116440000,79.56774595505115
1787116500000,77.49211698100007
1787116560000,77.5427420779282
1787116620000,74.15086058374703
1787116680000,73.99898529296283
1787116740000,72.89153200598004
1787116800000,72.89153200598004
1787116860000,72.89153200598004
1787116920000,72.89153200598004
1787116980000,72.89153200598004
1787117040000,72.89153200598004
1787117100000,72.89153200598004
1787117160000,72.89153200598004
1787117220000,72.89153200598004
1787117280000,72.89153200598004
1787117340000,72.89153200598004
1787117400000,72.89153200598004
1787117460000,72.89153200598004
1787117520000,72.89153200598004
1787117580000,72.89153200598004
1787117640000,72.89153200598004
1787117700000,72.89153200598004
1787117760000,72.89153200598004
1787117820000,72.89153200598004
1787117880000,72.89153200598004
1787117940000,72.89153200598004
1787118000000,72.89153200598004
1787118060000,72.89153200598004
1787118120000,72.89153200598004
1787118180000,72.89153200598004
1787118240000,72.89153200598004
1787118300000,72.89153200598004
1787118360000,72.89153200598004
1787118420000,72.89153200598004
1787118480000,72.89153200598004
1787118540000,72.89153200598004
1787118600000,72.89153200598004
1787118660000,72.89153200598004
1787118720000,72.89153200598004
1787118780000,72.89153200598004
1787118840000,72.89153200598004
1787118900000,72.89153200598004
1787118960000,72.89153200598004
1787119020000,72.89153200598004
1787119080000,72.89153200598004
1787119140000,72.89153200598004
1787119200000,72.89153200598004
1787119260000,72.89153200598004
1787119320000,72.89153200598004
1787119380000,72.89153200598004
1787119440000,72.89153200598004
1787119500000,72.89153200598004
1787119560000,72.89153200598004
1787119620000,72.89153200598004
1787119680000,72.89153200598004
1787119740000,72.89153200598004
1787119800000,72.89153200598004
1787119860000,72.89153200598004
1787119920000,72.70842051204295
1787119980000,71.74233842368172
1787120040000,72.25080268071387
1787120100000,72.09826340360425
1787120160000,69.9118670983658
1787120220000,69.55594211844327
1787120280000,68.58986003008222
1787120340000,70.1152528011787
1787120400000,70.7762563353205
1787120460000,68.28478147586297
1787120520000,68.30203149187703
1787120580000,68.30203149187703
1787120640000,68.30203149187703
1787120700000,68.30203149187703
1787120760000,68.30203149187703
1787120820000,68.30203149187703
1787120880000,68.30203149187703
1787120940000,68.30203149187703
1787121000000,68.30203149187703
1787121060000,68.30203149187703
1787121120000,68.30203149187703
1787121180000,68.30203149187703
1787121240000,68.30203149187703
1787121300000,68.30203149187703
1787121360000,68.30203149187703
1787121420000,68.30203149187703
1787121480000,68.30203149187703
1787121540000,68.30203149187703
1787121600000,67.71289393616328
1787121660000,66.89835733311311
1787121720000,65.01474143855933
1787121780000,63.94566214705588
1787121840000,63.589302383221394
1787121900000,62.82567431786192
1787121960000,62.469314554027434
1787122020000,62.16386332788346
1787122080000,62.36749747864605
1787122140000,61.90932063943036
1787122200000,62.36749747864605
1787122260000,62.21477186557416
1787122320000,62.11295479019295
1787122380000,62.418406016336746
1787122440000,62.62204016709933
1787122500000,61.3493267248333
1787122560000,60.63660719716433
1787122620000,62.520223091717945
1787122680000,62.77476578017122
1787122740000,63.283851157077606
1787122800000,62.418406016336746
1787122860000,62.31658894095536
1787122920000,60.789332810236225
1787122980000,60.58569865947364
1787123040000,60.127521820257954
1787123100000,61.50205233790519
1787123160000,62.21477186557416
1787123220000,61.400235262523985
1787123280000,61.70568648866778
1787123340000,61.2984181871426
1787123400000,60.992966960998814
1787123460000,62.97839993093381
1787123520000,60.33115597102054
1787123580000,60.127521820257954
1787123640000,56.60293149273501
1787123700000,56.754462265695274
1787123760000,56.703952008041796
1787123820000,57.108034069269294
1787123880000,56.40089046212126
1787123940000,55.340175051399214
1787124000000,54.380480155983946
1787124060000,55.08762376313198
1787124120000,56.350380204467776
1787124180000,56.148339173854026
1787124240000,56.905993038655545
1787124300000,57.20905458457608
1787124360000,54.936092990171716
1787124420000,54.6473537995437
1787124480000,54.6473537995437
1787124540000,54.6473537995437
1787124600000,54.6473537995437
1787124660000,54.6473537995437
1787124720000,54.6473537995437
1787124780000,54.6473537995437
1787124840000,54.6473537995437
1787124900000,54.6473537995437
1787124960000,54.6473537995437
1787125020000,54.6473537995437
1787125080000,54.6473537995437
1787125140000,54.6473537995437
1787125200000,54.6473537995437
1787125260000,54.6473537995437
1787125320000,54.6473537995437
1787125380000,54.6473537995437
1787125440000,54.6473537995437
1787125500000,54.6473537995437
1787125560000,54.6473537995437
1787125620000,54.6473537995437
1787125680000,54.6473537995437
1787125740000,54.6473537995437
1787125800000,54.6473537995437
1787125860000,54.6473537995437
1787125920000,54.6473537995437
1787125980000,54.6473537995437
1787126040000,54.6473537995437
1787126100000,54.6473537995437
1787126160000,54.6473537995437
1787126220000,54.6473537995437
1787126280000,54.6473537995437
1787126340000,54.6473537995437
1787126400000,54.6473537995437
1787126460000,54.6473537995437
1787126520000,54.6473537995437
1787126580000,54.6473537995437
1787126640000,54.6473537995437
1787126700000,54.6473537995437
1787126760000,54.6473537995437
1787126820000,54.6473537995437
1787126880000,54.6473537995437
1787126940000,54.6473537995437
1787127000000,54.6473537995437
1787127060000,54.6473537995437
1787127120000,54.6473537995437
1787127180000,54.6473537995437
1787127240000,54.6473537995437
1787127300000,54.6473537995437
1787127360000,54.6473537995437
1787127420000,54.6473537995437
1787127480000,54.6473537995437
1787127540000,54.6473537995437
1787127600000,54.6473537995437
1787127660000,54.6473537995437
1787127720000,54.6473537995437
1787127780000,54.6473537995437
1787127840000,54.6473537995437
1787127900000,54.6473537995437
1787127960000,54.6473537995437
1787128020000,54.6473537995437
1787128080000,54.6473537995437
1787128140000,49.63189224632062
1787128200000,48.42687288936445
1787128260000,48.42687288936445
1787128320000,48.42687288936445
1787128380000,48.42687288936445
1787128440000,48.42687288936445
1787128500000,48.42687288936445
1787128560000,48.42687288936445
1787128620000,48.42687288936445
1787128680000,48.42687288936445
1787128740000,48.42687288936445
1787128800000,48.42687288936445
1787128860000,48.42687288936445
1787128920000,48.42687288936445
1787128980000,48.42687288936445
1787129040000,48.42687288936445
1787129100000,48.42687288936445
1787129160000,48.42687288936445
1787129220000,48.42687288936445
1787129280000,48.42687288936445
1787129340000,48.42687288936445
1787129400000,48.42687288936445
1787129460000,48.42687288936445
1787129520000,48.42687288936445
1787129580000,48.42687288936445
1787129640000,48.42687288936445
1787129700000,48.42687288936445
1787129760000,48.42687288936445
1787129820000,48.42687288936445
1787129880000,48.42687288936445
1787129940000,48.42687288936445
1787130000000,48.42687288936445
1787130060000,48.42687288936445
1787130120000,48.42687288936445
1787130180000,48.42687288936445
1787130240000,48.42687288936445
1787130300000,48.42687288936445
1787130360000,48.42687288936445
1787130420000,48.42687288936445
1787130480000,48.42687288936445
1787130540000,48.42687288936445
1787130600000,48.42687288936445
1787130660000,48.42687288936445
1787130720000,48.42687288936445
1787130780000,48.42687288936445
1787130840000,48.42687288936445
1787130900000,48.42687288936445
1787130960000,48.42687288936445
1787131020000,48.42687288936445
1787131080000,48.42687288936445
1787131140000,48.42687288936445
1787131200000,48.42687288936445
1787131260000,48.42687288936445
1787131320000,48.42687288936445
1787131380000,48.42687288936445
1787131440000,48.42687288936445
1787131500000,48.42687288936445
1787131560000,48.42687288936445
1787131620000,48.42687288936445
1787131680000,48.42687288936445
1787131740000,48.42687288936445
1787131800000,48.42687288936445
1787131860000,48.42687288936445
1787131920000,48.42687288936445
1787131980000,48.42687288936445
1787132040000,48.42687288936445
1787132100000,48.42687288936445
1787132160000,48.42687288936445
1787132220000,48.42687288936445
1787132280000,48.42687288936445
1787132340000,48.42687288936445
1787132400000,48.42687288936445
1787132460000,48.42687288936445
1787132520000,48.42687288936445
1787132580000,48.42687288936445
1787132640000,48.42687288936445
1787132700000,49.61188464956082
1787132760000,49.21438935486164
1787132820000,44.69288037765892
1787132880000,44.04226089416072
1787132940000,44.04226089416072
1787133000000,44.04226089416072
1787133060000,44.04226089416072
1787133120000,44.04226089416072
1787133180000,44.04226089416072
1787133240000,44.04226089416072
1787133300000,44.04226089416072
1787133360000,44.04226089416072
1787133420000,44.04226089416072
1787133480000,44.04226089416072
1787133540000,44.04226089416072
1787133600000,44.04226089416072
1787133660000,44.04226089416072
1787133720000,44.04226089416072
1787133780000,44.04226089416072
1787133840000,44.04226089416072
1787133900000,44.04226089416072
1787133960000,44.04226089416072
1787134020000,44.04226089416072
1787134080000,44.04226089416072
1787134140000,44.04226089416072
1787134200000,44.04226089416072
1787134260000,44.04226089416072
1787134320000,44.04226089416072
1787134380000,44.04226089416072
1787134440000,44.04226089416072
1787134500000,44.04226089416072
1787134560000,44.04226089416072
1787134620000,44.04226089416072
1787134680000,44.04226089416072
1787134740000,44.04226089416072
1787134800000,44.04226089416072
1787134860000,44.04226089416072
1787134920000,44.04226089416072
1787134980000,44.04226089416072
1787135040000,44.04226089416072
1787135100000,44.04226089416072
1787135160000,44.04226089416072
1787135220000,44.04226089416072
1787135280000,44.04226089416072
1787135340000,44.04226089416072
1787135400000,44.04226089416072
1787135460000,44.04226089416072
1787135520000,44.04226089416072
1787135580000,44.04226089416072
1787135640000,44.04226089416072
1787135700000,44.04226089416072
1787135760000,44.04226089416072
1787135820000,44.04226089416072
1787135880000,44.04226089416072
1787135940000,44.04226089416072
1787136000000,44.04226089416072
1787136060000,44.04226089416072
1787136120000,44.04226089416072
1787136180000,44.04226089416072
1787136240000,44.04226089416072
1787136300000,44.04226089416072
1787136360000,44.04226089416072
1787136420000,44.04226089416072
1787136480000,44.04226089416072
1787136540000,44.04226089416072
1787136600000,44.04226089416072
1787136660000,44.04226089416072
1787136720000,44.04226089416072
1787136780000,44.04226089416072
1787136840000,44.04226089416072
1787136900000,44.04226089416072
1787136960000,44.04226089416072
1787137020000,44.04226089416072
1787137080000,44.04226089416072
1787137140000,44.04226089416072
1787137200000,44.04226089416072
1787137260000,44.04226089416072
1787137320000,44.04226089416072
1787137380000,44.04226089416072
1787137440000,44.04226089416072
1787137500000,44.04226089416072
1787137560000,44.04226089416072
1787137620000,44.04226089416072
1787137680000,44.04226089416072
1787137740000,44.04226089416072
1787137800000,44.04226089416072
1787137860000,44.04226089416072
1787137920000,44.04226089416072
1787137980000,44.04226089416072
1787138040000,44.04226089416072
1787138100000,44.04226089416072
1787138160000,44.04226089416072
1787138220000,44.04226089416072
1787138280000,44.04226089416072
1787138340000,44.04226089416072
1787138400000,44.04226089416072
1787138460000,44.04226089416072
1787138520000,44.04226089416072
1787138580000,44.04226089416072
1787138640000,44.04226089416072
1787138700000,44.04226089416072
1787138760000,44.04226089416072
1787138820000,44.04226089416072
1787138880000,44.04226089416072
1787138940000,44.04226089416072
1787139000000,44.04226089416072
1787139060000,44.04226089416072
1787139120000,44.04226089416072
1787139180000,44.04226089416072
1787139240000,44.83320023462388
1787139300000,40.55987870621188
1787139360000,35.9466338744033
1787139420000,34.68929894866202
1787139480000,34.68929894866202
1787139540000,34.68929894866202
1787139600000,34.68929894866202
1787139660000,34.68929894866202
1787139720000,34.68929894866202
1787139780000,34.68929894866202
1787139840000,34.68929894866202
1787139900000,34.68929894866202
1787139960000,34.68929894866202
1787140020000,34.68929894866202
1787140080000,34.68929894866202
1787140140000,34.68929894866202
1787140200000,34.68929894866202
1787140260000,34.68929894866202
1787140320000,34.68929894866202
1787140380000,34.68929894866202
1787140440000,34.68929894866202
1787140500000,34.68929894866202
1787140560000,34.68929894866202
1787140620000,34.68929894866202
1787140680000,34.68929894866202
1787140740000,34.68929894866202
1787140800000,34.68929894866202
1787140860000,34.68929894866202
1787140920000,34.68929894866202
1787140980000,34.68929894866202
1787141040000,34.68929894866202
1787141100000,34.68929894866202
1787141160000,34.68929894866202
1787141220000,34.68929894866202
1787141280000,34.68929894866202
1787141340000,34.68929894866202
1787141400000,34.68929894866202
1787141460000,34.68929894866202
1787141520000,34.68929894866202
1787141580000,34.68929894866202
1787141640000,34.68929894866202
1787141700000,34.68929894866202
1787141760000,34.68929894866202
1787141820000,34.68929894866202
1787141880000,34.68929894866202
1787141940000,34.68929894866202
1787142000000,34.68929894866202
1787142060000,34.68929894866202
1787142120000,34.68929894866202
1787142180000,34.68929894866202
1787142240000,34.68929894866202
1787142300000,34.68929894866202
1787142360000,34.68929894866202
1787142420000,34.68929894866202
1787142480000,34.68929894866202
1787142540000,34.68929894866202
1787142600000,34.68929894866202
1787142660000,34.68929894866202
1787142720000,34.68929894866202
1787142780000,34.68929894866202
1787142840000,34.68929894866202
1787142900000,34.68929894866202
1787142960000,34.68929894866202
1787143020000,34.68929894866202
1787143080000,34.68929894866202
1787143140000,34.68929894866202
1787143200000,34.68929894866202
1787143260000,34.68929894866202
1787143320000,34.68929894866202
1787143380000,34.68929894866202
1787143440000,34.68929894866202
1787143500000,34.68929894866202
1787143560000,34.68929894866202
1787143620000,34.68929894866202
1787143680000,34.68929894866202
1787143740000,34.68929894866202
1787143800000,34.68929894866202
1787143860000,34.68929894866202
1787143920000,34.68929894866202
1787143980000,34.68929894866202
1787144040000,34.68929894866202
1787144100000,34.68929894866202
1787144160000,34.68929894866202
1787144220000,34.68929894866202
1787144280000,34.68929894866202
1787144340000,34.68929894866202
1787144400000,34.68929894866202
1787144460000,34.68929894866202
1787144520000,34.68929894866202
1787144580000,34.68929894866202
1787144640000,34.68929894866202
1787144700000,34.68929894866202
1787144760000,34.68929894866202
1787144820000,34.68929894866202
1787144880000,34.68929894866202
1787144940000,34.68929894866202
1787145000000,34.68929894866202
1787145060000,34.68929894866202
1787145120000,34.68929894866202
1787145180000,34.68929894866202
1787145240000,34.68929894866202
1787145300000,34.68929894866202
1787145360000,34.68929894866202
1787145420000,34.68929894866202
1787145480000,34.68929894866202
1787145540000,34.68929894866202
1787145600000,34.68929894866202
1787145660000,34.68929894866202
1787145720000,34.68929894866202
1787145780000,34.68929894866202
1787145840000,34.68929894866202
1787145900000,34.68929894866202
1787145960000,34.68929894866202
1787146020000,34.68929894866202
1787146080000,34.68929894866202
1787146140000,34.68929894866202
1787146200000,34.68929894866202
1787146260000,34.68929894866202
1787146320000,34.68929894866202
1787146380000,34.68929894866202
1787146440000,34.68929894866202
1787146500000,34.68929894866202
1787146560000,34.68929894866202
1787146620000,34.68929894866202
1787146680000,34.68929894866202
1787146740000,34.68929894866202
1787146800000,34.68929894866202
1787146860000,34.68929894866202
1787146920000,34.68929894866202
1787146980000,34.68929894866202
1787147040000,34.68929894866202
1787147100000,34.68929894866202
1787147160000,34.68929894866202
1787147220000,30.671376265667508
1787147280000,31.5612339525074
1787147340000,32.253345486716185
1787147400000,39.12502429064622
1787147460000,38.136293527490864
1787147520000,34.280243551184725
1787147580000,33.143203173556074
1787147640000,33.291512788029365
1787147700000,36.30714161565343
1787147760000,35.170101238024614
1787147820000,35.219537776182435
1787147880000,35.41728392881354
1787147940000,35.07122816170914
1787148000000,35.41728392881354
1787148060000,33.785878169607045
1787148120000,35.12066469986679
1787148180000,34.131933936711434
1787148240000,34.97235508539351
1787148300000,34.97235508539351
1787148360000,34.626299318289114
1787148420000,34.725172394604755
1787148480000,35.41728392881354
1787148540000,34.230807013027075
1787148600000,35.36784739065572
1787148660000,35.516157005129
1787148720000,36.158832001179974
1787148780000,36.4060146919689
1787148840000,36.45545123012672
1787148900000,36.45545123012672
1787148960000,33.785878169607045
1787149020000,32.88276931533344
1787149080000,32.88276931533344
1787149140000,32.88276931533344
1787149200000,32.88276931533344
1787149260000,32.88276931533344
1787149320000,32.88276931533344
1787149380000,31.533867863663463
1787149440000,30.541458239207483
1787149500000,28.407777546626967
1787149560000,28.457398027849816
1787149620000,28.407777546626967
1787149680000,29.15208476496904
1787149740000,28.953602840077806
1787149800000,28.953602840077806
1787149860000,28.953602840077806
1787149920000,29.49942813352865
1787149980000,29.25132572741474
1787150040000,28.457398027849816
1787150100000,28.060434178067357
1787150160000,28.457398027849816
1787150220000,28.755120915186577
1787150280000,28.01081369684468
1787150340000,29.05284380252351
1787150400000,28.308536584181436
1787150460000,28.903982358855128
1787150520000,28.110054659290206
1787150580000,27.861952253176298
1787150640000,28.01081369684468
1787150700000,28.15967514051306
1787150760000,29.400187171083118
1787150820000,28.606259471518197
1787150880000,28.606259471518197
1787150940000,27.415367922170987
1787151000000,24.6366209736941
1787151060000,28.15967514051306
1787151120000,29.400187171083118
1787151180000,28.060434178067357
1787151240000,28.606259471518197
1787151300000,27.365747440948134
1787151360000,26.819922147497465
1787151420000,26.621440222606235
1787151480000,27.018404072388524
1787151540000,27.464988403393836
1787151600000,26.770301666274616
1787151660000,30.591078720430332
1787151720000,28.15967514051306
1787151780000,30.64069920165301
1787151840000,30.243735351870722
1787151900000,25.430548673259022
1787151960000,22.80066316845052
1787152020000,28.804741396409426
1787152080000,29.5490486147515
1787152140000,24.48775953002572
1787152200000,26.770301666274616
1787152260000,24.93434386103103
1787152320000,25.18244626714494
1787152380000,29.102464283746187
1787152440000,28.15967514051306
1787152500000,26.919163109942993
1787152560000,26.522199260160534
1787152620000,26.174855891600924
1787152680000,27.812331771953446
1787152740000,29.15208476496904
1787152800000,29.49942813352865
1787152860000,31.533867863663463
1787152920000,27.514608884616685
1787152980000,26.3091662184678
1787153040000,26.3091662184678
1787153100000,26.3091662184678
1787153160000,26.3091662184678
1787153220000,26.3091662184678
1787153280000,26.3091662184678
1787153340000,26.3091662184678
1787153400000,26.3091662184678
1787153460000,26.3091662184678
1787153520000,26.3091662184678
1787153580000,22.00393577664019
1787153640000,26.225162772627012
1787153700000,26.03108337051265
1787153760000,21.761336523997198
1787153820000,23.362491591440556
1787153880000,22.8287732356261
1787153940000,57.81158546673513
1787154000000,40.24739957538767
1787154060000,47.185738200975216
1787154120000,43.49822956080285
1787154180000,45.487543432474766
1787154240000,40.198879724859204
1787154300000,35.73505347622939
1787154360000,38.25808570371576
1787154420000,34.08537855825757
1787154480000,35.58949392464366
1787154540000,37.09360929102975
1787154600000,33.60018005297175
1787154660000,31.51382648024257
1787154720000,37.62732764684421
1787154780000,37.142129141558385
1787154840000,34.91021601724348
1787154900000,35.055775568829205
1787154960000,32.726822743457205
1787155020000,35.152815269886474
1787155080000,33.30906094980012
1787155140000,32.96942199610003
1787155200000,35.54980925165882
1787155260000,30.794863899857546
1787155320000,31.86230061148645
1787155380000,33.46345567892964
1787155440000,34.482372540029914
1787155500000,35.307209999015825
1787155560000,35.937968055887545
1787155620000,37.24800402015927
1787155680000,38.75211938654537
1787155740000,44.137822795218185
1787155800000,43.60410443940374
1787155860000,40.25623475293146
1787155920000,40.20771490240283
1787155980000,42.48814787724636
1787156040000,39.33435759288828
1787156100000,40.78995310874591
1787156160000,40.88699280980301
1787156220000,38.266920881259544
1787156280000,35.25869014848736
1787156340000,34.82201149373
1787156400000,39.188798041302555
1787156460000,37.15096431910201
1787156520000,36.665765813816186
1787156580000,38.60655983495964
1787156640000,42.77926698041783
1787156700000,40.547353856102916
1787156760000,37.97580177808809
1787156820000,41.808869969846185
1787156880000,39.04323848971683
1787156940000,36.85984521593055
1787157000000,33.70605493157264
1787157060000,28.90258972924273
1787157120000,26.63186722616511
1787157180000,26.63186722616511
1787157240000,26.63186722616511
1787157300000,26.63186722616511
1787157360000,26.63186722616511
1787157420000,26.63186722616511
1787157480000,26.63186722616511
1787157540000,26.63186722616511
1787157600000,26.63186722616511
1787157660000,26.63186722616511
1787157720000,26.63186722616511
1787157780000,26.63186722616511
1787157840000,26.63186722616511
1787157900000,26.63186722616511
1787157960000,26.63186722616511
1787158020000,26.63186722616511
1787158080000,26.63186722616511
1787158140000,26.63186722616511
1787158200000,26.63186722616511
1787158260000,26.63186722616511
1787158320000,26.63186722616511
1787158380000,26.63186722616511
1787158440000,26.63186722616511
1787158500000,26.63186722616511
1787158560000,26.63186722616511
1787158620000,26.63186722616511
1787158680000,26.63186722616511
1787158740000,26.63186722616511
1787158800000,26.63186722616511
1787158860000,26.63186722616511
1787158920000,26.63186722616511
1787158980000,26.63186722616511
1787159040000,26.63186722616511
1787159100000,26.63186722616511
1787159160000,26.63186722616511
1787159220000,26.63186722616511
1787159280000,26.63186722616511
1787159340000,26.63186722616511
1787159400000,26.63186722616511
1787159460000,26.63186722616511
1787159520000,26.63186722616511
1787159580000,26.63186722616511
1787159640000,26.63186722616511
1787159700000,26.63186722616511
1787159760000,26.63186722616511
1787159820000,26.63186722616511
1787159880000,26.63186722616511
1787159940000,26.63186722616511
1787160000000,26.63186722616511
1787160060000,26.63186722616511
1787160120000,26.63186722616511
1787160180000,26.63186722616511
1787160240000,26.63186722616511
1787160300000,26.63186722616511
1787160360000,26.63186722616511
1787160420000,26.63186722616511
1787160480000,26.63186722616511
1787160540000,26.63186722616511
1787160600000,26.63186722616511
1787160660000,26.63186722616511
1787160720000,26.63186722616511
1787160780000,26.63186722616511
1787160840000,26.63186722616511
1787160900000,26.63186722616511
1787160960000,26.63186722616511
1787161020000,26.63186722616511
1787161080000,26.63186722616511
1787161140000,26.63186722616511
1787161200000,26.63186722616511
1787161260000,26.63186722616511
1787161320000,26.63186722616511
1787161380000,26.63186722616511
1787161440000,26.63186722616511
1787161500000,26.63186722616511
1787161560000,26.63186722616511
1787161620000,26.63186722616511
1787161680000,26.63186722616511
1787161740000,26.63186722616511
1787161800000,26.63186722616511
1787161860000,26.63186722616511
1787161920000,26.63186722616511
1787161980000,26.63186722616511
1787162040000,26.63186722616511
1787162100000,26.63186722616511
1787162160000,26.63186722616511
1787162220000,26.63186722616511
1787162280000,26.63186722616511
1787162340000,26.63186722616511
1787162400000,26.63186722616511
1787162460000,26.63186722616511
1787162520000,26.63186722616511
1787162580000,26.63186722616511
1787162640000,26.63186722616511
1787162700000,26.63186722616511
1787162760000,26.63186722616511
1787162820000,26.63186722616511
1787162880000,26.63186722616511
1787162940000,26.63186722616511
1787163000000,26.63186722616511
1787163060000,26.63186722616511
1787163120000,26.63186722616511
1787163180000,26.63186722616511
1787163240000,26.63186722616511
1787163300000,26.63186722616511
1787163360000,26.63186722616511
1787163420000,26.63186722616511
1787163480000,26.63186722616511
1787163540000,26.63186722616511
1787163600000,26.63186722616511
1787163660000,26.63186722616511
1787163720000,26.63186722616511
1787163780000,26.63186722616511
1787163840000,26.63186722616511
1787163900000,26.63186722616511
1787163960000,26.63186722616511
1787164020000,26.63186722616511
1787164080000,26.63186722616511
1787164140000,26.63186722616511
1787164200000,26.63186722616511
1787164260000,26.63186722616511
1787164320000,26.63186722616511
1787164380000,26.63186722616511
1787164440000,26.63186722616511
1787164500000,26.63186722616511
1787164560000,26.63186722616511
1787164620000,26.63186722616511
1787164680000,26.63186722616511
1787164740000,26.63186722616511
1787164800000,26.63186722616511
1787164860000,26.63186722616511
1787164920000,26.63186722616511
1787164980000,26.63186722616511
1787165040000,26.63186722616511
1787165100000,26.63186722616511
1787165160000,26.63186722616511
1787165220000,26.63186722616511
1787165280000,26.63186722616511
1787165340000,26.63186722616511
1787165400000,26.63186722616511
1787165460000,26.63186722616511
1787165520000,26.63186722616511
1787165580000,26.63186722616511
1787165640000,26.63186722616511
1787165700000,26.63186722616511
1787165760000,26.63186722616511
1787165820000,26.63186722616511
1787165880000,26.63186722616511
1787165940000,26.63186722616511
1787166000000,26.63186722616511
1787166060000,26.63186722616511
1787166120000,26.63186722616511
1787166180000,26.63186722616511
1787166240000,26.63186722616511
1787166300000,26.63186722616511
1787166360000,26.63186722616511
1787166420000,26.63186722616511
1787166480000,26.63186722616511
1787166540000,26.63186722616511
1787166600000,26.63186722616511
1787166660000,26.63186722616511
1787166720000,26.63186722616511
1787166780000,26.63186722616511
1787166840000,26.63186722616511
1787166900000,26.63186722616511
1787166960000,26.63186722616511
1787167020000,26.63186722616511
1787167080000,26.63186722616511
1787167140000,26.63186722616511
1787167200000,26.63186722616511
1787167260000,26.63186722616511
1787167320000,26.63186722616511
1787167380000,26.63186722616511
1787167440000,26.63186722616511
1787167500000,26.63186722616511
1787167560000,26.63186722616511
1787167620000,26.63186722616511
1787167680000,26.63186722616511
1787167740000,26.63186722616511
1787167800000,26.63186722616511
1787167860000,26.63186722616511
1787167920000,26.63186722616511
1787167980000,26.63186722616511
1787168040000,26.63186722616511
1787168100000,26.63186722616511
1787168160000,26.63186722616511
1787168220000,26.63186722616511
1787168280000,26.63186722616511
1787168340000,26.63186722616511
1787168400000,26.63186722616511
1787168460000,26.63186722616511
1787168520000,26.63186722616511
1787168580000,26.63186722616511
1787168640000,26.63186722616511
1787168700000,26.63186722616511
1787168760000,26.63186722616511
1787168820000,26.63186722616511
1787168880000,26.63186722616511
1787168940000,26.63186722616511
1787169000000,26.63186722616511
1787169060000,26.63186722616511
1787169120000,26.63186722616511
1787169180000,26.63186722616511
1787169240000,26.63186722616511
1787169300000,26.63186722616511
1787169360000,26.63186722616511
1787169420000,26.63186722616511
1787169480000,26.63186722616511
1787169540000,26.63186722616511
1787169600000,26.63186722616511
1787169660000,26.63186722616511
1787169720000,26.63186722616511
1787169780000,26.63186722616511
1787169840000,26.63186722616511
1787169900000,26.63186722616511
1787169960000,26.63186722616511
1787170020000,26.63186722616511
1787170080000,26.63186722616511
1787170140000,26.63186722616511
1787170200000,23.44210370334904
1787170260000,21.695029397658146
1787170320000,20.490104404896385
1787170380000,20.490104404896385
1787170440000,20.490104404896385
1787170500000,20.490104404896385
1787170560000,20.490104404896385
1787170620000,20.490104404896385
1787170680000,20.490104404896385
1787170740000,20.490104404896385
1787170800000,20.490104404896385
1787170860000,20.490104404896385
1787170920000,20.490104404896385
1787170980000,20.490104404896385
1787171040000,20.490104404896385
1787171100000,20.490104404896385
1787171160000,20.490104404896385
1787171220000,20.490104404896385
1787171280000,20.490104404896385
1787171340000,20.490104404896385
1787171400000,20.490104404896385
1787171460000,20.490104404896385
1787171520000,20.490104404896385
1787171580000,20.490104404896385
1787171640000,20.490104404896385
1787171700000,20.490104404896385
1787171760000,20.490104404896385
1787171820000,20.490104404896385
1787171880000,20.490104404896385
1787171940000,20.490104404896385
1787172000000,20.490104404896385
1787172060000,20.490104404896385
1787172120000,20.490104404896385
1787172180000,20.490104404896385
1787172240000,20.490104404896385
1787172300000,20.490104404896385
1787172360000,20.490104404896385
1787172420000,20.490104404896385
1787172480000,20.490104404896385
1787172540000,20.490104404896385
1787172600000,20.490104404896385
1787172660000,20.490104404896385
1787172720000,20.490104404896385
1787172780000,20.490104404896385
1787172840000,19.194198901001407
1787172900000,17.994880202292094
1787172960000,16.796874172290437
1787173020000,16.796874172290437
1787173080000,16.796874172290437
1787173140000,16.796874172290437
1787173200000,16.796874172290437
1787173260000,16.796874172290437
1787173320000,16.796874172290437
1787173380000,16.796874172290437
1787173440000,16.796874172290437
1787173500000,16.796874172290437
1787173560000,16.796874172290437
1787173620000,16.796874172290437
1787173680000,13.929945728710903
1787173740000,17.54964861740144
1787173800000,19.88340442721511
1787173860000,21.83613888032446
1787173920000,19.88340442721511
1787173980000,22.360043245792856
1787174040000,19.121361713806635
1787174100000,17.978297643693843
1787174160000,18.454574339574158
1787174220000,18.02592531328176
1787174280000,18.073552982869842
1787174340000,20.169170444743266
1787174400000,19.74052141845103
1787174460000,20.169170444743266
1787174520000,20.216798114331347
1787174580000,20.788330149387825
1787174640000,20.883585488563824
1787174700000,21.40748985403222
1787174760000,21.69325587156038
1787174820000,20.40730879268351
1787174880000,17.644903956577604
1787174940000,18.02592531328176
1787175000000,16.78760590399297
1787175060000,16.45421221687673
1787175120000,16.930488912757045
1787175180000,17.025744251933045
1787175240000,15.977935520996413
1787175300000,17.073371921521126
1787175360000,18.168808322045837
1787175420000,16.978116582345127
1787175480000,14.977754459647699
1787175540000,13.778937239478985
1787175600000,13.778937239478985
1787175660000,13.778937239478985
1787175720000,13.778937239478985
1787175780000,13.778937239478985
1787175840000,13.778937239478985
1787175900000,13.778937239478985
1787175960000,13.778937239478985
1787176020000,13.778937239478985
1787176080000,13.778937239478985
1787176140000,13.778937239478985
1787176200000,13.778937239478985
1787176260000,13.778937239478985
1787176320000,13.778937239478985
1787176380000,13.778937239478985
1787176440000,13.778937239478985
1787176500000,13.778937239478985
1787176560000,13.778937239478985
1787176620000,13.778937239478985
1787176680000,13.778937239478985
1787176740000,13.778937239478985
1787176800000,13.778937239478985
1787176860000,13.778937239478985
1787176920000,13.778937239478985
1787176980000,13.778937239478985
1787177040000,13.778937239478985
1787177100000,13.778937239478985
1787177160000,13.778937239478985
1787177220000,13.778937239478985
1787177280000,13.778937239478985
1787177340000,13.778937239478985
1787177400000,13.778937239478985
1787177460000,13.778937239478985
1787177520000,13.778937239478985
1787177580000,13.778937239478985
1787177640000,13.778937239478985
1787177700000,13.778937239478985
1787177760000,13.778937239478985
1787177820000,13.778937239478985
1787177880000,13.778937239478985
1787177940000,13.778937239478985
1787178000000,13.778937239478985
1787178060000,13.778937239478985
1787178120000,13.778937239478985
1787178180000,13.778937239478985
1787178240000,13.778937239478985
1787178300000,13.778937239478985
1787178360000,13.778937239478985
1787178420000,13.778937239478985
1787178480000,13.778937239478985
1787178540000,13.778937239478985
1787178600000,13.778937239478985
1787178660000,13.778937239478985
1787178720000,13.778937239478985
1787178780000,13.387466382656006
1787178840000,13.387466382656006
1787178900000,13.292340600164303
1787178960000,13.387466382656006
1787179020000,11.722765189052868
1787179080000,10.771507364136838
1787179140000,12.6740230139689
1787179200000,12.62646012272305
1787179260000,11.722765189052868
1787179320000,12.150831210265034
1787179380000,12.055705427773496
1787179440000,14.05334686009726
1787179500000,15.908299618683637
1787179560000,18.191318398482178
1787179620000,17.24006057356598
1787179680000,16.811994552353816
1787179740000,16.621742987370578
1787179800000,17.66812659477831
1787179860000,18.381569963465417
1787179920000,17.763252377269847
1787179980000,17.763252377269847
1787180040000,17.002246117337055
1787180100000,15.711874980196562
1787180160000,15.711874980196562
1787180220000,15.711874980196562
1787180280000,15.711874980196562
1787180340000,15.711874980196562
1787180400000,15.711874980196562
1787180460000,15.711874980196562
1787180520000,15.711874980196562
1787180580000,15.711874980196562
1787180640000,15.711874980196562
1787180700000,15.711874980196562
1787180760000,15.711874980196562
1787180820000,15.711874980196562
1787180880000,15.711874980196562
1787180940000,15.711874980196562
1787181000000,15.711874980196562
1787181060000,15.711874980196562
1787181120000,15.711874980196562
1787181180000,15.711874980196562
1787181240000,15.711874980196562
1787181300000,15.711874980196562
1787181360000,15.711874980196562
1787181420000,15.711874980196562
1787181480000,15.711874980196562
1787181540000,15.711874980196562
1787181600000,15.711874980196562
1787181660000,15.711874980196562
1787181720000,15.711874980196562
1787181780000,15.711874980196562
1787181840000,15.711874980196562
1787181900000,15.711874980196562
1787181960000,15.711874980196562
1787182020000,15.711874980196562
1787182080000,15.711874980196562
1787182140000,15.711874980196562
1787182200000,15.711874980196562
1787182260000,15.711874980196562
1787182320000,15.711874980196562
1787182380000,15.711874980196562
1787182440000,15.711874980196562
1787182500000,15.711874980196562
1787182560000,13.359586090123598
1787182620000,12.590375002190209
1787182680000,12.590375002190209
1787182740000,12.590375002190209
1787182800000,12.590375002190209
1787182860000,12.590375002190209
1787182920000,12.590375002190209
1787182980000,12.590375002190209
1787183040000,12.590375002190209
1787183100000,12.590375002190209
1787183160000,12.590375002190209
1787183220000,12.590375002190209
1787183280000,12.590375002190209
1787183340000,12.590375002190209
1787183400000,12.590375002190209
1787183460000,12.590375002190209
1787183520000,12.590375002190209
1787183580000,12.590375002190209
1787183640000,12.590375002190209
1787183700000,12.590375002190209
1787183760000,12.590375002190209
1787183820000,12.590375002190209
1787183880000,12.590375002190209
1787183940000,12.590375002190209
1787184000000,12.590375002190209
1787184060000,12.590375002190209
1787184120000,12.590375002190209
1787184180000,12.590375002190209
1787184240000,12.590375002190209
1787184300000,12.590375002190209
1787184360000,12.590375002190209
1787184420000,12.590375002190209
1787184480000,12.590375002190209
1787184540000,12.590375002190209
1787184600000,12.590375002190209
1787184660000,12.590375002190209
1787184720000,12.590375002190209
1787184780000,12.590375002190209
1787184840000,12.590375002190209
1787184900000,12.590375002190209
1787184960000,12.590375002190209
1787185020000,12.590375002190209
1787185080000,12.590375002190209
1787185140000,12.590375002190209
1787185200000,12.590375002190209
1787185260000,12.590375002190209
1787185320000,12.590375002190209
1787185380000,12.590375002190209
1787185440000,12.590375002190209
1787185500000,12.590375002190209
1787185560000,12.590375002190209
1787185620000,12.590375002190209
1787185680000,12.590375002190209
1787185740000,12.590375002190209
1787185800000,12.590375002190209
1787185860000,12.590375002190209
1787185920000,12.590375002190209
1787185980000,12.590375002190209
1787186040000,12.590375002190209
1787186100000,12.590375002190209
1787186160000,12.590375002190209
1787186220000,12.590375002190209
1787186280000,12.590375002190209
1787186340000,12.590375002190209
1787186400000,12.590375002190209
1787186460000,12.590375002190209
1787186520000,12.590375002190209
1787186580000,12.590375002190209
1787186640000,12.590375002190209
1787186700000,12.590375002190209
1787186760000,12.679924933992288
1787186820000,12.584405679192155
1787186880000,13.109761580592394
1787186940000,14.733588912193014
1787187000000,18.315560967194553
1787187060000,15.784300714993492
1787187120000,18.22004171239442
1787187180000,21.32441749339579
1787187240000,23.18704296199641
1787187300000,26.769015016997955
1787187360000,29.30027526919902
1787187420000,30.7808237185996
1787187480000,30.828583345999505
1787187540000,36.5597386340019
1787187600000,35.509026831201425
1787187660000,40.141710689003276
1787187720000,37.94476782860235
1787187780000,31.64049701179981
1787187840000,30.655152502408043
1787187900000,30.655152502408043
1787187960000,30.655152502408043
1787188020000,30.655152502408043
1787188080000,30.655152502408043
1787188140000,30.655152502408043
1787188200000,30.655152502408043
1787188260000,30.655152502408043
1787188320000,30.655152502408043
1787188380000,30.655152502408043
1787188440000,30.655152502408043
1787188500000,30.655152502408043
1787188560000,30.655152502408043
1787188620000,30.655152502408043
1787188680000,30.655152502408043
1787188740000,30.655152502408043
1787188800000,30.655152502408043
1787188860000,30.655152502408043
1787188920000,30.655152502408043
1787188980000,30.655152502408043
1787189040000,30.655152502408043
1787189100000,30.655152502408043
1787189160000,30.655152502408043
1787189220000,30.655152502408043
1787189280000,30.655152502408043
1787189340000,30.655152502408043
1787189400000,30.655152502408043
1787189460000,30.655152502408043
1787189520000,30.655152502408043
1787189580000,30.655152502408043
1787189640000,30.655152502408043
1787189700000,30.655152502408043
1787189760000,30.655152502408043
1787189820000,30.655152502408043
1787189880000,30.655152502408043
1787189940000,30.655152502408043
1787190000000,30.655152502408043
1787190060000,30.655152502408043
1787190120000,30.655152502408043
1787190180000,30.655152502408043
1787190240000,30.655152502408043
1787190300000,30.655152502408043
1787190360000,30.655152502408043
1787190420000,30.655152502408043
1787190480000,30.655152502408043
1787190540000,30.655152502408043
1787190600000,30.655152502408043
1787190660000,30.655152502408043
1787190720000,30.655152502408043
1787190780000,30.655152502408043
1787190840000,30.655152502408043
1787190900000,30.655152502408043
1787190960000,30.655152502408043
1787191020000,30.655152502408043
1787191080000,30.655152502408043
1787191140000,30.655152502408043
1787191200000,30.655152502408043
1787191260000,30.655152502408043
1787191320000,30.655152502408043
1787191380000,31.217705439743618
1787191440000,31.217705439743618
1787191500000,28.121258373610893
1787191560000,27.25308114700537
1787191620000,27.25308114700537
1787191680000,27.25308114700537
1787191740000,27.25308114700537
1787191800000,27.25308114700537
1787191860000,27.25308114700537
1787191920000,27.25308114700537
1787191980000,27.25308114700537
1787192040000,25.050214648664003
1787192100000,23.856373588735586
1787192160000,22.701108016642753
1787192220000,22.701108016642753
1787192280000,22.701108016642753
1787192340000,22.701108016642753
1787192400000,22.701108016642753
1787192460000,22.701108016642753
1787192520000,22.701108016642753
1787192580000,22.701108016642753
1787192640000,22.701108016642753
1787192700000,22.701108016642753
1787192760000,21.11878334378708
1787192820000,22.982421084951522
1787192880000,22.265637338349773
1787192940000,23.26913458359215
1787193000000,24.36820299504802
1787193060000,23.460276916019296
1787193120000,22.40899408767009
1787193180000,21.209643692532524
1787193240000,21.209643692532524
1787193300000,21.209643692532524
1787193360000,21.209643692532524
1787193420000,21.209643692532524
1787193480000,21.209643692532524
1787193540000,21.209643692532524
1787193600000,21.209643692532524
1787193660000,21.209643692532524
1787193720000,21.209643692532524
1787193780000,21.209643692532524
1787193840000,21.209643692532524
1787193900000,21.209643692532524
1787193960000,21.209643692532524
1787194020000,21.209643692532524
1787194080000,21.209643692532524
1787194140000,21.209643692532524
1787194200000,21.209643692532524
1787194260000,21.209643692532524
1787194320000,21.209643692532524
1787194380000,21.209643692532524
1787194440000,21.209643692532524
1787194500000,21.209643692532524
1787194560000,21.209643692532524
1787194620000,21.209643692532524
1787194680000,21.209643692532524
1787194740000,21.209643692532524
1787194800000,21.209643692532524
1787194860000,21.209643692532524
1787194920000,21.209643692532524
1787194980000,21.209643692532524
1787195040000,21.209643692532524
1787195100000,21.209643692532524
1787195160000,21.209643692532524
1787195220000,21.209643692532524
1787195280000,21.209643692532524
1787195340000,21.209643692532524
1787195400000,21.209643692532524
1787195460000,21.209643692532524
1787195520000,21.209643692532524
1787195580000,21.209643692532524
1787195640000,21.209643692532524
1787195700000,21.209643692532524
1787195760000,21.209643692532524
1787195820000,21.209643692532524
1787195880000,21.209643692532524
1787195940000,21.209643692532524
1787196000000,21.209643692532524
1787196060000,21.209643692532524
1787196120000,21.209643692532524
1787196180000,21.209643692532524
1787196240000,21.209643692532524
1787196300000,21.209643692532524
1787196360000,21.209643692532524
1787196420000,21.209643692532524
1787196480000,21.209643692532524
1787196540000,21.209643692532524
1787196600000,21.209643692532524
1787196660000,21.209643692532524
1787196720000,21.209643692532524
1787196780000,21.209643692532524
1787196840000,21.209643692532524
1787196900000,21.209643692532524
1787196960000,21.209643692532524
1787197020000,21.209643692532524
1787197080000,21.209643692532524
1787197140000,21.209643692532524
1787197200000,21.209643692532524
1787197260000,21.209643692532524
1787197320000,21.209643692532524
1787197380000,21.209643692532524
1787197440000,21.209643692532524
1787197500000,21.209643692532524
1787197560000,21.209643692532524
1787197620000,21.209643692532524
1787197680000,21.209643692532524
1787197740000,21.209643692532524
1787197800000,21.209643692532524
1787197860000,21.209643692532524
1787197920000,21.209643692532524
1787197980000,21.209643692532524
1787198040000,21.209643692532524
1787198100000,21.209643692532524
1787198160000,21.209643692532524
1787198220000,21.209643692532524
1787198280000,21.209643692532524
1787198340000,21.209643692532524
1787198400000,21.209643692532524
1787198460000,21.209643692532524
1787198520000,21.209643692532524
1787198580000,21.209643692532524
1787198640000,21.209643692532524
1787198700000,20.250441642635344
1787198760000,19.865100909668254
1787198820000,19.961436092909985
1787198880000,19.479760176701
1787198940000,20.057771276151716
1787199000000,20.78028515046528
1787199060000,21.888139757745932
1787199120000,19.479760176701
1787199180000,19.098516010699413
1787199240000,19.098516010699413
1787199300000,19.098516010699413
1787199360000,19.098516010699413
1787199420000,19.098516010699413
1787199480000,19.098516010699413
1787199540000,19.098516010699413
1787199600000,19.098516010699413
1787199660000,19.098516010699413
1787199720000,19.098516010699413
1787199780000,16.548222826851784
1787199840000,15.728426255802383
1787199900000,15.201318548932383
1787199960000,15.201318548932383
1787200020000,15.201318548932383
1787200080000,15.201318548932383
1787200140000,15.201318548932383
1787200200000,15.201318548932383
1787200260000,15.201318548932383
1787200320000,15.201318548932383
1787200380000,15.201318548932383
1787200440000,15.201318548932383
1787200500000,15.201318548932383
1787200560000,15.201318548932383
1787200620000,15.201318548932383
1787200680000,15.201318548932383
1787200740000,15.201318548932383
1787200800000,15.201318548932383
1787200860000,15.201318548932383
1787200920000,15.201318548932383
1787200980000,15.201318548932383
1787201040000,15.201318548932383
1787201100000,15.201318548932383
1787201160000,15.201318548932383
1787201220000,15.201318548932383
1787201280000,15.201318548932383
1787201340000,15.201318548932383
1787201400000,15.201318548932383
1787201460000,15.201318548932383
1787201520000,15.201318548932383
1787201580000,15.201318548932383
1787201640000,15.201318548932383
1787201700000,15.201318548932383
1787201760000,15.201318548932383
1787201820000,15.201318548932383
1787201880000,15.201318548932383
1787201940000,15.201318548932383
1787202000000,15.201318548932383
1787202060000,15.201318548932383
1787202120000,15.201318548932383
1787202180000,15.201318548932383
1787202240000,15.201318548932383
1787202300000,15.201318548932383
1787202360000,15.201318548932383
1787202420000,15.201318548932383
1787202480000,15.201318548932383
1787202540000,15.201318548932383
1787202600000,15.201318548932383
1787202660000,15.201318548932383
1787202720000,15.201318548932383
1787202780000,15.201318548932383
1787202840000,15.201318548932383
1787202900000,15.201318548932383
1787202960000,15.201318548932383
1787203020000,15.201318548932383
1787203080000,15.201318548932383
1787203140000,15.201318548932383
1787203200000,15.201318548932383
1787203260000,15.201318548932383
1787203320000,15.201318548932383
1787203380000,15.201318548932383
1787203440000,15.201318548932383
1787203500000,15.201318548932383
1787203560000,15.201318548932383
1787203620000,15.201318548932383
1787203680000,15.201318548932383
1787203740000,15.201318548932383
1787203800000,15.201318548932383
1787203860000,15.201318548932383
1787203920000,15.201318548932383
1787203980000,15.201318548932383
1787204040000,15.201318548932383
1787204100000,15.201318548932383
1787204160000,15.201318548932383
1787204220000,15.201318548932383
1787204280000,15.201318548932383
1787204340000,15.201318548932383
1787204400000,15.201318548932383
1787204460000,15.201318548932383
1787204520000,15.201318548932383
1787204580000,15.201318548932383
1787204640000,15.201318548932383
1787204700000,15.201318548932383
1787204760000,15.201318548932383
1787204820000,15.201318548932383
1787204880000,15.201318548932383
1787204940000,15.201318548932383
1787205000000,15.201318548932383
1787205060000,15.201318548932383
1787205120000,15.201318548932383
1787205180000,15.201318548932383
1787205240000,15.201318548932383
1787205300000,15.201318548932383
1787205360000,15.201318548932383
1787205420000,15.201318548932383
1787205480000,15.201318548932383
1787205540000,15.201318548932383
1787205600000,15.201318548932383
1787205660000,15.201318548932383
1787205720000,15.201318548932383
1787205780000,15.201318548932383
1787205840000,15.201318548932383
1787205900000,15.201318548932383
1787205960000,15.201318548932383
1787206020000,15.201318548932383
1787206080000,15.201318548932383
1787206140000,15.201318548932383
1787206200000,15.201318548932383
1787206260000,15.201318548932383
1787206320000,15.201318548932383
1787206380000,15.201318548932383
1787206440000,15.201318548932383
1787206500000,15.201318548932383
1787206560000,15.201318548932383
1787206620000,15.201318548932383
1787206680000,15.201318548932383
1787206740000,15.201318548932383
1787206800000,15.201318548932383
1787206860000,15.201318548932383
1787206920000,15.201318548932383
1787206980000,15.201318548932383
1787207040000,15.201318548932383
1787207100000,15.201318548932383
1787207160000,15.201318548932383
1787207220000,15.201318548932383
1787207280000,15.201318548932383
1787207340000,15.201318548932383
1787207400000,15.201318548932383
1787207460000,15.201318548932383
1787207520000,15.201318548932383
1787207580000,15.201318548932383
1787207640000,15.201318548932383
1787207700000,15.201318548932383
1787207760000,15.201318548932383
1787207820000,15.201318548932383
1787207880000,15.201318548932383
1787207940000,15.201318548932383
1787208000000,15.201318548932383
1787208060000,15.201318548932383
1787208120000,15.201318548932383
1787208180000,15.201318548932383
1787208240000,15.201318548932383
1787208300000,15.201318548932383
1787208360000,15.201318548932383
1787208420000,15.201318548932383
1787208480000,15.201318548932383
1787208540000,15.201318548932383
1787208600000,15.201318548932383
1787208660000,15.201318548932383
1787208720000,15.201318548932383
1787208780000,15.201318548932383
1787208840000,15.201318548932383
1787208900000,15.201318548932383
1787208960000,15.201318548932383
1787209020000,15.201318548932383
1787209080000,15.201318548932383
1787209140000,15.201318548932383
1787209200000,15.201318548932383
1787209260000,15.201318548932383
1787209320000,15.201318548932383
1787209380000,15.201318548932383
1787209440000,15.201318548932383
1787209500000,15.201318548932383
1787209560000,15.201318548932383
1787209620000,15.201318548932383
1787209680000,15.201318548932383
1787209740000,15.201318548932383
1787209800000,15.201318548932383
1787209860000,15.201318548932383
1787209920000,15.201318548932383
1787209980000,15.201318548932383
1787210040000,15.201318548932383
1787210100000,15.201318548932383
1787210160000,15.201318548932383
1787210220000,15.201318548932383
1787210280000,15.201318548932383
1787210340000,15.201318548932383
1787210400000,15.201318548932383
1787210460000,15.201318548932383
1787210520000,15.201318548932383
1787210580000,15.201318548932383
1787210640000,15.201318548932383
1787210700000,14.193301586768708
1787210760000,13.905267018011783
1787210820000,13.953272779471298
1787210880000,14.481336155525467
1787210940000,14.577347678444331
1787211000000,15.057405293038984
1787211060000,18.081768264985453
1787211120000,19.089889255634276
1787211180000,19.233906540012654
1787211240000,19.3779238243912
1787211300000,19.233906540012654
1787211360000,18.417808595201727
1787211420000,17.703303006298896
1787211480000,17.703303006298896
1787211540000,17.703303006298896
1787211600000,17.703303006298896
1787211660000,17.703303006298896
1787211720000,17.703303006298896
1787211780000,17.703303006298896
1787211840000,17.703303006298896
1787211900000,17.703303006298896
1787211960000,17.703303006298896
1787212020000,17.703303006298896
1787212080000,17.703303006298896
1787212140000,17.703303006298896
1787212200000,17.703303006298896
1787212260000,17.703303006298896
1787212320000,17.703303006298896
1787212380000,17.703303006298896
1787212440000,17.703303006298896
1787212500000,17.703303006298896
1787212560000,17.703303006298896
1787212620000,17.703303006298896
1787212680000,17.703303006298896
1787212740000,17.703303006298896
1787212800000,17.703303006298896
1787212860000,17.703303006298896
1787212920000,17.703303006298896
1787212980000,17.703303006298896
1787213040000,17.703303006298896
1787213100000,17.703303006298896
1787213160000,17.703303006298896
1787213220000,17.703303006298896
1787213280000,17.703303006298896
1787213340000,17.703303006298896
1787213400000,17.703303006298896
1787213460000,17.703303006298896
1787213520000,17.703303006298896
1787213580000,17.703303006298896
1787213640000,17.703303006298896
1787213700000,17.703303006298896
1787213760000,17.703303006298896
1787213820000,17.703303006298896
1787213880000,17.703303006298896
1787213940000,17.703303006298896
1787214000000,17.703303006298896
1787214060000,17.703303006298896
1787214120000,17.703303006298896
1787214180000,17.703303006298896
1787214240000,17.703303006298896
1787214300000,17.703303006298896
1787214360000,17.703303006298896
1787214420000,17.703303006298896
1787214480000,17.703303006298896
1787214540000,17.703303006298896
1787214600000,17.703303006298896
1787214660000,17.703303006298896
1787214720000,17.703303006298896
1787214780000,17.703303006298896
1787214840000,17.703303006298896
1787214900000,17.703303006298896
1787214960000,17.703303006298896
1787215020000,17.703303006298896
1787215080000,13.49090466867914
1787215140000,15.091262531290473
1787215200000,15.84437211369576
1787215260000,16.079718858197502
1787215320000,16.55041234720083
1787215380000,10.760882432459631
1787215440000,10.461456775479146
1787215500000,10.461456775479146
1787215560000,10.461456775479146
1787215620000,10.461456775479146
1787215680000,10.461456775479146
1787215740000,10.461456775479146
1787215800000,10.461456775479146
1787215860000,10.461456775479146
1787215920000,10.461456775479146
1787215980000,6.438930428633547
1787216040000,5.477688507724022
1787216100000,5.477688507724022
1787216160000,5.477688507724022
1787216220000,5.477688507724022
1787216280000,5.477688507724022
1787216340000,5.477688507724022
1787216400000,5.477688507724022
1787216460000,5.477688507724022
1787216520000,5.477688507724022
1787216580000,5.477688507724022
1787216640000,5.477688507724022
1787216700000,5.477688507724022
1787216760000,2.0215862440903973
1787216820000,2.209598098726688
1787216880000,3.7606958994759627
1787216940000,3.290666262885318
1787217000000,1.1285299345682205
1787217060000,1.2225358618862843
1787217120000,3.4786781175214454
1787217180000,3.666689972157736
1787217240000,3.666689972157736
1787217300000,4.136719608748381
1787217360000,5.5468085185204785
1787217420000,6.721882609997173
1787217480000,8.50799522904169
1787217540000,7.6619418831784625
1787217600000,6.016838155111124
1787217660000,5.284657178396923
1787217720000,5.284657178396923
1787217780000,1.8840414367955516
1787217840000,0.7806542652157926
1787217900000,0.7806542652157926
1787217960000,0.7806542652157926
1787218020000,0.7806542652157926
1787218080000,0.7806542652157926
1787218140000,0.7806542652157926
1787218200000,0.7806542652157926
1787218260000,0.7806542652157926
1787218320000,0.7806542652157926
1787218380000,0.7806542652157926
1787218440000,0.7806542652157926
1787218500000,0.7806542652157926
1787218560000,0.7806542652157926
1787218620000,0.7806542652157926
1787218680000,0.7806542652157926
1787218740000,0.7806542652157926
1787218800000,0.7806542652157926
1787218860000,0.7806542652157926
1787218920000,0.7806542652157926
1787218980000,0.7806542652157926
1787219040000,0.7806542652157926
1787219100000,0.7806542652157926
1787219160000,0.7806542652157926
1787219220000,-1.5891003325613182
1787219280000,-1.6358921161525102
1787219340000,-0.23213860841804632
1787219400000,2.715743757824133
1787219460000,2.3882012726861133
1787219520000,2.294617705503729
1787219580000,3.745162996829223
1787219640000,2.715743757824133
1787219700000,3.277245160917789
1787219760000,4.306664399923041
1787219820000,4.259872616331848
1787219880000,4.7277904522432825
1787219940000,5.429667206110515
1787220000000,-0.37251395919146024
1787220060000,-2.086222258856895
1787220120000,-2.086222258856895
1787220180000,-2.086222258856895
1787220240000,-2.086222258856895
1787220300000,-2.086222258856895
1787220360000,-2.086222258856895
1787220420000,-2.086222258856895
1787220480000,-2.086222258856895
1787220540000,-2.086222258856895
1787220600000,-2.086222258856895
1787220660000,-2.086222258856895
1787220720000,-2.086222258856895
1787220780000,-2.086222258856895
1787220840000,-2.086222258856895
1787220900000,-2.086222258856895
1787220960000,-2.086222258856895
1787221020000,-2.086222258856895
1787221080000,-2.086222258856895
1787221140000,-2.086222258856895
1787221200000,-2.086222258856895
1787221260000,-2.086222258856895
1787221320000,-2.086222258856895
1787221380000,-2.086222258856895
1787221440000,-2.086222258856895
1787221500000,-2.086222258856895
1787221560000,-2.086222258856895
1787221620000,-2.086222258856895
1787221680000,-2.086222258856895
1787221740000,-2.086222258856895
1787221800000,-2.086222258856895
1787221860000,-2.086222258856895
1787221920000,-2.086222258856895
1787221980000,-2.086222258856895
1787222040000,-2.086222258856895
1787222100000,-2.086222258856895
1787222160000,-2.086222258856895
1787222220000,-2.086222258856895
1787222280000,-2.086222258856895
1787222340000,-2.086222258856895
1787222400000,-5.471791656605122
1787222460000,-6.122824240785965
1787222520000,-7.272534391778889
1787222580000,-7.272534391778889
1787222640000,-7.272534391778889
1787222700000,-7.272534391778889
1787222760000,-7.272534391778889
1787222820000,-7.272534391778889
1787222880000,-7.272534391778889
1787222940000,-7.272534391778889
1787223000000,-7.272534391778889
1787223060000,-7.272534391778889
1787223120000,-7.272534391778889
1787223180000,-7.272534391778889
1787223240000,-7.272534391778889
1787223300000,-7.272534391778889
1787223360000,-7.272534391778889
1787223420000,-7.272534391778889
1787223480000,-7.272534391778889
1787223540000,-7.272534391778889
1787223600000,-7.272534391778889
1787223660000,-7.272534391778889
1787223720000,-7.272534391778889
1787223780000,-7.272534391778889
1787223840000,-7.272534391778889
1787223900000,-7.272534391778889
1787223960000,-7.272534391778889
1787224020000,-7.272534391778889
1787224080000,-7.272534391778889
1787224140000,-7.272534391778889
1787224200000,-7.272534391778889
1787224260000,-7.272534391778889
1787224320000,-7.272534391778889
1787224380000,-7.272534391778889
1787224440000,-7.272534391778889
1787224500000,-7.272534391778889
1787224560000,-7.272534391778889
1787224620000,-7.272534391778889
1787224680000,-7.272534391778889
1787224740000,-7.272534391778889
1787224800000,-7.272534391778889
1787224860000,-7.272534391778889
1787224920000,-7.272534391778889
1787224980000,-7.272534391778889
1787225040000,-7.272534391778889
1787225100000,-7.272534391778889
1787225160000,-7.272534391778889
1787225220000,-7.272534391778889
1787225280000,-7.272534391778889
1787225340000,-7.272534391778889
1787225400000,-7.272534391778889
1787225460000,-7.272534391778889
1787225520000,-7.272534391778889
1787225580000,-7.272534391778889
1787225640000,-7.272534391778889
1787225700000,-7.272534391778889
1787225760000,-7.272534391778889
1787225820000,-7.272534391778889
1787225880000,-7.272534391778889
1787225940000,-7.272534391778889
1787226000000,-7.272534391778889
1787226060000,-7.272534391778889
1787226120000,-7.272534391778889
1787226180000,-7.272534391778889
1787226240000,-7.272534391778889
1787226300000,-7.272534391778889
1787226360000,-7.272534391778889
1787226420000,-7.272534391778889
1787226480000,-7.272534391778889
1787226540000,-7.272534391778889
1787226600000,-7.272534391778889
1787226660000,-7.272534391778889
1787226720000,-7.272534391778889
1787226780000,-7.272534391778889
1787226840000,-7.272534391778889
1787226900000,-7.272534391778889
1787226960000,-7.272534391778889
1787227020000,-7.272534391778889
1787227080000,-7.272534391778889
1787227140000,-7.272534391778889
1787227200000,-7.272534391778889
1787227260000,-7.272534391778889
1787227320000,-7.272534391778889
1787227380000,-7.272534391778889
1787227440000,-7.272534391778889
1787227500000,-7.272534391778889
1787227560000,-7.272534391778889
1787227620000,-7.272534391778889
1787227680000,-7.272534391778889
1787227740000,-7.272534391778889
1787227800000,-7.272534391778889
1787227860000,-7.272534391778889
1787227920000,-7.272534391778889
1787227980000,-7.272534391778889
1787228040000,-7.272534391778889
1787228100000,-7.272534391778889
1787228160000,-7.272534391778889
1787228220000,-7.272534391778889
1787228280000,-7.272534391778889
1787228340000,-7.272534391778889
1787228400000,-7.272534391778889
1787228460000,-7.272534391778889
1787228520000,-7.272534391778889
1787228580000,-7.272534391778889
1787228640000,-7.272534391778889
1787228700000,-7.272534391778889
1787228760000,-7.272534391778889
1787228820000,-7.272534391778889
1787228880000,-7.272534391778889
1787228940000,-7.272534391778889
1787229000000,-7.272534391778889
1787229060000,-7.272534391778889
1787229120000,-7.272534391778889
1787229180000,-7.272534391778889
1787229240000,-7.272534391778889
1787229300000,-7.272534391778889
1787229360000,-7.272534391778889
1787229420000,-7.272534391778889
1787229480000,-7.272534391778889
1787229540000,-7.272534391778889
1787229600000,-7.272534391778889
1787229660000,-7.272534391778889
1787229720000,-7.272534391778889
1787229780000,-7.272534391778889
1787229840000,-7.272534391778889
1787229900000,-7.272534391778889
1787229960000,-7.272534391778889
1787230020000,-7.272534391778889
1787230080000,-7.272534391778889
1787230140000,-7.272534391778889
1787230200000,-7.272534391778889
1787230260000,-7.272534391778889
1787230320000,-7.272534391778889
1787230380000,-7.272534391778889
1787230440000,-7.272534391778889
1787230500000,-7.272534391778889
1787230560000,-7.272534391778889
1787230620000,1.1555721160742216
1787230680000,1.7191709365144057
1787230740000,11.441250589109034
1787230800000,14.916776648490762
1787230860000,15.809141447521268
1787230920000,19.75433319060304
1787230980000,21.867828767254053
1787231040000,21.351196515183936
1787231100000,21.820862198884143
1787231160000,18.063536729282326
1787231220000,16.894945281841864
1787231280000,16.894945281841864
1787231340000,16.894945281841864
1787231400000,16.894945281841864
1787231460000,16.894945281841864
1787231520000,16.894945281841864
1787231580000,16.894945281841864
1787231640000,16.894945281841864
1787231700000,16.894945281841864
1787231760000,16.894945281841864
1787231820000,16.894945281841864
1787231880000,16.894945281841864
1787231940000,16.894945281841864
1787232000000,16.894945281841864
1787232060000,16.894945281841864
1787232120000,16.894945281841864
1787232180000,16.894945281841864
1787232240000,16.894945281841864
1787232300000,16.894945281841864
1787232360000,16.894945281841864
1787232420000,16.894945281841864
1787232480000,16.894945281841864
1787232540000,16.894945281841864
1787232600000,16.894945281841864
1787232660000,16.894945281841864
1787232720000,16.894945281841864
1787232780000,16.894945281841864
1787232840000,16.894945281841864
1787232900000,16.894945281841864
1787232960000,16.894945281841864
1787233020000,16.894945281841864
1787233080000,16.894945281841864
1787233140000,16.894945281841864
1787233200000,16.894945281841864
1787233260000,16.894945281841864
1787233320000,16.894945281841864
1787233380000,16.894945281841864
1787233440000,16.894945281841864
1787233500000,16.894945281841864
1787233560000,16.894945281841864
1787233620000,16.894945281841864
1787233680000,16.894945281841864
1787233740000,16.894945281841864
1787233800000,16.894945281841864
1787233860000,16.894945281841864
1787233920000,16.894945281841864
1787233980000,16.894945281841864
1787234040000,13.405723500030033
1787234100000,12.722209380424168
1787234160000,12.722209380424168
1787234220000,12.722209380424168
1787234280000,12.722209380424168
1787234340000,12.722209380424168
1787234400000,12.722209380424168
1787234460000,12.722209380424168
1787234520000,12.722209380424168
1787234580000,12.722209380424168
1787234640000,12.722209380424168
1787234700000,12.722209380424168
1787234760000,12.722209380424168
1787234820000,12.722209380424168
1787234880000,12.722209380424168
1787234940000,12.722209380424168
1787235000000,12.722209380424168
1787235060000,12.722209380424168
1787235120000,12.722209380424168
1787235180000,12.722209380424168
1787235240000,12.722209380424168
1787235300000,12.722209380424168
1787235360000,12.722209380424168
1787235420000,12.722209380424168
1787235480000,12.722209380424168
1787235540000,12.722209380424168
1787235600000,12.722209380424168
1787235660000,12.722209380424168
1787235720000,12.722209380424168
1787235780000,12.722209380424168
1787235840000,12.722209380424168
1787235900000,12.722209380424168
1787235960000,12.722209380424168
1787236020000,12.722209380424168
1787236080000,12.722209380424168
1787236140000,12.722209380424168
1787236200000,12.722209380424168
1787236260000,12.722209380424168
1787236320000,12.722209380424168
1787236380000,12.722209380424168
1787236440000,12.722209380424168
1787236500000,12.722209380424168
1787236560000,12.722209380424168
1787236620000,12.722209380424168
1787236680000,12.722209380424168
1787236740000,12.722209380424168
1787236800000,12.722209380424168
1787236860000,12.722209380424168
1787236920000,12.722209380424168
1787236980000,12.722209380424168
1787237040000,12.722209380424168
1787237100000,12.722209380424168
1787237160000,12.722209380424168
1787237220000,12.722209380424168
1787237280000,12.722209380424168
1787237340000,12.722209380424168
1787237400000,12.722209380424168
1787237460000,12.722209380424168
1787237520000,12.722209380424168
1787237580000,12.722209380424168
1787237640000,12.722209380424168
1787237700000,12.722209380424168
1787237760000,12.722209380424168
1787237820000,12.722209380424168
1787237880000,12.722209380424168
1787237940000,12.722209380424168
1787238000000,12.722209380424168
1787238060000,12.722209380424168
1787238120000,12.722209380424168
1787238180000,12.722209380424168
1787238240000,12.722209380424168
1787238300000,12.722209380424168
1787238360000,12.722209380424168
1787238420000,12.722209380424168
1787238480000,12.722209380424168
1787238540000,12.722209380424168
1787238600000,12.722209380424168
1787238660000,12.722209380424168
1787238720000,12.722209380424168
1787238780000,12.722209380424168
1787238840000,12.722209380424168
1787238900000,12.722209380424168
1787238960000,12.722209380424168
1787239020000,12.722209380424168
1787239080000,12.722209380424168
1787239140000,12.722209380424168
1787239200000,12.722209380424168
1787239260000,12.722209380424168
1787239320000,12.722209380424168
1787239380000,12.722209380424168
1787239440000,12.722209380424168
1787239500000,12.722209380424168
1787239560000,12.722209380424168
1787239620000,12.722209380424168
1787239680000,12.722209380424168
1787239740000,12.722209380424168
1787239800000,12.722209380424168
1787239860000,12.722209380424168
1787239920000,12.722209380424168
1787239980000,12.722209380424168
1787240040000,12.722209380424168
1787240100000,12.722209380424168
1787240160000,12.722209380424168
1787240220000,12.722209380424168
1787240280000,12.722209380424168
1787240340000,12.722209380424168
1787240400000,12.722209380424168
1787240460000,12.722209380424168
1787240520000,12.722209380424168
1787240580000,12.722209380424168
1787240640000,12.722209380424168
1787240700000,12.722209380424168
1787240760000,12.722209380424168
1787240820000,12.722209380424168
1787240880000,12.722209380424168
1787240940000,12.722209380424168
1787241000000,12.722209380424168
1787241060000,12.722209380424168
1787241120000,12.722209380424168
1787241180000,12.722209380424168
1787241240000,12.722209380424168
1787241300000,12.722209380424168
1787241360000,12.722209380424168
1787241420000,12.722209380424168
1787241480000,12.722209380424168
1787241540000,12.722209380424168
1787241600000,12.722209380424168
1787241660000,12.722209380424168
1787241720000,12.722209380424168
1787241780000,12.722209380424168
1787241840000,12.722209380424168
1787241900000,12.722209380424168
1787241960000,12.722209380424168
1787242020000,12.722209380424168
1787242080000,12.722209380424168
1787242140000,12.722209380424168
1787242200000,12.722209380424168
1787242260000,12.722209380424168
1787242320000,12.722209380424168
1787242380000,12.722209380424168
1787242440000,12.722209380424168
1787242500000,12.722209380424168
1787242560000,12.722209380424168
1787242620000,12.722209380424168
1787242680000,12.722209380424168
1787242740000,12.722209380424168
1787242800000,12.722209380424168
1787242860000,12.722209380424168
1787242920000,12.722209380424168
1787242980000,12.722209380424168
1787243040000,12.722209380424168
1787243100000,12.722209380424168
1787243160000,12.722209380424168
1787243220000,12.722209380424168
1787243280000,12.722209380424168
1787243340000,12.722209380424168
1787243400000,12.722209380424168
1787243460000,16.690667186817866
1787243520000,22.67272484236812
1787243580000,20.519184086370032
1787243640000,16.307815496862766
1787243700000,15.113119141323734
1787243760000,15.113119141323734
1787243820000,15.113119141323734
1787243880000,15.113119141323734
1787243940000,15.113119141323734
1787244000000,15.113119141323734
1787244060000,15.113119141323734
1787244120000,15.113119141323734
1787244180000,15.113119141323734
1787244240000,15.113119141323734
1787244300000,15.113119141323734
1787244360000,15.113119141323734
1787244420000,15.113119141323734
1787244480000,15.113119141323734
1787244540000,15.113119141323734
1787244600000,15.113119141323734
1787244660000,15.113119141323734
1787244720000,15.113119141323734
1787244780000,15.113119141323734
1787244840000,15.113119141323734
1787244900000,15.113119141323734
1787244960000,15.113119141323734
1787245020000,15.113119141323734
1787245080000,15.113119141323734
1787245140000,15.113119141323734
1787245200000,15.113119141323734
1787245260000,15.113119141323734
1787245320000,15.113119141323734
1787245380000,15.113119141323734
1787245440000,15.113119141323734
1787245500000,15.113119141323734
1787245560000,15.113119141323734
1787245620000,15.113119141323734
1787245680000,15.113119141323734
1787245740000,12.410971074364614
1787245800000,13.068178350159906
1787245860000,12.410971074364614
1787245920000,12.551801204892154
1787245980000,13.209008480687446
1787246040000,12.645687958577287
1787246100000,12.45791445120718
1787246160000,13.631498872270065
1787246220000,13.209008480687446
1787246280000,10.767952884876383
1787246340000,12.692631335419692
1787246400000,11.519046914356647
1787246460000,10.95572639224649
1787246520000,13.302895234372418
1787246580000,13.913159133325307
1787246640000,13.068178350159906
1787246700000,13.115121727002474
1787246760000,11.65987704488435
1787246820000,11.612933668041782
1787246880000,11.425160160671675
1787246940000,12.59874458173472
1787247000000,12.59874458173472
1787247060000,12.59874458173472
1787247120000,12.833461465947233
1787247180000,12.739574712262261
1787247240000,13.068178350159906
1787247300000,13.537612118585093
1787247360000,12.45791445120718
1787247420000,13.490668741742525
1787247480000,12.692631335419692
1787247540000,14.335649524907925
1787247600000,12.645687958577287
1787247660000,12.270140943837074
1787247720000,12.59874458173472
1787247780000,12.317084320679642
1787247840000,14.570366409120599
1787247900000,13.02123497331734
1787247960000,11.89459392909686
1787248020000,12.786518089104828
1787248080000,13.16206510384488
1787248140000,12.692631335419692
1787248200000,13.115121727002474
1787248260000,11.800707175411889
1787248320000,12.364027697522047
1787248380000,12.645687958577287
1787248440000,12.364027697522047
1787248500000,13.58455549542766
1787248560000,13.115121727002474
1787248620000,13.396781988057553
1787248680000,14.100932640695413
1787248740000,15.36840381544343
1787248800000,20.485231891278072
1787248860000,26.493984127120676
1787248920000,26.024550358695492
1787248980000,29.40447349135709
1787249040000,30.20251089767992
1787249100000,31.094435057687726
1787249160000,30.343341028207462
1787249220000,31.000548304002756
1787249280000,30.484171158735002
1787249340000,32.08024597138067
1787249400000,31.3291519419004
1787249460000,34.00492442192398
1787249520000,46.11631564729433
1787249580000,52.31284139050704
1787249640000,63.95479884745204
1787249700000,57.71132972739692
1787249760000,56.2560850452788
1787249820000,52.59450165156212
1787249880000,52.78227515893223
1787249940000,56.11525491475126
1787250000000,57.19495258212917
1787250060000,59.30740454004259
1787250120000,60.66876246847574
1787250180000,59.30740454004259
1787250240000,63.15676144112921
1787250300000,61.2320829905859
1787250360000,60.80959259900328
1787250420000,61.2320829905859
1787250480000,60.19932870005056
1787250540000,60.71570584531815
1787250600000,58.509367133719756
1787250660000,60.10544194636542
1787250720000,59.87072506215291
1787250780000,56.2560850452788
1787250840000,54.14363308736538
1787250900000,57.85215985792446
1787250960000,58.27465024950708
1787251020000,58.603253887404726
1787251080000,60.43404558426307
1787251140000,58.69714064108986
1787251200000,60.76264922216071
1787251260000,62.40566741164894
1787251320000,63.15676144112921
1787251380000,63.485365079026856
1787251440000,66.02030742852305
1787251500000,65.83253392115294
1787251560000,64.98755313798755
1787251620000,64.14257235482215
1787251680000,63.58605282954138
1787251740000,63.58605282954138
1787251800000,63.58605282954138
1787251860000,59.007789289647384
1787251920000,56.207353467155244
1787251980000,56.125157368583714
1787252040000,56.125157368583714
1787252100000,56.125157368583714
1787252160000,56.125157368583714
1787252220000,56.125157368583714
1787252280000,56.125157368583714
1787252340000,56.125157368583714
1787252400000,56.125157368583714
1787252460000,56.125157368583714
1787252520000,56.125157368583714
1787252580000,56.125157368583714
1787252640000,56.125157368583714
1787252700000,56.125157368583714
1787252760000,56.125157368583714
1787252820000,56.125157368583714
1787252880000,56.125157368583714
1787252940000,52.37692867015043
1787253000000,56.858366711949756
1787253060000,59.14302139992586
1787253120000,57.29772338271437
1787253180000,60.72470541467844
1787253240000,63.36084543926629
1787253300000,61.69129009036069
1787253360000,58.65972906208473
1787253420000,57.455688282966904
1787253480000,57.455688282966904
1787253540000,57.455688282966904
1787253600000,57.455688282966904
1787253660000,57.455688282966904
1787253720000,57.455688282966904
1787253780000,57.455688282966904
1787253840000,57.455688282966904
1787253900000,57.455688282966904
1787253960000,57.455688282966904
1787254020000,57.455688282966904
1787254080000,57.455688282966904
1787254140000,57.455688282966904
1787254200000,57.455688282966904
1787254260000,57.455688282966904
1787254320000,55.647709485172705
1787254380000,56.29915818852534
1787254440000,58.94838291549249
1787254500000,59.51297179173136
1787254560000,60.164420495084
1787254620000,59.86041110018613
1787254680000,60.25128032219777
1787254740000,61.77132729668701
1787254800000,63.50852383896067
1787254860000,69.02412286067923
1787254920000,68.72011346578135
1787254980000,69.45842199624761
1787255040000,68.98069294712249
1787255100000,70.10987069960025
1787255160000,69.80586130470236
1787255220000,65.11543064056369
1787255280000,63.905240681683
1787255340000,63.905240681683
1787255400000,60.56318863102274
1787255460000,60.56318863102274
1787255520000,63.81916853586877
1787255580000,59.74919365481131
1787255640000,58.168066327120904
1787255700000,58.168066327120904
1787255760000,58.168066327120904
1787255820000,58.168066327120904
1787255880000,58.168066327120904
1787255940000,58.168066327120904
1787256000000,58.168066327120904
1787256060000,58.168066327120904
1787256120000,58.168066327120904
1787256180000,58.168066327120904
1787256240000,58.168066327120904
1787256300000,58.168066327120904
1787256360000,58.168066327120904
1787256420000,58.168066327120904
1787256480000,58.168066327120904
1787256540000,58.168066327120904
1787256600000,58.168066327120904
1787256660000,58.168066327120904
1787256720000,58.168066327120904
1787256780000,58.168066327120904
1787256840000,58.168066327120904
1787256900000,58.168066327120904
1787256960000,58.168066327120904
1787257020000,58.168066327120904
1787257080000,58.168066327120904
1787257140000,58.168066327120904
1787257200000,58.168066327120904
1787257260000,58.168066327120904
1787257320000,58.168066327120904
1787257380000,58.168066327120904
1787257440000,58.168066327120904
1787257500000,58.168066327120904
1787257560000,58.168066327120904
1787257620000,55.273386359817486
1787257680000,48.28266652768431
1787257740000,47.30511305965091
1787257800000,47.30511305965091
1787257860000,47.30511305965091
1787257920000,47.30511305965091
1787257980000,47.30511305965091
1787258040000,47.30511305965091
1787258100000,47.30511305965091
1787258160000,47.30511305965091
1787258220000,47.30511305965091
1787258280000,47.30511305965091
1787258340000,47.30511305965091
1787258400000,47.30511305965091
1787258460000,47.30511305965091
1787258520000,47.30511305965091
1787258580000,47.30511305965091
1787258640000,47.30511305965091
1787258700000,47.30511305965091
1787258760000,47.30511305965091
1787258820000,47.30511305965091
1787258880000,47.30511305965091
1787258940000,47.30511305965091
1787259000000,49.292702470202364
1787259060000,50.84453573975949
1787259120000,58.310112009521106
1787259180000,60.95242271174011
1787259240000,55.03867971153563
1787259300000,59.5264137613361
1787259360000,58.85535072585197
1787259420000,60.74271551315124
1787259480000,64.05608925085437
1787259540000,63.42696765508805
1787259600000,60.32330111597364
1787259660000,65.06268380408065
1787259720000,55.7097427470199
1787259780000,55.210808084753666
1787259840000,55.210808084753666
1787259900000,55.210808084753666
1787259960000,55.210808084753666
1787260020000,55.210808084753666
1787260080000,55.210808084753666
1787260140000,55.210808084753666
1787260200000,55.210808084753666
1787260260000,55.210808084753666
1787260320000,55.210808084753666
1787260380000,55.210808084753666
1787260440000,55.210808084753666
1787260500000,55.210808084753666
1787260560000,55.210808084753666
1787260620000,55.210808084753666
1787260680000,55.210808084753666
1787260740000,55.210808084753666
1787260800000,55.210808084753666
1787260860000,55.210808084753666
1787260920000,55.210808084753666
1787260980000,55.210808084753666
1787261040000,55.210808084753666
1787261100000,55.210808084753666
1787261160000,55.210808084753666
1787261220000,53.47606365773394
1787261280000,50.43190619561209
1787261340000,49.56534337420671
1787261400000,49.56534337420671
1787261460000,49.56534337420671
1787261520000,49.56534337420671
1787261580000,49.56534337420671
1787261640000,49.56534337420671
1787261700000,49.56534337420671
1787261760000,49.56534337420671
1787261820000,49.56534337420671
1787261880000,49.56534337420671
1787261940000,49.56534337420671
1787262000000,49.56534337420671
1787262060000,49.56534337420671
1787262120000,49.56534337420671
1787262180000,49.56534337420671
1787262240000,49.56534337420671
1787262300000,49.56534337420671
1787262360000,49.56534337420671
1787262420000,49.56534337420671
1787262480000,49.56534337420671
1787262540000,49.56534337420671
1787262600000,49.56534337420671
1787262660000,49.56534337420671
1787262720000,49.56534337420671
1787262780000,49.56534337420671
1787262840000,49.56534337420671
1787262900000,49.56534337420671
1787262960000,49.56534337420671
1787263020000,49.56534337420671
1787263080000,49.56534337420671
1787263140000,49.56534337420671
1787263200000,49.56534337420671
1787263260000,49.56534337420671
1787263320000,49.56534337420671
1787263380000,43.828954862864485
1787263440000,44.08817477734106
1787263500000,47.37162702737811
1787263560000,49.1861664287144
1787263620000,48.92694651423783
1787263680000,46.72357724118653
1787263740000,45.69418744028576
1787263800000,45.69418744028576
1787263860000,45.69418744028576
1787263920000,45.69418744028576
1787263980000,45.69418744028576
1787264040000,45.69418744028576
1787264100000,45.69418744028576
1787264160000,45.69418744028576
1787264220000,45.69418744028576
1787264280000,45.69418744028576
1787264340000,45.69418744028576
1787264400000,45.69418744028576
1787264460000,45.69418744028576
1787264520000,45.69418744028576
1787264580000,45.69418744028576
1787264640000,45.69418744028576
1787264700000,45.69418744028576
1787264760000,45.69418744028576
1787264820000,45.69418744028576
1787264880000,45.69418744028576
1787264940000,45.69418744028576
1787265000000,45.69418744028576
1787265060000,45.69418744028576
1787265120000,45.69418744028576
1787265180000,45.69418744028576
1787265240000,45.69418744028576
1787265300000,45.69418744028576
1787265360000,45.69418744028576
1787265420000,45.69418744028576
1787265480000,45.69418744028576
1787265540000,45.69418744028576
1787265600000,45.69418744028576
1787265660000,45.69418744028576
1787265720000,45.69418744028576
1787265780000,45.69418744028576
1787265840000,45.69418744028576
1787265900000,45.69418744028576
1787265960000,45.69418744028576
1787266020000,45.69418744028576
1787266080000,45.69418744028576
1787266140000,45.69418744028576
1787266200000,45.69418744028576
1787266260000,45.69418744028576
1787266320000,45.69418744028576
1787266380000,45.69418744028576
1787266440000,47.285917479358226
1787266500000,43.70255413535691
1787266560000,41.83807152031493
1787266620000,41.83807152031493
1787266680000,41.83807152031493
1787266740000,41.83807152031493
1787266800000,41.83807152031493
1787266860000,41.83807152031493
1787266920000,41.83807152031493
1787266980000,41.83807152031493
1787267040000,41.83807152031493
1787267100000,41.83807152031493
1787267160000,41.83807152031493
1787267220000,41.83807152031493
1787267280000,41.83807152031493
1787267340000,41.83807152031493
1787267400000,41.83807152031493
1787267460000,41.83807152031493
1787267520000,41.83807152031493
1787267580000,41.83807152031493
1787267640000,41.83807152031493
1787267700000,41.83807152031493
1787267760000,41.83807152031493
1787267820000,41.83807152031493
1787267880000,41.83807152031493
1787267940000,41.83807152031493
1787268000000,41.83807152031493
1787268060000,41.83807152031493
1787268120000,41.83807152031493
1787268180000,41.83807152031493
1787268240000,41.83807152031493
1787268300000,41.83807152031493
1787268360000,41.83807152031493
1787268420000,41.83807152031493
1787268480000,41.83807152031493
1787268540000,41.83807152031493
1787268600000,41.83807152031493
1787268660000,41.83807152031493
1787268720000,41.83807152031493
1787268780000,41.83807152031493
1787268840000,41.83807152031493
1787268900000,41.83807152031493
1787268960000,41.83807152031493
1787269020000,41.83807152031493
1787269080000,41.83807152031493
1787269140000,41.83807152031493
1787269200000,41.83807152031493
1787269260000,41.83807152031493
1787269320000,41.83807152031493
1787269380000,41.83807152031493
1787269440000,41.83807152031493
1787269500000,41.83807152031493
1787269560000,41.83807152031493
1787269620000,41.83807152031493
1787269680000,41.83807152031493
1787269740000,41.83807152031493
1787269800000,41.83807152031493
1787269860000,41.83807152031493
1787269920000,41.83807152031493
1787269980000,41.83807152031493
1787270040000,41.83807152031493
1787270100000,41.83807152031493
1787270160000,41.83807152031493
1787270220000,41.83807152031493
1787270280000,41.83807152031493
1787270340000,41.83807152031493
1787270400000,41.83807152031493
1787270460000,41.83807152031493
1787270520000,41.83807152031493
1787270580000,48.858507268933124
1787270640000,44.98012896324578
1787270700000,48.56341326741344
1787270760000,44.64287867579482
1787270820000,44.249175961552126
1787270880000,44.249175961552126
1787270940000,44.249175961552126
1787271000000,44.249175961552126
1787271060000,44.249175961552126
1787271120000,44.249175961552126
1787271180000,44.249175961552126
1787271240000,44.249175961552126
1787271300000,44.249175961552126
1787271360000,44.249175961552126
1787271420000,44.249175961552126
1787271480000,44.249175961552126
1787271540000,44.249175961552126
1787271600000,44.249175961552126
1787271660000,44.249175961552126
1787271720000,44.249175961552126
1787271780000,44.249175961552126
1787271840000,44.249175961552126
1787271900000,44.249175961552126
1787271960000,44.249175961552126
1787272020000,44.249175961552126
1787272080000,44.249175961552126
1787272140000,43.04921595355376
1787272200000,41.636423411276745
1787272260000,42.96611050989047
1787272320000,39.97431453800969
1787272380000,41.05468530563325
1787272440000,42.25971423875196
1787272500000,43.880270390187434
1787272560000,43.67250678102898
1787272620000,39.3925764323662
1787272680000,37.574860577340985
1787272740000,37.574860577340985
1787272800000,37.574860577340985
1787272860000,37.574860577340985
1787272920000,37.574860577340985
1787272980000,37.574860577340985
1787273040000,37.574860577340985
1787273100000,37.574860577340985
1787273160000,37.574860577340985
1787273220000,37.574860577340985
1787273280000,37.574860577340985
1787273340000,37.574860577340985
1787273400000,37.574860577340985
1787273460000,37.574860577340985
1787273520000,38.443595044807196
1787273580000,33.8924671987853
1787273640000,32.69588553436095
1787273700000,32.69588553436095
1787273760000,32.69588553436095
1787273820000,32.69588553436095
1787273880000,32.69588553436095
1787273940000,32.69588553436095
1787274000000,32.69588553436095
1787274060000,32.69588553436095
1787274120000,32.69588553436095
1787274180000,32.69588553436095
1787274240000,32.69588553436095
1787274300000,32.69588553436095
1787274360000,32.69588553436095
1787274420000,32.69588553436095
1787274480000,32.69588553436095
1787274540000,32.69588553436095
1787274600000,32.69588553436095
1787274660000,32.69588553436095
1787274720000,32.69588553436095
1787274780000,32.69588553436095
1787274840000,32.69588553436095
1787274900000,32.69588553436095
1787274960000,32.69588553436095
1787275020000,32.69588553436095
1787275080000,32.69588553436095
1787275140000,32.69588553436095
1787275200000,32.69588553436095
1787275260000,32.69588553436095
1787275320000,32.69588553436095
1787275380000,32.69588553436095
1787275440000,32.69588553436095
1787275500000,32.69588553436095
1787275560000,32.69588553436095
1787275620000,32.69588553436095
1787275680000,32.69588553436095
1787275740000,32.69588553436095
1787275800000,32.69588553436095
1787275860000,32.69588553436095
1787275920000,32.69588553436095
1787275980000,32.69588553436095
1787276040000,32.69588553436095
1787276100000,32.69588553436095
1787276160000,32.69588553436095
1787276220000,42.37586797121065
1787276280000,45.296963491423625
1787276340000,82.3821761828234
1787276400000,77.51368364913506
1787276460000,66.71833063965235
1787276520000,65.15194608533514
1787276580000,69.1314095476543
1787276640000,68.58105821775914
1787276700000,69.42775257144402
1787276760000,71.07880656112965
1787276820000,67.43802084028451
1787276880000,67.3403567463888
1787276940000,67.3403567463888
1787277000000,67.3403567463888
1787277060000,67.3403567463888
1787277120000,67.3403567463888
1787277180000,67.3403567463888
1787277240000,67.3403567463888
1787277300000,67.3403567463888
1787277360000,67.3403567463888
1787277420000,67.3403567463888
1787277480000,67.3403567463888
1787277540000,67.3403567463888
1787277600000,67.3403567463888
1787277660000,67.3403567463888
1787277720000,67.3403567463888
1787277780000,67.3403567463888
1787277840000,67.3403567463888
1787277900000,67.3403567463888
1787277960000,67.3403567463888
1787278020000,67.3403567463888
1787278080000,67.3403567463888
1787278140000,67.3403567463888
1787278200000,67.3403567463888
1787278260000,67.3403567463888
1787278320000,67.3403567463888
1787278380000,67.3403567463888
1787278440000,67.3403567463888
1787278500000,67.3403567463888
1787278560000,67.3403567463888
1787278620000,67.3403567463888
1787278680000,67.3403567463888
1787278740000,67.3403567463888
1787278800000,67.3403567463888
1787278860000,67.3403567463888
1787278920000,67.3403567463888
1787278980000,67.3403567463888
1787279040000,67.3403567463888
1787279100000,67.3403567463888
1787279160000,67.3403567463888
1787279220000,65.39083903396897
1787279280000,62.12840667356022
1787279340000,65.12631749123302
1787279400000,61.20258127398478
1787279460000,57.32293198052572
1787279520000,53.88415192495988
1787279580000,36.5579908757623
1787279640000,35.101346895668335
1787279700000,35.101346895668335
1787279760000,35.101346895668335
1787279820000,35.101346895668335
1787279880000,35.101346895668335
1787279940000,35.101346895668335
1787280000000,35.101346895668335
1787280060000,35.101346895668335
1787280120000,35.101346895668335
1787280180000,35.101346895668335
1787280240000,35.101346895668335
1787280300000,35.101346895668335
1787280360000,35.101346895668335
1787280420000,35.101346895668335
1787280480000,35.101346895668335
1787280540000,35.101346895668335
1787280600000,35.101346895668335
1787280660000,35.101346895668335
1787280720000,35.43967227273341
1787280780000,36.50792601236076
1787280840000,35.73878331982907
1787280900000,36.33700541402037
1787280960000,36.76430690987128
1787281020000,38.77262394037073
1787281080000,38.13167169659428
1787281140000,39.75541738082781
1787281200000,41.55008366340172
1787281260000,44.37027353601785
1787281320000,42.06284545842276
1787281380000,41.592813812986854
1787281440000,41.592813812986854
1787281500000,45.908558921081095
1787281560000,45.05395592937928
1787281620000,47.06227295987872
1787281680000,48.25871714826133
1787281740000,45.13941622854955
1787281800000,45.73763832274085
1787281860000,46.592241314442674
1787281920000,47.10500310946371
1787281980000,42.276496206348284
1787282040000,40.981529898302036
1787282100000,40.981529898302036
1787282160000,40.981529898302036
1787282220000,40.981529898302036
1787282280000,40.981529898302036
1787282340000,40.981529898302036
1787282400000,40.981529898302036
1787282460000,40.981529898302036
1787282520000,40.981529898302036
1787282580000,40.981529898302036
1787282640000,40.981529898302036
1787282700000,40.981529898302036
1787282760000,40.981529898302036
1787282820000,40.981529898302036
1787282880000,40.981529898302036
1787282940000,40.981529898302036
1787283000000,40.981529898302036
1787283060000,40.981529898302036
1787283120000,40.981529898302036
1787283180000,40.981529898302036
1787283240000,40.981529898302036
1787283300000,40.981529898302036
1787283360000,40.981529898302036
1787283420000,40.981529898302036
1787283480000,40.981529898302036
1787283540000,40.981529898302036
1787283600000,40.981529898302036
1787283660000,40.981529898302036
1787283720000,40.981529898302036
1787283780000,40.981529898302036
1787283840000,40.981529898302036
1787283900000,40.981529898302036
1787283960000,40.981529898302036
1787284020000,40.981529898302036
1787284080000,40.981529898302036
1787284140000,40.981529898302036
1787284200000,40.981529898302036
1787284260000,40.981529898302036
1787284320000,40.981529898302036
1787284380000,40.981529898302036
1787284440000,40.981529898302036
1787284500000,40.981529898302036
1787284560000,40.981529898302036
1787284620000,40.981529898302036
1787284680000,40.981529898302036
1787284740000,40.981529898302036
1787284800000,40.981529898302036
1787284860000,40.981529898302036
1787284920000,40.981529898302036
1787284980000,40.981529898302036
1787285040000,40.981529898302036
1787285100000,40.981529898302036
1787285160000,40.981529898302036
1787285220000,40.981529898302036
1787285280000,40.981529898302036
1787285340000,37.51810148869828
1787285400000,38.86742918965341
1787285460000,40.91318409110144
1787285520000,36.73462088814366
1787285580000,36.184208059592486
1787285640000,36.184208059592486
1787285700000,36.184208059592486
1787285760000,36.184208059592486
1787285820000,36.184208059592486
1787285880000,36.184208059592486
1787285940000,36.184208059592486
1787286000000,36.184208059592486
1787286060000,36.184208059592486
1787286120000,36.184208059592486
1787286180000,36.184208059592486
1787286240000,36.184208059592486
1787286300000,36.184208059592486
1787286360000,36.184208059592486
1787286420000,36.184208059592486
1787286480000,36.184208059592486
1787286540000,36.184208059592486
1787286600000,32.44958214104972
1787286660000,30.65789210083967
1787286720000,30.064790493800288
1787286780000,30.064790493800288
1787286840000,30.064790493800288
1787286900000,30.064790493800288
1787286960000,29.43287214962995
1787287020000,28.9958554851443
1787287080000,20.998450525059386
1787287140000,22.134693852721803
1787287200000,23.139832181038436
1787287260000,21.741378854684747
1787287320000,21.348063856647844
1787287380000,19.77480386449993
1787287440000,21.21695885730221
1787287500000,23.92646217711239
1787287560000,17.327510543381017
1787287620000,23.27093718038407
1787287680000,23.27093718038407
1787287740000,18.55115720394047
1787287800000,19.1629805342202
1787287860000,16.93419554534411
1787287920000,19.42519053291162
1787287980000,19.993312196742753
1787288040000,18.026737206557932
1787288100000,18.026737206557932
1787288160000,16.93419554534411
1787288220000,12.869940565628838
1787288280000,11.650303506745068
1787288340000,11.650303506745068
1787288400000,11.650303506745068
1787288460000,11.650303506745068
1787288520000,11.650303506745068
1787288580000,11.650303506745068
1787288640000,11.650303506745068
1787288700000,11.650303506745068
1787288760000,11.650303506745068
1787288820000,11.650303506745068
1787288880000,11.650303506745068
1787288940000,11.650303506745068
1787289000000,11.650303506745068
1787289060000,11.650303506745068
1787289120000,11.650303506745068
1787289180000,11.650303506745068
1787289240000,11.650303506745068
1787289300000,11.650303506745068
1787289360000,11.650303506745068
1787289420000,11.650303506745068
1787289480000,11.650303506745068
1787289540000,11.650303506745068
1787289600000,11.650303506745068
1787289660000,11.650303506745068
1787289720000,11.650303506745068
1787289780000,11.650303506745068
1787289840000,11.650303506745068
1787289900000,11.650303506745068
1787289960000,11.650303506745068
1787290020000,11.650303506745068
1787290080000,11.650303506745068
1787290140000,11.650303506745068
1787290200000,11.650303506745068
1787290260000,11.650303506745068
1787290320000,11.650303506745068
1787290380000,11.650303506745068
1787290440000,11.650303506745068
1787290500000,11.650303506745068
1787290560000,11.650303506745068
1787290620000,11.650303506745068
1787290680000,11.650303506745068
1787290740000,11.650303506745068
1787290800000,11.650303506745068
1787290860000,11.650303506745068
1787290920000,11.650303506745068
1787290980000,11.650303506745068
1787291040000,11.650303506745068
1787291100000,11.650303506745068
1787291160000,11.650303506745068
1787291220000,11.650303506745068
1787291280000,11.650303506745068
1787291340000,11.650303506745068
1787291400000,11.650303506745068
1787291460000,11.650303506745068
1787291520000,11.650303506745068
1787291580000,11.650303506745068
1787291640000,11.650303506745068
1787291700000,11.650303506745068
1787291760000,11.650303506745068
1787291820000,11.650303506745068
1787291880000,10.318969190525095
1787291940000,9.531203341214486
1787292000000,8.329660197195828
1787292060000,8.329660197195828
1787292120000,8.329660197195828
1787292180000,6.734683131322516
1787292240000,5.94480901557888
1787292300000,5.8131633296216325
1787292360000,7.085738293875276
1787292420000,9.367596850467915
1787292480000,9.894179594296904
1787292540000,8.577722734724281
1787292600000,10.157470966211399
1787292660000,12.351565732165927
1787292720000,11.38616403514591
1787292780000,9.850297698977773
1787292840000,10.289116652168648
1787292900000,9.674770117701545
1787292960000,11.824982988336785
1787293020000,11.254518349188663
1787293080000,12.307683836846792
1787293140000,11.517809721103157
1787293200000,12.132156255570411
1787293260000,12.834266580675934
1787293320000,11.781101093017803
1787293380000,13.931313963653196
1787293440000,15.379416509183068
1787293500000,14.765069974715814
1787293560000,13.536376905781303
1787293620000,13.485924828791243
1787293680000,13.485924828791243
1787293740000,13.485924828791243
1787293800000,13.485924828791243
1787293860000,13.485924828791243
1787293920000,13.485924828791243
1787293980000,13.485924828791243
1787294040000,13.485924828791243
1787294100000,13.485924828791243
1787294160000,13.485924828791243
1787294220000,13.485924828791243
1787294280000,13.485924828791243
1787294340000,13.485924828791243
1787294400000,13.485924828791243
1787294460000,13.485924828791243
1787294520000,13.485924828791243
1787294580000,13.485924828791243
1787294640000,13.485924828791243
1787294700000,13.485924828791243
1787294760000,13.485924828791243
1787294820000,13.485924828791243
1787294880000,13.485924828791243
1787294940000,13.485924828791243
1787295000000,13.485924828791243
1787295060000,13.485924828791243
1787295120000,13.485924828791243
1787295180000,13.485924828791243
1787295240000,13.485924828791243
1787295300000,13.485924828791243
1787295360000,13.485924828791243
1787295420000,13.485924828791243
1787295480000,13.485924828791243
1787295540000,13.485924828791243
1787295600000,13.485924828791243
1787295660000,13.485924828791243
1787295720000,13.485924828791243
1787295780000,13.485924828791243
1787295840000,13.485924828791243
1787295900000,13.485924828791243
1787295960000,13.485924828791243
1787296020000,13.485924828791243
1787296080000,13.485924828791243
1787296140000,13.485924828791243
1787296200000,13.485924828791243
1787296260000,13.485924828791243
1787296320000,13.485924828791243
1787296380000,13.485924828791243
1787296440000,13.485924828791243
1787296500000,13.485924828791243
1787296560000,13.485924828791243
1787296620000,13.485924828791243
1787296680000,13.485924828791243
1787296740000,13.485924828791243
1787296800000,13.485924828791243
1787296860000,13.485924828791243
1787296920000,13.485924828791243
1787296980000,13.485924828791243
1787297040000,13.485924828791243
1787297100000,13.485924828791243
1787297160000,13.485924828791243
1787297220000,13.485924828791243
1787297280000,13.485924828791243
1787297340000,13.485924828791243
1787297400000,13.485924828791243
1787297460000,13.485924828791243
1787297520000,13.485924828791243
1787297580000,13.485924828791243
1787297640000,12.76261720409417
1787297700000,13.065941448013213
1787297760000,11.895976507182661
1787297820000,10.206027148205116
1787297880000,6.7394643605589355
1787297940000,7.432776918088112
1787298000000,5.829491628801807
1787298060000,6.609468256022224
1787298120000,10.639347496660871
1787298180000,13.022609413167592
1787298240000,13.629257901005678
1787298300000,10.292691217896207
1787298360000,8.706002253951098
1787298420000,8.706002253951098
1787298480000,8.706002253951098
1787298540000,8.706002253951098
1787298600000,8.706002253951098
1787298660000,8.706002253951098
1787298720000,8.706002253951098
1787298780000,8.706002253951098
1787298840000,8.706002253951098
1787298900000,8.706002253951098
1787298960000,8.706002253951098
1787299020000,8.706002253951098
1787299080000,8.706002253951098
1787299140000,8.706002253951098
1787299200000,8.706002253951098
1787299260000,8.706002253951098
1787299320000,8.706002253951098
1787299380000,8.706002253951098
1787299440000,8.706002253951098
1787299500000,8.706002253951098
1787299560000,8.706002253951098
1787299620000,8.706002253951098
1787299680000,8.706002253951098
1787299740000,8.706002253951098
1787299800000,8.706002253951098
1787299860000,8.706002253951098
1787299920000,8.706002253951098
1787299980000,8.706002253951098
1787300040000,8.706002253951098
1787300100000,8.706002253951098
1787300160000,8.706002253951098
1787300220000,8.706002253951098
1787300280000,8.706002253951098
1787300340000,8.706002253951098
1787300400000,-0.2689126316318484
1787300460000,-1.536568318194643
1787300520000,-2.3876431478168616
1787300580000,-2.3876431478168616
1787300640000,-2.3876431478168616
1787300700000,-2.3876431478168616
1787300760000,-2.3876431478168616
1787300820000,-2.3876431478168616
1787300880000,-2.3876431478168616
1787300940000,-2.3876431478168616
1787301000000,-2.3876431478168616
1787301060000,-2.3876431478168616
1787301120000,-2.3876431478168616
1787301180000,-2.3876431478168616
1787301240000,-2.3876431478168616
1787301300000,-2.3876431478168616
1787301360000,-2.3876431478168616
1787301420000,-2.3876431478168616
1787301480000,-2.3876431478168616
1787301540000,-2.3876431478168616
1787301600000,-2.3876431478168616
1787301660000,-2.3876431478168616
1787301720000,-2.3876431478168616
1787301780000,-2.3876431478168616
1787301840000,-2.3876431478168616
1787301900000,-2.3876431478168616
1787301960000,-2.3876431478168616
1787302020000,-2.3876431478168616
1787302080000,-2.3876431478168616
1787302140000,-2.3876431478168616
1787302200000,-2.3876431478168616
1787302260000,-2.3876431478168616
1787302320000,-2.3876431478168616
1787302380000,-2.3876431478168616
1787302440000,-2.3876431478168616
1787302500000,-2.3876431478168616
1787302560000,-2.3876431478168616
1787302620000,-2.3876431478168616
1787302680000,-2.3876431478168616
1787302740000,-2.3876431478168616
1787302800000,-2.3876431478168616
1787302860000,-2.3876431478168616
1787302920000,-2.3876431478168616
1787302980000,-2.3876431478168616
1787303040000,-2.3876431478168616
1787303100000,-2.3876431478168616
1787303160000,-2.3876431478168616
1787303220000,-2.3876431478168616
1787303280000,-2.3876431478168616
1787303340000,-2.3876431478168616
1787303400000,-2.3876431478168616
1787303460000,-2.3876431478168616
1787303520000,-2.3876431478168616
1787303580000,-2.3876431478168616
1787303640000,-2.3876431478168616
1787303700000,-2.3876431478168616
1787303760000,-2.3876431478168616
1787303820000,-2.3876431478168616
1787303880000,-2.3876431478168616
1787303940000,-2.3876431478168616
1787304000000,-2.3876431478168616
1787304060000,-2.3876431478168616
1787304120000,-2.3876431478168616
1787304180000,-4.3242712982606255
1787304240000,-4.800887155135024
1787304300000,-3.5010257272957284
1787304360000,-1.031289014401338
1787304420000,-3.760998012863678
1787304480000,-4.020970298431477
1787304540000,-3.19772472746658
1787304600000,-2.8077662991148813
1787304660000,-2.894423727637581
1787304720000,-1.4645761570143863
1787304780000,-5.190845583486722
1787304840000,-4.83150396122017
1787304900000,-4.83150396122017
1787304960000,-4.83150396122017
1787305020000,-4.83150396122017
1787305080000,-4.83150396122017
1787305140000,-4.83150396122017
1787305200000,-4.83150396122017
1787305260000,-4.83150396122017
1787305320000,-4.83150396122017
1787305380000,-4.83150396122017
1787305440000,-4.83150396122017
1787305500000,-4.83150396122017
1787305560000,-4.83150396122017
1787305620000,-4.83150396122017
1787305680000,-4.83150396122017
1787305740000,-4.83150396122017
1787305800000,-4.83150396122017
1787305860000,-4.83150396122017
1787305920000,-4.83150396122017
1787305980000,-4.83150396122017
1787306040000,-4.83150396122017
1787306100000,-4.83150396122017
1787306160000,-4.83150396122017
1787306220000,-4.83150396122017
1787306280000,-4.83150396122017
1787306340000,-4.83150396122017
1787306400000,-4.83150396122017
1787306460000,-4.83150396122017
1787306520000,-4.83150396122017
1787306580000,-4.83150396122017
1787306640000,-4.83150396122017
1787306700000,-4.83150396122017
1787306760000,-4.83150396122017
1787306820000,-5.727716496558339
1787306880000,-4.772830153901953
1787306940000,-4.555810530570867
1787307000000,-4.295386982573685
1787307060000,-9.590665791850581
1787307120000,-10.79537753787972
1787307180000,-10.79537753787972
1787307240000,-10.79537753787972
1787307300000,-10.79537753787972
1787307360000,-10.79537753787972
1787307420000,-10.79537753787972
1787307480000,-10.79537753787972
1787307540000,-10.79537753787972
1787307600000,-10.79537753787972
1787307660000,-10.79537753787972
1787307720000,-10.79537753787972
1787307780000,-10.79537753787972
1787307840000,-10.79537753787972
1787307900000,-10.79537753787972
1787307960000,-10.79537753787972
1787308020000,-10.79537753787972
1787308080000,-10.79537753787972
1787308140000,-10.79537753787972
1787308200000,-10.79537753787972
1787308260000,-10.79537753787972
1787308320000,-10.79537753787972
1787308380000,-10.79537753787972
1787308440000,-10.79537753787972
1787308500000,-10.79537753787972
1787308560000,-10.79537753787972
1787308620000,-10.79537753787972
1787308680000,-10.79537753787972
1787308740000,-10.79537753787972
1787308800000,-10.79537753787972
1787308860000,-10.79537753787972
1787308920000,-10.79537753787972
1787308980000,-10.79537753787972
1787309040000,-10.79537753787972
1787309100000,-10.79537753787972
1787309160000,-10.79537753787972
1787309220000,-10.79537753787972
1787309280000,-10.79537753787972
1787309340000,-10.79537753787972
1787309400000,-10.79537753787972
1787309460000,-10.79537753787972
1787309520000,-10.79537753787972
1787309580000,-10.79537753787972
1787309640000,-10.79537753787972
1787309700000,-10.79537753787972
1787309760000,-10.79537753787972
1787309820000,-10.79537753787972
1787309880000,-10.79537753787972
1787309940000,-10.79537753787972
1787310000000,-10.79537753787972
1787310060000,-10.79537753787972
1787310120000,-10.79537753787972
1787310180000,-10.79537753787972
1787310240000,-10.79537753787972
1787310300000,-10.79537753787972
1787310360000,-10.79537753787972
1787310420000,-10.79537753787972
1787310480000,-10.79537753787972
1787310540000,-10.79537753787972
1787310600000,-10.79537753787972
1787310660000,-10.79537753787972
1787310720000,-10.79537753787972
1787310780000,-10.79537753787972
1787310840000,-10.79537753787972
1787310900000,-10.79537753787972
1787310960000,-10.79537753787972
1787311020000,-10.79537753787972
1787311080000,-10.79537753787972
1787311140000,-10.79537753787972
1787311200000,-10.79537753787972
1787311260000,-10.79537753787972
1787311320000,-10.79537753787972
1787311380000,-10.79537753787972
1787311440000,-10.79537753787972
1787311500000,-10.79537753787972
1787311560000,-10.79537753787972
1787311620000,-10.79537753787972
1787311680000,-10.79537753787972
1787311740000,-10.79537753787972
1787311800000,-10.79537753787972
1787311860000,-10.79537753787972
1787311920000,-10.79537753787972
1787311980000,-10.79537753787972
1787312040000,-10.79537753787972
1787312100000,-10.79537753787972
1787312160000,-10.79537753787972
1787312220000,-10.79537753787972
1787312280000,-10.79537753787972
1787312340000,-10.79537753787972
1787312400000,-10.79537753787972
1787312460000,-10.79537753787972
1787312520000,-10.79537753787972
1787312580000,-10.79537753787972
1787312640000,-10.79537753787972
1787312700000,-10.79537753787972
1787312760000,-10.79537753787972
1787312820000,-10.79537753787972
1787312880000,-10.79537753787972
1787312940000,-10.79537753787972
1787313000000,-10.79537753787972
1787313060000,-10.79537753787972
1787313120000,-10.79537753787972
1787313180000,-10.79537753787972
1787313240000,-10.79537753787972
1787313300000,-10.79537753787972
1787313360000,-10.79537753787972
1787313420000,-10.79537753787972
1787313480000,-10.79537753787972
1787313540000,-10.79537753787972
1787313600000,-10.79537753787972
1787313660000,-10.79537753787972
1787313720000,-11.3868647184101
1787313780000,-12.169289782301655
1787313840000,-11.560736954830462
1787313900000,-5.9533573302744935
1787313960000,-4.779719734437236
1787314020000,-3.1714015475491486
1787314080000,-0.5633180012440153
1787314140000,-3.8234224341253187
1787314200000,-4.997060029962727
1787314260000,-6.7548636723947695
1787314320000,-6.7548636723947695
1787314380000,-6.7548636723947695
1787314440000,-6.7548636723947695
1787314500000,-6.7548636723947695
1787314560000,-6.7548636723947695
1787314620000,-6.7548636723947695
1787314680000,-6.7548636723947695
1787314740000,-6.7548636723947695
1787314800000,-6.7548636723947695
1787314860000,-6.7548636723947695
1787314920000,-6.7548636723947695
1787314980000,-6.7548636723947695
1787315040000,-6.7548636723947695
1787315100000,-6.7548636723947695
1787315160000,-6.7548636723947695
1787315220000,-6.7548636723947695
1787315280000,-6.7548636723947695
1787315340000,-6.7548636723947695
1787315400000,-6.7548636723947695
1787315460000,-6.7548636723947695
1787315520000,-6.7548636723947695
1787315580000,-6.7548636723947695
1787315640000,-6.7548636723947695
1787315700000,-6.7548636723947695
1787315760000,-6.7548636723947695
1787315820000,-6.7548636723947695
1787315880000,-6.7548636723947695
1787315940000,-6.7548636723947695
1787316000000,-6.7548636723947695
1787316060000,-6.7548636723947695
1787316120000,-6.7548636723947695
1787316180000,-6.7548636723947695
1787316240000,-6.7548636723947695
1787316300000,-6.7548636723947695
1787316360000,-6.7548636723947695
1787316420000,-6.7548636723947695
1787316480000,-6.7548636723947695
1787316540000,-6.7548636723947695
1787316600000,-6.7548636723947695
1787316660000,-6.7548636723947695
1787316720000,-6.7548636723947695
1787316780000,-6.7548636723947695
1787316840000,-6.7548636723947695
1787316900000,-6.7548636723947695
1787316960000,-6.7548636723947695
1787317020000,-6.7548636723947695
1787317080000,-6.7548636723947695
1787317140000,-6.7548636723947695
1787317200000,-6.7548636723947695
1787317260000,-6.7548636723947695
1787317320000,-6.7548636723947695
1787317380000,-6.7548636723947695
1787317440000,-6.7548636723947695
1787317500000,-6.7548636723947695
1787317560000,-6.7548636723947695
1787317620000,-6.7548636723947695
1787317680000,-6.7548636723947695
1787317740000,-6.7548636723947695
1787317800000,-6.7548636723947695
1787317860000,-6.7548636723947695
1787317920000,-6.7548636723947695
1787317980000,-6.7548636723947695
1787318040000,-6.7548636723947695
1787318100000,-6.7548636723947695
1787318160000,-6.7548636723947695
1787318220000,-6.7548636723947695
1787318280000,-6.7548636723947695
1787318340000,-6.7548636723947695
1787318400000,-6.7548636723947695
1787318460000,-6.7548636723947695
1787318520000,-6.7548636723947695
1787318580000,-6.7548636723947695
1787318640000,-6.7548636723947695
1787318700000,-6.7548636723947695
1787318760000,-6.7548636723947695
1787318820000,-6.7548636723947695
1787318880000,-6.7548636723947695
1787318940000,-6.7548636723947695
1787319000000,-6.7548636723947695
1787319060000,-6.7548636723947695
1787319120000,-6.7548636723947695
1787319180000,-6.7548636723947695
1787319240000,-6.7548636723947695
1787319300000,-6.7548636723947695
1787319360000,-6.7548636723947695
1787319420000,-6.7548636723947695
1787319480000,-8.424433844785662
1787319540000,-7.186370684114165
1787319600000,-9.49172967295086
1787319660000,-11.370170330521656
1787319720000,-9.150195007938109
1787319780000,-10.644409167369357
1787319840000,-10.08941533672336
1787319900000,-7.399829849747115
1787319960000,-9.49172967295086
1787320020000,-9.577113339204159
1787320080000,-9.918648004216909
1787320140000,-9.918648004216909
1787320200000,-11.242094831141706
1787320260000,-8.765968509798562
1787320320000,-8.808660342925211
1787320380000,-10.857868333002308
1787320440000,-10.004031670470209
1787320500000,-9.875956171090408
1787320560000,-11.583629496154606
1787320620000,-10.644409167369357
1787320680000,-8.765968509798562
1787320740000,-8.082899179772912
1787320800000,-10.004031670470209
1787320860000,-10.302874502356458
1787320920000,-9.70518883858396
1787320980000,-11.412862163648157
1787321040000,-15.553969976928999
1787321100000,-13.760912985611501
1787321160000,-10.473641834862907
1787321220000,-10.943251999255459
1787321280000,-11.242094831141706
1787321340000,-11.114019331761908
1787321400000,-10.943251999255459
1787321460000,-9.961339837343559
1787321520000,-10.943251999255459
1787321580000,-10.388258168609608
1787321640000,-11.754396828661054
1787321700000,-15.25512714504275
1787321760000,-16.279731140081296
1787321820000,-17.469303004093497
1787321880000,-17.469303004093497
1787321940000,-17.469303004093497
1787322000000,-17.469303004093497
1787322060000,-17.469303004093497
1787322120000,-17.469303004093497
1787322180000,-17.469303004093497
1787322240000,-17.469303004093497
1787322300000,-17.469303004093497
1787322360000,-17.469303004093497
1787322420000,-17.469303004093497
1787322480000,-17.469303004093497
1787322540000,-17.469303004093497
1787322600000,-17.469303004093497
1787322660000,-17.469303004093497
1787322720000,-17.469303004093497
1787322780000,-17.469303004093497
1787322840000,-17.469303004093497
1787322900000,-17.469303004093497
1787322960000,-17.469303004093497
1787323020000,-17.469303004093497
1787323080000,-17.469303004093497
1787323140000,-17.469303004093497
1787323200000,-17.469303004093497
1787323260000,-17.469303004093497
1787323320000,-17.469303004093497
1787323380000,-17.469303004093497
1787323440000,-17.469303004093497
1787323500000,-17.469303004093497
1787323560000,-17.469303004093497
1787323620000,-20.803823303040303
1787323680000,-19.627681101907285
1787323740000,-19.496998635114743
1787323800000,-19.584120279643052
1787323860000,-21.892843859645016
1787323920000,-20.06328932454914
1787323980000,-19.845485213228287
1787324040000,-19.10495123473697
1787324100000,-17.014031766056007
1787324160000,-18.23373478945326
1787324220000,-17.18827505511278
1787324280000,-18.451538900774263
1787324340000,-20.08784861992812
1787324400000,-20.08784861992812
1787324460000,-20.08784861992812
1787324520000,-20.08784861992812
1787324580000,-20.08784861992812
1787324640000,-20.08784861992812
1787324700000,-20.08784861992812
1787324760000,-20.08784861992812
1787324820000,-20.08784861992812
1787324880000,-20.08784861992812
1787324940000,-20.08784861992812
1787325000000,-20.08784861992812
1787325060000,-20.08784861992812
1787325120000,-20.08784861992812
1787325180000,-20.08784861992812
1787325240000,-20.08784861992812
1787325300000,-20.08784861992812
1787325360000,-20.08784861992812
1787325420000,-20.08784861992812
1787325480000,-20.08784861992812
1787325540000,-20.08784861992812
1787325600000,-20.08784861992812
1787325660000,-20.08784861992812
1787325720000,-20.08784861992812
1787325780000,-20.08784861992812
1787325840000,-20.08784861992812
1787325900000,-20.08784861992812
1787325960000,-20.08784861992812
1787326020000,-20.08784861992812
1787326080000,-20.08784861992812
1787326140000,-20.08784861992812
1787326200000,-20.08784861992812
1787326260000,-20.08784861992812
1787326320000,-20.08784861992812
1787326380000,-20.08784861992812
1787326440000,-21.156932396968127
1787326500000,-20.72041162709602
1787326560000,-17.57746208401675
1787326620000,-12.688429461448901
1787326680000,-5.878705451443745
1787326740000,-6.620790760226344
1787326800000,-8.10496137779154
1787326860000,-8.628786301638161
1787326920000,-9.333283784733508
1787326980000,-9.333283784733508
1787327040000,-9.333283784733508
1787327100000,-9.333283784733508
1787327160000,-9.333283784733508
1787327220000,-9.333283784733508
1787327280000,-9.333283784733508
1787327340000,-9.333283784733508
1787327400000,-9.333283784733508
1787327460000,-9.333283784733508
1787327520000,-9.333283784733508
1787327580000,-9.333283784733508
1787327640000,-9.333283784733508
1787327700000,-9.333283784733508
1787327760000,-9.333283784733508
1787327820000,-9.333283784733508
1787327880000,-9.333283784733508
1787327940000,-9.333283784733508
1787328000000,-9.333283784733508
1787328060000,-9.333283784733508
1787328120000,-9.333283784733508
1787328180000,-9.333283784733508
1787328240000,-9.333283784733508
1787328300000,-9.333283784733508
1787328360000,-9.333283784733508
1787328420000,-9.333283784733508
1787328480000,-9.333283784733508
1787328540000,-9.333283784733508
1787328600000,-9.333283784733508
1787328660000,-9.333283784733508
1787328720000,-9.333283784733508
1787328780000,-9.333283784733508
1787328840000,-9.333283784733508
1787328900000,-9.333283784733508
1787328960000,-9.333283784733508
1787329020000,-9.333283784733508
1787329080000,-9.333283784733508
1787329140000,-9.333283784733508
1787329200000,-9.333283784733508
1787329260000,-9.333283784733508
1787329320000,-9.333283784733508
1787329380000,-9.333283784733508
1787329440000,-9.333283784733508
1787329500000,-9.333283784733508
1787329560000,-9.333283784733508
1787329620000,-9.333283784733508
1787329680000,-9.333283784733508
1787329740000,-9.333283784733508
1787329800000,-9.333283784733508
1787329860000,-9.333283784733508
1787329920000,-9.333283784733508
1787329980000,-9.333283784733508
1787330040000,-9.333283784733508
1787330100000,-9.333283784733508
1787330160000,-9.333283784733508
1787330220000,-9.333283784733508
1787330280000,-9.333283784733508
1787330340000,-9.333283784733508
1787330400000,-9.333283784733508
1787330460000,-9.333283784733508
1787330520000,-9.333283784733508
1787330580000,-9.333283784733508
1787330640000,-9.333283784733508
1787330700000,-9.333283784733508
1787330760000,-9.333283784733508
1787330820000,-9.333283784733508
1787330880000,-9.333283784733508
1787330940000,-9.333283784733508
1787331000000,-9.333283784733508
1787331060000,-9.333283784733508
1787331120000,-9.333283784733508
1787331180000,-9.333283784733508
1787331240000,-9.333283784733508
1787331300000,-9.333283784733508
1787331360000,-9.333283784733508
1787331420000,-9.333283784733508
1787331480000,-9.333283784733508
1787331540000,-9.333283784733508
1787331600000,-9.333283784733508
1787331660000,-9.333283784733508
1787331720000,-9.333283784733508
1787331780000,-9.333283784733508
1787331840000,-9.333283784733508
1787331900000,-9.333283784733508
1787331960000,-9.333283784733508
1787332020000,-9.333283784733508
1787332080000,-9.333283784733508
1787332140000,-9.333283784733508
1787332200000,-9.333283784733508
1787332260000,-9.333283784733508
1787332320000,-9.333283784733508
1787332380000,-9.333283784733508
1787332440000,-9.333283784733508
1787332500000,-9.333283784733508
1787332560000,-9.333283784733508
1787332620000,-9.333283784733508
1787332680000,-9.333283784733508
1787332740000,-9.333283784733508
1787332800000,-9.333283784733508
1787332860000,-9.333283784733508
1787332920000,-9.333283784733508
1787332980000,-9.333283784733508
1787333040000,-9.333283784733508
1787333100000,-9.333283784733508
1787333160000,-9.333283784733508
1787333220000,-9.333283784733508
1787333280000,-9.333283784733508
1787333340000,-9.333283784733508
1787333400000,-9.333283784733508
1787333460000,-9.333283784733508
1787333520000,-9.333283784733508
1787333580000,-9.333283784733508
1787333640000,-9.333283784733508
1787333700000,-9.333283784733508
1787333760000,-9.333283784733508
1787333820000,-9.333283784733508
1787333880000,-9.333283784733508
1787333940000,-9.333283784733508
1787334000000,-9.333283784733508
1787334060000,-9.333283784733508
1787334120000,-9.333283784733508
1787334180000,-9.333283784733508
1787334240000,-9.333283784733508
1787334300000,-9.333283784733508
1787334360000,-9.333283784733508
1787334420000,-9.333283784733508
1787334480000,-9.333283784733508
1787334540000,-9.333283784733508
1787334600000,-9.333283784733508
1787334660000,-9.333283784733508
1787334720000,-9.333283784733508
1787334780000,-9.333283784733508
1787334840000,-9.333283784733508
1787334900000,-9.333283784733508
1787334960000,-9.333283784733508
1787335020000,-9.333283784733508
1787335080000,-9.333283784733508
1787335140000,-9.333283784733508
1787335200000,-9.333283784733508
1787335260000,-9.333283784733508
1787335320000,-9.333283784733508
1787335380000,-9.333283784733508
1787335440000,-9.333283784733508
1787335500000,-9.333283784733508
1787335560000,-9.333283784733508
1787335620000,-9.333283784733508
1787335680000,-9.333283784733508
1787335740000,-9.333283784733508
1787335800000,-9.333283784733508
1787335860000,-9.333283784733508
1787335920000,-9.333283784733508
1787335980000,-9.333283784733508
1787336040000,-9.333283784733508
1787336100000,-9.333283784733508
1787336160000,-9.333283784733508
1787336220000,-9.333283784733508
1787336280000,-9.333283784733508
1787336340000,-9.333283784733508
1787336400000,-9.333283784733508
1787336460000,-9.333283784733508
1787336520000,-9.333283784733508
1787336580000,-9.333283784733508
1787336640000,-9.333283784733508
1787336700000,-9.333283784733508
1787336760000,-9.333283784733508
1787336820000,-9.333283784733508
1787336880000,-9.333283784733508
1787336940000,-9.333283784733508
1787337000000,-9.333283784733508
1787337060000,-9.333283784733508
1787337120000,-9.333283784733508
1787337180000,-9.333283784733508
1787337240000,-9.333283784733508
1787337300000,-9.333283784733508
1787337360000,-9.333283784733508
1787337420000,-9.333283784733508
1787337480000,-9.333283784733508
1787337540000,-9.333283784733508
1787337600000,-9.333283784733508
1787337660000,-9.333283784733508
1787337720000,-9.333283784733508
1787337780000,-9.333283784733508
1787337840000,-9.333283784733508
1787337900000,-9.333283784733508
1787337960000,-9.333283784733508
1787338020000,-9.333283784733508
1787338080000,-9.333283784733508
1787338140000,-8.285683253391358
1787338200000,-4.734411201227996
1787338260000,-4.959175255162447
1787338320000,-7.701296713161847
1787338380000,-6.8921461189981965
1787338440000,-5.768325849326253
1787338500000,-6.757287686637589
1787338560000,-5.67842022775241
1787338620000,-7.386627037653708
1787338680000,-7.998202539270926
1787338740000,-7.998202539270926
1787338800000,-7.998202539270926
1787338860000,-7.998202539270926
1787338920000,-7.998202539270926
1787338980000,-7.998202539270926
1787339040000,-7.998202539270926
1787339100000,-7.998202539270926
1787339160000,-7.998202539270926
1787339220000,-7.998202539270926
1787339280000,-7.998202539270926
1787339340000,-7.998202539270926
1787339400000,-7.998202539270926
1787339460000,-7.998202539270926
1787339520000,-7.998202539270926
1787339580000,-7.998202539270926
1787339640000,-7.998202539270926
1787339700000,-7.998202539270926
1787339760000,-7.998202539270926
1787339820000,-7.998202539270926
1787339880000,-7.998202539270926
1787339940000,-7.998202539270926
1787340000000,-7.998202539270926
1787340060000,-7.998202539270926
1787340120000,-7.998202539270926
1787340180000,-7.998202539270926
1787340240000,-7.998202539270926
1787340300000,-9.014551079869769
1787340360000,-10.851465753897246
1787340420000,-9.841162683182198
1787340480000,-7.407250740095648
1787340540000,-8.693091011914944
1787340600000,-7.177636405842134
1787340660000,-7.085790672140824
1787340720000,-8.509399544512165
1787340780000,-9.657471215779418
1787340840000,-10.720528519618462
1787340900000,-10.720528519618462
1787340960000,-10.720528519618462
1787341020000,-10.720528519618462
1787341080000,-10.720528519618462
1787341140000,-10.720528519618462
1787341200000,-10.720528519618462
1787341260000,-10.720528519618462
1787341320000,-10.720528519618462
1787341380000,-10.720528519618462
1787341440000,-10.720528519618462
1787341500000,-10.720528519618462
1787341560000,-10.720528519618462
1787341620000,-10.720528519618462
1787341680000,-10.720528519618462
1787341740000,-10.720528519618462
1787341800000,-10.720528519618462
1787341860000,-10.720528519618462
1787341920000,-10.720528519618462
1787341980000,-10.720528519618462
1787342040000,-10.720528519618462
1787342100000,-10.720528519618462
1787342160000,-10.720528519618462
1787342220000,-10.720528519618462
1787342280000,-10.720528519618462
1787342340000,-10.720528519618462
1787342400000,-10.720528519618462
1787342460000,-10.720528519618462
1787342520000,-10.720528519618462
1787342580000,-10.720528519618462
1787342640000,-10.720528519618462
1787342700000,-10.720528519618462
1787342760000,-10.720528519618462
1787342820000,-10.720528519618462
1787342880000,-10.720528519618462
1787342940000,-10.720528519618462
1787343000000,-10.720528519618462
1787343060000,-10.720528519618462
1787343120000,-10.720528519618462
1787343180000,-10.720528519618462
1787343240000,-10.720528519618462
1787343300000,-10.720528519618462
1787343360000,-10.720528519618462
1787343420000,-10.720528519618462
1787343480000,-10.720528519618462
1787343540000,-10.720528519618462
1787343600000,-10.720528519618462
1787343660000,-10.720528519618462
1787343720000,-10.720528519618462
1787343780000,-10.720528519618462
1787343840000,-10.720528519618462
1787343900000,-10.720528519618462
1787343960000,-10.720528519618462
1787344020000,-10.720528519618462
1787344080000,-10.720528519618462
1787344140000,-10.720528519618462
1787344200000,-10.720528519618462
1787344260000,-10.720528519618462
1787344320000,-10.720528519618462
1787344380000,-10.720528519618462
1787344440000,-10.720528519618462
1787344500000,-10.720528519618462
1787344560000,-10.720528519618462
1787344620000,-10.720528519618462
1787344680000,-10.720528519618462
1787344740000,-10.720528519618462
1787344800000,-10.720528519618462
1787344860000,-10.720528519618462
1787344920000,-10.720528519618462
1787344980000,-10.720528519618462
1787345040000,-10.720528519618462
1787345100000,-10.720528519618462
1787345160000,-10.720528519618462
1787345220000,-10.720528519618462
1787345280000,-10.720528519618462
1787345340000,-10.720528519618462
1787345400000,-10.720528519618462
1787345460000,-10.720528519618462
1787345520000,-10.720528519618462
1787345580000,-10.720528519618462
1787345640000,-10.720528519618462
1787345700000,-10.720528519618462
1787345760000,-10.720528519618462
1787345820000,-10.720528519618462
1787345880000,-10.720528519618462
1787345940000,-10.720528519618462
1787346000000,-10.720528519618462
1787346060000,-10.720528519618462
1787346120000,-10.720528519618462
1787346180000,-10.720528519618462
1787346240000,-10.720528519618462
1787346300000,-10.720528519618462
1787346360000,-10.720528519618462
1787346420000,-10.720528519618462
1787346480000,-10.720528519618462
1787346540000,-10.720528519618462
1787346600000,-10.720528519618462
1787346660000,-10.720528519618462
1787346720000,-10.720528519618462
1787346780000,-10.720528519618462
1787346840000,-10.720528519618462
1787346900000,-10.720528519618462
1787346960000,-10.720528519618462
1787347020000,-10.720528519618462
1787347080000,-10.720528519618462
1787347140000,-10.720528519618462
1787347200000,-10.720528519618462
1787347260000,-10.720528519618462
1787347320000,-10.720528519618462
1787347380000,-10.720528519618462
1787347440000,-10.720528519618462
1787347500000,-10.720528519618462
1787347560000,-10.720528519618462
1787347620000,-10.720528519618462
1787347680000,-10.720528519618462
1787347740000,-10.720528519618462
1787347800000,-10.720528519618462
1787347860000,-10.720528519618462
1787347920000,-10.720528519618462
1787347980000,-10.720528519618462
1787348040000,-10.720528519618462
1787348100000,-10.720528519618462
1787348160000,-10.720528519618462
1787348220000,-10.720528519618462
1787348280000,-10.720528519618462
1787348340000,-10.720528519618462
1787348400000,-10.720528519618462
1787348460000,-10.720528519618462
1787348520000,-10.720528519618462
1787348580000,-10.720528519618462
1787348640000,-10.720528519618462
1787348700000,-10.720528519618462
1787348760000,-10.720528519618462
1787348820000,-10.720528519618462
1787348880000,-10.720528519618462
1787348940000,-10.720528519618462
1787349000000,-10.720528519618462
1787349060000,-10.720528519618462
1787349120000,-10.720528519618462
1787349180000,-10.720528519618462
1787349240000,-10.720528519618462
1787349300000,-10.720528519618462
1787349360000,-10.720528519618462
1787349420000,-10.720528519618462
1787349480000,-10.720528519618462
1787349540000,-10.720528519618462
1787349600000,-10.720528519618462
1787349660000,-10.720528519618462
1787349720000,-10.720528519618462
1787349780000,-10.720528519618462
1787349840000,-10.720528519618462
1787349900000,-10.720528519618462
1787349960000,-10.720528519618462
1787350020000,-10.720528519618462
1787350080000,-10.720528519618462
1787350140000,-10.720528519618462
1787350200000,-10.720528519618462
1787350260000,-10.720528519618462
1787350320000,-10.720528519618462
1787350380000,-10.720528519618462
1787350440000,-10.720528519618462
1787350500000,-10.720528519618462
1787350560000,-10.720528519618462
1787350620000,-10.720528519618462
1787350680000,-10.720528519618462
1787350740000,-10.720528519618462
1787350800000,-10.720528519618462
1787350860000,-10.720528519618462
1787350920000,-10.720528519618462
1787350980000,-10.720528519618462
1787351040000,-10.720528519618462
1787351100000,-10.720528519618462
1787351160000,-10.720528519618462
1787351220000,-10.720528519618462
1787351280000,-10.720528519618462
1787351340000,-10.720528519618462
1787351400000,-10.720528519618462
1787351460000,-10.720528519618462
1787351520000,-10.720528519618462
1787351580000,-10.720528519618462
1787351640000,-10.720528519618462
1787351700000,-10.720528519618462
1787351760000,-10.720528519618462
1787351820000,-10.720528519618462
1787351880000,-10.720528519618462
1787351940000,-10.720528519618462
1787352000000,-10.720528519618462
1787352060000,-10.720528519618462
1787352120000,-10.720528519618462
1787352180000,-10.720528519618462
1787352240000,-10.720528519618462
1787352300000,-10.720528519618462
1787352360000,-10.720528519618462
1787352420000,-10.720528519618462
1787352480000,-10.720528519618462
1787352540000,-10.720528519618462
1787352600000,-10.720528519618462
1787352660000,-10.720528519618462
1787352720000,-10.720528519618462
1787352780000,-10.720528519618462
1787352840000,-10.720528519618462
1787352900000,-10.720528519618462
1787352960000,-10.720528519618462
1787353020000,-10.720528519618462
1787353080000,-10.720528519618462
1787353140000,-10.720528519618462
1787353200000,-10.720528519618462
1787353260000,-10.720528519618462
1787353320000,-10.720528519618462
1787353380000,-10.720528519618462
1787353440000,-10.720528519618462
1787353500000,-10.720528519618462
1787353560000,-10.720528519618462
1787353620000,-10.720528519618462
1787353680000,-10.720528519618462
1787353740000,-10.720528519618462
1787353800000,-10.720528519618462
1787353860000,-10.720528519618462
1787353920000,-10.720528519618462
1787353980000,-10.720528519618462
1787354040000,-10.720528519618462
1787354100000,-10.720528519618462
1787354160000,-10.720528519618462
1787354220000,-10.720528519618462
1787354280000,-10.720528519618462
1787354340000,-10.720528519618462
1787354400000,-10.720528519618462
1787354460000,-10.720528519618462
1787354520000,-10.720528519618462
1787354580000,-10.720528519618462
1787354640000,-10.720528519618462
1787354700000,-10.720528519618462
1787354760000,-10.720528519618462
1787354820000,-10.720528519618462
1787354880000,-10.720528519618462
1787354940000,-10.720528519618462
1787355000000,-10.720528519618462
1787355060000,-10.720528519618462
1787355120000,-10.720528519618462
1787355180000,-10.720528519618462
1787355240000,-10.720528519618462
1787355300000,-10.720528519618462
1787355360000,-10.720528519618462
1787355420000,-10.720528519618462
1787355480000,-10.720528519618462
1787355540000,-10.720528519618462
1787355600000,-10.720528519618462
1787355660000,-10.720528519618462
1787355720000,-10.720528519618462
1787355780000,-10.720528519618462
1787355840000,-10.720528519618462
1787355900000,-12.418464549347096
1787355960000,-11.286700863596552
1787356020000,-12.690087833927176
1787356080000,-14.340886874934007
1787356140000,-14.340886874934007
1787356200000,-14.340886874934007
1787356260000,-14.340886874934007
1787356320000,-14.340886874934007
1787356380000,-14.340886874934007
1787356440000,-14.340886874934007
1787356500000,-14.340886874934007
1787356560000,-14.340886874934007
1787356620000,-14.340886874934007
1787356680000,-14.340886874934007
1787356740000,-14.340886874934007
1787356800000,-14.340886874934007
1787356860000,-14.340886874934007
1787356920000,-14.340886874934007
1787356980000,-14.340886874934007
1787357040000,-14.340886874934007
1787357100000,-14.340886874934007
1787357160000,-17.118600677049418
1787357220000,-20.003636186291928
1787357280000,-21.19784181966817
1787357340000,-21.19784181966817
1787357400000,-21.19784181966817
1787357460000,-21.19784181966817
1787357520000,-21.19784181966817
1787357580000,-21.19784181966817
1787357640000,-21.19784181966817
1787357700000,-21.19784181966817
1787357760000,-21.19784181966817
1787357820000,-21.19784181966817
1787357880000,-21.19784181966817
1787357940000,-21.19784181966817
1787358000000,-21.19784181966817
1787358060000,-21.19784181966817
1787358120000,-21.19784181966817
1787358180000,-21.19784181966817
1787358240000,-21.19784181966817
1787358300000,-21.19784181966817
1787358360000,-21.19784181966817
1787358420000,-21.19784181966817
1787358480000,-21.19784181966817
1787358540000,-21.19784181966817
1787358600000,-21.19784181966817
1787358660000,-21.19784181966817
1787358720000,-21.19784181966817
1787358780000,-21.19784181966817
1787358840000,-21.19784181966817
1787358900000,-21.19784181966817
1787358960000,-21.19784181966817
1787359020000,-21.19784181966817
1787359080000,-21.19784181966817
1787359140000,-21.19784181966817
1787359200000,-21.19784181966817
1787359260000,-21.19784181966817
1787359320000,-21.19784181966817
1787359380000,-21.19784181966817
1787359440000,-21.19784181966817
1787359500000,-21.19784181966817
1787359560000,-21.19784181966817
1787359620000,-21.19784181966817
1787359680000,-21.19784181966817
1787359740000,-21.19784181966817
1787359800000,-22.35229593641571
1787359860000,-21.668507567602934
1787359920000,-19.75390013492728
1787359980000,-19.070111766114504
1787360040000,-19.799486026181512
1787360100000,-20.392102612485832
1787360160000,-19.890657808689806
1787360220000,-25.680065997970985
1787360280000,-27.047642735596384
1787360340000,-25.81682367173351
1787360400000,-26.774127388071335
1787360460000,-20.847961525027632
1787360520000,-20.574446177502583
1787360580000,-21.75967935011123
1787360640000,-22.489053610178235
1787360700000,-23.689603122569142
1787360760000,-23.689603122569142
1787360820000,-26.4487299341775
1787360880000,-25.394053567031605
1787360940000,-27.68682827821818
1787361000000,-27.9161057493369
1787361060000,-28.191238714679237
1787361120000,-27.090706853309726
1787361180000,-30.300591448970863
1787361240000,-28.37466069157418
1787361300000,-29.75032551828603
1787361360000,-31.81382275835388
1787361420000,-27.549261795547007
1787361480000,-29.796181012509805
1787361540000,-29.062493104930027
1787361600000,-27.45755080709946
1787361660000,-29.61275903561486
1787361720000,-29.38348156449614
1787361780000,-30.300591448970863
1787361840000,-28.603938162692742
1787361900000,-29.1083485991538
1787361960000,-27.41169531287584
1787362020000,-27.45755080709946
1787362080000,-27.18241784175712
1787362140000,-27.732683772441952
1787362200000,-31.171845839221653
1787362260000,-32.0431002294726
1787362320000,-32.83893112680912
1787362380000,-32.83893112680912
1787362440000,-32.83893112680912
1787362500000,-32.83893112680912
1787362560000,-32.83893112680912
1787362620000,-32.83893112680912
1787362680000,-32.83893112680912
1787362740000,-32.83893112680912
1787362800000,-32.83893112680912
1787362860000,-32.83893112680912
1787362920000,-32.83893112680912
1787362980000,-32.83893112680912
1787363040000,-32.83893112680912
1787363100000,-32.83893112680912
1787363160000,-32.83893112680912
1787363220000,-32.83893112680912
1787363280000,-32.83893112680912
1787363340000,-32.83893112680912
1787363400000,-32.83893112680912
1787363460000,-32.83893112680912
1787363520000,-32.83893112680912
1787363580000,-32.83893112680912
1787363640000,-32.83893112680912
1787363700000,-32.83893112680912
1787363760000,-32.83893112680912
1787363820000,-32.8480932193367
1787363880000,-35.22984905028491
1787363940000,-36.110712643436685
1787364000000,-36.110712643436685
1787364060000,-36.110712643436685
1787364120000,-36.110712643436685
1787364180000,-36.110712643436685
1787364240000,-36.110712643436685
1787364300000,-37.677966984621605
1787364360000,-37.677966984621605
1787364420000,-35.750091735409285
1787364480000,-35.70418994376133
1787364540000,-32.123850195224115
1787364600000,-34.235332611028106
1787364660000,-37.95337773450903
1787364720000,-39.154589101151274
1787364780000,-39.154589101151274
1787364840000,-39.154589101151274
1787364900000,-39.154589101151274
1787364960000,-39.154589101151274
1787365020000,-39.154589101151274
1787365080000,-39.154589101151274
1787365140000,-39.154589101151274
1787365200000,-39.154589101151274
1787365260000,-39.154589101151274
1787365320000,-39.154589101151274
1787365380000,-39.154589101151274
1787365440000,-39.154589101151274
1787365500000,-39.154589101151274
1787365560000,-39.154589101151274
1787365620000,-39.154589101151274
1787365680000,-39.154589101151274
1787365740000,-39.154589101151274
1787365800000,-39.154589101151274
1787365860000,-39.154589101151274
1787365920000,-39.154589101151274
1787365980000,-39.154589101151274
1787366040000,-39.154589101151274
1787366100000,-39.154589101151274
1787366160000,-39.154589101151274
1787366220000,-39.154589101151274
1787366280000,-39.154589101151274
1787366340000,-39.154589101151274
1787366400000,-39.154589101151274
1787366460000,-39.154589101151274
1787366520000,-39.154589101151274
1787366580000,-39.154589101151274
1787366640000,-39.154589101151274
1787366700000,-39.154589101151274
1787366760000,-39.154589101151274
1787366820000,-39.154589101151274
1787366880000,-39.154589101151274
1787366940000,-39.154589101151274
1787367000000,-39.154589101151274
1787367060000,-39.154589101151274
1787367120000,-39.154589101151274
1787367180000,-39.154589101151274
1787367240000,-40.490613349758306
1787367300000,-41.760546262105265
1787367360000,-40.76274183097562
1787367420000,-39.26603518428093
1787367480000,-40.58132284349747
1787367540000,-41.66983676836626
1787367600000,-41.57912727462726
1787367660000,-41.987319996453
1787367720000,-35.229462712892484
1787367780000,-29.74153834167892
1787367840000,-30.920761760286716
1787367900000,-31.283599735243037
1787367960000,-25.206063654725575
1787368020000,-25.296773148464574
1787368080000,-27.655219985680326
1787368140000,-23.39187377994414
1787368200000,-26.52135131394195
1787368260000,-30.195085810374238
1787368320000,-27.881993720028063
1787368380000,-25.206063654725575
1787368440000,-25.160708907855994
1787368500000,-25.79567536402947
1787368560000,-23.119745298726983
1787368620000,-24.797870932899677
1787368680000,-22.212650361336344
1787368740000,-21.62303865203229
1787368800000,-20.12633200533775
1787368860000,-19.219237067947113
1787368920000,-16.906144977600782
1787368980000,-15.00124560908035
1787369040000,-14.275569659167871
1787369100000,-8.152678831780833
1787369160000,-6.655972185086135
1787369220000,-2.3019164856109526
1787369280000,-8.288743072389412
1787369340000,-10.251580998362677
1787369400000,-10.251580998362677
1787369460000,-10.251580998362677
1787369520000,-10.251580998362677
1787369580000,-10.251580998362677
1787369640000,-10.251580998362677
1787369700000,-10.251580998362677
1787369760000,-10.251580998362677
1787369820000,-10.251580998362677
1787369880000,-10.251580998362677
1787369940000,-10.251580998362677
1787370000000,-10.251580998362677
1787370060000,-10.251580998362677
1787370120000,-10.251580998362677
1787370180000,-10.251580998362677
1787370240000,-10.251580998362677
1787370300000,-10.251580998362677
1787370360000,-10.251580998362677
1787370420000,-10.251580998362677
1787370480000,-10.251580998362677
1787370540000,-10.251580998362677
1787370600000,-10.251580998362677
1787370660000,-10.251580998362677
1787370720000,-10.251580998362677
1787370780000,-10.251580998362677
1787370840000,-10.251580998362677
1787370900000,-10.251580998362677
1787370960000,-10.251580998362677
1787371020000,-12.929891939636091
1787371080000,-14.886532880735507
1787371140000,-15.560826768587564
1787371200000,-15.560826768587564
1787371260000,-15.560826768587564
1787371320000,-15.560826768587564
1787371380000,-15.560826768587564
1787371440000,-15.560826768587564
1787371500000,-15.560826768587564
1787371560000,-15.560826768587564
1787371620000,-15.560826768587564
1787371680000,-15.560826768587564
1787371740000,-15.560826768587564
1787371800000,-15.560826768587564
1787371860000,-15.560826768587564
1787371920000,-15.560826768587564
1787371980000,-15.560826768587564
1787372040000,-15.560826768587564
1787372100000,-15.560826768587564
1787372160000,-15.560826768587564
1787372220000,-15.560826768587564
1787372280000,-15.560826768587564
1787372340000,-15.560826768587564
1787372400000,-15.560826768587564
1787372460000,-15.560826768587564
1787372520000,-15.560826768587564
1787372580000,-15.560826768587564
1787372640000,-15.560826768587564
1787372700000,-15.560826768587564
1787372760000,-15.560826768587564
1787372820000,-15.560826768587564
1787372880000,-15.560826768587564
1787372940000,-15.560826768587564
1787373000000,-15.560826768587564
1787373060000,-15.560826768587564
1787373120000,-15.560826768587564
1787373180000,-15.560826768587564
1787373240000,-15.560826768587564
1787373300000,-15.560826768587564
1787373360000,-15.560826768587564
1787373420000,-15.560826768587564
1787373480000,-15.560826768587564
1787373540000,-15.560826768587564
1787373600000,-12.046584918251014
1787373660000,-17.106783243252668
1787373720000,-16.414790309919162
1787373780000,-15.420050468252217
1787373840000,-26.83793386825591
1787373900000,-29.259909134923404
1787373960000,-29.92610076574124
1787374020000,-29.92610076574124
1787374080000,-29.92610076574124
1787374140000,-29.92610076574124
1787374200000,-29.92610076574124
1787374260000,-29.92610076574124
1787374320000,-29.92610076574124
1787374380000,-29.92610076574124
1787374440000,-29.92610076574124
1787374500000,-29.92610076574124
1787374560000,-29.92610076574124
1787374620000,-29.92610076574124
1787374680000,-29.92610076574124
1787374740000,-29.92610076574124
1787374800000,-29.92610076574124
1787374860000,-29.92610076574124
1787374920000,-29.92610076574124
1787374980000,-29.92610076574124
1787375040000,-29.92610076574124
1787375100000,-29.92610076574124
1787375160000,-29.92610076574124
1787375220000,-29.92610076574124
1787375280000,-29.92610076574124
1787375340000,-29.92610076574124
1787375400000,-29.92610076574124
1787375460000,-29.92610076574124
1787375520000,-29.92610076574124
1787375580000,-29.92610076574124
1787375640000,-29.92610076574124
1787375700000,-29.92610076574124
1787375760000,-29.92610076574124
1787375820000,-29.92610076574124
1787375880000,-29.92610076574124
1787375940000,-29.92610076574124
1787376000000,-29.92610076574124
1787376060000,-29.92610076574124
1787376120000,-29.92610076574124
1787376180000,-29.92610076574124
1787376240000,-29.92610076574124
1787376300000,-29.92610076574124
1787376360000,-29.92610076574124
1787376420000,-29.92610076574124
1787376480000,-29.92610076574124
1787376540000,-29.92610076574124
1787376600000,-29.92610076574124
1787376660000,-29.92610076574124
1787376720000,-29.92610076574124
1787376780000,-29.92610076574124
1787376840000,-29.92610076574124
1787376900000,-29.92610076574124
1787376960000,-29.92610076574124
1787377020000,-29.92610076574124
1787377080000,-29.92610076574124
1787377140000,-29.92610076574124
1787377200000,-29.92610076574124
1787377260000,-29.92610076574124
1787377320000,-29.92610076574124
1787377380000,-29.92610076574124
1787377440000,-29.92610076574124
1787377500000,-29.92610076574124
1787377560000,-29.92610076574124
1787377620000,-29.92610076574124
1787377680000,-29.92610076574124
1787377740000,-29.92610076574124
1787377800000,-29.92610076574124
1787377860000,-29.92610076574124
1787377920000,-29.92610076574124
1787377980000,-29.92610076574124
1787378040000,-29.92610076574124
1787378100000,-29.92610076574124
1787378160000,-29.92610076574124
1787378220000,-29.92610076574124
1787378280000,-29.92610076574124
1787378340000,-29.92610076574124
1787378400000,-29.92610076574124
1787378460000,-29.92610076574124
1787378520000,-29.92610076574124
1787378580000,-29.92610076574124
1787378640000,-29.92610076574124
1787378700000,-29.92610076574124
1787378760000,-29.92610076574124
1787378820000,-29.92610076574124
1787378880000,-29.92610076574124
1787378940000,-29.92610076574124
1787379000000,-29.92610076574124
1787379060000,-29.92610076574124
1787379120000,-29.92610076574124
1787379180000,-29.92610076574124
1787379240000,-29.92610076574124
1787379300000,-29.92610076574124
1787379360000,-29.92610076574124
1787379420000,-29.92610076574124
1787379480000,-29.92610076574124
1787379540000,-29.92610076574124
1787379600000,-29.92610076574124
1787379660000,-29.92610076574124
1787379720000,-29.92610076574124
1787379780000,-29.92610076574124
1787379840000,-29.92610076574124
1787379900000,-29.92610076574124
1787379960000,-29.92610076574124
1787380020000,-29.92610076574124
1787380080000,-30.42760202860265
1787380140000,-28.113957435336392
1787380200000,-28.856069852044406
1787380260000,-32.435670920871324
1787380320000,-34.85449602368465
1787380380000,-34.85449602368465
1787380440000,-34.85449602368465
1787380500000,-34.85449602368465
1787380560000,-34.85449602368465
1787380620000,-34.85449602368465
1787380680000,-34.85449602368465
1787380740000,-34.85449602368465
1787380800000,-34.85449602368465
1787380860000,-34.85449602368465
1787380920000,-34.85449602368465
1787380980000,-34.85449602368465
1787381040000,-34.85449602368465
1787381100000,-34.85449602368465
1787381160000,-34.85449602368465
1787381220000,-34.85449602368465
1787381280000,-34.85449602368465
1787381340000,-34.85449602368465
1787381400000,-34.85449602368465
1787381460000,-34.85449602368465
1787381520000,-34.85449602368465
1787381580000,-34.85449602368465
1787381640000,-34.85449602368465
1787381700000,-34.85449602368465
1787381760000,-34.85449602368465
1787381820000,-34.85449602368465
1787381880000,-34.85449602368465
1787381940000,-34.85449602368465
1787382000000,-34.85449602368465
1787382060000,-34.85449602368465
1787382120000,-34.85449602368465
1787382180000,-34.85449602368465
1787382240000,-34.85449602368465
1787382300000,-34.85449602368465
1787382360000,-34.85449602368465
1787382420000,-34.85449602368465
1787382480000,-34.85449602368465
1787382540000,-34.85449602368465
1787382600000,-34.85449602368465
1787382660000,-34.85449602368465
1787382720000,-34.85449602368465
1787382780000,-34.85449602368465
1787382840000,-34.85449602368465
1787382900000,-34.85449602368465
1787382960000,-34.85449602368465
1787383020000,-34.85449602368465
1787383080000,-34.85449602368465
1787383140000,-34.85449602368465
1787383200000,-34.85449602368465
1787383260000,-34.85449602368465
1787383320000,-34.85449602368465
1787383380000,-34.85449602368465
1787383440000,-34.85449602368465
1787383500000,-34.85449602368465
1787383560000,-34.85449602368465
1787383620000,-34.85449602368465
1787383680000,-34.85449602368465
1787383740000,-34.85449602368465
1787383800000,-34.85449602368465
1787383860000,-34.85449602368465
1787383920000,-34.85449602368465
1787383980000,-34.85449602368465
1787384040000,-34.85449602368465
1787384100000,-34.85449602368465
1787384160000,-34.85449602368465
1787384220000,-34.85449602368465
1787384280000,-34.85449602368465
1787384340000,-34.85449602368465
1787384400000,-34.85449602368465
1787384460000,-34.85449602368465
1787384520000,-34.85449602368465
1787384580000,-34.85449602368465
1787384640000,-34.85449602368465
1787384700000,-34.85449602368465
1787384760000,-34.85449602368465
1787384820000,-34.85449602368465
1787384880000,-34.85449602368465
1787384940000,-34.85449602368465
1787385000000,-34.85449602368465
1787385060000,-34.85449602368465
1787385120000,-34.85449602368465
1787385180000,-34.85449602368465
1787385240000,-34.85449602368465
1787385300000,-34.85449602368465
1787385360000,-34.85449602368465
1787385420000,-34.85449602368465
1787385480000,-34.85449602368465
1787385540000,-34.85449602368465
1787385600000,-34.85449602368465
1787385660000,-34.85449602368465
1787385720000,-34.85449602368465
1787385780000,-34.85449602368465
1787385840000,-34.85449602368465
1787385900000,-34.85449602368465
1787385960000,-34.85449602368465
1787386020000,-34.85449602368465
1787386080000,-34.85449602368465
1787386140000,-34.85449602368465
1787386200000,-34.85449602368465
1787386260000,-34.85449602368465
1787386320000,-34.85449602368465
1787386380000,-34.85449602368465
1787386440000,-34.85449602368465
1787386500000,-34.85449602368465
1787386560000,-34.85449602368465
1787386620000,-34.85449602368465
1787386680000,-34.85449602368465
1787386740000,-34.85449602368465
1787386800000,-34.85449602368465
1787386860000,-37.42082807010884
1787386920000,-35.243172633867495
1787386980000,-35.243172633867495
1787387040000,-34.21839360504803
1787387100000,-35.072376129064224
1787387160000,-39.85467826355516
1787387220000,-41.81734096910934
1787387280000,-41.81734096910934
1787387340000,-41.81734096910934
1787387400000,-41.81734096910934
1787387460000,-41.81734096910934
1787387520000,-41.81734096910934
1787387580000,-41.81734096910934
1787387640000,-41.81734096910934
1787387700000,-41.81734096910934
1787387760000,-41.81734096910934
1787387820000,-41.81734096910934
1787387880000,-41.81734096910934
1787387940000,-41.81734096910934
1787388000000,-41.81734096910934
1787388060000,-41.81734096910934
1787388120000,-41.81734096910934
1787388180000,-41.81734096910934
1787388240000,-41.81734096910934
1787388300000,-41.81734096910934
1787388360000,-41.81734096910934
1787388420000,-41.81734096910934
1787388480000,-41.81734096910934
1787388540000,-41.81734096910934
1787388600000,-41.81734096910934
1787388660000,-41.81734096910934
1787388720000,-41.81734096910934
1787388780000,-41.81734096910934
1787388840000,-43.458911917828715
1787388900000,-44.474433081479724
1787388960000,-44.474433081479724
1787389020000,-44.915964022197485
1787389080000,-44.87181092812567
1787389140000,-44.121208328905446
1787389200000,-49.90526365230841
1787389260000,-49.87620015188477
1787389320000,-49.87620015188477
1787389380000,-49.87620015188477
1787389440000,-49.87620015188477
1787389500000,-49.87620015188477
1787389560000,-49.87620015188477
1787389620000,-49.87620015188477
1787389680000,-49.87620015188477
1787389740000,-49.87620015188477
1787389800000,-49.87620015188477
1787389860000,-49.87620015188477
1787389920000,-49.87620015188477
1787389980000,-49.87620015188477
1787390040000,-49.87620015188477
1787390100000,-49.87620015188477
1787390160000,-53.670326407194466
1787390220000,-50.78327042228349
1787390280000,-51.74562241725377
1787390340000,-58.27287942661774
1787390400000,-57.519734387075715
1787390460000,-54.42347144673649
1787390520000,-55.05109231302139
1787390580000,-56.306334045591484
1787390640000,-51.91298798159646
1787390700000,-62.12228740649914
1787390760000,-64.39516528541164
1787390820000,-64.39516528541164
1787390880000,-64.39516528541164
1787390940000,-64.39516528541164
1787391000000,-64.39516528541164
1787391060000,-64.39516528541164
1787391120000,-64.39516528541164
1787391180000,-64.39516528541164
1787391240000,-64.39516528541164
1787391300000,-64.39516528541164
1787391360000,-64.39516528541164
1787391420000,-64.39516528541164
1787391480000,-64.39516528541164
1787391540000,-64.39516528541164
1787391600000,-68.14449349522673
1787391660000,-71.22122063534628
1787391720000,-72.42841306697726
1787391780000,-72.42841306697726
1787391840000,-72.42841306697726
1787391900000,-72.42841306697726
1787391960000,-72.42841306697726
1787392020000,-72.42841306697726
1787392080000,-72.42841306697726
1787392140000,-72.42841306697726
1787392200000,-72.42841306697726
1787392260000,-72.42841306697726
1787392320000,-72.42841306697726
1787392380000,-72.42841306697726
1787392440000,-72.42841306697726
1787392500000,-72.42841306697726
1787392560000,-72.42841306697726
1787392620000,-72.42841306697726
1787392680000,-72.42841306697726
1787392740000,-72.42841306697726
1787392800000,-72.42841306697726
1787392860000,-72.42841306697726
1787392920000,-72.42841306697726
1787392980000,-72.42841306697726
1787393040000,-72.42841306697726
1787393100000,-72.42841306697726
1787393160000,-72.42841306697726
1787393220000,-72.42841306697726
1787393280000,-72.42841306697726
1787393340000,-72.42841306697726
1787393400000,-72.42841306697726
1787393460000,-72.42841306697726
1787393520000,-72.42841306697726
1787393580000,-72.42841306697726
1787393640000,-72.42841306697726
1787393700000,-72.42841306697726
1787393760000,-72.42841306697726
1787393820000,-72.42841306697726
1787393880000,-72.42841306697726
1787393940000,-72.42841306697726
1787394000000,-72.42841306697726
1787394060000,-72.42841306697726
1787394120000,-72.42841306697726
1787394180000,-72.42841306697726
1787394240000,-72.42841306697726
1787394300000,-72.42841306697726
1787394360000,-72.42841306697726
1787394420000,-72.42841306697726
1787394480000,-72.42841306697726
1787394540000,-72.42841306697726
1787394600000,-72.42841306697726
1787394660000,-72.42841306697726
1787394720000,-72.42841306697726
1787394780000,-72.42841306697726
1787394840000,-72.42841306697726
1787394900000,-72.42841306697726
1787394960000,-72.42841306697726
1787395020000,-72.42841306697726
1787395080000,-72.42841306697726
1787395140000,-72.42841306697726
1787395200000,-72.42841306697726
1787395260000,-72.42841306697726
1787395320000,-72.42841306697726
1787395380000,-72.42841306697726
1787395440000,-72.42841306697726
1787395500000,-72.42841306697726
1787395560000,-72.42841306697726
1787395620000,-72.42841306697726
1787395680000,-72.42841306697726
1787395740000,-72.42841306697726
1787395800000,-72.42841306697726
1787395860000,-72.42841306697726
1787395920000,-72.42841306697726
1787395980000,-72.42841306697726
1787396040000,-72.42841306697726
1787396100000,-72.42841306697726
1787396160000,-72.42841306697726
1787396220000,-72.42841306697726
1787396280000,-72.42841306697726
1787396340000,-72.42841306697726
1787396400000,-72.42841306697726
1787396460000,-72.42841306697726
1787396520000,-72.42841306697726
1787396580000,-72.42841306697726
1787396640000,-72.42841306697726
1787396700000,-72.42841306697726
1787396760000,-72.42841306697726
1787396820000,-72.42841306697726
1787396880000,-72.42841306697726
1787396940000,-72.42841306697726
1787397000000,-72.42841306697726
1787397060000,-72.42841306697726
1787397120000,-72.42841306697726
1787397180000,-72.42841306697726
1787397240000,-72.42841306697726
1787397300000,-72.42841306697726
1787397360000,-72.42841306697726
1787397420000,-72.42841306697726
1787397480000,-72.42841306697726
1787397540000,-72.42841306697726
1787397600000,-72.42841306697726
1787397660000,-72.42841306697726
1787397720000,-72.42841306697726
1787397780000,-72.42841306697726
1787397840000,-72.42841306697726
1787397900000,-72.42841306697726
1787397960000,-72.42841306697726
1787398020000,-72.42841306697726
1787398080000,-72.42841306697726
1787398140000,-72.42841306697726
1787398200000,-72.42841306697726
1787398260000,-72.42841306697726
1787398320000,-72.42841306697726
1787398380000,-72.42841306697726
1787398440000,-72.42841306697726
1787398500000,-72.42841306697726
1787398560000,-72.42841306697726
1787398620000,-72.42841306697726
1787398680000,-72.42841306697726
1787398740000,-72.42841306697726
1787398800000,-72.42841306697726
1787398860000,-72.42841306697726
1787398920000,-72.42841306697726
1787398980000,-72.42841306697726
1787399040000,-72.42841306697726
1787399100000,-72.42841306697726
1787399160000,-72.42841306697726
1787399220000,-72.42841306697726
1787399280000,-72.42841306697726
1787399340000,-72.42841306697726
1787399400000,-72.42841306697726
1787399460000,-72.42841306697726
1787399520000,-72.42841306697726
1787399580000,-72.42841306697726
1787399640000,-72.42841306697726
1787399700000,-72.42841306697726
1787399760000,-72.42841306697726
1787399820000,-72.42841306697726
1787399880000,-72.42841306697726
1787399940000,-72.42841306697726
1787400000000,-72.42841306697726
1787400060000,-72.42841306697726
1787400120000,-72.42841306697726
1787400180000,-72.42841306697726
1787400240000,-72.42841306697726
1787400300000,-72.42841306697726
1787400360000,-72.42841306697726
1787400420000,-72.42841306697726
1787400480000,-72.42841306697726
1787400540000,-72.42841306697726
1787400600000,-72.42841306697726
1787400660000,-72.42841306697726
1787400720000,-72.42841306697726
1787400780000,-72.42841306697726
1787400840000,-72.42841306697726
1787400900000,-72.42841306697726
1787400960000,-78.88407751667484
1787401020000,-79.9471814307778
1787401080000,-79.9471814307778
1787401140000,-79.9471814307778
1787401200000,-79.9471814307778
1787401260000,-79.9471814307778
1787401320000,-79.9471814307778
1787401380000,-79.9471814307778
1787401440000,-79.9471814307778
1787401500000,-79.9471814307778
1787401560000,-79.9471814307778
1787401620000,-79.9471814307778
1787401680000,-79.9471814307778
1787401740000,-79.9471814307778
1787401800000,-79.9471814307778
1787401860000,-79.9471814307778
1787401920000,-79.9471814307778
1787401980000,-79.9471814307778
1787402040000,-79.9471814307778
1787402100000,-82.37812866101152
1787402160000,-83.21338713324035
1787402220000,-85.3674747721465
1787402280000,-86.13284266640038
1787402340000,-86.13284266640038
1787402400000,-86.13284266640038
1787402460000,-86.13284266640038
1787402520000,-86.13284266640038
1787402580000,-86.13284266640038
1787402640000,-86.13284266640038
1787402700000,-86.13284266640038
1787402760000,-86.13284266640038
1787402820000,-86.13284266640038
1787402880000,-86.13284266640038
1787402940000,-86.13284266640038
1787403000000,-86.13284266640038
1787403060000,-86.13284266640038
1787403120000,-86.13284266640038
1787403180000,-86.13284266640038
1787403240000,-86.13284266640038
1787403300000,-86.13284266640038
1787403360000,-86.13284266640038
1787403420000,-86.13284266640038
1787403480000,-86.13284266640038
1787403540000,-86.13284266640038
1787403600000,-86.13284266640038
1787403660000,-86.13284266640038
1787403720000,-86.13284266640038
1787403780000,-86.13284266640038
1787403840000,-86.13284266640038
1787403900000,-86.13284266640038
1787403960000,-86.13284266640038
1787404020000,-86.13284266640038
1787404080000,-86.13284266640038
1787404140000,-86.13284266640038
1787404200000,-86.13284266640038
1787404260000,-86.13284266640038
1787404320000,-86.13284266640038
1787404380000,-86.13284266640038
1787404440000,-86.13284266640038
1787404500000,-86.13284266640038
1787404560000,-86.13284266640038
1787404620000,-86.13284266640038
1787404680000,-86.13284266640038
1787404740000,-86.13284266640038
1787404800000,-86.13284266640038
1787404860000,-86.13284266640038
1787404920000,-86.13284266640038
1787404980000,-86.13284266640038
1787405040000,-86.13284266640038
1787405100000,-86.13284266640038
1787405160000,-86.13284266640038
1787405220000,-86.13284266640038
1787405280000,-86.13284266640038
1787405340000,-86.13284266640038
1787405400000,-86.13284266640038
1787405460000,-86.13284266640038
1787405520000,-86.13284266640038
1787405580000,-86.13284266640038
1787405640000,-86.13284266640038
1787405700000,-86.13284266640038
1787405760000,-86.13284266640038
1787405820000,-86.13284266640038
1787405880000,-86.13284266640038
1787405940000,-86.13284266640038
1787406000000,-86.13284266640038
1787406060000,-86.13284266640038
1787406120000,-86.13284266640038
1787406180000,-86.13284266640038
1787406240000,-86.13284266640038
1787406300000,-86.13284266640038
1787406360000,-86.13284266640038
1787406420000,-86.13284266640038
1787406480000,-86.13284266640038
1787406540000,-86.13284266640038
1787406600000,-86.13284266640038
1787406660000,-86.13284266640038
1787406720000,-86.13284266640038
1787406780000,-86.13284266640038
1787406840000,-86.13284266640038
1787406900000,-86.13284266640038
1787406960000,-86.13284266640038
1787407020000,-86.13284266640038
1787407080000,-86.13284266640038
1787407140000,-88.30096014383349
1787407200000,-98.02573835948537
1787407260000,-99.23901201289627
1787407320000,-99.23901201289627
1787407380000,-99.23901201289627
1787407440000,-99.23901201289627
1787407500000,-99.23901201289627
1787407560000,-99.23901201289627
1787407620000,-99.23901201289627
1787407680000,-99.23901201289627
1787407740000,-99.23901201289627
1787407800000,-99.23901201289627
1787407860000,-99.23901201289627
1787407920000,-99.23901201289627
1787407980000,-99.23901201289627
1787408040000,-99.23901201289627
1787408100000,-99.23901201289627
1787408160000,-99.23901201289627
1787408220000,-99.23901201289627
1787408280000,-99.23901201289627
1787408340000,-99.23901201289627
1787408400000,-92.42966356620379
1787408460000,-94.90770640301521
1787408520000,-102.78434256287991
1787408580000,-102.65848122727174
1787408640000,-102.65848122727174
1787408700000,-102.65848122727174
1787408760000,-102.65848122727174
1787408820000,-102.65848122727174
1787408880000,-102.65848122727174
1787408940000,-102.65848122727174
1787409000000,-102.65848122727174
1787409060000,-102.65848122727174
1787409120000,-102.65848122727174
1787409180000,-102.65848122727174
1787409240000,-102.65848122727174
1787409300000,-102.65848122727174
1787409360000,-102.65848122727174
1787409420000,-102.65848122727174
1787409480000,-102.65848122727174
1787409540000,-102.65848122727174
1787409600000,-102.65848122727174
1787409660000,-102.65848122727174
1787409720000,-102.65848122727174
1787409780000,-102.65848122727174
1787409840000,-102.65848122727174
1787409900000,-102.65848122727174
1787409960000,-102.65848122727174
1787410020000,-102.65848122727174
1787410080000,-102.65848122727174
1787410140000,-102.65848122727174
1787410200000,-102.65848122727174
1787410260000,-102.65848122727174
1787410320000,-102.7555702847109
1787410380000,-103.72616712120586
1787410440000,-103.10851458889091
1787410500000,-102.0937997143734
1787410560000,-102.00556363832848
1787410620000,-100.72614053567605
1787410680000,-100.99084876381114
1787410740000,-97.77023198816894
1787410800000,-99.93201585127125
1787410860000,-100.28496015545112
1787410920000,-100.3731962314962
1787410980000,-101.343793067991
1787411040000,-100.06436996533871
1787411100000,-98.74082882466375
1787411160000,-98.82906490070883
1787411220000,-98.9614190147763
1787411280000,-98.87318293873136
1787411340000,-98.21141236839388
1787411400000,-98.25553040641643
1787411460000,-99.7114256611587
1787411520000,-101.34859828998557
1787411580000,-101.34859828998557
1787411640000,-101.34859828998557
1787411700000,-103.34681176492026
1787411760000,-101.26269215681695
1787411820000,-102.50429532760187
1787411880000,-102.94772503145374
1787411940000,-101.6174359198984
1787412000000,-101.4844070087429
1787412060000,-101.26269215681695
1787412120000,-101.6174359198984
1787412180000,-100.42017571949872
1787412240000,-101.4844070087429
1787412300000,-102.28400408900313
1787412360000,-102.28400408900313
1787412420000,-102.28400408900313
1787412480000,-102.28400408900313
1787412540000,-102.28400408900313
1787412600000,-102.28400408900313
1787412660000,-102.28400408900313
1787412720000,-102.28400408900313
1787412780000,-102.28400408900313
1787412840000,-102.28400408900313
1787412900000,-102.28400408900313
1787412960000,-102.28400408900313
1787413020000,-102.28400408900313
1787413080000,-102.28400408900313
1787413140000,-102.28400408900313
1787413200000,-102.28400408900313
1787413260000,-102.28400408900313
1787413320000,-102.28400408900313
1787413380000,-102.28400408900313
1787413440000,-102.28400408900313
1787413500000,-102.28400408900313
1787413560000,-102.28400408900313
1787413620000,-102.28400408900313
1787413680000,-102.28400408900313
1787413740000,-102.28400408900313
1787413800000,-102.28400408900313
1787413860000,-102.28400408900313
1787413920000,-102.28400408900313
1787413980000,-102.28400408900313
1787414040000,-102.28400408900313
1787414100000,-102.28400408900313
1787414160000,-102.28400408900313
1787414220000,-102.28400408900313
1787414280000,-102.28400408900313
1787414340000,-102.28400408900313
1787414400000,-102.28400408900313
1787414460000,-102.28400408900313
1787414520000,-102.28400408900313
1787414580000,-102.28400408900313
1787414640000,-102.56135563192126
1787414700000,-104.9337773992705
1787414760000,-103.30822915127195
1787414820000,-101.68268090327341
1787414880000,-103.04462673267763
1787414940000,-104.0111689341902
1787415000000,-105.56114467969233
1787415060000,-105.56114467969233
1787415120000,-105.56114467969233
1787415180000,-105.56114467969233
1787415240000,-105.56114467969233
1787415300000,-105.56114467969233
1787415360000,-105.56114467969233
1787415420000,-105.56114467969233
1787415480000,-105.56114467969233
1787415540000,-105.56114467969233
1787415600000,-105.56114467969233
1787415660000,-105.97026268031442
1787415720000,-105.17942067293804
1787415780000,-105.35516334124392
1787415840000,-102.93870165203846
1787415900000,-101.35701763728571
1787415960000,-105.17942067293804
1787416020000,-106.14600534862029
1787416080000,-107.52183524504201
1787416140000,-107.52183524504201
1787416200000,-107.52183524504201
1787416260000,-107.52183524504201
1787416320000,-107.52183524504201
1787416380000,-107.52183524504201
1787416440000,-107.52183524504201
1787416500000,-107.52183524504201
1787416560000,-107.52183524504201
1787416620000,-107.52183524504201
1787416680000,-107.52183524504201
1787416740000,-107.52183524504201
1787416800000,-107.52183524504201
1787416860000,-107.52183524504201
1787416920000,-107.52183524504201
1787416980000,-107.52183524504201
1787417040000,-107.52183524504201
1787417100000,-107.52183524504201
1787417160000,-107.52183524504201
1787417220000,-107.52183524504201
1787417280000,-107.52183524504201
1787417340000,-107.52183524504201
1787417400000,-107.52183524504201
1787417460000,-107.52183524504201
1787417520000,-107.52183524504201
1787417580000,-107.52183524504201
1787417640000,-107.52183524504201
1787417700000,-107.52183524504201
1787417760000,-107.52183524504201
1787417820000,-107.52183524504201
1787417880000,-107.52183524504201
1787417940000,-107.52183524504201
1787418000000,-107.52183524504201
1787418060000,-107.52183524504201
1787418120000,-107.52183524504201
1787418180000,-107.52183524504201
1787418240000,-107.52183524504201
1787418300000,-107.52183524504201
1787418360000,-107.52183524504201
1787418420000,-107.52183524504201
1787418480000,-107.52183524504201
1787418540000,-107.52183524504201
1787418600000,-107.52183524504201
1787418660000,-107.52183524504201
1787418720000,-107.52183524504201
1787418780000,-107.52183524504201
1787418840000,-107.52183524504201
1787418900000,-107.52183524504201
1787418960000,-107.52183524504201
1787419020000,-107.52183524504201
1787419080000,-107.52183524504201
1787419140000,-107.52183524504201
1787419200000,-107.52183524504201
1787419260000,-107.52183524504201
1787419320000,-107.52183524504201
1787419380000,-107.52183524504201
1787419440000,-107.52183524504201
1787419500000,-107.52183524504201
1787419560000,-107.52183524504201
1787419620000,-107.52183524504201
1787419680000,-107.52183524504201
1787419740000,-107.52183524504201
1787419800000,-107.52183524504201
1787419860000,-107.52183524504201
1787419920000,-107.52183524504201
1787419980000,-107.52183524504201
1787420040000,-107.52183524504201
1787420100000,-107.52183524504201
1787420160000,-107.52183524504201
1787420220000,-107.52183524504201
1787420280000,-107.52183524504201
1787420340000,-107.52183524504201
1787420400000,-107.52183524504201
1787420460000,-107.52183524504201
1787420520000,-107.52183524504201
1787420580000,-107.52183524504201
1787420640000,-107.52183524504201
1787420700000,-107.52183524504201
1787420760000,-107.52183524504201
1787420820000,-107.52183524504201
1787420880000,-107.52183524504201
1787420940000,-107.52183524504201
1787421000000,-107.52183524504201
1787421060000,-107.52183524504201
1787421120000,-107.52183524504201
1787421180000,-107.52183524504201
1787421240000,-107.52183524504201
1787421300000,-107.52183524504201
1787421360000,-107.52183524504201
1787421420000,-107.52183524504201
1787421480000,-107.52183524504201
1787421540000,-107.52183524504201
1787421600000,-107.52183524504201
1787421660000,-107.52183524504201
1787421720000,-107.52183524504201
1787421780000,-107.52183524504201
1787421840000,-107.52183524504201
1787421900000,-107.52183524504201
1787421960000,-107.52183524504201
1787422020000,-107.52183524504201
1787422080000,-107.52183524504201
1787422140000,-107.52183524504201
1787422200000,-107.52183524504201
1787422260000,-107.52183524504201
1787422320000,-107.52183524504201
1787422380000,-107.52183524504201
1787422440000,-107.52183524504201
1787422500000,-107.52183524504201
1787422560000,-107.52183524504201
1787422620000,-107.52183524504201
1787422680000,-107.52183524504201
1787422740000,-107.52183524504201
1787422800000,-107.52183524504201
1787422860000,-107.52183524504201
1787422920000,-107.52183524504201
1787422980000,-107.52183524504201
1787423040000,-107.52183524504201
1787423100000,-107.52183524504201
1787423160000,-107.52183524504201
1787423220000,-107.52183524504201
1787423280000,-107.52183524504201
1787423340000,-107.52183524504201
1787423400000,-107.52183524504201
1787423460000,-107.52183524504201
1787423520000,-107.52183524504201
1787423580000,-107.52183524504201
1787423640000,-107.52183524504201
1787423700000,-107.52183524504201
1787423760000,-107.52183524504201
1787423820000,-107.52183524504201
1787423880000,-107.52183524504201
1787423940000,-107.52183524504201
1787424000000,-107.52183524504201
1787424060000,-107.52183524504201
1787424120000,-107.52183524504201
1787424180000,-107.52183524504201
1787424240000,-107.52183524504201
1787424300000,-107.52183524504201
1787424360000,-107.52183524504201
1787424420000,-107.52183524504201
1787424480000,-107.52183524504201
1787424540000,-107.52183524504201
1787424600000,-107.52183524504201
1787424660000,-107.52183524504201
1787424720000,-107.52183524504201
1787424780000,-107.52183524504201
1787424840000,-107.52183524504201
1787424900000,-107.52183524504201
1787424960000,-107.52183524504201
1787425020000,-107.52183524504201
1787425080000,-107.52183524504201
1787425140000,-107.52183524504201
1787425200000,-107.52183524504201
1787425260000,-107.52183524504201
1787425320000,-107.52183524504201
1787425380000,-107.52183524504201
1787425440000,-107.52183524504201
1787425500000,-107.52183524504201
1787425560000,-107.52183524504201
1787425620000,-107.52183524504201
1787425680000,-107.52183524504201
1787425740000,-107.52183524504201
1787425800000,-107.52183524504201
1787425860000,-107.52183524504201
1787425920000,-107.52183524504201
1787425980000,-107.52183524504201
1787426040000,-107.52183524504201
1787426100000,-107.52183524504201
1787426160000,-107.52183524504201
1787426220000,-107.52183524504201
1787426280000,-107.52183524504201
1787426340000,-107.52183524504201
1787426400000,-107.52183524504201
1787426460000,-107.52183524504201
1787426520000,-107.52183524504201
1787426580000,-107.41560183893738
1787426640000,-108.45161178805617
1787426700000,-108.63178743138121
1787426760000,-110.52363168629391
1787426820000,-111.04976465438706
1787426880000,-111.04976465438706
1787426940000,-111.04976465438706
1787427000000,-111.04976465438706
1787427060000,-111.04976465438706
1787427120000,-111.04976465438706
1787427180000,-111.04976465438706
1787427240000,-111.04976465438706
1787427300000,-111.04976465438706
1787427360000,-111.04976465438706
1787427420000,-111.04976465438706
1787427480000,-111.04976465438706
1787427540000,-111.04976465438706
1787427600000,-111.04976465438706
1787427660000,-111.04976465438706
1787427720000,-111.04976465438706
1787427780000,-111.04976465438706
1787427840000,-111.04976465438706
1787427900000,-111.04976465438706
1787427960000,-111.04976465438706
1787428020000,-111.04976465438706
1787428080000,-111.04976465438706
1787428140000,-111.04976465438706
1787428200000,-111.04976465438706
1787428260000,-111.04976465438706
1787428320000,-111.04976465438706
1787428380000,-111.04976465438706
1787428440000,-111.04976465438706
1787428500000,-111.04976465438706
1787428560000,-111.04976465438706
1787428620000,-111.04976465438706
1787428680000,-111.04976465438706
1787428740000,-111.04976465438706
1787428800000,-111.04976465438706
1787428860000,-111.04976465438706
1787428920000,-111.04976465438706
1787428980000,-111.04976465438706
1787429040000,-111.04976465438706
1787429100000,-111.04976465438706
1787429160000,-111.04976465438706
1787429220000,-111.04976465438706
1787429280000,-111.04976465438706
1787429340000,-111.04976465438706
1787429400000,-111.04331596200184
1787429460000,-112.78590630700046
1787429520000,-113.90295139994814
1787429580000,-115.36829711342976
1787429640000,-115.36829711342976
1787429700000,-115.36829711342976
1787429760000,-115.36829711342976
1787429820000,-115.36829711342976
1787429880000,-115.36829711342976
1787429940000,-115.36829711342976
1787430000000,-115.36829711342976
1787430060000,-115.36829711342976
1787430120000,-115.36829711342976
1787430180000,-115.36829711342976
1787430240000,-115.36829711342976
1787430300000,-115.36829711342976
1787430360000,-115.36829711342976
1787430420000,-115.36829711342976
1787430480000,-115.36829711342976
1787430540000,-115.36829711342976
1787430600000,-115.36829711342976
1787430660000,-115.36829711342976
1787430720000,-115.36829711342976
1787430780000,-115.36829711342976
1787430840000,-115.36829711342976
1787430900000,-115.36829711342976
1787430960000,-115.36829711342976
1787431020000,-115.36829711342976
1787431080000,-115.36829711342976
1787431140000,-115.36829711342976
1787431200000,-115.36829711342976
1787431260000,-115.36829711342976
1787431320000,-115.36829711342976
1787431380000,-115.36829711342976
1787431440000,-115.36829711342976
1787431500000,-115.36829711342976
1787431560000,-115.36829711342976
1787431620000,-115.36829711342976
1787431680000,-115.36829711342976
1787431740000,-115.36829711342976
1787431800000,-115.36829711342976
1787431860000,-115.36829711342976
1787431920000,-115.36829711342976
1787431980000,-115.36829711342976
1787432040000,-115.36829711342976
1787432100000,-115.36829711342976
1787432160000,-115.36829711342976
1787432220000,-115.36829711342976
1787432280000,-115.36829711342976
1787432340000,-115.36829711342976
1787432400000,-115.36829711342976
1787432460000,-115.36829711342976
1787432520000,-115.36829711342976
1787432580000,-115.36829711342976
1787432640000,-115.36829711342976
1787432700000,-115.36829711342976
1787432760000,-115.36829711342976
1787432820000,-115.36829711342976
1787432880000,-115.36829711342976
1787432940000,-115.36829711342976
1787433000000,-115.36829711342976
1787433060000,-115.36829711342976
1787433120000,-115.36829711342976
1787433180000,-115.36829711342976
1787433240000,-116.02410929518227
1787433300000,-116.7043940779936
1787433360000,-116.20551857059863
1787433420000,-116.56833712143137
1787433480000,-116.74974639684773
1787433540000,-116.88580335340997
1787433600000,-115.8427000197659
1787433660000,-116.386927846015
1787433720000,-116.386927846015
1787433780000,-115.5252337877873
1787433840000,-117.79284973049164
1787433900000,-118.0866244643991
1787433960000,-118.0866244643991
1787434020000,-119.6044621338803
1787434080000,-121.51124810275763
1787434140000,-119.55906246795476
1787434200000,-120.14925812498818
1787434260000,-118.28787182203655
1787434320000,-119.28666447240074
1787434380000,-118.83266781314425
1787434440000,-119.01426647684688
1787434500000,-119.01426647684688
1787434560000,-118.87806747906995
1787434620000,-116.15408752353089
1787434680000,-111.06932493985818
1787434740000,-110.4791292828246
1787434800000,-110.34293028504767
1787434860000,-111.34172293541204
1787434920000,-112.25990257696883
1787434980000,-112.25990257696883
1787435040000,-112.25990257696883
1787435100000,-112.25990257696883
1787435160000,-112.25990257696883
1787435220000,-112.25990257696883
1787435280000,-112.25990257696883
1787435340000,-112.25990257696883
1787435400000,-112.25990257696883
1787435460000,-112.25990257696883
1787435520000,-112.25990257696883
1787435580000,-112.25990257696883
1787435640000,-112.25990257696883
1787435700000,-112.25990257696883
1787435760000,-112.25990257696883
1787435820000,-112.25990257696883
1787435880000,-112.25990257696883
1787435940000,-112.25990257696883
1787436000000,-112.25990257696883
1787436060000,-112.25990257696883
1787436120000,-112.25990257696883
1787436180000,-112.25990257696883
1787436240000,-112.25990257696883
1787436300000,-112.25990257696883
1787436360000,-112.25990257696883
1787436420000,-112.25990257696883
1787436480000,-112.25990257696883
1787436540000,-112.25990257696883
1787436600000,-112.25990257696883
1787436660000,-112.25990257696883
1787436720000,-112.25990257696883
1787436780000,-112.25990257696883
1787436840000,-112.25990257696883
1787436900000,-112.25990257696883
1787436960000,-112.25990257696883
1787437020000,-112.25990257696883
1787437080000,-112.25990257696883
1787437140000,-112.25990257696883
1787437200000,-112.25990257696883
1787437260000,-112.25990257696883
1787437320000,-112.25990257696883
1787437380000,-112.25990257696883
1787437440000,-112.25990257696883
1787437500000,-112.25990257696883
1787437560000,-112.25990257696883
1787437620000,-112.25990257696883
1787437680000,-112.25990257696883
1787437740000,-112.25990257696883
1787437800000,-112.25990257696883
1787437860000,-112.25990257696883
1787437920000,-112.25990257696883
1787437980000,-112.25990257696883
1787438040000,-112.25990257696883
1787438100000,-112.25990257696883
1787438160000,-112.25990257696883
1787438220000,-112.25990257696883
1787438280000,-112.25990257696883
1787438340000,-112.25990257696883
1787438400000,-112.25990257696883
1787438460000,-112.25990257696883
1787438520000,-112.25990257696883
1787438580000,-112.25990257696883
1787438640000,-112.25990257696883
1787438700000,-112.25990257696883
1787438760000,-112.25990257696883
1787438820000,-112.25990257696883
1787438880000,-112.25990257696883
1787438940000,-112.25990257696883
1787439000000,-112.25990257696883
1787439060000,-112.25990257696883
1787439120000,-112.25990257696883
1787439180000,-112.25990257696883
1787439240000,-112.25990257696883
1787439300000,-112.25990257696883
1787439360000,-112.25990257696883
1787439420000,-112.25990257696883
1787439480000,-112.25990257696883
1787439540000,-112.25990257696883
1787439600000,-112.25990257696883
1787439660000,-112.25990257696883
1787439720000,-112.25990257696883
1787439780000,-112.25990257696883
1787439840000,-112.25990257696883
1787439900000,-112.25990257696883
1787439960000,-112.25990257696883
1787440020000,-112.25990257696883
1787440080000,-112.25990257696883
1787440140000,-112.25990257696883
1787440200000,-112.25990257696883
1787440260000,-112.25990257696883
1787440320000,-112.25990257696883
1787440380000,-112.25990257696883
1787440440000,-112.25990257696883
1787440500000,-112.25990257696883
1787440560000,-112.25990257696883
1787440620000,-112.25990257696883
1787440680000,-112.25990257696883
1787440740000,-112.25990257696883
1787440800000,-112.25990257696883
1787440860000,-112.25990257696883
1787440920000,-112.25990257696883
1787440980000,-112.25990257696883
1787441040000,-112.25990257696883
1787441100000,-112.25990257696883
1787441160000,-112.25990257696883
1787441220000,-112.25990257696883
1787441280000,-112.25990257696883
1787441340000,-112.25990257696883
1787441400000,-112.25990257696883
1787441460000,-112.25990257696883
1787441520000,-112.25990257696883
1787441580000,-112.25990257696883
1787441640000,-112.25990257696883
1787441700000,-112.25990257696883
1787441760000,-112.25990257696883
1787441820000,-112.25990257696883
1787441880000,-112.25990257696883
1787441940000,-112.25990257696883
1787442000000,-112.25990257696883
1787442060000,-112.25990257696883
1787442120000,-112.25990257696883
1787442180000,-112.25990257696883
1787442240000,-112.25990257696883
1787442300000,-112.25990257696883
1787442360000,-112.25990257696883
1787442420000,-112.25990257696883
1787442480000,-112.25990257696883
1787442540000,-112.25990257696883
1787442600000,-112.25990257696883
1787442660000,-112.25990257696883
1787442720000,-112.25990257696883
1787442780000,-112.25990257696883
1787442840000,-112.25990257696883
1787442900000,-112.25990257696883
1787442960000,-112.25990257696883
1787443020000,-112.25990257696883
1787443080000,-112.25990257696883
1787443140000,-112.25990257696883
1787443200000,-113.05174391842475
1787443260000,-110.05887369711341
1787443320000,-111.96342747431154
1787443380000,-110.4216458451512
1787443440000,-111.60065532627377
1787443500000,-110.01352717860865
1787443560000,-107.564815179354
1787443620000,-107.33808258683035
1787443680000,-108.06362688290591
1787443740000,-110.01352717860865
1787443800000,-112.21364863835159
1787443860000,-112.21364863835159
1787443920000,-112.21364863835159
1787443980000,-112.21364863835159
1787444040000,-112.21364863835159
1787444100000,-112.21364863835159
1787444160000,-112.21364863835159
1787444220000,-112.21364863835159
1787444280000,-112.21364863835159
1787444340000,-112.21364863835159
1787444400000,-112.21364863835159
1787444460000,-112.21364863835159
1787444520000,-112.21364863835159
1787444580000,-112.21364863835159
1787444640000,-112.21364863835159
1787444700000,-112.21364863835159
1787444760000,-112.21364863835159
1787444820000,-112.21364863835159
1787444880000,-112.21364863835159
1787444940000,-112.21364863835159
1787445000000,-112.21364863835159
1787445060000,-112.21364863835159
1787445120000,-112.21364863835159
1787445180000,-113.23276392536037
1787445240000,-112.96149684387558
1787445300000,-112.91628566362826
1787445360000,-113.36839746610269
1787445420000,-113.91093162907194
1787445480000,-111.60516143645229
1787445540000,-111.87642851793692
1787445600000,-112.50938504140116
1787445660000,-111.60516143645229
1787445720000,-112.59980740189613
1787445780000,-112.78065212288594
1787445840000,-113.91093162907194
1787445900000,-113.14234156486539
1787445960000,-113.09713038461805
1787446020000,-114.58909933278368
1787446080000,-113.82050926857711
1787446140000,-113.54924218709249
1787446200000,-114.18219871055673
1787446260000,-113.18755274511288
1787446320000,-112.87107448338077
1787446380000,-110.74614901175092
1787446440000,-112.01206205867923
1787446500000,-111.78600615744209
1787446560000,-111.33389435496765
1787446620000,-110.5653042907611
1787446680000,-110.52009311051361
1787446740000,-111.15304963397786
1787446800000,-111.37910553521499
1787446860000,-112.01206205867923
1787446920000,-112.05727323892673
1787446980000,-112.91628566362826
1787447040000,-109.20896888333765
1787447100000,-110.158403668534
1787447160000,-109.11854652284283
1787447220000,-110.29403720927633
1787447280000,-114.00135398956692
1787447340000,-116.71402480441353
1787447400000,-117.90962505308948
1787447460000,-117.90962505308948
1787447520000,-117.90962505308948
1787447580000,-117.90962505308948
1787447640000,-117.90962505308948
1787447700000,-117.90962505308948
1787447760000,-117.90962505308948
1787447820000,-117.90962505308948
1787447880000,-117.90962505308948
1787447940000,-117.90962505308948
1787448000000,-117.90962505308948
1787448060000,-117.90962505308948
1787448120000,-117.90962505308948
1787448180000,-117.90962505308948
1787448240000,-117.90962505308948
1787448300000,-117.90962505308948
1787448360000,-117.90962505308948
1787448420000,-117.90962505308948
1787448480000,-117.90962505308948
1787448540000,-117.90962505308948
1787448600000,-117.90962505308948
1787448660000,-117.90962505308948
1787448720000,-117.90962505308948
1787448780000,-117.90962505308948
1787448840000,-117.90962505308948
1787448900000,-117.90962505308948
1787448960000,-117.90962505308948
1787449020000,-117.90962505308948
1787449080000,-117.90962505308948
1787449140000,-117.90962505308948
1787449200000,-117.90962505308948
1787449260000,-117.90962505308948
1787449320000,-117.90962505308948
1787449380000,-117.90962505308948
1787449440000,-117.90962505308948
1787449500000,-117.90962505308948
1787449560000,-117.90962505308948
1787449620000,-117.90962505308948
1787449680000,-117.90962505308948
1787449740000,-117.90962505308948
1787449800000,-117.90962505308948
1787449860000,-117.90962505308948
1787449920000,-117.90962505308948
1787449980000,-117.90962505308948
1787450040000,-117.90962505308948
1787450100000,-117.90962505308948
1787450160000,-117.90962505308948
1787450220000,-117.90962505308948
1787450280000,-117.90962505308948
1787450340000,-117.90962505308948
1787450400000,-117.90962505308948
1787450460000,-117.90962505308948
1787450520000,-117.90962505308948
1787450580000,-117.90962505308948
1787450640000,-117.90962505308948
1787450700000,-117.90962505308948
1787450760000,-117.90962505308948
1787450820000,-117.90962505308948
1787450880000,-117.90962505308948
1787450940000,-117.90962505308948
1787451000000,-117.90962505308948
1787451060000,-117.90962505308948
1787451120000,-117.90962505308948
1787451180000,-117.90962505308948
1787451240000,-117.90962505308948
1787451300000,-117.90962505308948
1787451360000,-117.90962505308948
1787451420000,-117.90962505308948
1787451480000,-117.90962505308948
1787451540000,-117.90962505308948
1787451600000,-117.90962505308948
1787451660000,-117.90962505308948
1787451720000,-117.90962505308948
1787451780000,-117.90962505308948
1787451840000,-117.90962505308948
1787451900000,-117.90962505308948
1787451960000,-117.90962505308948
1787452020000,-117.90962505308948
1787452080000,-117.90962505308948
1787452140000,-117.90962505308948
1787452200000,-117.90962505308948
1787452260000,-117.90962505308948
1787452320000,-117.90962505308948
1787452380000,-117.90962505308948
1787452440000,-117.90962505308948
1787452500000,-117.90962505308948
1787452560000,-117.90962505308948
1787452620000,-117.90962505308948
1787452680000,-117.90962505308948
1787452740000,-117.90962505308948
1787452800000,-117.90962505308948
1787452860000,-117.90962505308948
1787452920000,-117.90962505308948
1787452980000,-117.90962505308948
1787453040000,-117.90962505308948
1787453100000,-117.90962505308948
1787453160000,-117.90962505308948
1787453220000,-117.90962505308948
1787453280000,-117.90962505308948
1787453340000,-117.90962505308948
1787453400000,-117.90962505308948
1787453460000,-117.90962505308948
1787453520000,-117.90962505308948
1787453580000,-117.90962505308948
1787453640000,-117.90962505308948
1787453700000,-117.90962505308948
1787453760000,-117.90962505308948
1787453820000,-117.90962505308948
1787453880000,-117.90962505308948
1787453940000,-117.90962505308948
1787454000000,-117.90962505308948
1787454060000,-117.90962505308948
1787454120000,-117.90962505308948
1787454180000,-117.90962505308948
1787454240000,-117.90962505308948
1787454300000,-117.90962505308948
1787454360000,-117.90962505308948
1787454420000,-117.90962505308948
1787454480000,-117.90962505308948
1787454540000,-117.90962505308948
1787454600000,-117.90962505308948
1787454660000,-117.90962505308948
1787454720000,-117.90962505308948
1787454780000,-117.90962505308948
1787454840000,-117.90962505308948
1787454900000,-117.90962505308948
1787454960000,-117.90962505308948
1787455020000,-117.90962505308948
1787455080000,-117.90962505308948
1787455140000,-117.90962505308948
1787455200000,-117.90962505308948
1787455260000,-117.90962505308948
1787455320000,-117.90962505308948
1787455380000,-117.90962505308948
1787455440000,-117.90962505308948
1787455500000,-117.90962505308948
1787455560000,-117.90962505308948
1787455620000,-117.90962505308948
1787455680000,-117.90962505308948
1787455740000,-117.90962505308948
1787455800000,-117.90962505308948
1787455860000,-117.90962505308948
1787455920000,-117.90962505308948
1787455980000,-117.90962505308948
1787456040000,-117.90962505308948
1787456100000,-117.90962505308948
1787456160000,-117.90962505308948
1787456220000,-117.90962505308948
1787456280000,-117.90962505308948
1787456340000,-117.90962505308948
1787456400000,-117.90962505308948
1787456460000,-117.90962505308948
1787456520000,-117.90962505308948
1787456580000,-117.90962505308948
1787456640000,-117.90962505308948
1787456700000,-117.90962505308948
1787456760000,-117.90962505308948
1787456820000,-117.90962505308948
1787456880000,-117.90962505308948
1787456940000,-117.90962505308948
1787457000000,-117.90962505308948
1787457060000,-117.90962505308948
1787457120000,-117.90962505308948
1787457180000,-117.90962505308948
1787457240000,-117.90962505308948
1787457300000,-117.90962505308948
1787457360000,-117.90962505308948
1787457420000,-117.90962505308948
1787457480000,-117.90962505308948
1787457540000,-117.90962505308948
1787457600000,-117.90962505308948
1787457660000,-117.90962505308948
1787457720000,-117.90962505308948
1787457780000,-117.90962505308948
1787457840000,-117.90962505308948
1787457900000,-117.90962505308948
1787457960000,-117.90962505308948
1787458020000,-117.90962505308948
1787458080000,-117.90962505308948
1787458140000,-117.90962505308948
1787458200000,-117.90962505308948
1787458260000,-117.90962505308948
1787458320000,-117.90962505308948
1787458380000,-117.90962505308948
1787458440000,-117.90962505308948
1787458500000,-117.90962505308948
1787458560000,-117.90962505308948
1787458620000,-117.90962505308948
1787458680000,-117.90962505308948
1787458740000,-117.90962505308948
1787458800000,-117.90962505308948
1787458860000,-117.90962505308948
1787458920000,-117.90962505308948
1787458980000,-117.90962505308948
1787459040000,-117.90962505308948
1787459100000,-117.90962505308948
1787459160000,-117.90962505308948
1787459220000,-117.90962505308948
1787459280000,-117.90962505308948
1787459340000,-117.90962505308948
1787459400000,-117.90962505308948
1787459460000,-117.90962505308948
1787459520000,-117.90962505308948
1787459580000,-117.90962505308948
1787459640000,-117.90962505308948
1787459700000,-117.90962505308948
1787459760000,-117.90962505308948
1787459820000,-117.90962505308948
1787459880000,-117.90962505308948
1787459940000,-119.42438356234466
1787460000000,-119.19952749001837
1787460060000,-119.15455627555305
1787460120000,-119.46935477680998
1787460180000,-118.74981534536563
1787460240000,-118.79478655983095
1787460300000,-118.92970020322676
1787460360000,-118.61490170196983
1787460420000,-118.97467141769192
1787460480000,-119.60426842020578
1787460540000,-119.46935477680998
1787460600000,-119.55929720574062
1787460660000,-119.46935477680998
1787460720000,-118.97467141769192
1787460780000,-118.88472898876144
1787460840000,-118.88472898876144
1787460900000,-118.83975777429612
1787460960000,-118.52495927303919
1787461020000,-118.39004562964338
1787461080000,-118.07524712838647
1787461140000,-118.4350168441087
1787461200000,-117.62553498373373
1787461260000,-117.26576526801148
1787461320000,-116.72611069442826
1787461380000,-116.72611069442826
1787461440000,-115.33200304600473
1787461500000,-114.2976651133033
1787461560000,-114.072809040977
1787461620000,-110.87985281394238
1787461680000,-111.28459374412995
1787461740000,-107.95672387369953
1787461800000,-106.60758743974132
1787461860000,-106.562616225276
1787461920000,-105.03359493345667
1787461980000,-105.2134797913178
1787462040000,-106.51764501081068
1787462100000,-107.23718444225518
1787462160000,-102.42526449447058
1787462220000,-99.63704919762353
1787462280000,-98.46779762152646
1787462340000,-99.86190526994997
1787462400000,-90.19309415991577
1787462460000,-88.57413043916581
1787462520000,-90.55286387563802
1787462580000,-89.11378501274919
1787462640000,-82.32313162849252
1787462700000,-88.07944708004776
1787462760000,-95.36478382342247
1787462820000,-91.6771442372698
1787462880000,-92.21679881085316
1787462940000,-95.0949565366307
1787463000000,-95.63461111021408
1787463060000,-103.1897751403804
1787463120000,-102.06549477874849
1787463180000,-94.6002731775128
1787463240000,-98.42282640706114
1787463300000,-99.41219312529725
1787463360000,-97.29854604542922
1787463420000,-94.19553224732523
1787463480000,-95.76952475360989
1787463540000,-96.98374754417229
1787463600000,-97.25357483096406
1787463660000,-93.79079131713782
1787463720000,-94.37541710518636
1787463780000,-96.6239778284502
1787463840000,-96.66894904291536
1787463900000,-99.54710676869306
1787463960000,-96.44409297058907
1787464020000,-94.15056103285991
1787464080000,-95.58963989574876
1787464140000,-94.24050346179055
1787464200000,-95.18489896556135
1787464260000,-96.48906418505439
1787464320000,-93.8807337460683
1787464380000,-99.1873370529708
1787464440000,-96.80386268631116
1787464500000,-98.64768247938758
1787464560000,-98.73762490831807
1787464620000,-98.78259612278339
1787464680000,-93.56593524481137
1787464740000,-89.06881379828387
1787464800000,-86.32556971590213
1787464860000,-85.51608785552715
1787464920000,-87.26996521967293
1787464980000,-86.86522428948535
1787465040000,-94.46535953411684
1787465100000,-93.43102160141557
1787465160000,-94.10558981839475
1787465220000,-86.32556971590213
1787465280000,-88.84395772595758
1787465340000,-88.52915922470065
1787465400000,-91.6771442372698
1787465460000,-91.76708666620044
1787465520000,-90.28303658884627
1787465580000,-68.65188243104888
1787465640000,-73.32888873543752
1787465700000,-47.11067070218196
1787465760000,-29.436983417328705
1787465820000,-19.36343137710709
1787465880000,-19.90308595069031
1787465940000,-21.162279955718034
1787466000000,-14.236712928065728
1787466060000,1.323327276919656
1787466120000,-1.329974376531581
1787466180000,-6.456692825573114
1787466240000,-6.096923109850863
1787466300000,11.037109601419019
1787466360000,9.193289808342769
1787466420000,6.090276010238782
1787466480000,9.238261022808075
1787466540000,6.180218439169266
1787466600000,11.351908102675964
1787466660000,-27.458249980856635
1787466720000,-29.890704790722225
1787466780000,-29.890704790722225
1787466840000,-29.890704790722225
1787466900000,-29.890704790722225
1787466960000,-29.890704790722225
1787467020000,-29.890704790722225
1787467080000,-29.890704790722225
1787467140000,-29.890704790722225
1787467200000,-29.890704790722225
1787467260000,-29.890704790722225
1787467320000,-29.890704790722225
1787467380000,-29.890704790722225
1787467440000,-29.890704790722225
1787467500000,-29.890704790722225
1787467560000,-29.890704790722225
1787467620000,-29.890704790722225
1787467680000,-29.890704790722225
1787467740000,-29.890704790722225
1787467800000,-29.890704790722225
1787467860000,-29.890704790722225
1787467920000,-29.890704790722225
1787467980000,-29.890704790722225
1787468040000,-29.890704790722225
1787468100000,-29.890704790722225
1787468160000,-29.890704790722225
1787468220000,-29.890704790722225
1787468280000,-29.890704790722225
1787468340000,-29.890704790722225
1787468400000,-29.890704790722225
1787468460000,-29.890704790722225
1787468520000,-29.890704790722225
1787468580000,-29.890704790722225
1787468640000,-29.890704790722225
1787468700000,-29.890704790722225
1787468760000,-29.890704790722225
1787468820000,-29.890704790722225
1787468880000,-29.890704790722225
1787468940000,-29.890704790722225
1787469000000,-29.890704790722225
1787469060000,-29.890704790722225
1787469120000,-29.890704790722225
1787469180000,-29.890704790722225
1787469240000,-29.890704790722225
1787469300000,-29.890704790722225
1787469360000,-29.890704790722225
1787469420000,-29.890704790722225
1787469480000,-29.890704790722225
1787469540000,-29.890704790722225
1787469600000,-29.890704790722225
1787469660000,-29.890704790722225
1787469720000,-29.890704790722225
1787469780000,-29.890704790722225
1787469840000,-29.890704790722225
1787469900000,-29.890704790722225
1787469960000,-29.890704790722225
1787470020000,-29.890704790722225
1787470080000,-29.890704790722225
1787470140000,-29.890704790722225
1787470200000,-29.890704790722225
1787470260000,-29.890704790722225
1787470320000,-29.890704790722225
1787470380000,-29.890704790722225
1787470440000,-29.890704790722225
1787470500000,-29.890704790722225
1787470560000,-29.890704790722225
1787470620000,-29.890704790722225
1787470680000,-29.890704790722225
1787470740000,-29.890704790722225
1787470800000,-29.890704790722225
1787470860000,-33.69188422165487
1787470920000,-34.8954461972078
1787470980000,-34.8954461972078
1787471040000,-34.8954461972078
1787471100000,-34.8954461972078
1787471160000,-34.8954461972078
1787471220000,-34.8954461972078
1787471280000,-34.8954461972078
1787471340000,-34.8954461972078
1787471400000,-34.8954461972078
1787471460000,-34.8954461972078
1787471520000,-34.8954461972078
1787471580000,-34.8954461972078
1787471640000,-34.8954461972078
1787471700000,-34.8954461972078
1787471760000,-34.8954461972078
1787471820000,-34.8954461972078
1787471880000,-34.8954461972078
1787471940000,-34.8954461972078
1787472000000,-34.8954461972078
1787472060000,-34.8954461972078
1787472120000,-34.8954461972078
1787472180000,-34.8954461972078
1787472240000,-34.8954461972078
1787472300000,-34.8954461972078
1787472360000,-34.8954461972078
1787472420000,-35.88716327760629
1787472480000,-39.178665533735234
1787472540000,-40.00737473137731
1787472600000,-40.00737473137731
1787472660000,-40.00737473137731
1787472720000,-40.00737473137731
1787472780000,-40.00737473137731
1787472840000,-40.00737473137731
1787472900000,-40.00737473137731
1787472960000,-40.00737473137731
1787473020000,-40.00737473137731
1787473080000,-40.00737473137731
1787473140000,-40.00737473137731
1787473200000,-40.00737473137731
1787473260000,-42.221430747497536
1787473320000,-39.64414006019611
1787473380000,-38.88362805410711
1787473440000,-40.44690273328994
1787473500000,-37.78511071197854
1787473560000,-33.68679601249913
1787473620000,-31.489761328242132
1787473680000,-34.447308018588124
1787473740000,-30.729249322153287
1787473800000,-31.870017331286697
1787473860000,-31.2785079932175
1787473920000,-37.531606709948925
1787473980000,-38.22001857810389
1787474040000,-38.22001857810389
1787474100000,-38.22001857810389
1787474160000,-38.22001857810389
1787474220000,-38.22001857810389
1787474280000,-38.22001857810389
1787474340000,-38.22001857810389
1787474400000,-38.22001857810389
1787474460000,-38.22001857810389
1787474520000,-38.22001857810389
1787474580000,-38.22001857810389
1787474640000,-38.22001857810389
1787474700000,-38.22001857810389
1787474760000,-38.22001857810389
1787474820000,-38.22001857810389
1787474880000,-38.22001857810389
1787474940000,-38.22001857810389
1787475000000,-38.22001857810389
1787475060000,-38.22001857810389
1787475120000,-38.22001857810389
1787475180000,-38.22001857810389
1787475240000,-38.22001857810389
1787475300000,-38.22001857810389
1787475360000,-38.22001857810389
1787475420000,-38.22001857810389
1787475480000,-38.22001857810389
1787475540000,-38.22001857810389
1787475600000,-38.22001857810389
1787475660000,-38.22001857810389
1787475720000,-38.22001857810389
1787475780000,-38.22001857810389
1787475840000,-38.22001857810389
1787475900000,-38.22001857810389
1787475960000,-38.22001857810389
1787476020000,-38.22001857810389
1787476080000,-38.22001857810389
1787476140000,-38.22001857810389
1787476200000,-38.22001857810389
1787476260000,-38.22001857810389
1787476320000,-38.22001857810389
1787476380000,-38.22001857810389
1787476440000,-38.22001857810389
1787476500000,-38.22001857810389
1787476560000,-38.22001857810389
1787476620000,-38.22001857810389
1787476680000,-38.22001857810389
1787476740000,-40.12348026987147
1787476800000,-40.37177498179012
1787476860000,-41.07419948861047
1787476920000,-41.07419948861047
1787476980000,-41.07419948861047
1787477040000,-41.07419948861047
1787477100000,-41.07419948861047
1787477160000,-41.07419948861047
1787477220000,-41.07419948861047
1787477280000,-42.48026133952613
1787477340000,-37.73991895242736
1787477400000,-38.35822448117942
1787477460000,-39.92459848735117
1787477520000,-42.35660023377575
1787477580000,-43.39137775982066
1787477640000,-43.39137775982066
1787477700000,-43.39137775982066
1787477760000,-43.39137775982066
1787477820000,-43.39137775982066
1787477880000,-45.49320339903911
1787477940000,-43.566490459614535
1787478000000,-44.6323316601473
1787478060000,-44.05841716755277
1787478120000,-43.44350878263001
1787478180000,-45.739166753008156
1787478240000,-45.00127669110088
1787478300000,-42.37766758209738
1787478360000,-42.37766758209738
1787478420000,-43.81245381358372
1787478480000,-46.6820262765564
1787478540000,-46.364123765787724
1787478600000,-46.364123765787724
1787478660000,-46.364123765787724
1787478720000,-46.364123765787724
1787478780000,-46.364123765787724
1787478840000,-46.364123765787724
1787478900000,-46.364123765787724
1787478960000,-46.364123765787724
1787479020000,-46.364123765787724
1787479080000,-46.364123765787724
1787479140000,-46.364123765787724
1787479200000,-46.364123765787724
1787479260000,-46.364123765787724
1787479320000,-46.364123765787724
1787479380000,-46.364123765787724
1787479440000,-46.364123765787724
1787479500000,-46.364123765787724
1787479560000,-46.364123765787724
1787479620000,-46.364123765787724
1787479680000,-46.364123765787724
1787479740000,-46.364123765787724
1787479800000,-46.364123765787724
1787479860000,-46.364123765787724
1787479920000,-46.364123765787724
1787479980000,-46.364123765787724
1787480040000,-46.364123765787724
1787480100000,-46.364123765787724
1787480160000,-46.364123765787724
1787480220000,-46.364123765787724
1787480280000,-46.364123765787724
1787480340000,-46.364123765787724
1787480400000,-46.364123765787724
1787480460000,-46.364123765787724
1787480520000,-46.364123765787724
1787480580000,-46.364123765787724
1787480640000,-46.364123765787724
1787480700000,-46.364123765787724
1787480760000,-46.364123765787724
1787480820000,-46.364123765787724
1787480880000,-46.364123765787724
1787480940000,-46.364123765787724
1787481000000,-46.364123765787724
1787481060000,-46.364123765787724
1787481120000,-46.364123765787724
1787481180000,-46.364123765787724
1787481240000,-46.364123765787724
1787481300000,-46.364123765787724
1787481360000,-46.364123765787724
1787481420000,-46.364123765787724
1787481480000,-46.364123765787724
1787481540000,-46.364123765787724
1787481600000,-46.364123765787724
1787481660000,-46.364123765787724
1787481720000,-46.364123765787724
1787481780000,-46.364123765787724
1787481840000,-46.364123765787724
1787481900000,-46.364123765787724
1787481960000,-46.364123765787724
1787482020000,-46.364123765787724
1787482080000,-48.13598165161599
1787482140000,-50.995471040765764
1787482200000,-53.21093506951257
1787482260000,-53.21093506951257
1787482320000,-53.21093506951257
1787482380000,-53.21093506951257
1787482440000,-53.21093506951257
1787482500000,-53.21093506951257
1787482560000,-53.21093506951257
1787482620000,-53.21093506951257
1787482680000,-53.21093506951257
1787482740000,-53.21093506951257
1787482800000,-53.21093506951257
1787482860000,-53.21093506951257
1787482920000,-53.21093506951257
1787482980000,-53.21093506951257
1787483040000,-53.21093506951257
1787483100000,-53.21093506951257
1787483160000,-53.21093506951257
1787483220000,-53.21093506951257
1787483280000,-53.21093506951257
1787483340000,-53.21093506951257
1787483400000,-53.21093506951257
1787483460000,-53.21093506951257
1787483520000,-53.21093506951257
1787483580000,-53.21093506951257
1787483640000,-53.21093506951257
1787483700000,-53.21093506951257
1787483760000,-53.21093506951257
1787483820000,-53.21093506951257
1787483880000,-53.21093506951257
1787483940000,-53.21093506951257
1787484000000,-53.21093506951257
1787484060000,-53.21093506951257
1787484120000,-53.21093506951257
1787484180000,-53.21093506951257
1787484240000,-53.21093506951257
1787484300000,-53.21093506951257
1787484360000,-53.21093506951257
1787484420000,-53.21093506951257
1787484480000,-53.21093506951257
1787484540000,-53.21093506951257
1787484600000,-53.21093506951257
1787484660000,-53.21093506951257
1787484720000,-53.21093506951257
1787484780000,-53.21093506951257
1787484840000,-53.21093506951257
1787484900000,-53.21093506951257
1787484960000,-53.21093506951257
1787485020000,-53.21093506951257
1787485080000,-53.21093506951257
1787485140000,-53.21093506951257
1787485200000,-53.21093506951257
1787485260000,-53.21093506951257
1787485320000,-53.21093506951257
1787485380000,-53.21093506951257
1787485440000,-53.21093506951257
1787485500000,-53.21093506951257
1787485560000,-53.21093506951257
1787485620000,-53.21093506951257
1787485680000,-53.21093506951257
1787485740000,-53.21093506951257
1787485800000,-53.21093506951257
1787485860000,-53.21093506951257
1787485920000,-53.21093506951257
1787485980000,-53.21093506951257
1787486040000,-53.21093506951257
1787486100000,-53.21093506951257
1787486160000,-53.21093506951257
1787486220000,-53.21093506951257
1787486280000,-53.21093506951257
1787486340000,-53.21093506951257
1787486400000,-53.21093506951257
1787486460000,-53.21093506951257
1787486520000,-53.21093506951257
1787486580000,-53.21093506951257
1787486640000,-53.21093506951257
1787486700000,-53.21093506951257
1787486760000,-53.21093506951257
1787486820000,-53.21093506951257
1787486880000,-53.21093506951257
1787486940000,-53.21093506951257
1787487000000,-53.21093506951257
1787487060000,-53.21093506951257
1787487120000,-53.21093506951257
1787487180000,-53.21093506951257
1787487240000,-53.21093506951257
1787487300000,-53.21093506951257
1787487360000,-53.21093506951257
1787487420000,-53.21093506951257
1787487480000,-53.21093506951257
1787487540000,-53.21093506951257
1787487600000,-52.75291895553753
1787487660000,-55.94755587348638
1787487720000,-55.893184633189826
1787487780000,-55.893184633189826
1787487840000,-55.893184633189826
1787487900000,-55.893184633189826
1787487960000,-55.893184633189826
1787488020000,-55.893184633189826
1787488080000,-55.893184633189826
1787488140000,-55.893184633189826
1787488200000,-55.893184633189826
1787488260000,-55.893184633189826
1787488320000,-55.893184633189826
1787488380000,-55.893184633189826
1787488440000,-55.893184633189826
1787488500000,-55.893184633189826
1787488560000,-55.893184633189826
1787488620000,-55.893184633189826
1787488680000,-55.893184633189826
1787488740000,-55.893184633189826
1787488800000,-55.893184633189826
1787488860000,-55.893184633189826
1787488920000,-55.893184633189826
1787488980000,-55.893184633189826
1787489040000,-55.893184633189826
1787489100000,-55.893184633189826
1787489160000,-55.893184633189826
1787489220000,-55.893184633189826
1787489280000,-55.893184633189826
1787489340000,-55.893184633189826
1787489400000,-55.893184633189826
1787489460000,-55.893184633189826
1787489520000,-55.893184633189826
1787489580000,-55.893184633189826
1787489640000,-55.893184633189826
1787489700000,-55.893184633189826
1787489760000,-55.893184633189826
1787489820000,-55.893184633189826
1787489880000,-55.893184633189826
1787489940000,-55.893184633189826
1787490000000,-55.893184633189826
1787490060000,-55.893184633189826
1787490120000,-55.893184633189826
1787490180000,-55.893184633189826
1787490240000,-55.893184633189826
1787490300000,-55.893184633189826
1787490360000,-55.893184633189826
1787490420000,-55.893184633189826
1787490480000,-55.893184633189826
1787490540000,-55.893184633189826
1787490600000,-55.893184633189826
1787490660000,-55.893184633189826
1787490720000,-55.893184633189826
1787490780000,-55.893184633189826
1787490840000,-55.893184633189826
1787490900000,-55.893184633189826
1787490960000,-55.893184633189826
1787491020000,-55.893184633189826
1787491080000,-55.893184633189826
1787491140000,-55.893184633189826
1787491200000,-55.893184633189826
1787491260000,-55.893184633189826
1787491320000,-55.893184633189826
1787491380000,-55.893184633189826
1787491440000,-55.893184633189826
1787491500000,-55.893184633189826
1787491560000,-55.893184633189826
1787491620000,-55.893184633189826
1787491680000,-55.893184633189826
1787491740000,-55.893184633189826
1787491800000,-55.893184633189826
1787491860000,-55.893184633189826
1787491920000,-55.893184633189826
1787491980000,-55.893184633189826
1787492040000,-55.893184633189826
1787492100000,-55.893184633189826
1787492160000,-55.893184633189826
1787492220000,-55.893184633189826
1787492280000,-55.893184633189826
1787492340000,-55.893184633189826
1787492400000,-55.893184633189826
1787492460000,-55.893184633189826
1787492520000,-55.893184633189826
1787492580000,-55.893184633189826
1787492640000,-55.893184633189826
1787492700000,-55.893184633189826
1787492760000,-55.893184633189826
1787492820000,-55.893184633189826
1787492880000,-55.893184633189826
1787492940000,-55.893184633189826
1787493000000,-55.893184633189826
1787493060000,-55.893184633189826
1787493120000,-55.893184633189826
1787493180000,-55.893184633189826
1787493240000,-55.893184633189826
1787493300000,-55.893184633189826
1787493360000,-55.893184633189826
1787493420000,-55.893184633189826
1787493480000,-55.893184633189826
1787493540000,-55.893184633189826
1787493600000,-55.893184633189826
1787493660000,-55.893184633189826
1787493720000,-55.893184633189826
1787493780000,-55.893184633189826
1787493840000,-55.893184633189826
1787493900000,-55.893184633189826
1787493960000,-55.893184633189826
1787494020000,-55.893184633189826
1787494080000,-55.893184633189826
1787494140000,-55.893184633189826
1787494200000,-55.893184633189826
1787494260000,-55.893184633189826
1787494320000,-55.893184633189826
1787494380000,-55.893184633189826
1787494440000,-55.893184633189826
1787494500000,-55.893184633189826
1787494560000,-55.893184633189826
1787494620000,-55.893184633189826
1787494680000,-55.893184633189826
1787494740000,-55.893184633189826
1787494800000,-55.893184633189826
1787494860000,-55.893184633189826
1787494920000,-55.893184633189826
1787494980000,-55.893184633189826
1787495040000,-55.893184633189826
1787495100000,-55.893184633189826
1787495160000,-55.893184633189826
1787495220000,-55.893184633189826
1787495280000,-55.893184633189826
1787495340000,-55.893184633189826
1787495400000,-55.893184633189826
1787495460000,-55.893184633189826
1787495520000,-55.893184633189826
1787495580000,-55.893184633189826
1787495640000,-59.41658411228122
1787495700000,-63.302336331177926
1787495760000,-63.89427805982862
1787495820000,-63.89427805982862
1787495880000,-63.89427805982862
1787495940000,-63.89427805982862
1787496000000,-63.89427805982862
1787496060000,-63.89427805982862
1787496120000,-63.89427805982862
1787496180000,-63.89427805982862
1787496240000,-63.89427805982862
1787496300000,-63.89427805982862
1787496360000,-63.89427805982862
1787496420000,-63.89427805982862
1787496480000,-63.89427805982862
1787496540000,-63.89427805982862
1787496600000,-63.89427805982862
1787496660000,-63.89427805982862
1787496720000,-63.89427805982862
1787496780000,-63.89427805982862
1787496840000,-63.89427805982862
1787496900000,-63.89427805982862
1787496960000,-63.89427805982862
1787497020000,-63.89427805982862
1787497080000,-63.89427805982862
1787497140000,-63.89427805982862
1787497200000,-63.89427805982862
1787497260000,-63.89427805982862
1787497320000,-63.89427805982862
1787497380000,-63.89427805982862
1787497440000,-63.89427805982862
1787497500000,-63.89427805982862
1787497560000,-63.89427805982862
1787497620000,-63.89427805982862
1787497680000,-63.89427805982862
1787497740000,-63.89427805982862
1787497800000,-63.89427805982862
1787497860000,-63.89427805982862
1787497920000,-63.89427805982862
1787497980000,-63.89427805982862
1787498040000,-62.153883447391095
1787498100000,-63.30618458242684
1787498160000,-68.94848669191192
1787498220000,-69.6274934229558
1787498280000,-69.6274934229558
1787498340000,-69.6274934229558
1787498400000,-69.6274934229558
1787498460000,-69.6274934229558
1787498520000,-69.6274934229558
1787498580000,-69.6274934229558
1787498640000,-69.6274934229558
1787498700000,-73.74807568578639
1787498760000,-71.77468227035921
1787498820000,-67.51215249303658
1787498880000,-67.78842757119638
1787498940000,-70.63011408941155
1787499000000,-67.78842757119638
1787499060000,-68.77512427890997
1787499120000,-70.3933068795602
1787499180000,-71.26159998234819
1787499240000,-72.09042521682758
1787499300000,-73.11658979284962
1787499360000,-73.55073634424362
1787499420000,-78.40528414619442
1787499480000,-76.7871015455442
1787499540000,-78.95783430251402
1787499600000,-77.8922018581834
1787499660000,-77.7343303849492
1787499720000,-75.4057261547452
1787499780000,-76.9055051504698
1787499840000,-75.01104747165978
1787499900000,-76.58976220400143
1787499960000,-79.07623790743963
1787500020000,-78.79996282927983
1787500080000,-78.99730217082246
1787500140000,-79.07623790743963
1787500200000,-79.66825593206781
1787500260000,-79.07623790743963
1787500320000,-79.82612740530186
1787500380000,-83.25983194814509
1787500440000,-81.95739229396325
1787500500000,-80.22080608838728
1787500560000,-80.02346674684465
1787500620000,-81.52324574256926
1787500680000,-81.60218147918629
1787500740000,-80.61548477147282
1787500800000,-82.18354331981364
1787500860000,-80.604828587472
1787500920000,-78.355160093885
1787500980000,-79.14451746005582
1787501040000,-80.64429645578043
1787501100000,-72.79019066238054
1787501160000,-70.77732937864478
1787501220000,-65.29129568375734
1787501280000,-62.962691453553326
1787501340000,-61.818123272605675
1787501400000,-62.21280195569109
1787501460000,-61.73918753598851
1787501520000,-60.91036230150911
1787501580000,-59.33164756916747
1787501640000,-60.949830169817695
1787501700000,-60.35781214518951
1787501760000,-63.9888560295755
1787501820000,-64.68494659987142
1787501880000,-64.68494659987142
1787501940000,-64.68494659987142
1787502000000,-64.68494659987142
1787502060000,-64.68494659987142
1787502120000,-64.68494659987142
1787502180000,-64.68494659987142
1787502240000,-64.68494659987142
1787502300000,-64.68494659987142
1787502360000,-64.68494659987142
1787502420000,-64.68494659987142
1787502480000,-64.68494659987142
1787502540000,-64.68494659987142
1787502600000,-64.68494659987142
1787502660000,-64.68494659987142
1787502720000,-64.68494659987142
1787502780000,-64.68494659987142
1787502840000,-64.68494659987142
1787502900000,-64.68494659987142
1787502960000,-64.68494659987142
1787503020000,-64.68494659987142
1787503080000,-64.68494659987142
1787503140000,-64.68494659987142
1787503200000,-64.68494659987142
1787503260000,-64.68494659987142
1787503320000,-64.68494659987142
1787503380000,-64.68494659987142
1787503440000,-64.68494659987142
1787503500000,-64.68494659987142
1787503560000,-64.68494659987142
1787503620000,-64.68494659987142
1787503680000,-64.68494659987142
1787503740000,-64.68494659987142
1787503800000,-64.68494659987142
1787503860000,-64.68494659987142
1787503920000,-64.68494659987142
1787503980000,-64.68494659987142
1787504040000,-64.68494659987142
1787504100000,-64.68494659987142
1787504160000,-64.68494659987142
1787504220000,-64.68494659987142
1787504280000,-64.68494659987142
1787504340000,-64.68494659987142
1787504400000,-64.68494659987142
1787504460000,-64.68494659987142
1787504520000,-64.68494659987142
1787504580000,-64.68494659987142
1787504640000,-64.68494659987142
1787504700000,-64.68494659987142
1787504760000,-64.68494659987142
1787504820000,-64.68494659987142
1787504880000,-64.68494659987142
1787504940000,-64.68494659987142
1787505000000,-64.68494659987142
1787505060000,-68.24815090390642
1787505120000,-67.84196829052523
1787505180000,-68.80203628579005
1787505240000,-69.46669874405039
1787505300000,-62.78314846932174
1787505360000,-67.21423152439039
1787505420000,-66.32801491337666
1787505480000,-71.20220627395224
1787505540000,-72.3953866657952
1787505600000,-72.3953866657952
1787505660000,-72.3953866657952
1787505720000,-72.3953866657952
1787505780000,-72.3953866657952
1787505840000,-72.3953866657952
1787505900000,-72.3953866657952
1787505960000,-72.3953866657952
1787506020000,-72.3953866657952
1787506080000,-72.3953866657952
1787506140000,-72.3953866657952
1787506200000,-72.3953866657952
1787506260000,-72.3953866657952
1787506320000,-72.3953866657952
1787506380000,-72.3953866657952
1787506440000,-72.3953866657952
1787506500000,-72.3953866657952
1787506560000,-72.3953866657952
1787506620000,-72.3953866657952
1787506680000,-72.3953866657952
1787506740000,-72.3953866657952
1787506800000,-72.3953866657952
1787506860000,-72.3953866657952
1787506920000,-72.3953866657952
1787506980000,-72.3953866657952
1787507040000,-72.3953866657952
1787507100000,-72.3953866657952
1787507160000,-72.3953866657952
1787507220000,-72.3953866657952
1787507280000,-72.3953866657952
1787507340000,-72.3953866657952
1787507400000,-72.3953866657952
1787507460000,-72.29601888042733
1787507520000,-76.00315287915784
1787507580000,-77.47432893776181
1787507640000,-77.47432893776181
1787507700000,-77.47432893776181
1787507760000,-77.47432893776181
1787507820000,-77.47432893776181
1787507880000,-79.09553804732478
1787507940000,-77.87031884278255
1787508000000,-78.06175934349233
1787508060000,-79.17211424760862
1787508120000,-76.98969253951789
1787508180000,-76.56852343795649
1787508240000,-76.14735433639508
1787508300000,-75.03699943227865
1787508360000,-67.4176675040319
1787508420000,-68.14514140672875
1787508480000,-67.64739610488353
1787508540000,-65.31182199622486
1787508600000,-68.52802240814819
1787508660000,-66.15416019934767
1787508720000,-66.49875310062525
1787508780000,-70.36585121496147
1787508840000,-66.65190550119291
1787508900000,-68.45144620786435
1787508960000,-67.64739610488353
1787509020000,-67.60910800474154
1787509080000,-66.30731259991548
1787509140000,-66.8050579017607
1787509200000,-68.22171760701272
1787509260000,-69.370360611271
1787509320000,-68.642886708574
1787509380000,-69.0640558101354
1787509440000,-68.71946290885796
1787509500000,-60.372657077914205
1787509560000,-58.91770927252034
1787509620000,-57.501049567268325
1787509680000,-57.271320966416695
1787509740000,-57.501049567268325
1787509800000,-59.33887837408162
1787509860000,-60.47777795279549
1787509920000,-60.47777795279549
1787509980000,-60.47777795279549
1787510040000,-60.47777795279549
1787510100000,-60.47777795279549
1787510160000,-60.47777795279549
1787510220000,-60.47777795279549
1787510280000,-60.47777795279549
1787510340000,-60.47777795279549
1787510400000,-60.47777795279549
1787510460000,-60.47777795279549
1787510520000,-60.47777795279549
1787510580000,-60.47777795279549
1787510640000,-60.47777795279549
1787510700000,-60.47777795279549
1787510760000,-60.47777795279549
1787510820000,-60.47777795279549
1787510880000,-60.47777795279549
1787510940000,-60.47777795279549
1787511000000,-60.47777795279549
1787511060000,-60.47777795279549
1787511120000,-60.47777795279549
1787511180000,-60.47777795279549
1787511240000,-60.47777795279549
1787511300000,-60.47777795279549
1787511360000,-60.47777795279549
1787511420000,-60.47777795279549
1787511480000,-60.47777795279549
1787511540000,-60.47777795279549
1787511600000,-60.47777795279549
1787511660000,-60.47777795279549
1787511720000,-60.47777795279549
1787511780000,-60.47777795279549
1787511840000,-60.47777795279549
1787511900000,-60.47777795279549
1787511960000,-60.47777795279549
1787512020000,-60.47777795279549
1787512080000,-60.47777795279549
1787512140000,-60.47777795279549
1787512200000,-60.47777795279549
1787512260000,-60.47777795279549
1787512320000,-60.47777795279549
1787512380000,-60.47777795279549
1787512440000,-60.47777795279549
1787512500000,-60.47777795279549
1787512560000,-60.47777795279549
1787512620000,-60.47777795279549
1787512680000,-60.47777795279549
1787512740000,-60.47777795279549
1787512800000,-60.47777795279549
1787512860000,-64.73172815550019
1787512920000,-70.11438587367027
1787512980000,-71.30382367148684
1787513040000,-71.30382367148684
1787513100000,-71.30382367148684
1787513160000,-71.30382367148684
1787513220000,-71.30382367148684
1787513280000,-71.30382367148684
1787513340000,-71.30382367148684
1787513400000,-71.30382367148684
1787513460000,-71.30382367148684
1787513520000,-71.30382367148684
1787513580000,-71.30382367148684
1787513640000,-71.30382367148684
1787513700000,-71.30382367148684
1787513760000,-71.30382367148684
1787513820000,-71.30382367148684
1787513880000,-71.30382367148684
1787513940000,-71.30382367148684
1787514000000,-71.30382367148684
1787514060000,-71.30382367148684
1787514120000,-71.30382367148684
1787514180000,-71.30382367148684
1787514240000,-71.30382367148684
1787514300000,-71.30382367148684
1787514360000,-71.30382367148684
1787514420000,-71.30382367148684
1787514480000,-71.30382367148684
1787514540000,-71.30382367148684
1787514600000,-71.30382367148684
1787514660000,-71.30382367148684
1787514720000,-71.30382367148684
1787514780000,-71.30382367148684
1787514840000,-71.30382367148684
1787514900000,-71.30382367148684
1787514960000,-71.30382367148684
1787515020000,-71.30382367148684
1787515080000,-71.30382367148684
1787515140000,-73.37099801429994
1787515200000,-72.428597485802
1787515260000,-74.12345095838812
1787515320000,-76.84309955393319
1787515380000,-78.5379530265193
1787515440000,-87.09105078352336
1787515500000,-86.49982282797004
1787515560000,-88.27350669462987
1787515620000,-86.89397479833902
1787515680000,-91.07198568424879
1787515740000,-89.29830181758896
1787515800000,-87.68227873907668
1787515860000,-87.7611091331504
1787515920000,-88.50999787685129
1787515980000,-90.99315529017508
1787516040000,-88.27350669462987
1787516100000,-86.18450125167504
1787516160000,-85.04146053760533
1787516220000,-85.08087573464225
1787516280000,-83.42543745909305
1787516340000,-82.71596391242909
1787516400000,-83.66192864131433
1787516460000,-84.05608061168317
1787516520000,-84.29257179390457
1787516580000,-91.58438324572826
1787516640000,-84.52906297612586
1787516700000,-76.80368435689627
1787516760000,-76.84309955393319
1787516820000,-77.1978363272651
1787516880000,-78.69561381466673
1787516940000,-79.03620471027335
1787517000000,-79.03620471027335
1787517060000,-79.03620471027335
1787517120000,-79.03620471027335
1787517180000,-79.03620471027335
1787517240000,-79.03620471027335
1787517300000,-79.03620471027335
1787517360000,-79.03620471027335
1787517420000,-79.03620471027335
1787517480000,-79.03620471027335
1787517540000,-79.03620471027335
1787517600000,-79.03620471027335
1787517660000,-79.03620471027335
1787517720000,-79.03620471027335
1787517780000,-79.03620471027335
1787517840000,-79.03620471027335
1787517900000,-79.42050872822347
1787517960000,-79.0709418753457
1787518020000,-79.34282720536179
1787518080000,-79.84775710396305
1787518140000,-81.05182070831998
1787518200000,-79.38166796679255
1787518260000,-79.69239405823954
1787518320000,-76.8570184737861
1787518380000,-77.12890380380219
1787518440000,-79.10978263677647
1787518500000,-77.01238151950959
1787518560000,-76.19672552946133
1787518620000,-77.90571903241954
1787518680000,-73.86627984360915
1787518740000,-75.34222877798217
1787518800000,-74.06048365076356
1787518860000,-75.41991030084398
1787518920000,-72.7787385235448
1787518980000,-71.26394882774102
1787519040000,-74.41005050364132
1787519100000,-73.82743908217837
1787519160000,-71.0309042591557
1787519220000,-74.9538211636735
1787519280000,-76.43127812944985
1787519340000,-76.43127812944985
1787519400000,-76.43127812944985
1787519460000,-76.43127812944985
1787519520000,-76.43127812944985
1787519580000,-79.59253523874794
1787519640000,-80.1309305214577
1787519700000,-81.98047279086357
1787519760000,-81.98047279086357
1787519820000,-81.98047279086357
1787519880000,-81.98047279086357
1787519940000,-81.98047279086357
1787520000000,-81.98047279086357
1787520060000,-81.98047279086357
1787520120000,-81.98047279086357
1787520180000,-81.98047279086357
1787520240000,-81.98047279086357
1787520300000,-81.98047279086357
1787520360000,-81.98047279086357
1787520420000,-81.98047279086357
1787520480000,-81.98047279086357
1787520540000,-81.98047279086357
1787520600000,-81.98047279086357
1787520660000,-81.98047279086357
1787520720000,-81.98047279086357
1787520780000,-81.98047279086357
1787520840000,-81.98047279086357
1787520900000,-81.98047279086357
1787520960000,-81.98047279086357
1787521020000,-81.98047279086357
1787521080000,-81.98047279086357
1787521140000,-81.98047279086357
1787521200000,-81.98047279086357
1787521260000,-81.98047279086357
1787521320000,-81.98047279086357
1787521380000,-81.98047279086357
1787521440000,-81.98047279086357
1787521500000,-81.98047279086357
1787521560000,-81.98047279086357
1787521620000,-81.98047279086357
1787521680000,-81.98047279086357
1787521740000,-81.98047279086357
1787521800000,-81.98047279086357
1787521860000,-81.98047279086357
1787521920000,-81.98047279086357
1787521980000,-81.98047279086357
1787522040000,-81.98047279086357
1787522100000,-81.98047279086357
1787522160000,-81.98047279086357
1787522220000,-81.98047279086357
1787522280000,-81.98047279086357
1787522340000,-81.98047279086357
1787522400000,-81.98047279086357
1787522460000,-81.98047279086357
1787522520000,-81.98047279086357
1787522580000,-81.98047279086357
1787522640000,-81.98047279086357
1787522700000,-81.98047279086357
1787522760000,-81.98047279086357
1787522820000,-81.98047279086357
1787522880000,-81.98047279086357
1787522940000,-81.98047279086357
1787523000000,-81.98047279086357
1787523060000,-82.10831678186351
1787523120000,-83.77617725275469
1787523180000,-81.83034003671497
1787523240000,-83.02166894449448
1787523300000,-82.02889485467827
1787523360000,-81.23467558282536
1787523420000,-82.78340316293863
1787523480000,-79.96392474786063
1787523540000,-81.87005100030767
1787523600000,-82.86282509012386
1787523660000,-83.06137990808716
1787523720000,-83.29964568964301
1787523780000,-85.56317061442381
1787523840000,-88.50178192027974
1787523900000,-88.14438324794597
1787523960000,-86.55594470424002
1787524020000,-90.80501780865323
1787524080000,-91.63894804409883
1787524140000,-93.16760894362693
1787524200000,-93.16760894362693
1787524260000,-93.16760894362693
1787524320000,-93.16760894362693
1787524380000,-93.16760894362693
1787524440000,-93.16760894362693
1787524500000,-93.16760894362693
1787524560000,-93.16760894362693
1787524620000,-93.16760894362693
1787524680000,-93.16760894362693
1787524740000,-93.16760894362693
1787524800000,-93.16760894362693
1787524860000,-93.16760894362693
1787524920000,-93.16760894362693
1787524980000,-93.16760894362693
1787525040000,-93.16760894362693
1787525100000,-93.16760894362693
1787525160000,-93.16760894362693
1787525220000,-93.16760894362693
1787525280000,-93.16760894362693
1787525340000,-93.16760894362693
1787525400000,-93.16760894362693
1787525460000,-93.16760894362693
1787525520000,-93.16760894362693
1787525580000,-93.16760894362693
1787525640000,-93.16760894362693
1787525700000,-93.16760894362693
1787525760000,-93.16760894362693
1787525820000,-93.16760894362693
1787525880000,-93.16760894362693
1787525940000,-93.16760894362693
1787526000000,-93.16760894362693
1787526060000,-93.16760894362693
1787526120000,-93.16760894362693
1787526180000,-93.16760894362693
1787526240000,-93.16760894362693
1787526300000,-93.16760894362693
1787526360000,-93.16760894362693
1787526420000,-93.16760894362693
1787526480000,-93.16760894362693
1787526540000,-93.16760894362693
1787526600000,-93.16760894362693
1787526660000,-93.16760894362693
1787526720000,-93.16760894362693
1787526780000,-93.16760894362693
1787526840000,-93.16760894362693
1787526900000,-93.16760894362693
1787526960000,-93.16760894362693
1787527020000,-93.16760894362693
1787527080000,-93.16760894362693
1787527140000,-93.16760894362693
1787527200000,-93.16760894362693
1787527260000,-93.16760894362693
1787527320000,-93.16760894362693
1787527380000,-93.16760894362693
1787527440000,-93.16760894362693
1787527500000,-93.16760894362693
1787527560000,-93.16760894362693
1787527620000,-93.16760894362693
1787527680000,-93.16760894362693
1787527740000,-93.16760894362693
1787527800000,-93.16760894362693
1787527860000,-93.16760894362693
1787527920000,-93.16760894362693
1787527980000,-93.16760894362693
1787528040000,-93.16760894362693
1787528100000,-93.16760894362693
1787528160000,-92.25911698709152
1787528220000,-92.65695320681546
1787528280000,-90.82690659608535
1787528340000,-89.75274880283055
1787528400000,-92.97522218259466
1787528460000,-92.81972449063753
1787528520000,-92.81972449063753
1787528580000,-92.81972449063753
1787528640000,-92.81972449063753
1787528700000,-87.98048882520631
1787528760000,-80.3414050263608
1787528820000,-79.78147218246636
1787528880000,-73.182263665139
1787528940000,-73.38223968081566
1787529000000,-71.02252269583197
1787529060000,-71.18250350837326
1787529120000,-72.74231643065065
1787529180000,-68.26285367949512
1787529240000,-67.74291603873604
1787529300000,-66.50306474154124
1787529360000,-67.06299758543567
1787529420000,-67.38295921051811
1787529480000,-67.02300238230032
1787529540000,-66.02312230391738
1787529600000,-61.70560024704278
1787529660000,-58.90593602757059
1787529720000,-64.10531243516184
1787529780000,-62.265533090937225
1787529840000,-63.42539398186146
1787529900000,-62.66548512229038
1787529960000,-67.30492868598718
1787530020000,-68.4738313004832
1787530080000,-68.4738313004832
1787530140000,-68.4738313004832
1787530200000,-68.4738313004832
1787530260000,-68.4738313004832
1787530320000,-68.4738313004832
1787530380000,-68.4738313004832
1787530440000,-68.4738313004832
1787530500000,-68.4738313004832
1787530560000,-68.4738313004832
1787530620000,-68.4738313004832
1787530680000,-68.4738313004832
1787530740000,-68.4738313004832
1787530800000,-68.4738313004832
1787530860000,-68.4738313004832
1787530920000,-68.4738313004832
1787530980000,-68.4738313004832
1787531040000,-68.4738313004832
1787531100000,-68.4738313004832
1787531160000,-68.4738313004832
1787531220000,-68.4738313004832
1787531280000,-68.4738313004832
1787531340000,-68.76365824208663
1787531400000,-68.0189384604881
1787531460000,-68.18443174528778
1787531520000,-64.58495280089497
1787531580000,-63.219633201297626
1787531640000,-68.30855170888752
1787531700000,-70.00442886984192
1787531760000,-70.00442886984192
1787531820000,-70.00442886984192
1787531880000,-70.00442886984192
1787531940000,-70.00442886984192
1787532000000,-70.00442886984192
1787532060000,-70.00442886984192
1787532120000,-70.00442886984192
1787532180000,-70.00442886984192
1787532240000,-70.00442886984192
1787532300000,-70.00442886984192
1787532360000,-70.00442886984192
1787532420000,-70.00442886984192
1787532480000,-70.00442886984192
1787532540000,-70.00442886984192
1787532600000,-70.00442886984192
1787532660000,-70.00442886984192
1787532720000,-70.00442886984192
1787532780000,-70.00442886984192
1787532840000,-70.00442886984192
1787532900000,-70.00442886984192
1787532960000,-70.00442886984192
1787533020000,-71.89480242402041
1787533080000,-71.93541498556047
1787533140000,-71.24500143938029
1787533200000,-69.33621104699982
1787533260000,-69.57988641623984
1787533320000,-69.41743617007978
1787533380000,-73.27562951638092
1787533440000,-75.12172588326393
1787533500000,-75.12172588326393
1787533560000,-75.12172588326393
1787533620000,-75.12172588326393
1787533680000,-75.12172588326393
1787533740000,-75.12172588326393
1787533800000,-75.12172588326393
1787533860000,-75.12172588326393
1787533920000,-75.12172588326393
1787533980000,-75.12172588326393
1787534040000,-75.12172588326393
1787534100000,-75.12172588326393
1787534160000,-75.12172588326393
1787534220000,-75.12172588326393
1787534280000,-75.12172588326393
1787534340000,-75.12172588326393
1787534400000,-75.12172588326393
1787534460000,-75.12172588326393
1787534520000,-75.12172588326393
1787534580000,-75.12172588326393
1787534640000,-75.12172588326393
1787534700000,-75.12172588326393
1787534760000,-75.12172588326393
1787534820000,-75.12172588326393
1787534880000,-75.12172588326393
1787534940000,-75.12172588326393
1787535000000,-75.12172588326393
1787535060000,-75.12172588326393
1787535120000,-75.12172588326393
1787535180000,-75.12172588326393
1787535240000,-75.12172588326393
1787535300000,-75.12172588326393
1787535360000,-75.12172588326393
1787535420000,-75.12172588326393
1787535480000,-75.12172588326393
1787535540000,-75.12172588326393
1787535600000,-75.12172588326393
1787535660000,-75.12172588326393
1787535720000,-75.12172588326393
1787535780000,-75.12172588326393
1787535840000,-75.12172588326393
1787535900000,-75.12172588326393
1787535960000,-75.12172588326393
1787536020000,-75.12172588326393
1787536080000,-75.12172588326393
1787536140000,-75.12172588326393
1787536200000,-75.12172588326393
1787536260000,-75.12172588326393
1787536320000,-76.74691255453523
1787536380000,-76.02416322697697
1787536440000,-73.60082724634033
1787536500000,-70.19965394018372
1787536560000,-70.83737393508814
1787536620000,-70.11462460752988
1787536680000,-67.60625929423938
1787536740000,-66.71345130137327
1787536800000,-67.35117129627753
1787536860000,-66.54339263606542
1787536920000,-65.990701973815
1787536980000,-66.07573130646885
1787537040000,-65.35298197891059
1787537100000,-64.71526198400619
1787537160000,-64.54520331869833
1787537220000,-64.71526198400619
1787537280000,-64.71526198400619
1787537340000,-64.58771798502534
1787537400000,-63.822453991140065
1787537460000,-62.8871313319471
1787537520000,-63.39730732787051
1787537580000,-62.7595873329661
1787537640000,-64.46017398604448
1787537700000,-65.0078924050151
1787537760000,-65.0078924050151
1787537820000,-65.0078924050151
1787537880000,-65.0078924050151
1787537940000,-65.0078924050151
1787538000000,-65.0078924050151
1787538060000,-65.0078924050151
1787538120000,-65.0078924050151
1787538180000,-65.0078924050151
1787538240000,-65.0078924050151
1787538300000,-65.0078924050151
1787538360000,-65.0078924050151
1787538420000,-65.0078924050151
1787538480000,-65.0078924050151
1787538540000,-65.0078924050151
1787538600000,-65.0078924050151
1787538660000,-65.0078924050151
1787538720000,-65.0078924050151
1787538780000,-65.0078924050151
1787538840000,-65.0078924050151
1787538900000,-65.0078924050151
1787538960000,-65.0078924050151
1787539020000,-65.0078924050151
1787539080000,-65.0078924050151
1787539140000,-66.33825163647039
1787539200000,-66.94640801258818
1787539260000,-66.64232982452928
1787539320000,-67.16360671834461
1787539380000,-67.16360671834461
1787539440000,-66.42513111877287
1787539500000,-66.33825163647039
1787539560000,-67.4676849064035
1787539620000,-66.59889008337798
1787539680000,-67.59800412985729
1787539740000,-67.59800412985729
1787539800000,-66.12105293071397
1787539860000,-65.12193888423481
1787539920000,-65.4260170722937
1787539980000,-65.12193888423481
1787540040000,-65.12193888423481
1787540100000,-65.12193888423481
1787540160000,-65.12193888423481
1787540220000,-65.3825773311424
1787540280000,-64.03594535545302
1787540340000,-64.20970432005812
1787540400000,-65.03505940193233
1787540460000,-62.732753120914964
1787540520000,-59.605091758023526
1787540580000,-61.16892243946917
1787540640000,-60.256687875292485
1787540700000,-59.86573020493111
1787540760000,-55.08735867829141
1787540820000,-56.12991246592188
1787540880000,-57.73718288851884
1787540940000,-56.95526754779594
1787541000000,-57.302785477006154
1787541060000,-57.69374314736753
1787541120000,-56.08647272477057
1787541180000,-56.34711117167815
1787541240000,-56.69462910088836
1787541300000,-55.95615350131678
1787541360000,-54.04480489066093
1787541420000,-50.395866633954185
1787541480000,-51.134342233525764
1787541540000,-49.961469222441494
1787541600000,-48.658276987903285
1787541660000,-48.87547569365971
1787541720000,-48.18043983523944
1787541780000,-48.91891543481102
1787541840000,-47.963241129483016
1787541900000,-48.31075905869322
1787541960000,-48.96235517596218
1787542020000,-47.355084753365226
1787542080000,-46.66004889494496
1787542140000,-44.09710416702001
1787542200000,-44.79214002544027
1787542260000,-43.70614649665848
1787542320000,-45.00933873119669
1787542380000,-44.14054390817117
1787542440000,-43.40206830859958
1787542500000,-42.92423115593559
1787542560000,-41.92511710945642
1787542620000,-40.578485133767046
1787542680000,-38.276178852749666
1787542740000,-35.58291490137093
1787542800000,-35.58291490137093
1787542860000,-33.75844577301755
1787542920000,-33.324048361504865
1787542980000,-33.54124706726128
1787543040000,-31.28238052739522
1787543100000,-30.457025445521012
1787543160000,-27.763761494142265
1787543220000,-27.850640976444744
1787543280000,-29.631670363646954
1787543340000,-28.15471916450364
1787543400000,-27.894080717596054
1787543460000,-29.457911399041848
1787543520000,-28.458797352562534
1787543580000,-28.371917870260056
1787543640000,-27.50312304723468
1787543700000,-26.808087188814262
1787543760000,-27.720321752990955
1787543820000,-27.59000252953716
1787543880000,-26.634328224209312
1787543940000,-26.89496667111689
1787544000000,-26.696732934519368
1787544060000,-28.26056361596516
1787544120000,-29.937912540690213
1787544180000,-29.937912540690213
1787544240000,-29.937912540690213
1787544300000,-31.816207548697108
1787544360000,-30.550131548687123
1787544420000,-30.91186754868991
1787544480000,-31.228386548692445
1787544540000,-31.137952548691786
1787544600000,-31.364037548693506
1787544660000,-31.137952548691786
1787544720000,-30.957084548690315
1787544780000,-31.99707554869858
1787544840000,-31.635339548695793
1787544900000,-30.504914548686717
1787544960000,-30.685782548688188
1787545020000,-55.46469854888641
1787545080000,-55.83418147802193
1787545140000,-55.83418147802193
1787545200000,-55.83418147802193
1787545260000,-55.83418147802193
1787545320000,-55.83418147802193
1787545380000,-55.83418147802193
1787545440000,-55.83418147802193
1787545500000,-55.83418147802193
1787545560000,-55.83418147802193
1787545620000,-55.83418147802193
1787545680000,-55.83418147802193
1787545740000,-55.83418147802193
1787545800000,-55.83418147802193
1787545860000,-55.83418147802193
1787545920000,-55.83418147802193
1787545980000,-55.83418147802193
1787546040000,-55.83418147802193
1787546100000,-55.83418147802193
1787546160000,-55.83418147802193
1787546220000,-55.83418147802193
1787546280000,-55.83418147802193
1787546340000,-55.83418147802193
1787546400000,-55.83418147802193
1787546460000,-55.83418147802193
1787546520000,-55.83418147802193
1787546580000,-55.83418147802193
1787546640000,-55.83418147802193
1787546700000,-55.83418147802193
1787546760000,-55.83418147802193
1787546820000,-55.83418147802193
1787546880000,-55.83418147802193
1787546940000,-55.83418147802193
1787547000000,-55.83418147802193
1787547060000,-55.83418147802193
1787547120000,-55.83418147802193
1787547180000,-55.83418147802193
1787547240000,-55.83418147802193
1787547300000,-55.83418147802193
1787547360000,-55.83418147802193
1787547420000,-55.83418147802193
1787547480000,-55.83418147802193
1787547540000,-55.83418147802193
1787547600000,-55.83418147802193
1787547660000,-55.83418147802193
1787547720000,-55.83418147802193
1787547780000,-55.83418147802193
1787547840000,-55.83418147802193
1787547900000,-55.83418147802193
1787547960000,-55.83418147802193
1787548020000,-55.83418147802193
1787548080000,-55.83418147802193
1787548140000,-55.83418147802193
1787548200000,-55.83418147802193
1787548260000,-55.83418147802193
1787548320000,-55.83418147802193
1787548380000,-55.83418147802193
1787548440000,-55.83418147802193
1787548500000,-55.83418147802193
1787548560000,-55.83418147802193
1787548620000,-55.83418147802193
1787548680000,-55.59601920724184
1787548740000,-55.98823437418137
1787548800000,-53.02483089063788
1787548860000,-55.98823437418137
1787548920000,-57.774992356906125
1787548980000,-64.26833234290595
1787549040000,-63.39674308304024
1787549100000,-59.518170876637704
1787549160000,-60.041124432557076
1787549220000,-63.74537878698659
1787549280000,-63.353163620046914
1787549340000,-63.483902009026906
1787549400000,-61.261349396369134
1787549460000,-59.25669409867787
1787549520000,-60.78197530344295
1787549580000,-57.12130041200692
1787549640000,-57.949310208879304
1787549700000,-64.26833234290595
1787549760000,-65.41568567234471
1787549820000,-65.41568567234471
1787549880000,-65.41568567234471
1787549940000,-66.14078383060598
1787550000000,-63.33478199125024
1787550060000,-58.93151756641494
1787550120000,-59.622225711487225
1787550180000,-54.61459165971375
1787550240000,-56.2550235042602
1787550300000,-48.70040316753316
1787550360000,-51.50640500688891
1787550420000,-50.643019825548706
1787550480000,-48.009695022460875
1787550540000,-48.484556872198034
1787550600000,-45.50587799657421
1787550660000,-38.16710395518214
1787550720000,-40.498243944800734
1787550780000,-37.303718773841936
1787550840000,-32.2097462039345
1787550900000,-41.879660234945156
1787550960000,-42.37590166023515
1787551020000,-42.37590166023515
1787551080000,-42.37590166023515
1787551140000,-42.37590166023515
1787551200000,-42.37590166023515
1787551260000,-42.37590166023515
1787551320000,-39.15750078108477
1787551380000,-37.9487039346006
1787551440000,-34.98923579320839
1787551500000,-36.573176488601504
1787551560000,-30.987701404847215
1787551620000,-31.071066704604824
1787551680000,-31.737989102664972
1787551740000,-28.986934210666632
1787551800000,-28.945251560787828
1787551860000,-26.110831369032024
1787551920000,-27.27794556563739
1787551980000,-29.94563515787812
1787552040000,-31.536242542946642
1787552100000,-31.536242542946642
1787552160000,-31.536242542946642
1787552220000,-31.536242542946642
1787552280000,-31.536242542946642
1787552340000,-31.536242542946642
1787552400000,-31.536242542946642
1787552460000,-31.536242542946642
1787552520000,-31.536242542946642
1787552580000,-31.536242542946642
1787552640000,-31.536242542946642
1787552700000,-31.536242542946642
1787552760000,-31.536242542946642
1787552820000,-31.536242542946642
1787552880000,-31.536242542946642
1787552940000,-31.536242542946642
1787553000000,-31.536242542946642
1787553060000,-31.536242542946642
1787553120000,-31.536242542946642
1787553180000,-31.536242542946642
1787553240000,-31.536242542946642
1787553300000,-31.536242542946642
1787553360000,-31.536242542946642
1787553420000,-31.536242542946642
1787553480000,-31.536242542946642
1787553540000,-31.536242542946642
1787553600000,-31.536242542946642
1787553660000,-31.536242542946642
1787553720000,-31.536242542946642
1787553780000,-31.536242542946642
1787553840000,-31.536242542946642
1787553900000,-31.77735977759344
1787553960000,-49.16873189434912
1787554020000,-50.69437219476288
1787554080000,-50.69437219476288
1787554140000,-50.69437219476288
1787554200000,-50.69437219476288
1787554260000,-50.69437219476288
1787554320000,-50.69437219476288
1787554380000,-50.69437219476288
1787554440000,-50.69437219476288
1787554500000,-50.69437219476288
1787554560000,-50.69437219476288
1787554620000,-50.69437219476288
1787554680000,-50.69437219476288
1787554740000,-50.69437219476288
1787554800000,-50.69437219476288
1787554860000,-50.69437219476288
1787554920000,-50.69437219476288
1787554980000,-55.689161820343145
1787555040000,-52.156119072942275
1787555100000,-51.414616274105086
1787555160000,-51.93803001446083
1787555220000,-50.80396691035679
1787555280000,-50.106081923215946
1787555340000,-48.05604477348946
1787555400000,-46.093243247155684
1787555460000,-44.304912967607144
1787555520000,-43.12723205180691
1787555580000,-38.50374401199835
1787555640000,-34.66537658272348
1787555700000,-31.786601010767257
1787555760000,-27.90461576979604
1787555820000,-28.90782543881103
1787555880000,-27.468437652832844
1787555940000,-31.175951647018962
1787556000000,-33.31226899814341
1787556060000,-33.31226899814341
1787556120000,-33.31226899814341
1787556180000,-33.31226899814341
1787556240000,-33.31226899814341
1787556300000,-33.31226899814341
1787556360000,-33.31226899814341
1787556420000,-33.31226899814341
1787556480000,-33.31226899814341
1787556540000,-33.31226899814341
1787556600000,-33.31226899814341
1787556660000,-35.98529192832729
1787556720000,-34.91403162128553
1787556780000,-32.99469023783578
1787556840000,-30.13799608572432
1787556900000,-29.200643317062763
1787556960000,-32.905418545582215
1787557020000,-30.539718700864924
1787557080000,-26.477856703331653
1787557140000,-24.112156858614366
1787557200000,-23.48725501283999
1787557260000,-23.531890858966776
1787557320000,-21.52327778326346
1787557380000,-21.344734398756472
1787557440000,-20.719832552982098
1787557500000,-22.32672301354466
1787557560000,-24.272258068431455
1787557620000,-24.272258068431455
1787557680000,-24.272258068431455
1787557740000,-24.272258068431455
1787557800000,-24.272258068431455
1787557860000,-24.272258068431455
1787557920000,-24.272258068431455
1787557980000,-29.600669448534823
1787558040000,-24.20202996194013
1787558100000,-23.43079574956948
1787558160000,-24.11129652519055
1787558220000,-24.65569714568756
1787558280000,-23.83909621494212
1787558340000,-25.38156463968342
1787558400000,-24.696448753168692
1787558460000,-24.10668141429705
1787558520000,-28.09895263127466
1787558580000,-26.919417953531216
1787558640000,-26.919417953531216
1787558700000,-25.240849373665704
1787558760000,-25.92135014928693
1787558820000,-24.015947977547626
1787558880000,-25.01401578179191
1787558940000,-24.469615161295057
1787559000000,-20.522710662692234
1787559060000,-16.031405543592403
1787559120000,-11.2679001142443
1787559180000,-8.772730603633352
1787559240000,-8.22832998313634
1787559300000,-6.277561093022246
1787559360000,-6.050727501148611
1787559420000,-5.23412657040317
1787559480000,-11.812300734741154
1787559540000,-12.860142579610265
1787559600000,-12.860142579610265
1787559660000,-12.860142579610265
1787559720000,-12.860142579610265
1787559780000,-12.860142579610265
1787559840000,-12.860142579610265
1787559900000,-12.860142579610265
1787559960000,-12.860142579610265
1787560020000,-12.860142579610265
1787560080000,-12.860142579610265
1787560140000,-12.860142579610265
1787560200000,-12.860142579610265
1787560260000,-12.860142579610265
1787560320000,-12.860142579610265
1787560380000,-12.860142579610265
1787560440000,-12.860142579610265
1787560500000,-12.860142579610265
1787560560000,-12.860142579610265
1787560620000,-12.860142579610265
1787560680000,-12.860142579610265
1787560740000,-12.860142579610265
1787560800000,-12.860142579610265
1787560860000,-15.65928512813867
1787560920000,-16.99193724524723
1787560980000,-17.658263303801352
1787561040000,-15.526019916427845
1787561100000,-16.503298135640765
1787561160000,-16.81425029629941
1787561220000,-15.703706865375663
1787561280000,-11.483641827865489
1787561340000,-11.172689667206999
1787561400000,-9.795615812861449
1787561460000,-10.861737506548357
1787561520000,-10.68405055760054
1787561580000,-11.350376616154664
1787561640000,-9.840037550098444
1787561700000,-9.973302761809268
1787561760000,-4.287320395479865
1787561820000,-8.773915856411689
1787561880000,-9.351398440491982
1787561940000,-6.686094206275175
1787562000000,-6.463985520090365
1787562060000,-3.532150862451754
1787562120000,-4.509429081664676
1787562180000,-1.9329683219215479
1787562240000,-2.466029168765001
1787562300000,-1.9329683219215479
1787562360000,-1.4443292123152407
1787562420000,-0.2449423069175083
1787562480000,1.9317228176928367
1787562540000,1.2653967591387136
1787562600000,-5.708815987062254
1787562660000,-6.962764388744589
1787562720000,-6.962764388744589
1787562780000,-6.962764388744589
1787562840000,-6.962764388744589
1787562900000,-6.962764388744589
1787562960000,-6.962764388744589
1787563020000,-6.962764388744589
1787563080000,-6.962764388744589
1787563140000,-6.962764388744589
1787563200000,-6.962764388744589
1787563260000,-5.92858330926144
1787563320000,-7.330397324936039
1787563380000,-7.418010700915796
1787563440000,-8.732211340610789
1787563500000,-9.537300999627712
1787563560000,-9.537300999627712
1787563620000,-9.537300999627712
1787563680000,-9.537300999627712
1787563740000,-9.537300999627712
1787563800000,-9.537300999627712
1787563860000,-9.537300999627712
1787563920000,-9.537300999627712
1787563980000,-9.537300999627712
1787564040000,-9.537300999627712
1787564100000,-9.537300999627712
1787564160000,-9.537300999627712
1787564220000,-9.537300999627712
1787564280000,-9.537300999627712
1787564340000,-9.537300999627712
1787564400000,-9.537300999627712
1787564460000,-9.537300999627712
1787564520000,-9.537300999627712
1787564580000,-9.537300999627712
1787564640000,-9.537300999627712
1787564700000,-9.537300999627712
1787564760000,-9.537300999627712
1787564820000,-9.537300999627712
1787564880000,-9.537300999627712
1787564940000,-9.537300999627712
1787565000000,-9.537300999627712
1787565060000,-9.537300999627712
1787565120000,-9.537300999627712
1787565180000,-9.537300999627712
1787565240000,-9.537300999627712
1787565300000,-9.537300999627712
1787565360000,-9.537300999627712
1787565420000,-9.537300999627712
1787565480000,-9.537300999627712
1787565540000,-9.537300999627712
1787565600000,-9.537300999627712
1787565660000,-5.212782888979075
1787565720000,-5.560781510626181
1787565780000,-2.428793915802533
1787565840000,1.0511923006680703
1787565900000,0.616194023609113
1787565960000,2.4866866149621174
1787566020000,1.6601898885504305
1787566080000,2.4866866149621174
1787566140000,2.269187476432789
1787566200000,2.1386879933150116
1787566260000,0.9641926452562188
1787566320000,0.9641926452562188
1787566380000,1.4861905777268767
1787566440000,1.9646886824916088
1787566500000,1.094692128373845
1787566560000,2.1821878210209373
1787566620000,1.9646886824916088
1787566680000,2.0081885101973853
1787566740000,3.182683858256178
1787566800000,-0.5583013244496797
1787566860000,-1.9438646747103583
1787566920000,-1.9438646747103583
1787566980000,-1.9438646747103583
1787567040000,-1.9438646747103583
1787567100000,-1.9438646747103583
1787567160000,-1.9438646747103583
1787567220000,-1.9438646747103583
1787567280000,-1.9438646747103583
1787567340000,-1.9438646747103583
1787567400000,-1.9438646747103583
1787567460000,-1.9438646747103583
1787567520000,-1.9438646747103583
1787567580000,-1.9438646747103583
1787567640000,-1.9438646747103583
1787567700000,-1.9438646747103583
1787567760000,-1.9438646747103583
1787567820000,-1.9438646747103583
1787567880000,-1.9438646747103583
1787567940000,-1.9438646747103583
1787568000000,-1.9438646747103583
1787568060000,-1.9438646747103583
1787568120000,-1.9438646747103583
1787568180000,-3.356919878580682
1787568240000,-2.8454914084879412
1787568300000,-2.2914438992209156
1787568360000,-1.9504915858257552
1787568420000,-0.9702536848148531
1787568480000,0.05260325537048116
1787568540000,0.5640317254632223
1787568600000,1.7999838615204204
1787568660000,0.9902221172070993
1787568720000,1.4590315481254077
1787568780000,1.1180792347302475
1787568840000,0.6492698038119382
1787568900000,1.885221939869285
1787568960000,3.2916502326240638
1787569020000,6.360221053180215
1787569080000,6.701173366575228
1787569140000,4.3571262119838305
1787569200000,4.442364290332547
1787569260000,1.927840979043717
1787569320000,5.252126034646016
1787569380000,2.694983684182607
1787569440000,1.6721267439972722
1787569500000,-1.6095392724307425
1787569560000,-1.353825037384298
1787569620000,0.8197459605095188
1787569680000,0.5640317254632223
1787569740000,3.2064121542753474
1787569800000,3.589983506844793
1787569860000,7.340458954191117
1787569920000,6.701173366575228
1787569980000,7.9797445418070065
1787570040000,18.506647217881078
1787570100000,12.156410380897059
1787570160000,6.743792405749659
1787570220000,5.489801249933265
1787570280000,5.489801249933265
1787570340000,5.489801249933265
1787570400000,5.489801249933265
1787570460000,5.489801249933265
1787570520000,5.489801249933265
1787570580000,5.489801249933265
1787570640000,5.489801249933265
1787570700000,5.489801249933265
1787570760000,5.489801249933265
1787570820000,5.489801249933265
1787570880000,5.489801249933265
1787570940000,5.489801249933265
1787571000000,5.489801249933265
1787571060000,5.489801249933265
1787571120000,5.489801249933265
1787571180000,5.489801249933265
1787571240000,5.489801249933265
1787571300000,5.489801249933265
1787571360000,5.489801249933265
1787571420000,5.489801249933265
1787571480000,5.489801249933265
1787571540000,5.489801249933265
1787571600000,5.489801249933265
1787571660000,5.489801249933265
1787571720000,5.489801249933265
1787571780000,5.489801249933265
1787571840000,5.489801249933265
1787571900000,5.489801249933265
1787571960000,5.489801249933265
1787572020000,5.489801249933265
1787572080000,5.489801249933265
1787572140000,5.489801249933265
1787572200000,5.489801249933265
1787572260000,5.489801249933265
1787572320000,3.387092419026994
1787572380000,3.172171270716449
1787572440000,3.043218581730092
1787572500000,2.3554709071359907
1787572560000,2.6133762851088536
1787572620000,0.979975557948086
1787572680000,0.7650544096373921
1787572740000,0.20625942402979636
1787572800000,-1.251512883364831
1787572860000,-3.0998347588361437
1787572920000,-4.309973705272537
1787572980000,-4.309973705272537
1787573040000,-4.309973705272537
1787573100000,-4.309973705272537
1787573160000,-4.309973705272537
1787573220000,-4.309973705272537
1787573280000,-4.309973705272537
1787573340000,-4.309973705272537
1787573400000,-4.309973705272537
1787573460000,-4.309973705272537
1787573520000,-4.309973705272537
1787573580000,-4.309973705272537
1787573640000,-4.309973705272537
1787573700000,-4.309973705272537
1787573760000,-4.309973705272537
1787573820000,-4.309973705272537
1787573880000,-4.309973705272537
1787573940000,-4.309973705272537
1787574000000,-4.309973705272537
1787574060000,-4.309973705272537
1787574120000,-4.309973705272537
1787574180000,-4.309973705272537
1787574240000,-4.309973705272537
1787574300000,-4.309973705272537
1787574360000,-4.309973705272537
1787574420000,-4.309973705272537
1787574480000,-4.309973705272537
1787574540000,-4.309973705272537
1787574600000,-4.309973705272537
1787574660000,-4.309973705272537
1787574720000,-4.309973705272537
1787574780000,-4.309973705272537
1787574840000,-4.309973705272537
1787574900000,-4.309973705272537
1787574960000,-4.309973705272537
1787575020000,-4.309973705272537
1787575080000,-6.189088024210438
1787575140000,-7.006267315702138
1787575200000,-7.006267315702138
1787575260000,-7.006267315702138
1787575320000,-7.006267315702138
1787575380000,-7.006267315702138
1787575440000,-7.006267315702138
1787575500000,-7.006267315702138
1787575560000,-7.006267315702138
1787575620000,-7.006267315702138
1787575680000,-7.006267315702138
1787575740000,-7.006267315702138
1787575800000,-7.006267315702138
1787575860000,-7.006267315702138
1787575920000,-7.006267315702138
1787575980000,-7.3609091753242195
1787576040000,-6.3042614898540315
1787576100000,-3.1765843408618837
1787576160000,0.41601778973722325
1787576220000,0.5850814194123473
1787576280000,2.148919993908496
1787576340000,5.023001698387663
1787576400000,7.009499347071916
1787576460000,5.952851661601581
1787576520000,0.20468825264309842
1787576580000,-0.2028745129691547
1787576640000,-0.2028745129691547
1787576700000,-0.2028745129691547
1787576760000,-0.2028745129691547
1787576820000,-0.2028745129691547
1787576880000,-0.2028745129691547
1787576940000,-0.2028745129691547
1787577000000,-0.2028745129691547
1787577060000,-0.2028745129691547
1787577120000,-0.2028745129691547
1787577180000,-0.2028745129691547
1787577240000,-0.2028745129691547
1787577300000,-0.2028745129691547
1787577360000,-0.2028745129691547
1787577420000,-0.2028745129691547
1787577480000,-0.2028745129691547
1787577540000,-0.2028745129691547
1787577600000,-0.2028745129691547
1787577660000,-0.2028745129691547
1787577720000,-0.2028745129691547
1787577780000,-0.2028745129691547
1787577840000,-0.2028745129691547
1787577900000,-0.2028745129691547
1787577960000,-0.2028745129691547
1787578020000,-0.2028745129691547
1787578080000,-0.2028745129691547
1787578140000,-0.2028745129691547
1787578200000,-0.2028745129691547
1787578260000,-0.2028745129691547
1787578320000,-0.2028745129691547
1787578380000,-0.2028745129691547
1787578440000,-0.2028745129691547
1787578500000,-0.2028745129691547
1787578560000,-0.2028745129691547
1787578620000,-0.2028745129691547
1787578680000,-0.2028745129691547
1787578740000,-0.2028745129691547
1787578800000,-0.2028745129691547
1787578860000,-0.2028745129691547
1787578920000,-0.2028745129691547
1787578980000,-2.555389221440075
1787579040000,-0.5795811634872771
1787579100000,-2.2672505463219528
1787579160000,-3.260207103431692
1787579220000,-3.260207103431692
1787579280000,-3.260207103431692
1787579340000,-3.260207103431692
1787579400000,-3.260207103431692
1787579460000,-3.260207103431692
1787579520000,-3.260207103431692
1787579580000,-3.260207103431692
1787579640000,-3.260207103431692
1787579700000,-3.260207103431692
1787579760000,-3.260207103431692
1787579820000,-3.260207103431692
1787579880000,-3.260207103431692
1787579940000,-3.260207103431692
1787580000000,-3.260207103431692
1787580060000,-3.260207103431692
1787580120000,-3.260207103431692
1787580180000,-3.260207103431692
1787580240000,-3.260207103431692
1787580300000,-3.260207103431692
1787580360000,-3.260207103431692
1787580420000,-3.260207103431692
1787580480000,-3.260207103431692
1787580540000,-3.260207103431692
1787580600000,-3.260207103431692
1787580660000,-3.260207103431692
1787580720000,-3.260207103431692
1787580780000,-3.260207103431692
1787580840000,-3.260207103431692
1787580900000,-3.260207103431692
1787580960000,-3.260207103431692
1787581020000,-3.260207103431692
1787581080000,-3.260207103431692
1787581140000,-3.260207103431692
1787581200000,-3.260207103431692
1787581260000,-3.260207103431692
1787581320000,-3.260207103431692
1787581380000,-3.260207103431692
1787581440000,-3.260207103431692
1787581500000,-3.260207103431692
1787581560000,-3.260207103431692
1787581620000,-3.260207103431692
1787581680000,-3.260207103431692
1787581740000,-3.260207103431692
1787581800000,-3.260207103431692
1787581860000,-3.260207103431692
1787581920000,-3.260207103431692
1787581980000,-3.260207103431692
1787582040000,-3.260207103431692
1787582100000,-3.260207103431692
1787582160000,-3.260207103431692
1787582220000,-3.260207103431692
1787582280000,-3.260207103431692
1787582340000,-3.260207103431692
1787582400000,-3.260207103431692
1787582460000,-3.260207103431692
1787582520000,-3.260207103431692
1787582580000,-3.260207103431692
1787582640000,-3.260207103431692
1787582700000,-5.1373764779080275
1787582760000,-5.336555703342647
1787582820000,-2.86673330795243
1787582880000,-4.420331266343095
1787582940000,-4.7788538721254925
1787583000000,-6.053600914907579
1787583060000,-7.251249201012582
1787583120000,-7.251249201012582
1787583180000,-7.251249201012582
1787583240000,-7.251249201012582
1787583300000,-7.251249201012582
1787583360000,-7.251249201012582
1787583420000,-7.251249201012582
1787583480000,-7.251249201012582
1787583540000,-7.251249201012582
1787583600000,-7.251249201012582
1787583660000,-7.251249201012582
1787583720000,-7.251249201012582
1787583780000,-7.251249201012582
1787583840000,-7.251249201012582
1787583900000,-7.251249201012582
1787583960000,-7.251249201012582
1787584020000,-7.251249201012582
1787584080000,-7.251249201012582
1787584140000,-7.251249201012582
1787584200000,-7.251249201012582
1787584260000,-7.251249201012582
1787584320000,-7.251249201012582
1787584380000,-7.251249201012582
1787584440000,-7.251249201012582
1787584500000,-7.251249201012582
1787584560000,-7.251249201012582
1787584620000,-7.251249201012582
1787584680000,-7.251249201012582
1787584740000,-7.251249201012582
1787584800000,-7.251249201012582
1787584860000,-7.251249201012582
1787584920000,-7.251249201012582
1787584980000,-7.251249201012582
1787585040000,-7.251249201012582
1787585100000,-7.251249201012582
1787585160000,-7.251249201012582
1787585220000,-7.251249201012582
1787585280000,-7.251249201012582
1787585340000,-7.251249201012582
1787585400000,-7.251249201012582
1787585460000,-7.251249201012582
1787585520000,-7.251249201012582
1787585580000,-7.251249201012582
1787585640000,-7.251249201012582
1787585700000,-7.251249201012582
1787585760000,-7.251249201012582
1787585820000,-7.251249201012582
1787585880000,-7.251249201012582
1787585940000,-7.251249201012582
1787586000000,-7.251249201012582
1787586060000,-7.251249201012582
1787586120000,-7.251249201012582
1787586180000,-7.251249201012582
1787586240000,-7.251249201012582
1787586300000,-7.251249201012582
1787586360000,-7.251249201012582
1787586420000,-7.251249201012582
1787586480000,-7.251249201012582
1787586540000,-7.251249201012582
1787586600000,-7.251249201012582
1787586660000,-7.251249201012582
1787586720000,-7.251249201012582
1787586780000,-7.251249201012582
1787586840000,-7.251249201012582
1787586900000,-7.251249201012582
1787586960000,-7.251249201012582
1787587020000,-10.827348250746864
1787587080000,-11.995241678039234
1787587140000,-12.87737104319388
1787587200000,-12.87737104319388
1787587260000,-12.87737104319388
1787587320000,-12.87737104319388
1787587380000,-12.87737104319388
1787587440000,-13.758301083503047
1787587500000,-12.601817450629774
1787587560000,-13.638664845619616
1787587620000,-15.433208413871379
1787587680000,-16.352325424101856
1787587740000,-16.352325424101856
1787587800000,-16.352325424101856
1787587860000,-16.317078942392342
1787587920000,-15.161563193955818
1787587980000,-14.962336340777192
1787588040000,-14.284965039969617
1787588100000,-19.026564145622643
1787588160000,-20.343748086484627
1787588220000,-20.343748086484627
1787588280000,-20.343748086484627
1787588340000,-20.343748086484627
1787588400000,-20.343748086484627
1787588460000,-20.788121572075553
1787588520000,-20.39044445501883
1787588580000,-20.629050725252892
1787588640000,-20.708586148664153
1787588700000,-20.748353860369853
1787588760000,-20.589283013547192
1787588820000,-26.554439769396247
1787588880000,-27.747987981515084
1787588940000,-27.747987981515084
1787589000000,-27.747987981515084
1787589060000,-27.747987981515084
1787589120000,-27.747987981515084
1787589180000,-27.747987981515084
1787589240000,-27.747987981515084
1787589300000,-27.747987981515084
1787589360000,-27.747987981515084
1787589420000,-27.747987981515084
1787589480000,-27.747987981515084
1787589540000,-27.747987981515084
1787589600000,-27.747987981515084
1787589660000,-27.747987981515084
1787589720000,-27.747987981515084
1787589780000,-27.747987981515084
1787589840000,-27.747987981515084
1787589900000,-27.747987981515084
1787589960000,-27.747987981515084
1787590020000,-27.747987981515084
1787590080000,-27.747987981515084
1787590140000,-27.747987981515084
1787590200000,-27.747987981515084
1787590260000,-27.747987981515084
1787590320000,-27.747987981515084
1787590380000,-27.747987981515084
1787590440000,-27.747987981515084
1787590500000,-27.747987981515084
1787590560000,-19.441886282910122
1787590620000,-18.53088870269402
1787590680000,-17.659499712922006
1787590740000,-13.144120402285461
1787590800000,-14.411595296499264
1787590860000,-11.797428327183354
1787590920000,-14.09472657294578
1787590980000,-14.72846402005275
1787591040000,-16.15437327604316
1787591100000,-13.777857849392431
1787591160000,-11.757819736739133
1787591220000,-8.232655187207126
1787591280000,-7.796960692321118
1787591340000,-5.816531170112043
1787591400000,-4.865924999451725
1787591460000,-4.351013323677414
1787591520000,-2.6082353441335187
1787591580000,-2.8854954772427845
1787591640000,-2.6082353441335187
1787591700000,-2.449800982356777
1787591760000,-0.23171991748265341
1787591820000,0.4416261200683991
1787591880000,-0.033676965261829395
1787591940000,-0.35054568881517767
1787592000000,1.4714494716170208
1787592060000,-5.3808366752261705
1787592120000,-6.450428311133937
1787592180000,-6.450428311133937
1787592240000,-6.450428311133937
1787592300000,-6.450428311133937
1787592360000,-6.450428311133937
1787592420000,-6.450428311133937
1787592480000,-6.450428311133937
1787592540000,-6.450428311133937
1787592600000,-6.450428311133937
1787592660000,-6.450428311133937
1787592720000,-6.450428311133937
1787592780000,-6.450428311133937
1787592840000,-6.450428311133937
1787592900000,-6.450428311133937
1787592960000,-6.450428311133937
1787593020000,-6.450428311133937
1787593080000,-6.450428311133937
1787593140000,-6.450428311133937
1787593200000,-6.450428311133937
1787593260000,-6.450428311133937
1787593320000,-6.450428311133937
1787593380000,-6.450428311133937
1787593440000,-6.450428311133937
1787593500000,-6.450428311133937
1787593560000,-6.450428311133937
1787593620000,-6.450428311133937
1787593680000,-6.450428311133937
1787593740000,-6.450428311133937
1787593800000,-6.450428311133937
1787593860000,-6.450428311133937
1787593920000,-6.450428311133937
1787593980000,-6.450428311133937
1787594040000,-6.450428311133937
1787594100000,-6.450428311133937
1787594160000,-6.450428311133937
1787594220000,-6.450428311133937
1787594280000,-6.450428311133937
1787594340000,-6.450428311133937
1787594400000,-6.450428311133937
1787594460000,-6.450428311133937
1787594520000,-6.450428311133937
1787594580000,-6.450428311133937
1787594640000,-6.450428311133937
1787594700000,-6.450428311133937
1787594760000,-6.450428311133937
1787594820000,-6.450428311133937
1787594880000,-6.450428311133937
1787594940000,-6.450428311133937
1787595000000,-6.450428311133937
1787595060000,-6.450428311133937
1787595120000,-6.450428311133937
1787595180000,-6.450428311133937
1787595240000,-6.450428311133937
1787595300000,-6.450428311133937
1787595360000,-6.450428311133937
1787595420000,-6.450428311133937
1787595480000,-6.450428311133937
1787595540000,-6.450428311133937
1787595600000,-6.450428311133937
1787595660000,-6.450428311133937
1787595720000,-6.450428311133937
1787595780000,-6.450428311133937
1787595840000,-6.450428311133937
1787595900000,-6.450428311133937
1787595960000,-6.450428311133937
1787596020000,-6.450428311133937
1787596080000,-6.450428311133937
1787596140000,-6.450428311133937
1787596200000,-6.450428311133937
1787596260000,-6.450428311133937
1787596320000,-6.450428311133937
1787596380000,-6.450428311133937
1787596440000,-6.450428311133937
1787596500000,-6.450428311133937
1787596560000,-6.450428311133937
1787596620000,-6.450428311133937
1787596680000,-6.450428311133937
1787596740000,-6.450428311133937
1787596800000,-6.450428311133937
1787596860000,-6.450428311133937
1787596920000,-6.450428311133937
1787596980000,-6.450428311133937
1787597040000,-6.450428311133937
1787597100000,-6.450428311133937
1787597160000,-7.341772340433556
1787597220000,-6.493078399011893
1787597280000,-5.60580746025298
1787597340000,-2.4810706759278913
1787597400000,-3.6383805960483637
1787597460000,-2.789686654626702
1787597520000,-3.4069186120241888
1787597580000,-4.718536521494067
1787597640000,-5.374345476228939
1787597700000,-11.46951105552958
1787597760000,-13.05116794636075
1787597820000,-14.282778891602343
1787597880000,-14.282778891602343
1787597940000,-14.282778891602343
1787598000000,-14.282778891602343
1787598060000,-14.282778891602343
1787598120000,-14.282778891602343
1787598180000,-14.282778891602343
1787598240000,-14.282778891602343
1787598300000,-14.282778891602343
1787598360000,-14.282778891602343
1787598420000,-14.282778891602343
1787598480000,-14.282778891602343
1787598540000,-14.282778891602343
1787598600000,-14.282778891602343
1787598660000,-14.282778891602343
1787598720000,-14.282778891602343
1787598780000,-14.282778891602343
1787598840000,-14.282778891602343
1787598900000,-14.282778891602343
1787598960000,-14.282778891602343
1787599020000,-14.282778891602343
1787599080000,-14.282778891602343
1787599140000,-14.282778891602343
1787599200000,-14.282778891602343
1787599260000,-14.282778891602343
1787599320000,-14.282778891602343
1787599380000,-14.282778891602343
1787599440000,-14.282778891602343
1787599500000,-14.282778891602343
1787599560000,-14.282778891602343
1787599620000,-14.282778891602343
1787599680000,-14.282778891602343
1787599740000,-14.282778891602343
1787599800000,-14.282778891602343
1787599860000,-14.282778891602343
1787599920000,-11.096976064481144
1787599980000,-11.481692102649513
1787600040000,-8.904094646921285
1787600100000,-7.673003324782553
1787600160000,-8.019247759134046
1787600220000,-7.480645305698301
1787600280000,-7.095929267529931
1787600340000,-7.788418136233051
1787600400000,-6.634270021727806
1787600460000,-5.5185935110395725
1787600520000,-4.749161434702833
1787600580000,-4.441388604168083
1787600640000,-2.363921998058723
1787600700000,-1.748376336989356
1787600760000,-1.6329615255388585
1787600820000,-0.3633985995831175
1787600880000,-0.9020010530188625
1787600940000,-5.133877472871202
1787601000000,-6.345854124793384
1787601060000,-6.345854124793384
1787601120000,-6.345854124793384
1787601180000,-6.345854124793384
1787601240000,-6.345854124793384
1787601300000,-6.901173281700818
1787601360000,-4.815570528171289
1787601420000,-5.801491829839737
1787601480000,-4.208849727144562
1787601540000,-4.436370027529568
1787601600000,-6.131468556181522
1787601660000,-5.752268055539801
1787601720000,-5.335147504833869
1787601780000,-5.183467304577155
1787601840000,-4.766346753871353
1787601900000,-2.1498632994432576
1787601960000,-1.1639419977748098
1787602020000,-0.4434610465554485
1787602080000,-1.0501818475823068
1787602140000,1.2629412063323606
1787602200000,-0.5572211967480829
1787602260000,2.5143028584500264
1787602320000,2.059262257680013
1787602380000,3.2727038597334666
1787602440000,2.590142958578449
1787602500000,2.4005427082575235
1787602560000,2.7039031087709517
1787602620000,-1.0122617975180948
1787602680000,-0.6709813469405859
1787602740000,-1.0501818475823068
1787602800000,-0.32970089636294553
1787602860000,-0.32970089636294553
1787602920000,0.12533970440706632
1787602980000,0.27701990466378135
1787603040000,0.6183003552414217
1787603100000,2.3626226581933114
1787603160000,0.04949960427877542
1787603220000,-1.1601607013904562
1787603280000,-1.1601607013904562
1787603340000,-0.8605518616750905
1787603400000,-0.7480841980965709
1787603460000,-0.523148870939532
1787603520000,-0.41068120736088254
1787603580000,-0.7480841980965709
1787603640000,-1.1229764100250124
1787603700000,-0.5606380921322851
1787603760000,0.2641247741102344
1787603820000,1.0513984191600003
1787603880000,1.5387582946670917
1787603940000,2.6259457092595326
1787604000000,5.175212750373118
1787604060000,-1.235444073603532
1787604120000,-1.8746899242345836
1787604180000,-1.8746899242345836
1787604240000,-1.8746899242345836
1787604300000,-0.6924011399958414
1787604360000,0.4615006187439885
1787604420000,4.704881279916279
1787604480000,4.555990730401442
1787604540000,3.6254247959339323
1787604600000,4.704881279916279
1787604660000,2.062074026028331
1787604720000,2.210964575543169
1787604780000,4.444322818265345
1787604840000,4.258209631371896
1787604900000,5.225998203218145
1787604960000,3.9976511697209616
1787605020000,3.9976511697209616
1787605080000,6.454345236715458
1787605140000,5.672669851762658
1787605200000,5.4121113901117255
1787605260000,4.816549192052374
1787605320000,1.392066553211627
1787605380000,2.0248513886495894
1787605440000,2.4343003998153603
1787605500000,4.220986993993154
1787605560000,0.945394904667114
1787605620000,1.0942854541819513
1787605680000,2.3970777624366186
1787605740000,2.508745674572715
1787605800000,3.550979521176449
1787605860000,5.523779302247821
1787605920000,4.407100180886733
1787605980000,4.742103917295021
1787606040000,4.407100180886733
1787606100000,4.742103917295021
1787606160000,4.742103917295021
1787606220000,5.523779302247821
1787606280000,5.821560401277496
1787606340000,5.635447214383916
1787606400000,6.268232049821879
1787606460000,7.496579083319192
1787606520000,8.315477105650606
1787606580000,7.794360182348738
1787606640000,0.8709496299097599
1787606700000,-0.7051241650110485
1787606760000,-0.7051241650110485
1787606820000,-0.7051241650110485
1787606880000,-0.7051241650110485
1787606940000,-0.7051241650110485
1787607000000,-0.7051241650110485
1787607060000,-0.7051241650110485
1787607120000,-0.7051241650110485
1787607180000,-0.7051241650110485
1787607240000,-0.7051241650110485
1787607300000,-0.7051241650110485
1787607360000,-0.7051241650110485
1787607420000,-0.7051241650110485
1787607480000,-0.7051241650110485
1787607540000,-0.7051241650110485
1787607600000,-0.7051241650110485
1787607660000,-0.7051241650110485
1787607720000,-0.7051241650110485
1787607780000,-0.7051241650110485
1787607840000,-0.7051241650110485
1787607900000,-0.7051241650110485
1787607960000,-0.7051241650110485
1787608020000,-0.7051241650110485
1787608080000,-0.7051241650110485
1787608140000,-0.7051241650110485
1787608200000,-0.7051241650110485
1787608260000,-0.7051241650110485
1787608320000,-0.7051241650110485
1787608380000,-0.7051241650110485
1787608440000,-0.7051241650110485
1787608500000,-0.7051241650110485
1787608560000,-1.6445984759506052
1787608620000,-1.7190458179682655
1787608680000,-2.6124139221808353
1787608740000,-3.6174530394199604
1787608800000,-2.12850619906572
1787608860000,-3.3941110133668504
1787608920000,-4.73416316968577
1787608980000,-4.622492156659215
1787609040000,-4.920281524729985
1787609100000,-4.175808104552865
1787609160000,-4.026913420517415
1787609220000,-3.8407950654731997
1787609280000,-4.994728866747774
1787609340000,-6.111438997013455
1787609400000,-6.5581230491198035
1787609460000,-3.803571394464305
1787609520000,-3.468558355384511
1787609580000,-3.31966367134919
1787609640000,-3.059097974287185
1787609700000,7.102964211131008
1787609760000,9.708621181751058
1787609820000,3.976175846386948
1787609880000,1.0727295076959993
1787609940000,-0.012331471749475575
1787610000000,-0.012331471749475575
1787610060000,-0.012331471749475575
1787610120000,-0.012331471749475575
1787610180000,-0.012331471749475575
1787610240000,-0.012331471749475575
1787610300000,-0.012331471749475575
1787610360000,-0.012331471749475575
1787610420000,-0.012331471749475575
1787610480000,-0.012331471749475575
1787610540000,-0.012331471749475575
1787610600000,-0.012331471749475575
1787610660000,-0.012331471749475575
1787610720000,-0.012331471749475575
1787610780000,-0.012331471749475575
1787610840000,-0.012331471749475575
1787610900000,-0.012331471749475575
1787610960000,-0.012331471749475575
1787611020000,-0.012331471749475575
1787611080000,-0.012331471749475575
1787611140000,-0.012331471749475575
1787611200000,-0.012331471749475575
1787611260000,-0.012331471749475575
1787611320000,-0.012331471749475575
1787611380000,-0.012331471749475575
1787611440000,-0.012331471749475575
1787611500000,-0.012331471749475575
1787611560000,-0.012331471749475575
1787611620000,-0.012331471749475575
1787611680000,-0.012331471749475575
1787611740000,-0.012331471749475575
1787611800000,-0.012331471749475575
1787611860000,-0.012331471749475575
1787611920000,-0.012331471749475575
1787611980000,-0.012331471749475575
1787612040000,-0.012331471749475575
1787612100000,-0.012331471749475575
1787612160000,-1.5080793692465886
1787612220000,-2.062681662056808
1787612280000,-4.0367330852693835
1787612340000,-4.0367330852693835
1787612400000,-4.0367330852693835
1787612460000,-4.0367330852693835
1787612520000,-4.0367330852693835
1787612580000,-4.0367330852693835
1787612640000,-4.0367330852693835
1787612700000,-4.0367330852693835
1787612760000,-4.0367330852693835
1787612820000,-4.0367330852693835
1787612880000,-4.0367330852693835
1787612940000,-4.0367330852693835
1787613000000,-4.0367330852693835
1787613060000,-4.0367330852693835
1787613120000,-4.0367330852693835
1787613180000,-4.0367330852693835
1787613240000,-4.0367330852693835
1787613300000,-4.0367330852693835
1787613360000,-4.0367330852693835
1787613420000,-4.0367330852693835
1787613480000,-4.0367330852693835
1787613540000,-4.0367330852693835
1787613600000,-4.0367330852693835
1787613660000,-4.0367330852693835
1787613720000,-4.0367330852693835
1787613780000,-4.0367330852693835
1787613840000,-4.0367330852693835
1787613900000,-4.0367330852693835
1787613960000,-4.0367330852693835
1787614020000,-4.0367330852693835
1787614080000,-4.0367330852693835
1787614140000,-4.0367330852693835
1787614200000,-4.0367330852693835
1787614260000,-4.0367330852693835
1787614320000,-4.0367330852693835
1787614380000,-4.0367330852693835
1787614440000,-4.0367330852693835
1787614500000,-4.0367330852693835
1787614560000,-4.0367330852693835
1787614620000,-4.0367330852693835
1787614680000,-4.0367330852693835
1787614740000,-4.0367330852693835
1787614800000,-4.0367330852693835
1787614860000,-4.0367330852693835
1787614920000,-4.0367330852693835
1787614980000,-4.0367330852693835
1787615040000,-4.0367330852693835
1787615100000,-4.0367330852693835
1787615160000,-4.0367330852693835
1787615220000,-4.0367330852693835
1787615280000,-4.0367330852693835
1787615340000,-4.0367330852693835
1787615400000,-4.0367330852693835
1787615460000,-4.0367330852693835
1787615520000,-4.0367330852693835
1787615580000,-4.0367330852693835
1787615640000,-4.0367330852693835
1787615700000,-4.0367330852693835
1787615760000,-4.0367330852693835
1787615820000,-6.3213048248181165
1787615880000,-7.293643618619192
1787615940000,-8.459109832071237
1787616000000,-8.459109832071237
1787616060000,-8.459109832071237
1787616120000,-8.459109832071237
1787616180000,-8.459109832071237
1787616240000,-8.459109832071237
1787616300000,-8.459109832071237
1787616360000,-8.459109832071237
1787616420000,-8.459109832071237
1787616480000,-8.459109832071237
1787616540000,-8.459109832071237
1787616600000,-8.459109832071237
1787616660000,-8.459109832071237
1787616720000,-8.459109832071237
1787616780000,-8.459109832071237
1787616840000,-8.459109832071237
1787616900000,-8.459109832071237
1787616960000,-8.459109832071237
1787617020000,-8.459109832071237
1787617080000,-8.459109832071237
1787617140000,-8.459109832071237
1787617200000,-8.459109832071237
1787617260000,-8.459109832071237
1787617320000,-8.459109832071237
1787617380000,-8.459109832071237
1787617440000,-8.459109832071237
1787617500000,-8.459109832071237
1787617560000,-8.459109832071237
1787617620000,-8.459109832071237
1787617680000,-8.459109832071237
1787617740000,-8.459109832071237
1787617800000,-8.459109832071237
1787617860000,-8.459109832071237
1787617920000,-8.459109832071237
1787617980000,-8.459109832071237
1787618040000,-8.459109832071237
1787618100000,-8.459109832071237
1787618160000,-8.459109832071237
1787618220000,-8.459109832071237
1787618280000,-8.459109832071237
1787618340000,-8.459109832071237
1787618400000,-8.459109832071237
1787618460000,-8.459109832071237
1787618520000,-8.459109832071237
1787618580000,-8.459109832071237
1787618640000,-8.459109832071237
1787618700000,-8.459109832071237
1787618760000,-8.459109832071237
1787618820000,-8.459109832071237
1787618880000,-8.459109832071237
1787618940000,-8.459109832071237
1787619000000,-8.459109832071237
1787619060000,-8.459109832071237
1787619120000,-8.459109832071237
1787619180000,-8.459109832071237
1787619240000,-8.459109832071237
1787619300000,-8.459109832071237
1787619360000,-8.459109832071237
1787619420000,-8.459109832071237
1787619480000,-8.459109832071237
1787619540000,-8.459109832071237
1787619600000,-8.459109832071237
1787619660000,-8.459109832071237
1787619720000,-8.459109832071237
1787619780000,-8.459109832071237
1787619840000,-8.459109832071237
1787619900000,-8.459109832071237
1787619960000,-8.459109832071237
1787620020000,-8.459109832071237
1787620080000,-8.459109832071237
1787620140000,-8.459109832071237
1787620200000,-8.459109832071237
1787620260000,-8.459109832071237
1787620320000,-8.459109832071237
1787620380000,-8.459109832071237
1787620440000,-8.459109832071237
1787620500000,-8.459109832071237
1787620560000,-8.459109832071237
1787620620000,-8.459109832071237
1787620680000,-8.459109832071237
1787620740000,-8.459109832071237
1787620800000,-8.459109832071237
1787620860000,-8.459109832071237
1787620920000,-8.459109832071237
1787620980000,-8.459109832071237
1787621040000,-8.459109832071237
1787621100000,-8.459109832071237
1787621160000,-8.459109832071237
1787621220000,-8.459109832071237
1787621280000,-8.459109832071237
1787621340000,-8.459109832071237
1787621400000,-8.459109832071237
1787621460000,-8.459109832071237
1787621520000,-8.459109832071237
1787621580000,-8.459109832071237
1787621640000,-8.459109832071237
1787621700000,-8.459109832071237
1787621760000,-11.18693086120248
1787621820000,-13.784158597122698
1787621880000,-14.874828420857174
1787621940000,-14.874828420857174
1787622000000,-14.874828420857174
1787622060000,-14.874828420857174
1787622120000,-14.874828420857174
1787622180000,-14.874828420857174
1787622240000,-14.874828420857174
1787622300000,-14.874828420857174
1787622360000,-14.874828420857174
1787622420000,-14.874828420857174
1787622480000,-14.874828420857174
1787622540000,-14.874828420857174
1787622600000,-14.874828420857174
1787622660000,-14.874828420857174
1787622720000,-14.874828420857174
1787622780000,-14.874828420857174
1787622840000,-14.874828420857174
1787622900000,-14.874828420857174
1787622960000,-14.874828420857174
1787623020000,-14.874828420857174
1787623080000,-14.874828420857174
1787623140000,-14.874828420857174
1787623200000,-14.874828420857174
1787623260000,-14.874828420857174
1787623320000,-14.874828420857174
1787623380000,-14.874828420857174
1787623440000,-14.874828420857174
1787623500000,-14.874828420857174
1787623560000,-14.874828420857174
1787623620000,-14.874828420857174
1787623680000,-14.874828420857174
1787623740000,-14.874828420857174
1787623800000,-14.874828420857174
1787623860000,-14.874828420857174
1787623920000,-14.874828420857174
1787623980000,-14.874828420857174
1787624040000,-14.874828420857174
1787624100000,-14.874828420857174
1787624160000,-14.874828420857174
1787624220000,-14.874828420857174
1787624280000,-14.874828420857174
1787624340000,-14.874828420857174
1787624400000,-14.874828420857174
1787624460000,-14.874828420857174
1787624520000,-14.874828420857174
1787624580000,-14.874828420857174
1787624640000,-14.874828420857174
1787624700000,-14.874828420857174
1787624760000,-14.874828420857174
1787624820000,-14.874828420857174
1787624880000,-14.874828420857174
1787624940000,-14.874828420857174
1787625000000,-14.874828420857174
1787625060000,-14.874828420857174
1787625120000,-14.874828420857174
1787625180000,-14.874828420857174
1787625240000,-14.874828420857174
1787625300000,-14.874828420857174
1787625360000,-14.874828420857174
1787625420000,-14.874828420857174
1787625480000,-14.874828420857174
1787625540000,-14.874828420857174
1787625600000,-14.874828420857174
1787625660000,-14.874828420857174
1787625720000,-14.874828420857174
1787625780000,-14.874828420857174
1787625840000,-14.874828420857174
1787625900000,-14.874828420857174
1787625960000,-14.874828420857174
1787626020000,-14.874828420857174
1787626080000,-14.874828420857174
1787626140000,-14.874828420857174
1787626200000,-14.874828420857174
1787626260000,-14.874828420857174
1787626320000,-14.874828420857174
1787626380000,-16.45889608868134
1787626440000,-13.425077576082707
1787626500000,-15.844451832965206
1787626560000,-16.57410438662824
1787626620000,-18.1211833704802
1787626680000,-18.1211833704802
1787626740000,-18.1211833704802
1787626800000,-18.1211833704802
1787626860000,-18.1211833704802
1787626920000,-18.1211833704802
1787626980000,-18.1211833704802
1787627040000,-18.1211833704802
1787627100000,-18.1211833704802
1787627160000,-18.1211833704802
1787627220000,-18.1211833704802
1787627280000,-18.1211833704802
1787627340000,-18.1211833704802
1787627400000,-18.1211833704802
1787627460000,-18.1211833704802
1787627520000,-18.1211833704802
1787627580000,-18.1211833704802
1787627640000,-18.1211833704802
1787627700000,-18.1211833704802
1787627760000,-18.1211833704802
1787627820000,-18.1211833704802
1787627880000,-18.1211833704802
1787627940000,-18.1211833704802
1787628000000,-18.1211833704802
1787628060000,-18.1211833704802
1787628120000,-18.1211833704802
1787628180000,-18.1211833704802
1787628240000,-18.1211833704802
1787628300000,-18.1211833704802
1787628360000,-18.1211833704802
1787628420000,-18.1211833704802
1787628480000,-18.1211833704802
1787628540000,-18.1211833704802
1787628600000,-18.1211833704802
1787628660000,-18.1211833704802
1787628720000,-18.1211833704802
1787628780000,-18.1211833704802
1787628840000,-18.1211833704802
1787628900000,-20.47556673465003
1787628960000,-19.090354707248096
1787629020000,-19.05187659537578
1787629080000,-19.013398483503465
1787629140000,-19.936873168438133
1787629200000,-21.13805215933361
1787629260000,-21.13805215933361
1787629320000,-21.13805215933361
1787629380000,-21.13805215933361
1787629440000,-21.13805215933361
1787629500000,-21.13805215933361
1787629560000,-21.13805215933361
1787629620000,-21.13805215933361
1787629680000,-21.13805215933361
1787629740000,-21.13805215933361
1787629800000,-21.13805215933361
1787629860000,-21.13805215933361
1787629920000,-21.13805215933361
1787629980000,-21.13805215933361
1787630040000,-21.13805215933361
1787630100000,-21.13805215933361
1787630160000,-22.415294902853454
1787630220000,-24.76997833616325
1787630280000,-26.437109539409775
1787630340000,-26.437109539409775
1787630400000,-26.437109539409775
1787630460000,-26.437109539409775
1787630520000,-26.437109539409775
1787630580000,-26.437109539409775
1787630640000,-26.437109539409775
1787630700000,-26.437109539409775
1787630760000,-26.437109539409775
1787630820000,-26.437109539409775
1787630880000,-26.437109539409775
1787630940000,-26.437109539409775
1787631000000,-26.437109539409775
1787631060000,-26.437109539409775
1787631120000,-26.437109539409775
1787631180000,-26.437109539409775
1787631240000,-26.437109539409775
1787631300000,-26.437109539409775
1787631360000,-26.437109539409775
1787631420000,-26.437109539409775
1787631480000,-26.437109539409775
1787631540000,-26.437109539409775
1787631600000,-26.437109539409775
1787631660000,-26.437109539409775
1787631720000,-26.437109539409775
1787631780000,-26.437109539409775
1787631840000,-26.437109539409775
1787631900000,-26.437109539409775
1787631960000,-26.437109539409775
1787632020000,-26.437109539409775
1787632080000,-26.437109539409775
1787632140000,-26.437109539409775
1787632200000,-26.437109539409775
1787632260000,-26.437109539409775
1787632320000,-26.437109539409775
1787632380000,-26.437109539409775
1787632440000,-26.437109539409775
1787632500000,-26.437109539409775
1787632560000,-26.437109539409775
1787632620000,-26.437109539409775
1787632680000,-26.437109539409775
1787632740000,-26.437109539409775
1787632800000,-26.437109539409775
1787632860000,-26.437109539409775
1787632920000,-26.437109539409775
1787632980000,-26.437109539409775
1787633040000,-26.437109539409775
1787633100000,-26.437109539409775
1787633160000,-26.437109539409775
1787633220000,-26.437109539409775
1787633280000,-26.437109539409775
1787633340000,-26.437109539409775
1787633400000,-26.437109539409775
1787633460000,-26.437109539409775
1787633520000,-26.437109539409775
1787633580000,-26.437109539409775
1787633640000,-26.437109539409775
1787633700000,-26.437109539409775
1787633760000,-26.437109539409775
1787633820000,-26.437109539409775
1787633880000,-26.437109539409775
1787633940000,-26.437109539409775
1787634000000,-26.437109539409775
1787634060000,-26.437109539409775
1787634120000,-26.437109539409775
1787634180000,-26.437109539409775
1787634240000,-26.437109539409775
1787634300000,-26.437109539409775
1787634360000,-26.437109539409775
1787634420000,-26.437109539409775
1787634480000,-26.437109539409775
1787634540000,-26.437109539409775
1787634600000,-26.437109539409775
1787634660000,-26.437109539409775
1787634720000,-26.437109539409775
1787634780000,-26.437109539409775
1787634840000,-26.437109539409775
1787634900000,-26.437109539409775
1787634960000,-26.437109539409775
1787635020000,-26.437109539409775
1787635080000,-26.437109539409775
1787635140000,-26.437109539409775
1787635200000,-26.437109539409775
1787635260000,-26.437109539409775
1787635320000,-26.437109539409775
1787635380000,-26.437109539409775
1787635440000,-26.437109539409775
1787635500000,-26.437109539409775
1787635560000,-26.437109539409775
1787635620000,-26.437109539409775
1787635680000,-26.437109539409775
1787635740000,-26.437109539409775
1787635800000,-26.437109539409775
1787635860000,-26.437109539409775
1787635920000,-26.437109539409775
1787635980000,-26.437109539409775
1787636040000,-26.437109539409775
1787636100000,-26.437109539409775
1787636160000,-26.437109539409775
1787636220000,-26.437109539409775
1787636280000,-26.437109539409775
1787636340000,-26.437109539409775
1787636400000,-26.437109539409775
1787636460000,-26.437109539409775
1787636520000,-26.437109539409775
1787636580000,-26.437109539409775
1787636640000,-26.437109539409775
1787636700000,-26.437109539409775
1787636760000,-26.437109539409775
1787636820000,-26.437109539409775
1787636880000,-26.437109539409775
1787636940000,-26.437109539409775
1787637000000,-26.437109539409775
1787637060000,-26.437109539409775
1787637120000,-26.437109539409775
1787637180000,-26.437109539409775
1787637240000,-26.437109539409775
1787637300000,-26.437109539409775
1787637360000,-26.437109539409775
1787637420000,-26.437109539409775
1787637480000,-26.437109539409775
1787637540000,-26.437109539409775
1787637600000,-26.437109539409775
1787637660000,-26.437109539409775
1787637720000,-26.437109539409775
1787637780000,-26.437109539409775
1787637840000,-26.437109539409775
1787637900000,-26.437109539409775
1787637960000,-26.437109539409775
1787638020000,-26.437109539409775
1787638080000,-26.437109539409775
1787638140000,-26.437109539409775
1787638200000,-26.437109539409775
1787638260000,-26.437109539409775
1787638320000,-26.437109539409775
1787638380000,-26.437109539409775
1787638440000,-26.437109539409775
1787638500000,-26.437109539409775
1787638560000,-26.437109539409775
1787638620000,-26.437109539409775
1787638680000,-26.437109539409775
1787638740000,-26.437109539409775
1787638800000,-26.437109539409775
1787638860000,-26.437109539409775
1787638920000,-26.437109539409775
1787638980000,-26.437109539409775
1787639040000,-26.437109539409775
1787639100000,-26.437109539409775
1787639160000,-26.437109539409775
1787639220000,-26.437109539409775
1787639280000,-26.437109539409775
1787639340000,-26.437109539409775
1787639400000,-26.437109539409775
1787639460000,-26.437109539409775
1787639520000,-26.437109539409775
1787639580000,-26.437109539409775
1787639640000,-26.437109539409775
1787639700000,-26.437109539409775
1787639760000,-26.437109539409775
1787639820000,-26.437109539409775
1787639880000,-26.437109539409775
1787639940000,-26.437109539409775
1787640000000,-26.437109539409775
1787640060000,-26.437109539409775
1787640120000,-26.437109539409775
1787640180000,-26.437109539409775
1787640240000,-26.437109539409775
1787640300000,-26.437109539409775
1787640360000,-26.437109539409775
1787640420000,-26.437109539409775
1787640480000,-26.437109539409775
1787640540000,-26.437109539409775
1787640600000,-26.437109539409775
1787640660000,-26.437109539409775
1787640720000,-26.437109539409775
1787640780000,-26.437109539409775
1787640840000,-26.437109539409775
1787640900000,-26.437109539409775
1787640960000,-26.437109539409775
1787641020000,-26.437109539409775
1787641080000,-26.437109539409775
1787641140000,-26.437109539409775
1787641200000,-26.437109539409775
1787641260000,-29.591657774261037
1787641320000,-28.184411850929294
1787641380000,-29.278936457965063
1787641440000,-28.966215141669228
1787641500000,-29.318026622502096
1787641560000,-28.41895283815134
1787641620000,-27.949870863707382
1787641680000,-26.972616750282565
1787641740000,-23.1417806256575
1787641800000,-25.018108523433067
1787641860000,-30.138920077778923
1787641920000,-31.342362790787007
1787641980000,-31.342362790787007
1787642040000,-31.342362790787007
1787642100000,-31.342362790787007
1787642160000,-31.342362790787007
1787642220000,-31.342362790787007
1787642280000,-32.4245102905369
1787642340000,-34.66446794732056
1787642400000,-35.867454937929416
1787642460000,-35.867454937929416
1787642520000,-35.867454937929416
1787642580000,-35.867454937929416
1787642640000,-35.867454937929416
1787642700000,-35.867454937929416
1787642760000,-35.867454937929416
1787642820000,-35.867454937929416
1787642880000,-35.867454937929416
1787642940000,-35.867454937929416
1787643000000,-35.867454937929416
1787643060000,-35.867454937929416
1787643120000,-35.867454937929416
1787643180000,-35.867454937929416
1787643240000,-35.53133137485593
1787643300000,-37.57954946962283
1787643360000,-38.74116804151583
1787643420000,-38.74116804151583
1787643480000,-38.74116804151583
1787643540000,-38.74116804151583
1787643600000,-38.74116804151583
1787643660000,-38.74116804151583
1787643720000,-38.74116804151583
1787643780000,-38.74116804151583
1787643840000,-38.74116804151583
1787643900000,-38.74116804151583
1787643960000,-38.74116804151583
1787644020000,-38.74116804151583
1787644080000,-38.74116804151583
1787644140000,-38.74116804151583
1787644200000,-38.74116804151583
1787644260000,-38.74116804151583
1787644320000,-38.74116804151583
1787644380000,-38.74116804151583
1787644440000,-38.74116804151583
1787644500000,-38.74116804151583
1787644560000,-38.74116804151583
1787644620000,-38.74116804151583
1787644680000,-38.74116804151583
1787644740000,-38.74116804151583
1787644800000,-38.74116804151583
1787644860000,-38.74116804151583
1787644920000,-38.74116804151583
1787644980000,-38.74116804151583
1787645040000,-38.74116804151583
1787645100000,-38.74116804151583
1787645160000,-38.74116804151583
1787645220000,-38.74116804151583
1787645280000,-38.74116804151583
1787645340000,-38.74116804151583
1787645400000,-38.74116804151583
1787645460000,-38.74116804151583
1787645520000,-38.74116804151583
1787645580000,-38.74116804151583
1787645640000,-38.74116804151583
1787645700000,-38.74116804151583
1787645760000,-38.74116804151583
1787645820000,-38.74116804151583
1787645880000,-38.74116804151583
1787645940000,-38.74116804151583
1787646000000,-38.74116804151583
1787646060000,-38.74116804151583
1787646120000,-38.74116804151583
1787646180000,-38.74116804151583
1787646240000,-38.74116804151583
1787646300000,-38.74116804151583
1787646360000,-38.74116804151583
1787646420000,-38.74116804151583
1787646480000,-38.74116804151583
1787646540000,-38.74116804151583
1787646600000,-38.74116804151583
1787646660000,-38.74116804151583
1787646720000,-38.74116804151583
1787646780000,-38.74116804151583
1787646840000,-38.74116804151583
1787646900000,-38.74116804151583
1787646960000,-38.74116804151583
1787647020000,-38.74116804151583
1787647080000,-38.74116804151583
1787647140000,-38.74116804151583
1787647200000,-38.74116804151583
1787647260000,-38.74116804151583
1787647320000,-38.74116804151583
1787647380000,-38.74116804151583
1787647440000,-38.74116804151583
1787647500000,-38.74116804151583
1787647560000,-38.74116804151583
1787647620000,-38.74116804151583
1787647680000,-38.74116804151583
1787647740000,-38.74116804151583
1787647800000,-38.74116804151583
1787647860000,-38.74116804151583
1787647920000,-38.74116804151583
1787647980000,-38.74116804151583
1787648040000,-38.74116804151583
1787648100000,-38.74116804151583
1787648160000,-38.74116804151583
1787648220000,-38.74116804151583
1787648280000,-38.74116804151583
1787648340000,-38.74116804151583
1787648400000,-38.74116804151583
1787648460000,-38.74116804151583
1787648520000,-38.74116804151583
1787648580000,-38.74116804151583
1787648640000,-38.74116804151583
1787648700000,-38.74116804151583
1787648760000,-38.74116804151583
1787648820000,-38.74116804151583
1787648880000,-38.74116804151583
1787648940000,-38.74116804151583
1787649000000,-38.74116804151583
1787649060000,-38.74116804151583
1787649120000,-38.74116804151583
1787649180000,-38.74116804151583
1787649240000,-38.74116804151583
1787649300000,-38.74116804151583
1787649360000,-38.74116804151583
1787649420000,-38.74116804151583
1787649480000,-38.74116804151583
1787649540000,-38.74116804151583
1787649600000,-38.74116804151583
1787649660000,-38.74116804151583
1787649720000,-38.74116804151583
1787649780000,-38.74116804151583
1787649840000,-38.74116804151583
1787649900000,-38.74116804151583
1787649960000,-38.74116804151583
1787650020000,-38.74116804151583
1787650080000,-38.74116804151583
1787650140000,-38.74116804151583
1787650200000,-38.74116804151583
1787650260000,-38.74116804151583
1787650320000,-38.74116804151583
1787650380000,-38.74116804151583
1787650440000,-38.74116804151583
1787650500000,-38.74116804151583
1787650560000,-38.74116804151583
1787650620000,-38.74116804151583
1787650680000,-38.74116804151583
1787650740000,-38.74116804151583
1787650800000,-38.74116804151583
1787650860000,-38.74116804151583
1787650920000,-38.74116804151583
1787650980000,-38.74116804151583
1787651040000,-38.74116804151583
1787651100000,-38.74116804151583
1787651160000,-38.74116804151583
1787651220000,-38.74116804151583
1787651280000,-38.74116804151583
1787651340000,-38.74116804151583
1787651400000,-39.97861867648265
1787651460000,-44.85240018236829
1787651520000,-46.0086220803317
1787651580000,-46.0086220803317
1787651640000,-46.0086220803317
1787651700000,-46.0086220803317
1787651760000,-46.0086220803317
1787651820000,-46.0086220803317
1787651880000,-46.0086220803317
1787651940000,-46.0086220803317
1787652000000,-46.0086220803317
1787652060000,-46.0086220803317
1787652120000,-46.0086220803317
1787652180000,-46.0086220803317
1787652240000,-46.0086220803317
1787652300000,-46.0086220803317
1787652360000,-46.0086220803317
1787652420000,-46.0086220803317
1787652480000,-46.0086220803317
1787652540000,-46.0086220803317
1787652600000,-46.0086220803317
1787652660000,-46.0086220803317
1787652720000,-46.0086220803317
1787652780000,-46.0086220803317
1787652840000,-46.0086220803317
1787652900000,-46.0086220803317
1787652960000,-46.0086220803317
1787653020000,-46.0086220803317
1787653080000,-46.0086220803317
1787653140000,-46.0086220803317
1787653200000,-46.0086220803317
1787653260000,-46.0086220803317
1787653320000,-46.0086220803317
1787653380000,-46.0086220803317
1787653440000,-46.0086220803317
1787653500000,-46.0086220803317
1787653560000,-46.0086220803317
1787653620000,-46.0086220803317
1787653680000,-46.0086220803317
1787653740000,-46.0086220803317
1787653800000,-46.0086220803317
1787653860000,-46.0086220803317
1787653920000,-46.0086220803317
1787653980000,-46.0086220803317
1787654040000,-46.0086220803317
1787654100000,-46.0086220803317
1787654160000,-46.0086220803317
1787654220000,-46.0086220803317
1787654280000,-46.0086220803317
1787654340000,-46.0086220803317
1787654400000,-46.0086220803317
1787654460000,-46.0086220803317
1787654520000,-46.0086220803317
1787654580000,-46.0086220803317
1787654640000,-46.0086220803317
1787654700000,-46.0086220803317
1787654760000,-46.0086220803317
1787654820000,-46.0086220803317
1787654880000,-46.0086220803317
1787654940000,-46.0086220803317
1787655000000,-46.0086220803317
1787655060000,-46.0086220803317
1787655120000,-46.0086220803317
1787655180000,-46.0086220803317
1787655240000,-46.0086220803317
1787655300000,-46.0086220803317
1787655360000,-46.0086220803317
1787655420000,-46.0086220803317
1787655480000,-46.0086220803317
1787655540000,-46.0086220803317
1787655600000,-46.0086220803317
1787655660000,-46.0086220803317
1787655720000,-46.0086220803317
1787655780000,-46.0086220803317
1787655840000,-46.0086220803317
1787655900000,-46.0086220803317
1787655960000,-46.0086220803317
1787656020000,-46.0086220803317
1787656080000,-46.0086220803317
1787656140000,-46.0086220803317
1787656200000,-46.0086220803317
1787656260000,-46.0086220803317
1787656320000,-46.0086220803317
1787656380000,-46.0086220803317
1787656440000,-46.0086220803317
1787656500000,-46.0086220803317
1787656560000,-46.0086220803317
1787656620000,-46.0086220803317
1787656680000,-46.0086220803317
1787656740000,-46.0086220803317
1787656800000,-46.0086220803317
1787656860000,-46.0086220803317
1787656920000,-46.0086220803317
1787656980000,-46.0086220803317
1787657040000,-46.0086220803317
1787657100000,-46.0086220803317
1787657160000,-46.0086220803317
1787657220000,-46.0086220803317
1787657280000,-46.0086220803317
1787657340000,-46.0086220803317
1787657400000,-46.0086220803317
1787657460000,-46.0086220803317
1787657520000,-46.0086220803317
1787657580000,-46.0086220803317
1787657640000,-46.0086220803317
1787657700000,-46.0086220803317
1787657760000,-46.0086220803317
1787657820000,-46.0086220803317
1787657880000,-46.0086220803317
1787657940000,-46.0086220803317
1787658000000,-46.0086220803317
1787658060000,-46.0086220803317
1787658120000,-46.0086220803317
1787658180000,-46.0086220803317
1787658240000,-46.0086220803317
1787658300000,-46.0086220803317
1787658360000,-46.0086220803317
1787658420000,-46.0086220803317
1787658480000,-46.0086220803317
1787658540000,-46.0086220803317
1787658600000,-46.0086220803317
1787658660000,-46.0086220803317
1787658720000,-46.0086220803317
1787658780000,-46.0086220803317
1787658840000,-46.0086220803317
1787658900000,-46.0086220803317
1787658960000,-46.0086220803317
1787659020000,-46.0086220803317
1787659080000,-46.0086220803317
1787659140000,-46.0086220803317
1787659200000,-46.0086220803317
1787659260000,-46.0086220803317
1787659320000,-46.0086220803317
1787659380000,-46.0086220803317
1787659440000,-46.0086220803317
1787659500000,-46.0086220803317
1787659560000,-46.0086220803317
1787659620000,-46.0086220803317
1787659680000,-46.0086220803317
1787659740000,-46.0086220803317
1787659800000,-46.0086220803317
1787659860000,-46.0086220803317
1787659920000,-46.0086220803317
1787659980000,-46.0086220803317
1787660040000,-46.0086220803317
1787660100000,-46.0086220803317
1787660160000,-46.0086220803317
1787660220000,-46.0086220803317
1787660280000,-46.0086220803317
1787660340000,-46.0086220803317
1787660400000,-46.0086220803317
1787660460000,-46.0086220803317
1787660520000,-46.0086220803317
1787660580000,-46.0086220803317
1787660640000,-46.0086220803317
1787660700000,-46.0086220803317
1787660760000,-46.0086220803317
1787660820000,-46.0086220803317
1787660880000,-46.0086220803317
1787660940000,-46.0086220803317
1787661000000,-46.0086220803317
1787661060000,-46.0086220803317
1787661120000,-46.0086220803317
1787661180000,-46.0086220803317
1787661240000,-46.0086220803317
1787661300000,-46.0086220803317
1787661360000,-46.0086220803317
1787661420000,-46.0086220803317
1787661480000,-46.0086220803317
1787661540000,-46.0086220803317
1787661600000,-46.0086220803317
1787661660000,-46.0086220803317
1787661720000,-46.0086220803317
1787661780000,-46.0086220803317
1787661840000,-46.0086220803317
1787661900000,-46.0086220803317
1787661960000,-46.0086220803317
1787662020000,-46.0086220803317
1787662080000,-46.0086220803317
1787662140000,-46.0086220803317
1787662200000,-46.0086220803317
1787662260000,-46.0086220803317
1787662320000,-46.0086220803317
1787662380000,-46.0086220803317
1787662440000,-46.0086220803317
1787662500000,-46.0086220803317
1787662560000,-46.0086220803317
1787662620000,-46.0086220803317
1787662680000,-46.0086220803317
1787662740000,-46.0086220803317
1787662800000,-46.0086220803317
1787662860000,-46.0086220803317
1787662920000,-46.0086220803317
1787662980000,-46.0086220803317
1787663040000,-46.0086220803317
1787663100000,-46.0086220803317
1787663160000,-46.0086220803317
1787663220000,-46.0086220803317
1787663280000,-46.0086220803317
1787663340000,-46.0086220803317
1787663400000,-46.0086220803317
1787663460000,-46.0086220803317
1787663520000,-46.0086220803317
1787663580000,-46.0086220803317
1787663640000,-45.873083399895265
1787663700000,-44.46330589543295
1787663760000,-46.28117688802911
1787663820000,-47.8022526165279
1787663880000,-48.92911726245414
1787663940000,-48.92911726245414
1787664000000,-48.92911726245414
1787664060000,-48.92911726245414
1787664120000,-48.92911726245414
1787664180000,-47.74746278965382
1787664240000,-44.54706083107632
1787664300000,-49.68258955530534
1787664360000,-48.41731436237937
1787664420000,-47.59860688460368
1787664480000,-49.980301365405616
1787664540000,-51.394432463381726
1787664600000,-53.10627537145798
1787664660000,-54.073838754283805
1787664720000,-55.11583008963464
1787664780000,-52.99463344267041
1787664840000,-53.255131276508116
1787664900000,-52.51085175125756
1787664960000,-50.91065077196875
1787665020000,-50.12915727045576
1787665080000,-49.980301365405616
1787665140000,-46.96596928814069
1787665200000,-47.44975097955354
1787665260000,-46.48218759672785
1787665320000,-46.18447578662757
1787665380000,-48.3056724335918
1787665440000,-49.168596210816496
1787665500000,-49.168596210816496
1787665560000,-49.35908851488473
1787665620000,-53.69640457622776
1787665680000,-55.350065035422475
1787665740000,-55.350065035422475
1787665800000,-55.350065035422475
1787665860000,-55.350065035422475
1787665920000,-55.350065035422475
1787665980000,-55.350065035422475
1787666040000,-55.350065035422475
1787666100000,-55.350065035422475
1787666160000,-55.350065035422475
1787666220000,-55.350065035422475
1787666280000,-55.350065035422475
1787666340000,-55.350065035422475
1787666400000,-55.350065035422475
1787666460000,-55.350065035422475
1787666520000,-55.350065035422475
1787666580000,-55.350065035422475
1787666640000,-55.350065035422475
1787666700000,-55.350065035422475
1787666760000,-55.350065035422475
1787666820000,-55.350065035422475
1787666880000,-55.350065035422475
1787666940000,-54.419821446347314
1787667000000,-53.39144729603594
1787667060000,-57.24785035970347
1787667120000,-57.89631946097545
1787667180000,-57.89631946097545
1787667240000,-57.89631946097545
1787667300000,-57.89631946097545
1787667360000,-57.89631946097545
1787667420000,-57.89631946097545
1787667480000,-57.89631946097545
1787667540000,-57.89631946097545
1787667600000,-57.89631946097545
1787667660000,-57.89631946097545
1787667720000,-57.89631946097545
1787667780000,-57.89631946097545
1787667840000,-57.89631946097545
1787667900000,-57.89631946097545
1787667960000,-57.89631946097545
1787668020000,-57.89631946097545
1787668080000,-57.89631946097545
1787668140000,-57.11560582602246
1787668200000,-59.46307088433511
1787668260000,-61.223669678069754
1787668320000,-62.61747705644293
1787668380000,-61.51710281035876
1787668440000,-62.91091018873193
1787668500000,-63.42441817023784
1787668560000,-61.95725250879245
1787668620000,-64.26803842556906
1787668680000,-68.9262894006583
1787668740000,-70.83360476053738
1787668800000,-71.57946079880949
1787668860000,-71.57946079880949
1787668920000,-71.57946079880949
1787668980000,-71.57946079880949
1787669040000,-71.57946079880949
1787669100000,-71.57946079880949
1787669160000,-71.57946079880949
1787669220000,-71.57946079880949
1787669280000,-71.57946079880949
1787669340000,-71.57946079880949
1787669400000,-71.57946079880949
1787669460000,-71.57946079880949
1787669520000,-71.57946079880949
1787669580000,-71.57946079880949
1787669640000,-71.57946079880949
1787669700000,-71.57946079880949
1787669760000,-71.57946079880949
1787669820000,-72.11987375997604
1787669880000,-71.60689272355121
1787669940000,-73.29240184323271
1787670000000,-74.19856613555211
1787670060000,-74.19856613555211
1787670120000,-74.19856613555211
1787670180000,-74.19856613555211
1787670240000,-74.19856613555211
1787670300000,-74.19856613555211
1787670360000,-74.19856613555211
1787670420000,-74.19856613555211
1787670480000,-74.19856613555211
1787670540000,-74.19856613555211
1787670600000,-74.19856613555211
1787670660000,-74.19856613555211
1787670720000,-74.19856613555211
1787670780000,-74.19856613555211
1787670840000,-74.19856613555211
1787670900000,-74.19856613555211
1787670960000,-74.19856613555211
1787671020000,-74.19856613555211
1787671080000,-74.19856613555211
1787671140000,-74.19856613555211
1787671200000,-74.19856613555211
1787671260000,-74.19856613555211
1787671320000,-74.19856613555211
1787671380000,-74.19856613555211
1787671440000,-74.19856613555211
1787671500000,-74.19856613555211
1787671560000,-74.19856613555211
1787671620000,-74.19856613555211
1787671680000,-74.19856613555211
1787671740000,-74.19856613555211
1787671800000,-74.19856613555211
1787671860000,-74.19856613555211
1787671920000,-74.19856613555211
1787671980000,-74.19856613555211
1787672040000,-74.19856613555211
1787672100000,-74.19856613555211
1787672160000,-74.70858313843485
1787672220000,-72.74769249231686
1787672280000,-70.56892510774121
1787672340000,-70.20579721031196
1787672400000,-72.7840052820597
1787672460000,-73.2975870606737
1787672520000,-73.2975870606737
1787672580000,-73.2975870606737
1787672640000,-73.2975870606737
1787672700000,-73.2975870606737
1787672760000,-73.2975870606737
1787672820000,-73.2975870606737
1787672880000,-73.2975870606737
1787672940000,-73.2975870606737
1787673000000,-73.2975870606737
1787673060000,-73.2975870606737
1787673120000,-73.2975870606737
1787673180000,-73.2975870606737
1787673240000,-73.2975870606737
1787673300000,-73.2975870606737
1787673360000,-73.2975870606737
1787673420000,-73.2975870606737
1787673480000,-73.2975870606737
1787673540000,-73.2975870606737
1787673600000,-75.02978969918209
1787673660000,-79.60707632156804
1787673720000,-80.7650657266326
1787673780000,-80.7650657266326
1787673840000,-80.7650657266326
1787673900000,-80.7650657266326
1787673960000,-80.7650657266326
1787674020000,-80.7650657266326
1787674080000,-80.7650657266326
1787674140000,-80.7650657266326
1787674200000,-80.7650657266326
1787674260000,-80.7650657266326
1787674320000,-80.7650657266326
1787674380000,-80.7650657266326
1787674440000,-80.7650657266326
1787674500000,-80.7650657266326
1787674560000,-80.7650657266326
1787674620000,-80.7650657266326
1787674680000,-80.7650657266326
1787674740000,-80.7650657266326
1787674800000,-80.7650657266326
1787674860000,-80.7650657266326
1787674920000,-80.7650657266326
1787674980000,-80.7650657266326
1787675040000,-80.7650657266326
1787675100000,-80.7650657266326
1787675160000,-80.7650657266326
1787675220000,-80.7650657266326
1787675280000,-80.7650657266326
1787675340000,-80.7650657266326
1787675400000,-80.7650657266326
1787675460000,-80.7650657266326
1787675520000,-80.7650657266326
1787675580000,-80.7650657266326
1787675640000,-80.7650657266326
1787675700000,-80.7650657266326
1787675760000,-80.7650657266326
1787675820000,-80.7650657266326
1787675880000,-80.7650657266326
1787675940000,-80.7650657266326
1787676000000,-80.7650657266326
1787676060000,-80.7650657266326
1787676120000,-80.7650657266326
1787676180000,-80.7650657266326
1787676240000,-80.7650657266326
1787676300000,-80.7650657266326
1787676360000,-80.7650657266326
1787676420000,-80.7650657266326
1787676480000,-80.7650657266326
1787676540000,-80.7650657266326
1787676600000,-80.7650657266326
1787676660000,-80.7650657266326
1787676720000,-80.7650657266326
1787676780000,-80.7650657266326
1787676840000,-80.7650657266326
1787676900000,-80.7650657266326
1787676960000,-80.7650657266326
1787677020000,-80.7650657266326
1787677080000,-80.7650657266326
1787677140000,-80.7650657266326
1787677200000,-80.7650657266326
1787677260000,-80.7650657266326
1787677320000,-80.7650657266326
1787677380000,-80.7650657266326
1787677440000,-80.7650657266326
1787677500000,-80.7650657266326
1787677560000,-80.7650657266326
1787677620000,-80.7650657266326
1787677680000,-80.7650657266326
1787677740000,-80.7650657266326
1787677800000,-80.7650657266326
1787677860000,-80.7650657266326
1787677920000,-80.7650657266326
1787677980000,-80.7650657266326
1787678040000,-82.43258095258489
1787678100000,-83.4010881897753
1787678160000,-77.89061597817498
1787678220000,-71.37823972810179
1787678280000,-72.24655656144482
1787678340000,-59.65596247797008
1787678400000,-26.76011321478
1787678460000,-23.721004298079166
1787678520000,-32.40417263151016
1787678580000,-38.74956487517116
1787678640000,-53.41076063815633
1787678700000,-40.5863889457046
1787678760000,-48.83539886246385
1787678820000,-43.592101061122975
1787678880000,-50.6722229329974
1787678940000,-50.37165172145549
1787679000000,-49.70371569580699
1787679060000,-46.965177990648066
1787679120000,-42.25622900982586
1787679180000,-49.87069970221918
1787679240000,-51.108766562575255
1787679300000,-51.108766562575255
1787679360000,-51.108766562575255
1787679420000,-51.108766562575255
1787679480000,-51.108766562575255
1787679540000,-51.108766562575255
1787679600000,-51.108766562575255
1787679660000,-51.108766562575255
1787679720000,-51.108766562575255
1787679780000,-51.108766562575255
1787679840000,-51.108766562575255
1787679900000,-54.339808419211295
1787679960000,-66.84365604988838
1787680020000,-67.83559166479685
1787680080000,-67.83559166479685
1787680140000,-67.83559166479685
1787680200000,-67.83559166479685
1787680260000,-67.83559166479685
1787680320000,-81.93275566628932
1787680380000,-82.05119979705452
1787680440000,-82.05119979705452
1787680500000,-82.05119979705452
1787680560000,-82.05119979705452
1787680620000,-82.05119979705452
1787680680000,-82.05119979705452
1787680740000,-82.05119979705452
1787680800000,-82.05119979705452
1787680860000,-82.05119979705452
1787680920000,-82.05119979705452
1787680980000,-82.05119979705452
1787681040000,-91.03326078087034
1787681100000,-90.75642714931966
1787681160000,-90.51035281016334
1787681220000,-90.23351917861245
1787681280000,-86.72695984563524
1787681340000,-73.10059331485577
1787681400000,-67.19480917510491
1787681460000,-66.73341978918684
1787681520000,-69.50175610469508
1787681580000,-63.319138333393326
1787681640000,-63.74976842691684
1787681700000,-68.11758794694106
1787681760000,-61.87345159085018
1787681820000,-65.04165870748736
1787681880000,-70.11694195258578
1787681940000,-61.5043400821158
1787682000000,-75.6228552912077
1787682060000,-75.97134097187136
1787682120000,-75.97134097187136
1787682180000,-75.97134097187136
1787682240000,-75.97134097187136
1787682300000,-75.97134097187136
1787682360000,-75.97134097187136
1787682420000,-75.97134097187136
1787682480000,-75.97134097187136
1787682540000,-75.97134097187136
1787682600000,-75.97134097187136
1787682660000,-75.97134097187136
1787682720000,-75.97134097187136
1787682780000,-75.97134097187136
1787682840000,-75.97134097187136
1787682900000,-75.97134097187136
1787682960000,-75.97134097187136
1787683020000,-75.97134097187136
1787683080000,-75.97134097187136
1787683140000,-75.97134097187136
1787683200000,-75.97134097187136
1787683260000,-75.97134097187136
1787683320000,-75.97134097187136
1787683380000,-75.97134097187136
1787683440000,-75.97134097187136
1787683500000,-75.97134097187136
1787683560000,-75.97134097187136
1787683620000,-75.97134097187136
1787683680000,-75.97134097187136
1787683740000,-75.97134097187136
1787683800000,-75.97134097187136
1787683860000,-75.97134097187136
1787683920000,-75.97134097187136
1787683980000,-75.97134097187136
1787684040000,-75.97134097187136
1787684100000,-75.97134097187136
1787684160000,-75.97134097187136
1787684220000,-75.97134097187136
1787684280000,-75.97134097187136
1787684340000,-75.97134097187136
1787684400000,-78.21777370332806
1787684460000,-77.29089786255088
1787684520000,-72.65651865866433
1787684580000,-66.61687608327675
1787684640000,-63.9857446642961
1787684700000,-60.7267296112405
1787684760000,-69.09851139890628
1787684820000,-70.27789387224274
1787684880000,-70.27789387224274
1787684940000,-70.27789387224274
1787685000000,-70.27789387224274
1787685060000,-70.27789387224274
1787685120000,-70.27789387224274
1787685180000,-70.27789387224274
1787685240000,-70.27789387224274
1787685300000,-70.27789387224274
1787685360000,-70.27789387224274
1787685420000,-70.27789387224274
1787685480000,-70.27789387224274
1787685540000,-70.27789387224274
1787685600000,-70.27789387224274
1787685660000,-70.27789387224274
1787685720000,-70.27789387224274
1787685780000,-70.27789387224274
1787685840000,-71.56228456623634
1787685900000,-76.88141778392763
1787685960000,-77.84961631311714
1787686020000,-77.84961631311714
1787686080000,-77.84961631311714
1787686140000,-77.84961631311714
1787686200000,-77.84961631311714
1787686260000,-77.84961631311714
1787686320000,-77.84961631311714
1787686380000,-77.84961631311714
1787686440000,-77.84961631311714
1787686500000,-77.84961631311714
1787686560000,-77.84961631311714
1787686620000,-85.8115357345381
1787686680000,-87.89000686571306
1787686740000,-99.0583250772267
1787686800000,-101.16450915681733
1787686860000,-95.9821878030877
1787686920000,-99.6957228907869
1787686980000,-101.19222210523303
1787687040000,-101.82961991879323
1787687100000,-113.82932658277693
1787687160000,-106.23597871688419
1787687220000,-99.72343583920258
1787687280000,-100.44397249800986
1787687340000,-99.75114878761828
1787687400000,-102.46701773235363
1787687460000,-89.4973578738216
1787687520000,-89.24794133808074
1787687580000,-97.09070573971432
1787687640000,-111.5291518642766
1787687700000,-106.762524736782
1787687760000,-106.62395999470353
1787687820000,-107.89875562182431
1787687880000,-111.22430943170416
1787687940000,-108.17588510598087
1787688000000,-108.56088156546883
1787688060000,-113.10580510563807
1787688120000,-111.33217640703556
1787688180000,-112.2744166531682
1787688240000,-111.88643537534887
1787688300000,-117.29046031640387
1787688360000,-111.58159294277642
1787688420000,-108.33917797814347
1787688480000,-103.3508472633235
1787688540000,-105.20761480717329
1787688600000,-101.46636677105822
1787688660000,-100.91210780274491
1787688720000,-90.27033561112889
1787688780000,-95.14781453228628
1787688840000,-94.4549908218945
1787688900000,-100.46870062809418
1787688960000,-107.92348375190844
1787689020000,-107.09209529943857
1787689080000,-107.23066004151686
1787689140000,-112.3021296015839
1787689200000,-113.24436984771654
1787689260000,-110.91648218080053
1787689320000,-103.3508472633235
1787689380000,-104.15452276737787
1787689440000,-101.66035740996789
1787689500000,-100.49641357650988
1787689560000,-100.13614524710624
1787689620000,-101.77120920363046
1787689680000,-102.1314775330343
1787689740000,-100.9675336995763
1787689800000,-99.96986755661226
1787689860000,-100.55183947334126
1787689920000,-99.99758050502795
1787689980000,-98.11310001276249
1787690040000,-96.61660079831653
1787690100000,-99.99758050502795
1787690160000,-102.93515303708847
1787690220000,-105.65102198182382
1787690280000,-106.81496581528182
1787690340000,-110.50078795456551
1787690400000,-122.36192987647073
1787690460000,-123.39946642770207
1787690520000,-123.39946642770207
1787690580000,-123.39946642770207
1787690640000,-123.39946642770207
1787690700000,-123.39946642770207
1787690760000,-123.39946642770207
1787690820000,-123.39946642770207
1787690880000,-123.39946642770207
1787690940000,-123.39946642770207
1787691000000,-123.39946642770207
1787691060000,-123.39946642770207
1787691120000,-123.39946642770207
1787691180000,-123.39946642770207
1787691240000,-123.39946642770207
1787691300000,-123.39946642770207
1787691360000,-123.39946642770207
1787691420000,-123.39946642770207
1787691480000,-123.39946642770207
1787691540000,-123.39946642770207
1787691600000,-123.39946642770207
1787691660000,-123.39946642770207
1787691720000,-123.39946642770207
1787691780000,-123.39946642770207
1787691840000,-123.39946642770207
1787691900000,-123.39946642770207
1787691960000,-123.39946642770207
1787692020000,-123.39946642770207
1787692080000,-123.39946642770207
1787692140000,-123.39946642770207
1787692200000,-123.39946642770207
1787692260000,-123.39946642770207
1787692320000,-123.39946642770207
1787692380000,-123.39946642770207
1787692440000,-123.39946642770207
1787692500000,-123.39946642770207
1787692560000,-123.39946642770207
1787692620000,-123.39946642770207
1787692680000,-123.39946642770207
1787692740000,-123.39946642770207
1787692800000,-123.39946642770207
1787692860000,-123.39946642770207
1787692920000,-123.39946642770207
1787692980000,-123.39946642770207
1787693040000,-123.39946642770207
1787693100000,-123.39946642770207
1787693160000,-123.39946642770207
1787693220000,-123.39946642770207
1787693280000,-123.39946642770207
1787693340000,-123.39946642770207
1787693400000,-123.39946642770207
1787693460000,-123.39946642770207
1787693520000,-123.39946642770207
1787693580000,-123.39946642770207
1787693640000,-123.39946642770207
1787693700000,-123.39946642770207
1787693760000,-123.39946642770207
1787693820000,-123.39946642770207
1787693880000,-123.39946642770207
1787693940000,-123.39946642770207
1787694000000,-123.39946642770207
1787694060000,-123.39946642770207
1787694120000,-123.39946642770207
1787694180000,-123.39946642770207
1787694240000,-123.39946642770207
1787694300000,-123.39946642770207
1787694360000,-123.39946642770207
1787694420000,-123.39946642770207
1787694480000,-123.39946642770207
1787694540000,-123.39946642770207
1787694600000,-123.39946642770207
1787694660000,-123.39946642770207
1787694720000,-123.39946642770207
1787694780000,-123.39946642770207
1787694840000,-123.39946642770207
1787694900000,-123.39946642770207
1787694960000,-123.39946642770207
1787695020000,-123.39946642770207
1787695080000,-123.39946642770207
1787695140000,-123.39946642770207
1787695200000,-123.39946642770207
1787695260000,-123.39946642770207
1787695320000,-123.39946642770207
1787695380000,-123.39946642770207
1787695440000,-123.39946642770207
1787695500000,-123.39946642770207
1787695560000,-123.39946642770207
1787695620000,-123.39946642770207
1787695680000,-116.15397339176195
1787695740000,-114.35868247523607
1787695800000,-112.33581947069999
1787695860000,-100.40092774393658
1787695920000,-100.52735668172004
1787695980000,-46.44105709793416
1787696040000,-41.48504273682069
1787696100000,-40.144895996315356
1787696160000,-47.6294891130993
1787696220000,-48.845631382874856
1787696280000,-48.845631382874856
1787696340000,-48.845631382874856
1787696400000,-48.845631382874856
1787696460000,-48.845631382874856
1787696520000,-48.845631382874856
1787696580000,-48.845631382874856
1787696640000,-48.845631382874856
1787696700000,-48.845631382874856
1787696760000,-48.845631382874856
1787696820000,-48.845631382874856
1787696880000,-48.845631382874856
1787696940000,-48.845631382874856
1787697000000,-48.845631382874856
1787697060000,-48.845631382874856
1787697120000,-48.845631382874856
1787697180000,-48.845631382874856
1787697240000,-48.845631382874856
1787697300000,-48.845631382874856
1787697360000,-48.845631382874856
1787697420000,-48.845631382874856
1787697480000,-48.845631382874856
1787697540000,-48.845631382874856
1787697600000,-48.845631382874856
1787697660000,-48.845631382874856
1787697720000,-48.845631382874856
1787697780000,-48.845631382874856
1787697840000,-48.845631382874856
1787697900000,-48.845631382874856
1787697960000,-48.845631382874856
1787698020000,-48.845631382874856
1787698080000,-48.845631382874856
1787698140000,-48.845631382874856
1787698200000,-48.845631382874856
1787698260000,-48.845631382874856
1787698320000,-48.845631382874856
1787698380000,-48.845631382874856
1787698440000,-48.845631382874856
1787698500000,-48.845631382874856
1787698560000,-48.845631382874856
1787698620000,-48.845631382874856
1787698680000,-48.845631382874856
1787698740000,-48.845631382874856
1787698800000,-48.845631382874856
1787698860000,-48.845631382874856
1787698920000,-48.845631382874856
1787698980000,-48.845631382874856
1787699040000,-48.845631382874856
1787699100000,-48.845631382874856
1787699160000,-48.845631382874856
1787699220000,-48.845631382874856
1787699280000,-48.845631382874856
1787699340000,-48.845631382874856
1787699400000,-48.845631382874856
1787699460000,-48.845631382874856
1787699520000,-48.845631382874856
1787699580000,-48.845631382874856
1787699640000,-48.845631382874856
1787699700000,-48.845631382874856
1787699760000,-48.845631382874856
1787699820000,-48.845631382874856
1787699880000,-48.845631382874856
1787699940000,-50.77426033938652
1787700000000,-49.44940770572593
1787700060000,-51.19379700671235
1787700120000,-52.1052724779115
1787700180000,-52.1052724779115
1787700240000,-52.1052724779115
1787700300000,-52.1052724779115
1787700360000,-52.1052724779115
1787700420000,-52.1052724779115
1787700480000,-52.1052724779115
1787700540000,-52.1052724779115
1787700600000,-52.1052724779115
1787700660000,-52.1052724779115
1787700720000,-52.1052724779115
1787700780000,-52.1052724779115
1787700840000,-52.1052724779115
1787700900000,-52.1052724779115
1787700960000,-52.1052724779115
1787701020000,-52.1052724779115
1787701080000,-52.1052724779115
1787701140000,-52.1052724779115
1787701200000,-52.1052724779115
1787701260000,-52.1052724779115
1787701320000,-52.1052724779115
1787701380000,-52.1052724779115
1787701440000,-52.1052724779115
1787701500000,-52.1052724779115
1787701560000,-52.1052724779115
1787701620000,-52.1052724779115
1787701680000,-52.1052724779115
1787701740000,-52.1052724779115
1787701800000,-52.1052724779115
1787701860000,-52.1052724779115
1787701920000,-52.1052724779115
1787701980000,-52.1052724779115
1787702040000,-52.1052724779115
1787702100000,-52.1052724779115
1787702160000,-52.1052724779115
1787702220000,-52.1052724779115
1787702280000,-52.1052724779115
1787702340000,-52.1052724779115
1787702400000,-52.1052724779115
1787702460000,-52.1052724779115
1787702520000,-52.1052724779115
1787702580000,-52.1052724779115
1787702640000,-52.1052724779115
1787702700000,-52.1052724779115
1787702760000,-52.1052724779115
1787702820000,-52.1052724779115
1787702880000,-52.1052724779115
1787702940000,-52.1052724779115
1787703000000,-52.1052724779115
1787703060000,-52.1052724779115
1787703120000,-52.1052724779115
1787703180000,-52.1052724779115
1787703240000,-52.1052724779115
1787703300000,-52.1052724779115
1787703360000,-52.1052724779115
1787703420000,-52.1052724779115
1787703480000,-52.1052724779115
1787703540000,-52.1052724779115
1787703600000,-52.1052724779115
1787703660000,-52.1052724779115
1787703720000,-52.1052724779115
1787703780000,-52.1052724779115
1787703840000,-52.1052724779115
1787703900000,-52.1052724779115
1787703960000,-52.1052724779115
1787704020000,-52.1052724779115
1787704080000,-52.1052724779115
1787704140000,-52.1052724779115
1787704200000,-52.1052724779115
1787704260000,-52.1052724779115
1787704320000,-52.1052724779115
1787704380000,-52.1052724779115
1787704440000,-52.1052724779115
1787704500000,-52.1052724779115
1787704560000,-52.1052724779115
1787704620000,-52.1052724779115
1787704680000,-52.1052724779115
1787704740000,-52.1052724779115
1787704800000,-52.1052724779115
1787704860000,-52.1052724779115
1787704920000,-52.1052724779115
1787704980000,-52.1052724779115
1787705040000,-52.1052724779115
1787705100000,-52.1052724779115
1787705160000,-52.1052724779115
1787705220000,-52.1052724779115
1787705280000,-52.1052724779115
1787705340000,-52.1052724779115
1787705400000,-52.1052724779115
1787705460000,-52.1052724779115
1787705520000,-52.1052724779115
1787705580000,-52.1052724779115
1787705640000,-52.1052724779115
1787705700000,-52.1052724779115
1787705760000,-52.1052724779115
1787705820000,-52.1052724779115
1787705880000,-52.1052724779115
1787705940000,-52.1052724779115
1787706000000,-52.1052724779115
1787706060000,-52.1052724779115
1787706120000,-52.1052724779115
1787706180000,-52.1052724779115
1787706240000,-52.1052724779115
1787706300000,-52.1052724779115
1787706360000,-52.1052724779115
1787706420000,-52.1052724779115
1787706480000,-52.1052724779115
1787706540000,-52.1052724779115
1787706600000,-52.1052724779115
1787706660000,-52.1052724779115
1787706720000,-52.1052724779115
1787706780000,-52.1052724779115
1787706840000,-52.1052724779115
1787706900000,-52.1052724779115
1787706960000,-52.1052724779115
1787707020000,-52.1052724779115
1787707080000,-52.1052724779115
1787707140000,-52.1052724779115
1787707200000,-52.1052724779115
1787707260000,-52.1052724779115
1787707320000,-52.1052724779115
1787707380000,-52.1052724779115
1787707440000,-52.1052724779115
1787707500000,-52.1052724779115
1787707560000,-52.1052724779115
1787707620000,-52.1052724779115
1787707680000,-52.1052724779115
1787707740000,-52.1052724779115
1787707800000,-52.1052724779115
1787707860000,-52.1052724779115
1787707920000,-52.1052724779115
1787707980000,-52.1052724779115
1787708040000,-52.1052724779115
1787708100000,-52.1052724779115
1787708160000,-52.1052724779115
1787708220000,-52.1052724779115
1787708280000,-52.1052724779115
1787708340000,-52.1052724779115
1787708400000,-52.1052724779115
1787708460000,-52.1052724779115
1787708520000,-55.2640432131041
1787708580000,-52.844335844217134
1787708640000,-46.875724334295946
1787708700000,-51.66904940790056
1787708760000,-45.60825856964089
1787708820000,-45.90784138674116
1787708880000,-45.44694474504843
1787708940000,-47.72838312142759
1787709000000,-48.911617130382425
1787709060000,-48.911617130382425
1787709120000,-48.911617130382425
1787709180000,-48.911617130382425
1787709240000,-48.911617130382425
1787709300000,-48.911617130382425
1787709360000,-48.911617130382425
1787709420000,-48.911617130382425
1787709480000,-48.911617130382425
1787709540000,-48.911617130382425
1787709600000,-48.911617130382425
1787709660000,-48.911617130382425
1787709720000,-48.911617130382425
1787709780000,-48.911617130382425
1787709840000,-48.911617130382425
1787709900000,-48.911617130382425
1787709960000,-48.911617130382425
1787710020000,-48.911617130382425
1787710080000,-48.911617130382425
1787710140000,-48.911617130382425
1787710200000,-48.911617130382425
1787710260000,-48.911617130382425
1787710320000,-39.60705972383269
1787710380000,-40.787904398067965
1787710440000,-25.781336662994534
1787710500000,-26.71617203009738
1787710560000,-33.82584100622245
1787710620000,-31.562555380604774
1787710680000,-6.568009775957783
1787710740000,-7.060028390222463
1787710800000,-4.329325081053362
1787710860000,5.953863957078802
1787710920000,9.963815663336213
1787710980000,23.395923832762563
1787711040000,19.976394463622867
1787711100000,40.985589292725706
1787711160000,41.25619953057139
1787711220000,35.77019198151993
1787711280000,36.16380687293157
1787711340000,37.73826643857865
1787711400000,39.091317627806575
1787711460000,42.756856304078696
1787711520000,43.93770097831397
1787711580000,67.38238794802696
1787711640000,64.65168463885786
1787711700000,66.29994699664472
1787711760000,60.17431524904919
1787711820000,58.71215307708651
1787711880000,58.71215307708651
1787711940000,58.71215307708651
1787712000000,58.71215307708651
1787712060000,58.71215307708651
1787712120000,58.71215307708651
1787712180000,58.71215307708651
1787712240000,58.71215307708651
1787712300000,58.71215307708651
1787712360000,58.71215307708651
1787712420000,58.71215307708651
1787712480000,58.71215307708651
1787712540000,58.71215307708651
1787712600000,58.71215307708651
1787712660000,58.71215307708651
1787712720000,58.71215307708651
1787712780000,58.71215307708651
1787712840000,58.71215307708651
1787712900000,58.71215307708651
1787712960000,58.71215307708651
1787713020000,58.71215307708651
1787713080000,58.71215307708651
1787713140000,58.71215307708651
1787713200000,58.71215307708651
1787713260000,58.71215307708651
1787713320000,54.089700613967665
1787713380000,49.9542855640344
1787713440000,48.801883238687495
1787713500000,48.801883238687495
1787713560000,42.66507870935925
1787713620000,32.676069794861704
1787713680000,29.096193767700747
1787713740000,25.256488028890953
1787713800000,22.744800816285963
1787713860000,27.24851581819826
1787713920000,14.43025004352507
1787713980000,1.6119842688518844
1787714040000,3.286442410588549
1787714100000,21.734351937651805
1787714160000,27.825915177417752
1787714220000,34.09069822494952
1787714280000,33.08024934631536
1787714340000,21.330172386198143
1787714400000,20.011487185743587
1787714460000,20.011487185743587
1787714520000,20.011487185743587
1787714580000,20.011487185743587
1787714640000,20.011487185743587
1787714700000,20.011487185743587
1787714760000,20.011487185743587
1787714820000,20.011487185743587
1787714880000,20.011487185743587
1787714940000,20.011487185743587
1787715000000,20.011487185743587
1787715060000,20.011487185743587
1787715120000,20.011487185743587
1787715180000,20.011487185743587
1787715240000,20.011487185743587
1787715300000,20.011487185743587
1787715360000,20.011487185743587
1787715420000,20.011487185743587
1787715480000,20.011487185743587
1787715540000,20.011487185743587
1787715600000,20.011487185743587
1787715660000,20.011487185743587
1787715720000,20.011487185743587
1787715780000,20.011487185743587
1787715840000,20.011487185743587
1787715900000,20.011487185743587
1787715960000,20.011487185743587
1787716020000,20.011487185743587
1787716080000,20.011487185743587
1787716140000,20.011487185743587
1787716200000,20.011487185743587
1787716260000,20.011487185743587
1787716320000,20.011487185743587
1787716380000,20.011487185743587
1787716440000,20.011487185743587
1787716500000,20.011487185743587
1787716560000,20.011487185743587
1787716620000,20.011487185743587
1787716680000,20.011487185743587
1787716740000,20.011487185743587
1787716800000,20.011487185743587
1787716860000,20.011487185743587
1787716920000,20.011487185743587
1787716980000,20.011487185743587
1787717040000,20.011487185743587
1787717100000,20.011487185743587
1787717160000,20.011487185743587
1787717220000,20.011487185743587
1787717280000,20.011487185743587
1787717340000,20.011487185743587
1787717400000,20.011487185743587
1787717460000,20.011487185743587
1787717520000,20.011487185743587
1787717580000,20.011487185743587
1787717640000,20.011487185743587
1787717700000,20.011487185743587
1787717760000,20.011487185743587
1787717820000,20.011487185743587
1787717880000,16.366328693050395
1787717940000,18.993616426605463
1787718000000,7.990223245478459
1787718060000,6.491868081074902
1787718120000,6.491868081074902
1787718180000,6.491868081074902
1787718240000,6.491868081074902
1787718300000,6.491868081074902
1787718360000,6.491868081074902
1787718420000,6.491868081074902
1787718480000,6.491868081074902
1787718540000,6.491868081074902
1787718600000,6.491868081074902
1787718660000,6.491868081074902
1787718720000,6.491868081074902
1787718780000,6.491868081074902
1787718840000,6.491868081074902
1787718900000,6.491868081074902
1787718960000,6.491868081074902
1787719020000,6.491868081074902
1787719080000,6.491868081074902
1787719140000,6.491868081074902
1787719200000,6.491868081074902
1787719260000,6.491868081074902
1787719320000,6.491868081074902
1787719380000,6.491868081074902
1787719440000,6.491868081074902
1787719500000,6.491868081074902
1787719560000,6.491868081074902
1787719620000,6.491868081074902
1787719680000,6.491868081074902
1787719740000,6.491868081074902
1787719800000,6.491868081074902
1787719860000,6.491868081074902
1787719920000,6.491868081074902
1787719980000,6.491868081074902
1787720040000,6.491868081074902
1787720100000,6.491868081074902
1787720160000,6.491868081074902
1787720220000,6.491868081074902
1787720280000,6.491868081074902
1787720340000,6.491868081074902
1787720400000,6.491868081074902
1787720460000,6.491868081074902
1787720520000,6.491868081074902
1787720580000,6.491868081074902
1787720640000,6.491868081074902
1787720700000,6.491868081074902
1787720760000,6.491868081074902
1787720820000,6.491868081074902
1787720880000,6.491868081074902
1787720940000,6.491868081074902
1787721000000,6.491868081074902
1787721060000,6.491868081074902
1787721120000,6.491868081074902
1787721180000,6.491868081074902
1787721240000,6.491868081074902
1787721300000,6.491868081074902
1787721360000,6.491868081074902
1787721420000,6.491868081074902
1787721480000,6.491868081074902
1787721540000,6.491868081074902
1787721600000,6.491868081074902
1787721660000,6.491868081074902
1787721720000,6.491868081074902
1787721780000,6.491868081074902
1787721840000,6.491868081074902
1787721900000,6.491868081074902
1787721960000,6.491868081074902
1787722020000,6.491868081074902
1787722080000,6.491868081074902
1787722140000,6.491868081074902
1787722200000,6.491868081074902
1787722260000,6.491868081074902
1787722320000,6.491868081074902
1787722380000,6.491868081074902
1787722440000,6.491868081074902
1787722500000,6.491868081074902
1787722560000,6.491868081074902
1787722620000,6.491868081074902
1787722680000,6.491868081074902
1787722740000,6.491868081074902
1787722800000,6.491868081074902
1787722860000,6.491868081074902
1787722920000,6.491868081074902
1787722980000,6.491868081074902
1787723040000,6.491868081074902
1787723100000,6.491868081074902
1787723160000,6.491868081074902
1787723220000,6.491868081074902
1787723280000,6.491868081074902
1787723340000,6.491868081074902
1787723400000,6.491868081074902
1787723460000,6.491868081074902
1787723520000,6.491868081074902
1787723580000,6.491868081074902
1787723640000,6.491868081074902
1787723700000,6.491868081074902
1787723760000,6.491868081074902
1787723820000,6.491868081074902
1787723880000,6.491868081074902
1787723940000,6.491868081074902
1787724000000,6.491868081074902
1787724060000,6.491868081074902
1787724120000,6.491868081074902
1787724180000,6.491868081074902
1787724240000,6.491868081074902
1787724300000,6.491868081074902
1787724360000,6.491868081074902
1787724420000,6.491868081074902
1787724480000,6.491868081074902
1787724540000,6.491868081074902
1787724600000,6.491868081074902
1787724660000,6.491868081074902
1787724720000,6.491868081074902
1787724780000,6.491868081074902
1787724840000,6.491868081074902
1787724900000,6.491868081074902
1787724960000,6.491868081074902
1787725020000,6.491868081074902
1787725080000,6.491868081074902
1787725140000,6.491868081074902
1787725200000,6.491868081074902
1787725260000,6.491868081074902
1787725320000,6.491868081074902
1787725380000,6.491868081074902
1787725440000,4.6446398118917855
1787725500000,9.204375288398717
1787725560000,-0.2092721469707337
1787725620000,7.5864046354446115
1787725680000,0.7909278930372468
1787725740000,2.2323926565782033
1787725800000,8.557187027217033
1787725860000,6.292028113081246
1787725920000,-0.15043685049961653
1787725980000,-7.151837130555689
1787726040000,-2.6803545987552297
1787726100000,-9.034566617629416
1787726160000,-5.1220194023041685
1787726220000,-9.65233723057554
1787726280000,-8.622719542332
1787726340000,-9.65233723057554
1787726400000,-5.2691076434817585
1787726460000,-9.534666637633508
1787726520000,-12.7117726470706
1787726580000,-15.359360988268246
1787726640000,-9.122819562336092
1787726700000,-5.1808546987750805
1787726760000,-8.00494892938608
1787726820000,-1.738989855218163
1787726880000,-1.6507369105116902
1787726940000,1.5263690989256067
1787727000000,4.909398646011407
1787727060000,-3.239289915230236
1787727120000,-4.449969051057357
1787727180000,-4.449969051057357
1787727240000,-4.449969051057357
1787727300000,-4.449969051057357
1787727360000,-4.449969051057357
1787727420000,-4.449969051057357
1787727480000,-4.449969051057357
1787727540000,-4.449969051057357
1787727600000,-4.449969051057357
1787727660000,-4.449969051057357
1787727720000,-4.449969051057357
1787727780000,-4.449969051057357
1787727840000,-4.449969051057357
1787727900000,-4.449969051057357
1787727960000,-4.449969051057357
1787728020000,-4.449969051057357
1787728080000,-4.449969051057357
1787728140000,-4.449969051057357
1787728200000,-4.449969051057357
1787728260000,-4.449969051057357
1787728320000,-4.449969051057357
1787728380000,-4.449969051057357
1787728440000,-4.449969051057357
1787728500000,-4.449969051057357
1787728560000,-4.449969051057357
1787728620000,-4.449969051057357
1787728680000,-4.449969051057357
1787728740000,-4.449969051057357
1787728800000,-4.449969051057357
1787728860000,-4.449969051057357
1787728920000,-4.449969051057357
1787728980000,-4.449969051057357
1787729040000,-4.449969051057357
1787729100000,-4.449969051057357
1787729160000,-4.449969051057357
1787729220000,-10.576447153715062
1787729280000,-8.084874784002388
1787729340000,-7.688488270638993
1787729400000,-8.707767876430605
1787729460000,-9.104154389793997
1787729520000,-7.461981691574169
1787729580000,-7.8583682049375625
1787729640000,-8.452947974982653
1787729700000,-16.154171663185693
1787729760000,-17.171452648538192
1787729820000,-17.171452648538192
1787729880000,-17.171452648538192
1787729940000,-17.171452648538192
1787730000000,-17.171452648538192
1787730060000,-17.171452648538192
1787730120000,-18.65265827244472
1787730180000,-22.871342511067596
1787730240000,-24.09359440095225
1787730300000,-24.09359440095225
1787730360000,-24.09359440095225
1787730420000,-19.54137870241625
1787730480000,-14.480570268301822
1787730540000,-7.096767798856192
1787730600000,-13.927476450365848
1787730660000,-0.8191529652827008
1787730720000,7.919729358105933
1787730780000,4.628821141386734
1787730840000,9.357773284739615
1787730900000,19.534699534761934
1787730960000,1.3932223064611904
1787731020000,0.7416951505475069
1787731080000,0.7416951505475069
1787731140000,0.7416951505475069
1787731200000,0.7416951505475069
1787731260000,0.7416951505475069
1787731320000,0.7416951505475069
1787731380000,0.7416951505475069
1787731440000,0.7416951505475069
1787731500000,0.7416951505475069
1787731560000,0.7416951505475069
1787731620000,0.7416951505475069
1787731680000,0.7416951505475069
1787731740000,0.7416951505475069
1787731800000,0.7416951505475069
1787731860000,0.7416951505475069
1787731920000,0.7416951505475069
1787731980000,0.7416951505475069
1787732040000,0.7416951505475069
1787732100000,0.7416951505475069
1787732160000,0.7416951505475069
1787732220000,0.7416951505475069
1787732280000,0.7416951505475069
1787732340000,0.7416951505475069
1787732400000,0.7416951505475069
1787732460000,0.7416951505475069
1787732520000,0.7416951505475069
1787732580000,0.7416951505475069
1787732640000,0.7416951505475069
1787732700000,0.7416951505475069
1787732760000,0.7416951505475069
1787732820000,0.7416951505475069
1787732880000,0.7416951505475069
1787732940000,0.7416951505475069
1787733000000,0.7416951505475069
1787733060000,0.7416951505475069
1787733120000,0.7416951505475069
1787733180000,0.7416951505475069
1787733240000,0.7416951505475069
1787733300000,0.7416951505475069
1787733360000,0.7416951505475069
1787733420000,0.7416951505475069
1787733480000,0.7416951505475069
1787733540000,0.7416951505475069
1787733600000,0.7416951505475069
1787733660000,0.7416951505475069
1787733720000,0.7416951505475069
1787733780000,0.7416951505475069
1787733840000,0.7416951505475069
1787733900000,0.7416951505475069
1787733960000,0.7416951505475069
1787734020000,0.7416951505475069
1787734080000,0.7416951505475069
1787734140000,0.7416951505475069
1787734200000,0.7416951505475069
1787734260000,0.7416951505475069
1787734320000,0.7416951505475069
1787734380000,0.7416951505475069
1787734440000,0.7416951505475069
1787734500000,0.7416951505475069
1787734560000,0.7416951505475069
1787734620000,0.7416951505475069
1787734680000,0.7416951505475069
1787734740000,0.7416951505475069
1787734800000,0.7416951505475069
1787734860000,0.7416951505475069
1787734920000,0.7416951505475069
1787734980000,0.7416951505475069
1787735040000,0.7416951505475069
1787735100000,0.7416951505475069
1787735160000,0.7416951505475069
1787735220000,0.7416951505475069
1787735280000,0.7416951505475069
1787735340000,-5.18655732389246
1787735400000,-6.04388507879687
1787735460000,3.8283739170706585
1787735520000,-0.7440407757521985
1787735580000,-14.669121885712563
1787735640000,-14.94343573721307
1787735700000,-14.94343573721307
1787735760000,-14.94343573721307
1787735820000,-14.94343573721307
1787735880000,-14.94343573721307
1787735940000,-14.94343573721307
1787736000000,-14.94343573721307
1787736060000,-14.94343573721307
1787736120000,-14.94343573721307
1787736180000,-14.94343573721307
1787736240000,-14.94343573721307
1787736300000,-14.94343573721307
1787736360000,-14.94343573721307
1787736420000,-14.94343573721307
1787736480000,-14.94343573721307
1787736540000,-14.94343573721307
1787736600000,-14.94343573721307
1787736660000,-14.94343573721307
1787736720000,-14.94343573721307
1787736780000,-14.94343573721307
1787736840000,-14.94343573721307
1787736900000,-14.94343573721307
1787736960000,-14.94343573721307
1787737020000,-14.94343573721307
1787737080000,-14.94343573721307
1787737140000,-14.94343573721307
1787737200000,-14.94343573721307
1787737260000,-14.94343573721307
1787737320000,-14.94343573721307
1787737380000,-14.94343573721307
1787737440000,-14.94343573721307
1787737500000,-14.94343573721307
1787737560000,-14.94343573721307
1787737620000,-14.94343573721307
1787737680000,-14.94343573721307
1787737740000,-14.94343573721307
1787737800000,-14.94343573721307
1787737860000,-14.94343573721307
1787737920000,-14.94343573721307
1787737980000,-14.94343573721307
1787738040000,-14.94343573721307
1787738100000,-14.94343573721307
1787738160000,-14.94343573721307
1787738220000,-14.94343573721307
1787738280000,-14.94343573721307
1787738340000,-14.94343573721307
1787738400000,-14.94343573721307
1787738460000,-14.94343573721307
1787738520000,-14.94343573721307
1787738580000,-14.94343573721307
1787738640000,-14.94343573721307
1787738700000,-14.94343573721307
1787738760000,-14.94343573721307
1787738820000,-14.94343573721307
1787738880000,-14.94343573721307
1787738940000,-14.94343573721307
1787739000000,-14.94343573721307
1787739060000,-14.94343573721307
1787739120000,-14.94343573721307
1787739180000,-14.94343573721307
1787739240000,-14.94343573721307
1787739300000,-14.94343573721307
1787739360000,-14.94343573721307
1787739420000,-14.94343573721307
1787739480000,-14.94343573721307
1787739540000,-14.94343573721307
1787739600000,-14.94343573721307
1787739660000,-14.94343573721307
1787739720000,-14.94343573721307
1787739780000,-14.94343573721307
1787739840000,-14.94343573721307
1787739900000,-14.94343573721307
1787739960000,-14.94343573721307
1787740020000,-14.94343573721307
1787740080000,-14.94343573721307
1787740140000,-14.94343573721307
1787740200000,-8.927150270598336
1787740260000,-13.235356524098666
1787740320000,-17.005036995911475
1787740380000,-15.658722541692589
1787740440000,-15.443312229017543
1787740500000,-14.608597267401958
1787740560000,-16.008764299789465
1787740620000,-16.062616877958273
1787740680000,-14.393186954726913
1787740740000,-13.558471993111139
1787740800000,-22.551852547293077
1787740860000,-23.31342004204067
1787740920000,-23.31342004204067
1787740980000,-23.31342004204067
1787741040000,-23.31342004204067
1787741100000,-23.31342004204067
1787741160000,-23.31342004204067
1787741220000,-23.31342004204067
1787741280000,-23.31342004204067
1787741340000,-23.31342004204067
1787741400000,-23.31342004204067
1787741460000,-23.31342004204067
1787741520000,-23.31342004204067
1787741580000,-23.31342004204067
1787741640000,-23.31342004204067
1787741700000,-23.31342004204067
1787741760000,-23.31342004204067
1787741820000,-23.31342004204067
1787741880000,-23.31342004204067
1787741940000,-23.31342004204067
1787742000000,-23.31342004204067
1787742060000,-23.31342004204067
1787742120000,-23.31342004204067
1787742180000,-23.31342004204067
1787742240000,-23.31342004204067
1787742300000,-23.31342004204067
1787742360000,-25.481983670464693
1787742420000,-29.811853973529814
1787742480000,-33.57200449987569
1787742540000,-34.86887718610106
1787742600000,-34.86887718610106
1787742660000,-34.86887718610106
1787742720000,-34.86887718610106
1787742780000,-34.86887718610106
1787742840000,-34.86887718610106
1787742900000,-34.86887718610106
1787742960000,-34.86887718610106
1787743020000,-34.86887718610106
1787743080000,-34.86887718610106
1787743140000,-34.86887718610106
1787743200000,-34.86887718610106
1787743260000,-34.86887718610106
1787743320000,-34.86887718610106
1787743380000,-34.86887718610106
1787743440000,-34.86887718610106
1787743500000,-34.86887718610106
1787743560000,-34.86887718610106
1787743620000,-34.86887718610106
1787743680000,-34.86887718610106
1787743740000,-34.86887718610106
1787743800000,-34.86887718610106
1787743860000,-34.86887718610106
1787743920000,-34.86887718610106
1787743980000,-34.86887718610106
1787744040000,-34.86887718610106
1787744100000,-34.86887718610106
1787744160000,-34.86887718610106
1787744220000,-34.86887718610106
1787744280000,-34.86887718610106
1787744340000,-34.86887718610106
1787744400000,-34.86887718610106
1787744460000,-34.86887718610106
1787744520000,-34.86887718610106
1787744580000,-34.86887718610106
1787744640000,-34.86887718610106
1787744700000,-34.86887718610106
1787744760000,-34.86887718610106
1787744820000,-34.86887718610106
1787744880000,-34.86887718610106
1787744940000,-34.86887718610106
1787745000000,-34.86887718610106
1787745060000,-34.86887718610106
1787745120000,-34.86887718610106
1787745180000,-34.86887718610106
1787745240000,-34.86887718610106
1787745300000,-34.86887718610106
1787745360000,-34.86887718610106
1787745420000,-34.86887718610106
1787745480000,-34.86887718610106
1787745540000,-34.86887718610106
1787745600000,-34.86887718610106
1787745660000,-34.86887718610106
1787745720000,-34.86887718610106
1787745780000,-34.86887718610106
1787745840000,-24.95239798364061
1787745900000,-25.00675709958404
1787745960000,-34.54678194767964
1787746020000,-30.986259853376218
1787746080000,-36.09601675207126
1787746140000,-34.03037034621583
1787746200000,-30.225232230166313
1787746260000,-30.170873114222694
1787746320000,-30.578566483799456
1787746380000,-28.21394494025432
1787746440000,-29.46420460695641
1787746500000,-32.481135541824216
1787746560000,-27.072403505439464
1787746620000,-21.011362077732237
1787746680000,-21.147259867591092
1787746740000,-23.620599643023276
1787746800000,-21.283157657449948
1787746860000,-12.042107947044062
1787746920000,-13.45544496157682
1787746980000,-15.140577555827292
1787747040000,-14.950320650024818
1787747100000,-15.901605179037198
1787747160000,-15.847246063093579
1787747220000,-19.081613461735667
1787747280000,-15.68416871526291
1787747340000,-15.140577555827292
1787747400000,-21.77238970094214
1787747460000,-23.043396562502874
1787747520000,-23.043396562502874
1787747580000,-23.043396562502874
1787747640000,-23.043396562502874
1787747700000,-23.043396562502874
1787747760000,-23.043396562502874
1787747820000,-23.043396562502874
1787747880000,-23.043396562502874
1787747940000,-23.043396562502874
1787748000000,-23.043396562502874
1787748060000,-23.043396562502874
1787748120000,-23.043396562502874
1787748180000,-23.043396562502874
1787748240000,-23.043396562502874
1787748300000,-23.043396562502874
1787748360000,-23.043396562502874
1787748420000,-23.043396562502874
1787748480000,-23.043396562502874
1787748540000,-23.043396562502874
1787748600000,-23.043396562502874
1787748660000,-23.043396562502874
1787748720000,-23.043396562502874
1787748780000,-23.043396562502874
1787748840000,-23.043396562502874
1787748900000,-23.043396562502874
1787748960000,-18.63256988842268
1787749020000,-16.024739458724092
1787749080000,-15.02375404126414
1787749140000,-11.151520978984454
1787749200000,-18.579886445398415
1787749260000,-19.39158981411747
1787749320000,-19.39158981411747
1787749380000,-19.39158981411747
1787749440000,-19.39158981411747
1787749500000,-19.39158981411747
1787749560000,-19.39158981411747
1787749620000,-19.39158981411747
1787749680000,-19.39158981411747
1787749740000,-19.39158981411747
1787749800000,-19.39158981411747
1787749860000,-19.39158981411747
1787749920000,-19.39158981411747
1787749980000,-19.39158981411747
1787750040000,-19.39158981411747
1787750100000,-19.39158981411747
1787750160000,-19.39158981411747
1787750220000,-19.39158981411747
1787750280000,-19.39158981411747
1787750340000,-19.39158981411747
1787750400000,-19.39158981411747
1787750460000,-19.39158981411747
1787750520000,-19.39158981411747
1787750580000,-19.39158981411747
1787750640000,-19.39158981411747
1787750700000,-19.39158981411747
1787750760000,-19.39158981411747
1787750820000,-19.39158981411747
1787750880000,-19.39158981411747
1787750940000,-19.39158981411747
1787751000000,-19.39158981411747
1787751060000,-19.39158981411747
1787751120000,-15.450661093238942
1787751180000,-11.723516764803126
1787751240000,-2.6498481583352174
1787751300000,-5.914312501171997
1787751360000,1.848429479432209
1787751420000,9.22560480537079
1787751480000,4.341760512937558
1787751540000,14.649242414335934
1787751600000,17.16827789148569
1787751660000,6.706569328221029
1787751720000,13.980926879581968
1787751780000,13.518246893983108
1787751840000,22.077826627563336
1787751900000,38.451557229036595
1787751960000,38.477261672680996
1787752020000,41.40756824814079
1787752080000,26.319059828886832
1787752140000,25.06321639144522
1787752200000,25.06321639144522
1787752260000,29.679710778125795
1787752320000,24.154079103180763
1787752380000,21.245851905841466
1787752440000,20.38831826882531
1787752500000,20.38831826882531
1787752560000,20.38831826882531
1787752620000,20.38831826882531
1787752680000,20.38831826882531
1787752740000,20.38831826882531
1787752800000,20.38831826882531
1787752860000,20.38831826882531
1787752920000,20.38831826882531
1787752980000,20.38831826882531
1787753040000,20.38831826882531
1787753100000,20.38831826882531
1787753160000,20.38831826882531
1787753220000,20.38831826882531
1787753280000,20.38831826882531
1787753340000,20.38831826882531
1787753400000,20.38831826882531
1787753460000,20.38831826882531
1787753520000,20.38831826882531
1787753580000,20.38831826882531
1787753640000,20.38831826882531
1787753700000,20.38831826882531
1787753760000,20.38831826882531
1787753820000,20.38831826882531
1787753880000,20.38831826882531
1787753940000,20.38831826882531
1787754000000,20.38831826882531
1787754060000,20.38831826882531
1787754120000,20.38831826882531
1787754180000,20.38831826882531
1787754240000,20.38831826882531
1787754300000,20.38831826882531
1787754360000,20.38831826882531
1787754420000,20.38831826882531
1787754480000,20.38831826882531
1787754540000,20.38831826882531
1787754600000,20.38831826882531
1787754660000,20.38831826882531
1787754720000,20.38831826882531
1787754780000,20.38831826882531
1787754840000,20.38831826882531
1787754900000,20.38831826882531
1787754960000,20.38831826882531
1787755020000,24.78960013245598
1787755080000,29.662750160776
1787755140000,38.17675940565708
1787755200000,49.127343664697875
1787755260000,49.04332383662351
1787755320000,49.0713304459815
1787755380000,51.899997991155864
1787755440000,61.53427161036314
1787755500000,56.521088535252375
1787755560000,61.562278219721335
1787755620000,58.6495908464726
1787755680000,54.364579614673964
1787755740000,64.19489949938857
1787755800000,66.15536215445985
1787755860000,65.51121013922209
1787755920000,60.97413942319995
1787755980000,75.98568203917426
1787756040000,79.40248838086981
1787756100000,74.52933835254979
1787756160000,84.49969128405516
1787756220000,88.78470251585378
1787756280000,88.08453728189983
1787756340000,92.03346920140041
1787756400000,110.51783137778665
1787756460000,93.18174018508498
1787756520000,50.303621257740645
1787756580000,49.14052580438798
1787756640000,49.14052580438798
1787756700000,49.14052580438798
1787756760000,49.14052580438798
1787756820000,49.14052580438798
1787756880000,49.14052580438798
1787756940000,49.14052580438798
1787757000000,49.14052580438798
1787757060000,49.14052580438798
1787757120000,49.14052580438798
1787757180000,49.14052580438798
1787757240000,49.14052580438798
1787757300000,49.14052580438798
1787757360000,49.14052580438798
1787757420000,49.14052580438798
1787757480000,49.14052580438798
1787757540000,49.14052580438798
1787757600000,49.14052580438798
1787757660000,49.14052580438798
1787757720000,49.14052580438798
1787757780000,49.49198534138326
1787757840000,50.100416535499676
1787757900000,49.948308736970624
1787757960000,55.059130767548695
1787758020000,63.4554812463554
1787758080000,67.65365648575875
1787758140000,57.21906150666207
1787758200000,54.785336730196235
1787758260000,40.1525665116962
1787758320000,52.442876632847955
1787758380000,48.88355414726686
1787758440000,18.06651416526961
1787758500000,-10.134271682026899
1787758560000,-11.556703452278931
1787758620000,-11.556703452278931
1787758680000,-11.556703452278931
1787758740000,-11.556703452278931
1787758800000,-11.556703452278931
1787758860000,-11.556703452278931
1787758920000,-11.556703452278931
1787758980000,-11.556703452278931
1787759040000,-11.556703452278931
1787759100000,-11.556703452278931
1787759160000,-11.556703452278931
1787759220000,-11.556703452278931
1787759280000,-11.556703452278931
1787759340000,-11.556703452278931
1787759400000,-11.556703452278931
1787759460000,-11.556703452278931
1787759520000,-11.556703452278931
1787759580000,-11.556703452278931
1787759640000,-11.556703452278931
1787759700000,-11.556703452278931
1787759760000,-11.556703452278931
1787759820000,-11.556703452278931
1787759880000,-11.556703452278931
1787759940000,-11.556703452278931
1787760000000,-11.556703452278931
1787760060000,-17.922953037007417
1787760120000,-21.58582501204379
1787760180000,-24.23730696412231
1787760240000,-21.804503935926583
1787760300000,-13.904727810661763
1787760360000,-21.367146088160997
1787760420000,-18.770333867053218
1787760480000,-18.907008194479893
1787760540000,-21.613159877529164
1787760600000,-17.212246534388477
1787760660000,-19.344366042245483
1787760720000,-21.257806626219693
1787760780000,-21.47648555010249
1787760840000,-32.27375741681399
1787760900000,-36.620001028983935
1787760960000,-33.093803381374244
1787761020000,-20.929788240395595
1787761080000,-31.80906470356304
1787761140000,-28.829564365660417
1787761200000,-29.786284657647524
1787761260000,-32.54710607166734
1787761320000,-30.22364250541311
1787761380000,-34.76123017598047
1787761440000,-31.153027931914846
1787761500000,-26.834119185230087
1787761560000,-27.517490822363843
1787761620000,-24.64732994640253
1787761680000,-26.150747548096525
1787761740000,-25.76805943130168
1787761800000,-26.2874218755232
1787761860000,-30.332981967354414
1787761920000,-43.09836414901088
1787761980000,-43.86374038260057
1787762040000,-45.8996444113311
1787762100000,-45.8996444113311
1787762160000,-45.8996444113311
1787762220000,-45.8996444113311
1787762280000,-45.8996444113311
1787762340000,-45.8996444113311
1787762400000,-45.8996444113311
1787762460000,-45.8996444113311
1787762520000,-45.8996444113311
1787762580000,-45.8996444113311
1787762640000,-45.8996444113311
1787762700000,-45.8996444113311
1787762760000,-45.8996444113311
1787762820000,-45.33289897016051
1787762880000,-50.29129684364388
1787762940000,-59.43868602403564
1787763000000,-57.92836943038829
1787763060000,-62.544808829838374
1787763120000,-58.75476907596888
1787763180000,-52.59951654336882
1787763240000,-48.2680425389466
1787763300000,-46.07380899723268
1787763360000,-51.459654963257755
1787763420000,-45.19041627264667
1787763480000,-45.76034706270221
1787763540000,-46.301781313254935
1787763600000,-44.99094049612722
1787763660000,-48.35353215745502
1787763720000,-48.21104945994119
1787763780000,-49.35091104005225
1787763840000,-51.14619302872728
1787763900000,-50.861227633699414
1787763960000,-54.337805453038435
1787764020000,-61.8038988027662
1787764080000,-66.42033820221629
1787764140000,-68.55695065248774
1787764200000,-68.55695065248774
1787764260000,-68.55695065248774
1787764320000,-68.55695065248774
1787764380000,-68.55695065248774
1787764440000,-68.55695065248774
1787764500000,-68.55695065248774
1787764560000,-68.55695065248774
1787764620000,-68.55695065248774
1787764680000,-68.55695065248774
1787764740000,-68.55695065248774
1787764800000,-68.55695065248774
1787764860000,-68.55695065248774
1787764920000,-68.55695065248774
1787764980000,-68.55695065248774
1787765040000,-68.55695065248774
1787765100000,-68.55695065248774
1787765160000,-68.55695065248774
1787765220000,-68.55695065248774
1787765280000,-68.55695065248774
1787765340000,-68.55695065248774
1787765400000,-68.55695065248774
1787765460000,-68.55695065248774
1787765520000,-66.47493266240322
1787765580000,-68.30146928742501
1787765640000,-70.24216445151058
1787765700000,-69.44305467806356
1787765760000,-73.58130171912863
1787765820000,-80.54497260202388
1787765880000,-81.40116164500287
1787765940000,-79.5460853852151
1787766000000,-80.3737347934281
1787766060000,-79.91710063717281
1787766120000,-76.17840848283124
1787766180000,-72.7821919456816
1787766240000,-70.18508518197879
1787766300000,-65.44750581082864
1787766360000,-68.15877111359525
1787766420000,-69.58575285189352
1787766480000,-67.04572535772269
1787766540000,-65.7043625237222
1787766600000,-66.90302718389273
1787766660000,-66.76032901006296
1787766720000,-69.2718168694678
1787766780000,-67.9019144007015
1787766840000,-64.27738078542411
1787766900000,-68.8151827132125
1787766960000,-69.15765833040402
1787767020000,-71.61206692027707
1787767080000,-70.18508518197879
1787767140000,-68.21585038312723
1787767200000,-63.53535028150888
1787767260000,-62.964557586189606
1787767320000,-62.19398744750858
1787767380000,-61.2236398654658
1787767440000,-62.65062160376408
1787767500000,-63.53535028150888
1787767560000,-63.22141429908335
1787767620000,-64.16322224636014
1787767680000,-61.737353291253086
1787767740000,-62.50792342993411
1787767800000,-61.2236398654658
1787767860000,-63.620969185806864
1787767920000,-64.81404482085054
1787767980000,-64.81404482085054
1787768040000,-64.81404482085054
1787768100000,-64.81404482085054
1787768160000,-64.81404482085054
1787768220000,-64.81404482085054
1787768280000,-64.81404482085054
1787768340000,-64.81404482085054
1787768400000,-64.81404482085054
1787768460000,-64.81404482085054
1787768520000,-64.81404482085054
1787768580000,-64.81404482085054
1787768640000,-64.81404482085054
1787768700000,-64.81404482085054
1787768760000,-64.81404482085054
1787768820000,-64.81404482085054
1787768880000,-64.81404482085054
1787768940000,-64.81404482085054
1787769000000,-64.81404482085054
1787769060000,-64.81404482085054
1787769120000,-64.81404482085054
1787769180000,-64.81404482085054
1787769240000,-64.81404482085054
1787769300000,-64.81404482085054
1787769360000,-64.81404482085054
1787769420000,-64.81404482085054
1787769480000,-64.81404482085054
1787769540000,-64.81404482085054
1787769600000,-56.83740482645592
1787769660000,-53.26546925590305
1787769720000,-47.80592545700911
1787769780000,-48.59000887493534
1787769840000,-46.58624014023493
1787769900000,-46.731440773184374
1787769960000,-37.874202163276706
1787770020000,-40.25549254364529
1787770080000,-43.59510710147924
1787770140000,-45.134233810742025
1787770200000,-45.989789115519905
1787770260000,-45.989789115519905
1787770320000,-45.989789115519905
1787770380000,-45.989789115519905
1787770440000,-45.989789115519905
1787770500000,-45.989789115519905
1787770560000,-45.989789115519905
1787770620000,-45.989789115519905
1787770680000,-45.989789115519905
1787770740000,-45.989789115519905
1787770800000,-45.989789115519905
1787770860000,-45.989789115519905
1787770920000,-45.989789115519905
1787770980000,-45.989789115519905
1787771040000,-45.989789115519905
1787771100000,-45.989789115519905
1787771160000,-45.989789115519905
1787771220000,-46.082254183220144
1787771280000,-52.0092768367257
1787771340000,-52.76594544815412
1787771400000,-52.76594544815412
1787771460000,-53.81513482270859
1787771520000,-54.207346469671165
1787771580000,-54.116836089602785
1787771640000,-51.944586967963915
1787771700000,-54.72023862339137
1787771760000,-55.52890158667892
1787771820000,-55.52890158667892
1787771880000,-55.52890158667892
1787771940000,-55.52890158667892
1787772000000,-55.52890158667892
1787772060000,-55.52890158667892
1787772120000,-55.52890158667892
1787772180000,-55.52890158667892
1787772240000,-55.52890158667892
1787772300000,-55.52890158667892
1787772360000,-55.52890158667892
1787772420000,-55.52890158667892
1787772480000,-55.52890158667892
1787772540000,-55.52890158667892
1787772600000,-61.482139714402585
1787772660000,-63.17326832666144
1787772720000,-63.17326832666144
1787772780000,-63.17326832666144
1787772840000,-63.17326832666144
1787772900000,-63.17326832666144
1787772960000,-63.17326832666144
1787773020000,-63.17326832666144
1787773080000,-63.17326832666144
1787773140000,-63.17326832666144
1787773200000,-63.17326832666144
1787773260000,-63.17326832666144
1787773320000,-63.17326832666144
1787773380000,-63.17326832666144
1787773440000,-63.17326832666144
1787773500000,-63.17326832666144
1787773560000,-63.17326832666144
1787773620000,-65.52435623049287
1787773680000,-64.58534347336857
1787773740000,-64.07040099365508
1787773800000,-68.58372037467251
1787773860000,-69.78921379922045
1787773920000,-69.78921379922045
1787773980000,-69.78921379922045
1787774040000,-69.78921379922045
1787774100000,-69.78921379922045
1787774160000,-69.78921379922045
1787774220000,-69.78921379922045
1787774280000,-69.78921379922045
1787774340000,-69.78921379922045
1787774400000,-69.78921379922045
1787774460000,-69.78921379922045
1787774520000,-69.78921379922045
1787774580000,-69.78921379922045
1787774640000,-69.78921379922045
1787774700000,-69.78921379922045
1787774760000,-69.78921379922045
1787774820000,-69.78921379922045
1787774880000,-69.78921379922045
1787774940000,-69.78921379922045
1787775000000,-69.78921379922045
1787775060000,-69.78921379922045
1787775120000,-69.78921379922045
1787775180000,-69.78921379922045
1787775240000,-69.78921379922045
1787775300000,-69.78921379922045
1787775360000,-69.78921379922045
1787775420000,-69.78921379922045
1787775480000,-69.78921379922045
1787775540000,-69.78921379922045
1787775600000,-69.78921379922045
1787775660000,-69.78921379922045
1787775720000,-69.78921379922045
1787775780000,-69.78921379922045
1787775840000,-69.78921379922045
1787775900000,-69.78921379922045
1787775960000,-69.78921379922045
1787776020000,-69.8641693977644
1787776080000,-69.04316185572743
1787776140000,-65.75913168758038
1787776200000,-82.90906701012666
1787776260000,-84.51958762457087
1787776320000,-84.51958762457087
1787776380000,-84.51958762457087
1787776440000,-84.51958762457087
1787776500000,-84.51958762457087
1787776560000,-84.51958762457087
1787776620000,-84.51958762457087
1787776680000,-84.51958762457087
1787776740000,-84.51958762457087
1787776800000,-84.51958762457087
1787776860000,-84.51958762457087
1787776920000,-84.51958762457087
1787776980000,-84.51958762457087
1787777040000,-84.51958762457087
1787777100000,-84.51958762457087
1787777160000,-84.51958762457087
1787777220000,-84.51958762457087
1787777280000,-84.51958762457087
1787777340000,-84.51958762457087
1787777400000,-84.51958762457087
1787777460000,-84.51958762457087
1787777520000,-84.51958762457087
1787777580000,-84.51958762457087
1787777640000,-84.51958762457087
1787777700000,-84.51958762457087
1787777760000,-84.51958762457087
1787777820000,-84.51958762457087
1787777880000,-84.51958762457087
1787777940000,-84.51958762457087
1787778000000,-84.51958762457087
1787778060000,-84.51958762457087
1787778120000,-84.51958762457087
1787778180000,-84.51958762457087
1787778240000,-84.51958762457087
1787778300000,-84.51958762457087
1787778360000,-84.51958762457087
1787778420000,-84.51958762457087
1787778480000,-84.51958762457087
1787778540000,-84.51958762457087
1787778600000,-84.51958762457087
1787778660000,-84.51958762457087
1787778720000,-84.51958762457087
1787778780000,-84.51958762457087
1787778840000,-84.51958762457087
1787778900000,-84.51958762457087
1787778960000,-84.51958762457087
1787779020000,-83.36470459317015
1787779080000,-86.60654669936031
1787779140000,-89.72605514116624
1787779200000,-82.75303627124725
1787779260000,-82.99770360001637
1787779320000,-83.21178751268931
1787779380000,-80.76511422499861
1787779440000,-84.52687440482318
1787779500000,-85.57278233885611
1787779560000,-85.57278233885611
1787779620000,-85.57278233885611
1787779680000,-85.57278233885611
1787779740000,-85.57278233885611
1787779800000,-85.57278233885611
1787779860000,-85.57278233885611
1787779920000,-85.57278233885611
1787779980000,-85.57278233885611
1787780040000,-85.57278233885611
1787780100000,-85.57278233885611
1787780160000,-85.57278233885611
1787780220000,-85.57278233885611
1787780280000,-85.57278233885611
1787780340000,-85.57278233885611
1787780400000,-85.57278233885611
1787780460000,-85.57278233885611
1787780520000,-85.57278233885611
1787780580000,-85.57278233885611
1787780640000,-85.57278233885611
1787780700000,-85.57278233885611
1787780760000,-85.57278233885611
1787780820000,-85.57278233885611
1787780880000,-85.57278233885611
1787780940000,-85.57278233885611
1787781000000,-85.57278233885611
1787781060000,-85.57278233885611
1787781120000,-85.57278233885611
1787781180000,-85.57278233885611
1787781240000,-85.57278233885611
1787781300000,-85.57278233885611
1787781360000,-85.57278233885611
1787781420000,-85.57278233885611
1787781480000,-85.57278233885611
1787781540000,-85.57278233885611
1787781600000,-85.57278233885611
1787781660000,-85.57278233885611
1787781720000,-85.57278233885611
1787781780000,-85.57278233885611
1787781840000,-85.57278233885611
1787781900000,-85.57278233885611
1787781960000,-85.57278233885611
1787782020000,-85.57278233885611
1787782080000,-85.57278233885611
1787782140000,-85.57278233885611
1787782200000,-85.57278233885611
1787782260000,-85.57278233885611
1787782320000,-85.57278233885611
1787782380000,-85.57278233885611
1787782440000,-85.57278233885611
1787782500000,-85.57278233885611
1787782560000,-85.57278233885611
1787782620000,-85.57278233885611
1787782680000,-85.57278233885611
1787782740000,-85.57278233885611
1787782800000,-85.57278233885611
1787782860000,-85.57278233885611
1787782920000,-85.57278233885611
1787782980000,-85.57278233885611
1787783040000,-85.57278233885611
1787783100000,-85.57278233885611
1787783160000,-85.57278233885611
1787783220000,-85.57278233885611
1787783280000,-85.57278233885611
1787783340000,-85.57278233885611
1787783400000,-85.57278233885611
1787783460000,-85.57278233885611
1787783520000,-85.57278233885611
1787783580000,-85.57278233885611
1787783640000,-85.57278233885611
1787783700000,-85.57278233885611
1787783760000,-85.57278233885611
1787783820000,-85.57278233885611
1787783880000,-85.57278233885611
1787783940000,-85.57278233885611
1787784000000,-85.57278233885611
1787784060000,-85.57278233885611
1787784120000,-85.57278233885611
1787784180000,-85.57278233885611
1787784240000,-85.57278233885611
1787784300000,-85.57278233885611
1787784360000,-85.57278233885611
1787784420000,-85.57278233885611
1787784480000,-85.57278233885611
1787784540000,-85.57278233885611
1787784600000,-85.57278233885611
1787784660000,-85.57278233885611
1787784720000,-85.57278233885611
1787784780000,-85.57278233885611
1787784840000,-85.57278233885611
1787784900000,-85.57278233885611
1787784960000,-85.57278233885611
1787785020000,-85.57278233885611
1787785080000,-85.57278233885611
1787785140000,-85.57278233885611
1787785200000,-85.57278233885611
1787785260000,-85.57278233885611
1787785320000,-85.57278233885611
1787785380000,-85.57278233885611
1787785440000,-85.57278233885611
1787785500000,-85.57278233885611
1787785560000,-85.57278233885611
1787785620000,-85.57278233885611
1787785680000,-85.57278233885611
1787785740000,-85.57278233885611
1787785800000,-85.57278233885611
1787785860000,-85.57278233885611
1787785920000,-85.57278233885611
1787785980000,-85.57278233885611
1787786040000,-85.57278233885611
1787786100000,-85.57278233885611
1787786160000,-85.57278233885611
1787786220000,-85.57278233885611
1787786280000,-85.57278233885611
1787786340000,-85.57278233885611
1787786400000,-85.57278233885611
1787786460000,-85.57278233885611
1787786520000,-85.57278233885611
1787786580000,-85.57278233885611
1787786640000,-85.57278233885611
1787786700000,-85.57278233885611
1787786760000,-85.57278233885611
1787786820000,-85.57278233885611
1787786880000,-85.57278233885611
1787786940000,-85.57278233885611
1787787000000,-85.57278233885611
1787787060000,-85.57278233885611
1787787120000,-85.57278233885611
1787787180000,-85.57278233885611
1787787240000,-85.57278233885611
1787787300000,-85.57278233885611
1787787360000,-85.57278233885611
1787787420000,-85.57278233885611
1787787480000,-85.57278233885611
1787787540000,-84.27083669285558
1787787600000,-94.77917643966435
1787787660000,-95.89528868371956
1787787720000,-95.89528868371956
1787787780000,-95.89528868371956
1787787840000,-95.89528868371956
1787787900000,-95.89528868371956
1787787960000,-95.89528868371956
1787788020000,-95.89528868371956
1787788080000,-95.89528868371956
1787788140000,-95.89528868371956
1787788200000,-95.89528868371956
1787788260000,-95.89528868371956
1787788320000,-95.89528868371956
1787788380000,-95.89528868371956
1787788440000,-95.89528868371956
1787788500000,-91.42132909507941
1787788560000,-95.77139545250468
1787788620000,-99.2703618704337
1787788680000,-99.90533148017656
1787788740000,-99.90533148017656
1787788800000,-99.90533148017656
1787788860000,-99.90533148017656
1787788920000,-99.90533148017656
1787788980000,-99.90533148017656
1787789040000,-99.90533148017656
1787789100000,-99.90533148017656
1787789160000,-99.90533148017656
1787789220000,-99.90533148017656
1787789280000,-99.90533148017656
1787789340000,-99.90533148017656
1787789400000,-99.90533148017656
1787789460000,-99.90533148017656
1787789520000,-99.90533148017656
1787789580000,-99.90533148017656
1787789640000,-99.90533148017656
1787789700000,-99.90533148017656
1787789760000,-99.90533148017656
1787789820000,-99.90533148017656
1787789880000,-99.90533148017656
1787789940000,-99.90533148017656
1787790000000,-99.90533148017656
1787790060000,-99.90533148017656
1787790120000,-99.90533148017656
1787790180000,-99.90533148017656
1787790240000,-99.90533148017656
1787790300000,-99.90533148017656
1787790360000,-99.90533148017656
1787790420000,-99.90533148017656
1787790480000,-99.90533148017656
1787790540000,-99.90533148017656
1787790600000,-99.90533148017656
1787790660000,-99.90533148017656
1787790720000,-99.90533148017656
1787790780000,-99.90533148017656
1787790840000,-99.90533148017656
1787790900000,-99.90533148017656
1787790960000,-99.90533148017656
1787791020000,-99.90533148017656
1787791080000,-99.90533148017656
1787791140000,-99.90533148017656
1787791200000,-99.90533148017656
1787791260000,-99.90533148017656
1787791320000,-99.90533148017656
1787791380000,-99.90533148017656
1787791440000,-99.90533148017656
1787791500000,-99.90533148017656
1787791560000,-99.90533148017656
1787791620000,-99.90533148017656
1787791680000,-99.90533148017656
1787791740000,-99.90533148017656
1787791800000,-99.90533148017656
1787791860000,-99.90533148017656
1787791920000,-99.90533148017656
1787791980000,-99.90533148017656
1787792040000,-99.90533148017656
1787792100000,-99.90533148017656
1787792160000,-99.90533148017656
1787792220000,-99.90533148017656
1787792280000,-99.90533148017656
1787792340000,-99.90533148017656
1787792400000,-99.90533148017656
1787792460000,-99.90533148017656
1787792520000,-99.90533148017656
1787792580000,-99.90533148017656
1787792640000,-99.90533148017656
1787792700000,-99.90533148017656
1787792760000,-99.90533148017656
1787792820000,-99.90533148017656
1787792880000,-99.90533148017656
1787792940000,-99.90533148017656
1787793000000,-99.90533148017656
1787793060000,-99.90533148017656
1787793120000,-99.90533148017656
1787793180000,-99.90533148017656
1787793240000,-99.90533148017656
1787793300000,-99.90533148017656
1787793360000,-99.90533148017656
1787793420000,-99.90533148017656
1787793480000,-99.90533148017656
1787793540000,-99.90533148017656
1787793600000,-99.90533148017656
1787793660000,-99.90533148017656
1787793720000,-99.90533148017656
1787793780000,-99.90533148017656
1787793840000,-99.90533148017656
1787793900000,-99.90533148017656
1787793960000,-99.90533148017656
1787794020000,-99.90533148017656
1787794080000,-99.90533148017656
1787794140000,-99.90533148017656
1787794200000,-99.90533148017656
1787794260000,-99.90533148017656
1787794320000,-99.90533148017656
1787794380000,-99.90533148017656
1787794440000,-99.90533148017656
1787794500000,-99.90533148017656
1787794560000,-99.90533148017656
1787794620000,-99.90533148017656
1787794680000,-99.90533148017656
1787794740000,-99.90533148017656
1787794800000,-99.90533148017656
1787794860000,-99.90533148017656
1787794920000,-99.90533148017656
1787794980000,-99.90533148017656
1787795040000,-99.90533148017656
1787795100000,-99.90533148017656
1787795160000,-99.90533148017656
1787795220000,-99.90533148017656
1787795280000,-99.90533148017656
1787795340000,-99.90533148017656
1787795400000,-99.90533148017656
1787795460000,-99.90533148017656
1787795520000,-99.90533148017656
1787795580000,-99.90533148017656
1787795640000,-99.90533148017656
1787795700000,-99.90533148017656
1787795760000,-99.90533148017656
1787795820000,-99.90533148017656
1787795880000,-99.90533148017656
1787795940000,-99.90533148017656
1787796000000,-99.90533148017656
1787796060000,-99.90533148017656
1787796120000,-99.90533148017656
1787796180000,-99.90533148017656
1787796240000,-99.90533148017656
1787796300000,-99.90533148017656
1787796360000,-99.90533148017656
1787796420000,-96.47605818253344
1787796480000,-97.98561686915673
1787796540000,-98.48880309803118
1787796600000,-101.0047342424033
1787796660000,-102.60808566798764
1787796720000,-102.60808566798764
1787796780000,-102.60808566798764
1787796840000,-102.60808566798764
1787796900000,-102.60808566798764
1787796960000,-102.60808566798764
1787797020000,-102.60808566798764
1787797080000,-102.60808566798764
1787797140000,-102.60808566798764
1787797200000,-102.60808566798764
1787797260000,-102.60808566798764
1787797320000,-102.60808566798764
1787797380000,-102.60808566798764
1787797440000,-102.60808566798764
1787797500000,-102.60808566798764
1787797560000,-102.60808566798764
1787797620000,-102.60808566798764
1787797680000,-102.60808566798764
1787797740000,-102.60808566798764
1787797800000,-102.60808566798764
1787797860000,-102.60808566798764
1787797920000,-102.60808566798764
1787797980000,-102.60808566798764
1787798040000,-102.60808566798764
1787798100000,-102.60808566798764
1787798160000,-102.60808566798764
1787798220000,-102.60808566798764
1787798280000,-102.60808566798764
1787798340000,-102.60808566798764
1787798400000,-102.60808566798764
1787798460000,-102.60808566798764
1787798520000,-102.60808566798764
1787798580000,-102.60808566798764
1787798640000,-102.60808566798764
1787798700000,-102.60808566798764
1787798760000,-102.60808566798764
1787798820000,-102.60808566798764
1787798880000,-102.60808566798764
1787798940000,-102.60808566798764
1787799000000,-102.60808566798764
1787799060000,-102.60808566798764
1787799120000,-102.60808566798764
1787799180000,-102.60808566798764
1787799240000,-102.60808566798764
1787799300000,-102.60808566798764
1787799360000,-102.60808566798764
1787799420000,-102.60808566798764
1787799480000,-102.60808566798764
1787799540000,-102.60808566798764
1787799600000,-102.60808566798764
1787799660000,-102.60808566798764
1787799720000,-102.60808566798764
1787799780000,-102.60808566798764
1787799840000,-102.60808566798764
1787799900000,-102.60808566798764
1787799960000,-102.60808566798764
1787800020000,-102.60808566798764
1787800080000,-102.60808566798764
1787800140000,-102.60808566798764
1787800200000,-102.60808566798764
1787800260000,-102.60808566798764
1787800320000,-102.60808566798764
1787800380000,-102.60808566798764
1787800440000,-102.60808566798764
1787800500000,-102.60808566798764
1787800560000,-102.60808566798764
1787800620000,-102.60808566798764
1787800680000,-102.60808566798764
1787800740000,-102.60808566798764
1787800800000,-102.60808566798764
1787800860000,-102.60808566798764
1787800920000,-102.60808566798764
1787800980000,-102.60808566798764
1787801040000,-102.60808566798764
1787801100000,-102.60808566798764
1787801160000,-102.60808566798764
1787801220000,-102.60808566798764
1787801280000,-102.60808566798764
1787801340000,-102.60808566798764
1787801400000,-102.60808566798764
1787801460000,-102.60808566798764
1787801520000,-102.60808566798764
1787801580000,-102.60808566798764
1787801640000,-102.60808566798764
1787801700000,-102.60808566798764
1787801760000,-102.60808566798764
1787801820000,-102.60808566798764
1787801880000,-102.60808566798764
1787801940000,-102.60808566798764
1787802000000,-102.60808566798764
1787802060000,-102.60808566798764
1787802120000,-102.60808566798764
1787802180000,-102.60808566798764
1787802240000,-102.60808566798764
1787802300000,-102.60808566798764
1787802360000,-102.60808566798764
1787802420000,-102.60808566798764
1787802480000,-102.60808566798764
1787802540000,-102.60808566798764
1787802600000,-102.60808566798764
1787802660000,-102.60808566798764
1787802720000,-102.60808566798764
1787802780000,-102.60808566798764
1787802840000,-102.60808566798764
1787802900000,-102.60808566798764
1787802960000,-102.60808566798764
1787803020000,-102.60808566798764
1787803080000,-102.60808566798764
1787803140000,-102.60808566798764
1787803200000,-102.60808566798764
1787803260000,-102.60808566798764
1787803320000,-102.60808566798764
1787803380000,-102.60808566798764
1787803440000,-102.60808566798764
1787803500000,-102.60808566798764
1787803560000,-102.60808566798764
1787803620000,-102.60808566798764
1787803680000,-102.60808566798764
1787803740000,-102.60808566798764
1787803800000,-102.60808566798764
1787803860000,-102.60808566798764
1787803920000,-102.60808566798764
1787803980000,-102.60808566798764
1787804040000,-102.60808566798764
1787804100000,-102.60808566798764
1787804160000,-102.60808566798764
1787804220000,-102.60808566798764
1787804280000,-102.60808566798764
1787804340000,-102.60808566798764
1787804400000,-102.60808566798764
1787804460000,-102.60808566798764
1787804520000,-102.60808566798764
1787804580000,-102.60808566798764
1787804640000,-101.9154120286889
1787804700000,-101.23014812190891
1787804760000,-102.665939164686
1787804820000,-101.1648848926917
1787804880000,-102.6985707792946
1787804940000,-102.3396230186003
1787805000000,-106.61436453232305
1787805060000,-107.90833498853371
1787805120000,-107.90833498853371
1787805180000,-108.35052288254477
1787805240000,-108.44937315828265
1787805300000,-108.15282233106888
1787805360000,-107.62562086046678
1787805420000,-109.6355764671374
1787805480000,-108.58117352593321
1787805540000,-111.4148814304197
1787805600000,-109.93212729435118
1787805660000,-108.02102196341845
1787805720000,-108.77887407740899
1787805780000,-107.85627150385523
1787805840000,-109.24017536418586
1787805900000,-109.04247481271008
1787805960000,-118.66390165119908
1787806020000,-114.54514016211985
1787806080000,-110.75587959216705
1787806140000,-110.75587959216705
1787806200000,-110.92063005173016
1787806260000,-108.74592398549632
1787806320000,-115.03939154080939
1787806380000,-110.22867812156484
1787806440000,-109.96507738626373
1787806500000,-110.49227885686594
1787806560000,-108.44937315828265
1787806620000,-107.79037132003
1787806680000,-109.17427518036052
1787806740000,-109.24017536418586
1787806800000,-115.76429356288737
1787806860000,-115.63249319523682
1787806920000,-116.64282569823882
1787806980000,-116.64282569823882
1787807040000,-116.64282569823882
1787807100000,-116.64282569823882
1787807160000,-116.64282569823882
1787807220000,-119.1302094097587
1787807280000,-118.00790977079393
1787807340000,-118.96516534520512
1787807400000,-116.48950437690037
1787807460000,-115.7633104928644
1787807520000,-115.07012542173909
1787807580000,-114.87207254427463
1787807640000,-117.24870707384721
1787807700000,-118.51453091285015
1787807760000,-118.51453091285015
1787807820000,-118.51453091285015
1787807880000,-118.51453091285015
1787807940000,-118.588256829497
1787808000000,-119.11828699013456
1787808060000,-119.97958600117045
1787808120000,-119.51580961061264
1787808180000,-119.8139515759713
1787808240000,-121.43716894292365
1787808300000,-120.1783473114096
1787808360000,-120.0458397712502
1787808420000,-124.08731974611116
1787808480000,-125.41239514770486
1787808540000,-124.91549187210715
1787808600000,-123.45790893035407
1787808660000,-123.12664007995565
1787808720000,-119.68144403581191
1787808780000,-122.69599057443772
1787808840000,-118.85327190981579
1787808900000,-118.29011486413846
1787808960000,-112.3272755569666
1787809020000,-118.62138371453688
1787809080000,-118.62138371453688
1787809140000,-119.25079453029396
1787809200000,-118.42262240429784
1787809260000,-117.72695781846112
1787809320000,-118.9526525649353
1787809380000,-122.39784860907905
1787809440000,-128.46006857137053
1787809500000,-123.45790893035407
1787809560000,-121.66905713820256
1787809620000,-122.13283352876037
1787809680000,-122.03345287364085
1787809740000,-127.5325157902549
1787809800000,-128.16192660601186
1787809860000,-129.37250521032274
1787809920000,-129.37250521032274
1787809980000,-129.37250521032274
1787810040000,-129.37250521032274
1787810100000,-129.37250521032274
1787810160000,-129.37250521032274
1787810220000,-129.37250521032274
1787810280000,-129.37250521032274
1787810340000,-129.37250521032274
1787810400000,-129.37250521032274
1787810460000,-129.37250521032274
1787810520000,-129.37250521032274
1787810580000,-129.37250521032274
1787810640000,-129.37250521032274
1787810700000,-129.37250521032274
1787810760000,-129.37250521032274
1787810820000,-129.37250521032274
1787810880000,-129.37250521032274
1787810940000,-129.37250521032274
1787811000000,-129.37250521032274
1787811060000,-129.37250521032274
1787811120000,-129.37250521032274
1787811180000,-129.37250521032274
1787811240000,-129.37250521032274
1787811300000,-129.37250521032274
1787811360000,-129.37250521032274
1787811420000,-129.37250521032274
1787811480000,-129.37250521032274
1787811540000,-128.75529595281373
1787811600000,-126.38648601741998
1787811660000,-131.57839820458432
1787811720000,-133.3277301855803
1787811780000,-133.3277301855803
1787811840000,-133.3277301855803
1787811900000,-133.3277301855803
1787811960000,-133.3277301855803
1787812020000,-133.3277301855803
1787812080000,-133.3277301855803
1787812140000,-133.3277301855803
1787812200000,-133.3277301855803
1787812260000,-133.3277301855803
1787812320000,-133.3277301855803
1787812380000,-133.3277301855803
1787812440000,-133.3277301855803
1787812500000,-133.72191969068373
1787812560000,-131.27237736188323
1787812620000,-130.0798370175987
1787812680000,-128.1782186307667
1787812740000,-125.01959825941864
1787812800000,-126.27660024393484
1787812860000,-128.88729667331427
1787812920000,-130.1258162550201
1787812980000,-130.1258162550201
1787813040000,-130.1258162550201
1787813100000,-130.1258162550201
1787813160000,-130.1258162550201
1787813220000,-130.1258162550201
1787813280000,-130.1258162550201
1787813340000,-130.1258162550201
1787813400000,-130.1258162550201
1787813460000,-130.1258162550201
1787813520000,-130.1258162550201
1787813580000,-130.1258162550201
1787813640000,-130.1258162550201
1787813700000,-130.1258162550201
1787813760000,-130.1258162550201
1787813820000,-130.1258162550201
1787813880000,-130.1258162550201
1787813940000,-130.1258162550201
1787814000000,-130.1258162550201
1787814060000,-130.1258162550201
1787814120000,-130.1258162550201
1787814180000,-130.1258162550201
1787814240000,-130.1258162550201
1787814300000,-130.1258162550201
1787814360000,-130.1258162550201
1787814420000,-130.1258162550201
1787814480000,-130.1258162550201
1787814540000,-130.1258162550201
1787814600000,-130.1258162550201
1787814660000,-130.1258162550201
1787814720000,-130.1258162550201
1787814780000,-130.1258162550201
1787814840000,-130.1258162550201
1787814900000,-130.1258162550201
1787814960000,-130.1258162550201
1787815020000,-130.1258162550201
1787815080000,-130.1258162550201
1787815140000,-130.1258162550201
1787815200000,-130.1258162550201
1787815260000,-130.1258162550201
1787815320000,-130.1258162550201
1787815380000,-130.1258162550201
1787815440000,-130.1258162550201
1787815500000,-130.1258162550201
1787815560000,-130.1258162550201
1787815620000,-130.1258162550201
1787815680000,-130.1258162550201
1787815740000,-130.1258162550201
1787815800000,-130.1258162550201
1787815860000,-130.1258162550201
1787815920000,-130.1258162550201
1787815980000,-130.1258162550201
1787816040000,-130.1258162550201
1787816100000,-130.1258162550201
1787816160000,-130.1258162550201
1787816220000,-130.1258162550201
1787816280000,-130.1258162550201
1787816340000,-130.1258162550201
1787816400000,-130.1258162550201
1787816460000,-130.1258162550201
1787816520000,-130.1258162550201
1787816580000,-130.1258162550201
1787816640000,-130.1258162550201
1787816700000,-130.1258162550201
1787816760000,-130.1258162550201
1787816820000,-130.1258162550201
1787816880000,-130.1258162550201
1787816940000,-130.1258162550201
1787817000000,-130.1258162550201
1787817060000,-130.1258162550201
1787817120000,-130.1258162550201
1787817180000,-130.1258162550201
1787817240000,-130.1258162550201
1787817300000,-130.1258162550201
1787817360000,-130.1258162550201
1787817420000,-130.1258162550201
1787817480000,-130.1258162550201
1787817540000,-130.1258162550201
1787817600000,-130.1258162550201
1787817660000,-130.1258162550201
1787817720000,-130.1258162550201
1787817780000,-130.1258162550201
1787817840000,-130.1258162550201
1787817900000,-130.1258162550201
1787817960000,-130.1258162550201
1787818020000,-130.1258162550201
1787818080000,-130.1258162550201
1787818140000,-130.1258162550201
1787818200000,-130.1258162550201
1787818260000,-130.1258162550201
1787818320000,-130.1258162550201
1787818380000,-130.1258162550201
1787818440000,-130.1258162550201
1787818500000,-130.65550229627198
1787818560000,-130.65550229627198
1787818620000,-130.9108752359862
1787818680000,-130.36820773909346
1787818740000,-132.31542640441418
1787818800000,-133.42117438514666
1787818860000,-133.42117438514666
1787818920000,-133.42117438514666
1787818980000,-133.42117438514666
1787819040000,-133.42117438514666
1787819100000,-133.42117438514666
1787819160000,-133.42117438514666
1787819220000,-133.42117438514666
1787819280000,-133.42117438514666
1787819340000,-133.42117438514666
1787819400000,-133.42117438514666
1787819460000,-133.42117438514666
1787819520000,-133.42117438514666
1787819580000,-133.42117438514666
1787819640000,-133.42117438514666
1787819700000,-133.42117438514666
1787819760000,-133.42117438514666
1787819820000,-133.42117438514666
1787819880000,-133.42117438514666
1787819940000,-133.42117438514666
1787820000000,-133.42117438514666
1787820060000,-133.42117438514666
1787820120000,-133.42117438514666
1787820180000,-133.42117438514666
1787820240000,-133.42117438514666
1787820300000,-133.42117438514666
1787820360000,-133.42117438514666
1787820420000,-141.54519201434903
1787820480000,-142.737838877331
1787820540000,-143.41731908127807
1787820600000,-143.41731908127807
1787820660000,-143.41731908127807
1787820720000,-143.41731908127807
1787820780000,-143.41731908127807
1787820840000,-143.41731908127807
1787820900000,-143.41731908127807
1787820960000,-143.41731908127807
1787821020000,-143.41731908127807
1787821080000,-143.41731908127807
1787821140000,-143.41731908127807
1787821200000,-143.41731908127807
1787821260000,-143.41731908127807
1787821320000,-143.41731908127807
1787821380000,-143.41731908127807
1787821440000,-143.41731908127807
1787821500000,-143.41731908127807
1787821560000,-143.41731908127807
1787821620000,-143.41731908127807
1787821680000,-143.41731908127807
1787821740000,-143.41731908127807
1787821800000,-143.41731908127807
1787821860000,-143.41731908127807
1787821920000,-143.41731908127807
1787821980000,-143.41731908127807
1787822040000,-143.41731908127807
1787822100000,-143.41731908127807
1787822160000,-143.41731908127807
1787822220000,-143.41731908127807
1787822280000,-143.41731908127807
1787822340000,-143.41731908127807
1787822400000,-143.41731908127807
1787822460000,-143.41731908127807
1787822520000,-143.41731908127807
1787822580000,-143.41731908127807
1787822640000,-143.41731908127807
1787822700000,-143.41731908127807
1787822760000,-143.41731908127807
1787822820000,-143.41731908127807
1787822880000,-143.41731908127807
1787822940000,-143.41731908127807
1787823000000,-143.41731908127807
1787823060000,-143.41731908127807
1787823120000,-143.41731908127807
1787823180000,-143.41731908127807
1787823240000,-143.41731908127807
1787823300000,-143.41731908127807
1787823360000,-143.41731908127807
1787823420000,-143.41731908127807
1787823480000,-143.41731908127807
1787823540000,-143.41731908127807
1787823600000,-143.41731908127807
1787823660000,-142.75198050720192
1787823720000,-140.26491573110232
1787823780000,-137.62240940649676
1787823840000,-136.06799392143452
1787823900000,-130.93842282072933
1787823960000,-122.20260779467971
1787824020000,-131.15604098863804
1787824080000,-139.0213833430526
1787824140000,-140.25870839669864
1787824200000,-140.25870839669864
1787824260000,-140.25870839669864
1787824320000,-140.25870839669864
1787824380000,-140.25870839669864
1787824440000,-140.25870839669864
1787824500000,-140.25870839669864
1787824560000,-140.25870839669864
1787824620000,-140.25870839669864
1787824680000,-140.25870839669864
1787824740000,-140.25870839669864
1787824800000,-140.25870839669864
1787824860000,-140.25870839669864
1787824920000,-140.25870839669864
1787824980000,-140.25870839669864
1787825040000,-140.25870839669864
1787825100000,-140.25870839669864
1787825160000,-140.25870839669864
1787825220000,-140.25870839669864
1787825280000,-140.25870839669864
1787825340000,-140.25870839669864
1787825400000,-140.25870839669864
1787825460000,-140.25870839669864
1787825520000,-140.25870839669864
1787825580000,-140.25870839669864
1787825640000,-140.25870839669864
1787825700000,-140.25870839669864
1787825760000,-140.25870839669864
1787825820000,-140.25870839669864
1787825880000,-140.25870839669864
1787825940000,-140.25870839669864
1787826000000,-140.25870839669864
1787826060000,-140.25870839669864
1787826120000,-140.25870839669864
1787826180000,-140.25870839669864
1787826240000,-140.25870839669864
1787826300000,-140.25870839669864
1787826360000,-140.25870839669864
1787826420000,-140.25870839669864
1787826480000,-140.25870839669864
1787826540000,-140.25870839669864
1787826600000,-140.25870839669864
1787826660000,-140.25870839669864
1787826720000,-140.25870839669864
1787826780000,-140.25870839669864
1787826840000,-140.25870839669864
1787826900000,-140.25870839669864
1787826960000,-140.25870839669864
1787827020000,-140.25870839669864
1787827080000,-140.25870839669864
1787827140000,-140.25870839669864
1787827200000,-140.25870839669864
1787827260000,-140.25870839669864
1787827320000,-140.25870839669864
1787827380000,-140.25870839669864
1787827440000,-140.25870839669864
1787827500000,-140.25870839669864
1787827560000,-140.25870839669864
1787827620000,-140.25870839669864
1787827680000,-140.25870839669864
1787827740000,-140.25870839669864
1787827800000,-140.25870839669864
1787827860000,-140.25870839669864
1787827920000,-140.25870839669864
1787827980000,-140.25870839669864
1787828040000,-140.25870839669864
1787828100000,-140.25870839669864
1787828160000,-140.25870839669864
1787828220000,-140.25870839669864
1787828280000,-140.25870839669864
1787828340000,-140.25870839669864
1787828400000,-142.82531970204369
1787828460000,-138.5954561626474
1787828520000,-135.8948509798021
1787828580000,-136.28529992190028
1787828640000,-135.66708909691155
1787828700000,-137.4891841600361
1787828760000,-146.4695098282928
1787828820000,-143.57368017439836
1787828880000,-135.53693944954549
1787828940000,-139.4414288705267
1787829000000,-142.53248299547002
1787829060000,-141.58889805206633
1787829120000,-139.05097992842852
1787829180000,-138.69306839817202
1787829240000,-137.4891841600361
1787829300000,-135.8948509798021
1787829360000,-135.2766401548135
1787829420000,-134.65842932982477
1787829480000,-134.7885789771908
1787829540000,-134.13783074036064
1787829600000,-134.56081709430023
1787829660000,-134.2679803877267
1787829720000,-134.2679803877267
1787829780000,-136.18768768637577
1787829840000,-142.27218370073803
1787829900000,-148.16145524405127
1787829960000,-149.89116333270866
1787830020000,-149.89116333270866
1787830080000,-149.89116333270866
1787830140000,-149.89116333270866
1787830200000,-149.89116333270866
1787830260000,-149.89116333270866
1787830320000,-149.89116333270866
1787830380000,-149.89116333270866
1787830440000,-149.89116333270866
1787830500000,-149.89116333270866
1787830560000,-149.89116333270866
1787830620000,-149.89116333270866
1787830680000,-149.89116333270866
1787830740000,-149.89116333270866
1787830800000,-149.89116333270866
1787830860000,-149.89116333270866
1787830920000,-149.89116333270866
1787830980000,-149.89116333270866
1787831040000,-149.89116333270866
1787831100000,-149.89116333270866
1787831160000,-149.89116333270866
1787831220000,-149.89116333270866
1787831280000,-149.89116333270866
1787831340000,-152.15895023521372
1787831400000,-156.71291787355133
1787831460000,-158.97227864825186
1787831520000,-158.97227864825186
1787831580000,-156.65783903827375
1787831640000,-160.5454492351506
1787831700000,-160.38994482727537
1787831760000,-161.1674668666509
1787831820000,-160.51434835357557
1787831880000,-171.8661701284559
1787831940000,-173.61084403872917
1787832000000,-173.61084403872917
1787832060000,-173.61084403872917
1787832120000,-173.61084403872917
1787832180000,-173.61084403872917
1787832240000,-173.61084403872917
1787832300000,-173.61084403872917
1787832360000,-173.61084403872917
1787832420000,-173.61084403872917
1787832480000,-173.61084403872917
1787832540000,-173.61084403872917
1787832600000,-173.61084403872917
1787832660000,-173.61084403872917
1787832720000,-173.61084403872917
1787832780000,-173.61084403872917
1787832840000,-173.61084403872917
1787832900000,-173.61084403872917
1787832960000,-173.61084403872917
1787833020000,-173.61084403872917
1787833080000,-173.61084403872917
1787833140000,-173.61084403872917
1787833200000,-173.61084403872917
1787833260000,-173.61084403872917
1787833320000,-173.61084403872917
1787833380000,-173.61084403872917
1787833440000,-173.61084403872917
1787833500000,-173.61084403872917
1787833560000,-173.61084403872917
1787833620000,-173.61084403872917
1787833680000,-173.61084403872917
1787833740000,-173.61084403872917
1787833800000,-173.61084403872917
1787833860000,-173.61084403872917
1787833920000,-173.61084403872917
1787833980000,-173.61084403872917
1787834040000,-173.61084403872917
1787834100000,-173.61084403872917
1787834160000,-173.61084403872917
1787834220000,-173.61084403872917
1787834280000,-173.61084403872917
1787834340000,-173.61084403872917
1787834400000,-173.61084403872917
1787834460000,-173.61084403872917
1787834520000,-173.61084403872917
1787834580000,-173.61084403872917
1787834640000,-173.61084403872917
1787834700000,-173.61084403872917
1787834760000,-173.61084403872917
1787834820000,-176.33115292670806
1787834880000,-165.47151806970538
1787834940000,-158.92470962734077
1787835000000,-158.58340681754933
1787835060000,-158.64546187387492
1787835120000,-157.90080119796627
1787835180000,-158.7695719865265
1787835240000,-159.88656300038969
1787835300000,-154.86010343800547
1787835360000,-147.38246915075504
1787835420000,-141.02182587736758
1787835480000,-145.17951465119157
1787835540000,-143.19375284876816
1787835600000,-153.7120848959794
1787835660000,-155.4328040485521
1787835720000,-155.4328040485521
1787835780000,-155.4328040485521
1787835840000,-155.4328040485521
1787835900000,-155.4328040485521
1787835960000,-155.4328040485521
1787836020000,-155.4328040485521
1787836080000,-155.4328040485521
1787836140000,-155.4328040485521
1787836200000,-155.4328040485521
1787836260000,-155.4328040485521
1787836320000,-155.4328040485521
1787836380000,-155.4328040485521
1787836440000,-155.4328040485521
1787836500000,-155.4328040485521
1787836560000,-155.4328040485521
1787836620000,-155.4328040485521
1787836680000,-155.4328040485521
1787836740000,-155.4328040485521
1787836800000,-155.4328040485521
1787836860000,-155.4328040485521
1787836920000,-155.4328040485521
1787836980000,-155.4328040485521
1787837040000,-155.4328040485521
1787837100000,-155.4328040485521
1787837160000,-155.4328040485521
1787837220000,-155.4328040485521
1787837280000,-155.4328040485521
1787837340000,-155.4328040485521
1787837400000,-155.4328040485521
1787837460000,-155.4328040485521
1787837520000,-155.4328040485521
1787837580000,-155.4328040485521
1787837640000,-155.4328040485521
1787837700000,-155.4328040485521
1787837760000,-155.4328040485521
1787837820000,-155.4328040485521
1787837880000,-155.4328040485521
1787837940000,-155.4328040485521
1787838000000,-155.4328040485521
1787838060000,-155.4328040485521
1787838120000,-155.4328040485521
1787838180000,-155.4328040485521
1787838240000,-155.4328040485521
1787838300000,-155.4328040485521
1787838360000,-155.4328040485521
1787838420000,-155.4328040485521
1787838480000,-155.4328040485521
1787838540000,-155.4328040485521
1787838600000,-155.4328040485521
1787838660000,-155.4328040485521
1787838720000,-155.4328040485521
1787838780000,-155.4328040485521
1787838840000,-155.4328040485521
1787838900000,-155.4328040485521
1787838960000,-155.4328040485521
1787839020000,-155.4328040485521
1787839080000,-155.4328040485521
1787839140000,-155.4328040485521
1787839200000,-155.4328040485521
1787839260000,-155.4328040485521
1787839320000,-155.4328040485521
1787839380000,-155.4328040485521
1787839440000,-155.4328040485521
1787839500000,-155.4328040485521
1787839560000,-155.4328040485521
1787839620000,-155.4328040485521
1787839680000,-155.4328040485521
1787839740000,-155.4328040485521
1787839800000,-155.4328040485521
1787839860000,-155.4328040485521
1787839920000,-155.4328040485521
1787839980000,-155.4328040485521
1787840040000,-155.4328040485521
1787840100000,-155.4328040485521
1787840160000,-155.4328040485521
1787840220000,-155.4328040485521
1787840280000,-155.4328040485521
1787840340000,-155.4328040485521
1787840400000,-155.4328040485521
1787840460000,-155.4328040485521
1787840520000,-155.4328040485521
1787840580000,-155.4328040485521
1787840640000,-155.4328040485521
1787840700000,-155.4328040485521
1787840760000,-155.4328040485521
1787840820000,-155.4328040485521
1787840880000,-155.4328040485521
1787840940000,-155.4328040485521
1787841000000,-155.4328040485521
1787841060000,-154.78838896417923
1787841120000,-149.52299555531292
1787841180000,-143.21642265881792
1787841240000,-143.5436504977869
1787841300000,-147.1134087410861
1787841360000,-142.2347391419107
1787841420000,-148.36282412624078
1787841480000,-150.207199218612
1787841540000,-146.0424812680963
1787841600000,-148.2140841994367
1787841660000,-146.1912211949006
1787841720000,-149.9394673503645
1787841780000,-151.60535453057076
1787841840000,-155.7403244957256
1787841900000,-155.7403244957256
1787841960000,-149.9394673503645
1787842020000,-146.99441679964286
1787842080000,-147.9761003165501
1787842140000,-146.96466881428202
1787842200000,-144.55508200005517
1787842260000,-144.61457797077668
1787842320000,-145.89374134129224
1787842380000,-145.20953767799318
1787842440000,-143.93037430747782
1787842500000,-146.45895306314787
1787842560000,-147.67071968956023
1787842620000,-147.67071968956023
1787842680000,-147.67071968956023
1787842740000,-147.67071968956023
1787842800000,-147.67071968956023
1787842860000,-147.67071968956023
1787842920000,-147.67071968956023
1787842980000,-147.67071968956023
1787843040000,-147.67071968956023
1787843100000,-147.67071968956023
1787843160000,-147.67071968956023
1787843220000,-147.67071968956023
1787843280000,-147.67071968956023
1787843340000,-147.67071968956023
1787843400000,-147.67071968956023
1787843460000,-147.67071968956023
1787843520000,-147.67071968956023
1787843580000,-147.67071968956023
1787843640000,-147.67071968956023
1787843700000,-147.67071968956023
1787843760000,-147.67071968956023
1787843820000,-147.67071968956023
1787843880000,-147.67071968956023
1787843940000,-147.67071968956023
1787844000000,-148.7247660898541
1787844060000,-138.10225544895826
1787844120000,-146.97380279739863
1787844180000,-159.72665211078174
1787844240000,-160.3010853327188
1787844300000,-160.3010853327188
1787844360000,-160.3010853327188
1787844420000,-160.3010853327188
1787844480000,-160.3010853327188
1787844540000,-160.3010853327188
1787844600000,-160.3010853327188
1787844660000,-160.3010853327188
1787844720000,-160.3010853327188
1787844780000,-166.97948113911934
1787844840000,-169.21143646439432
1787844900000,-170.43069727998022
1787844960000,-170.43069727998022
1787845020000,-168.58778760104653
1787845080000,-174.1229124601326
1787845140000,-175.0879228087874
1787845200000,-175.0879228087874
1787845260000,-172.1093215151533
1787845320000,-183.60756951068026
1787845380000,-184.48173346269397
1787845440000,-184.48173346269397
1787845500000,-184.48173346269397
1787845560000,-184.48173346269397
1787845620000,-184.48173346269397
1787845680000,-184.48173346269397
1787845740000,-184.48173346269397
1787845800000,-184.48173346269397
1787845860000,-184.48173346269397
1787845920000,-184.48173346269397
1787845980000,-184.48173346269397
1787846040000,-184.48173346269397
1787846100000,-184.48173346269397
1787846160000,-184.48173346269397
1787846220000,-184.48173346269397
1787846280000,-184.48173346269397
1787846340000,-184.48173346269397
1787846400000,-184.48173346269397
1787846460000,-184.48173346269397
1787846520000,-184.48173346269397
1787846580000,-184.48173346269397
1787846640000,-184.48173346269397
1787846700000,-184.48173346269397
1787846760000,-184.48173346269397
1787846820000,-184.48173346269397
1787846880000,-184.48173346269397
1787846940000,-184.48173346269397
1787847000000,-184.48173346269397
1787847060000,-184.48173346269397
1787847120000,-184.48173346269397
1787847180000,-184.48173346269397
1787847240000,-184.48173346269397
1787847300000,-184.48173346269397
1787847360000,-184.48173346269397
1787847420000,-184.48173346269397
1787847480000,-184.48173346269397
1787847540000,-184.48173346269397
1787847600000,-184.48173346269397
1787847660000,-184.48173346269397
1787847720000,-184.48173346269397
1787847780000,-184.48173346269397
1787847840000,-184.48173346269397
1787847900000,-184.48173346269397
1787847960000,-184.48173346269397
1787848020000,-184.48173346269397
1787848080000,-184.48173346269397
1787848140000,-184.48173346269397
1787848200000,-184.48173346269397
1787848260000,-184.48173346269397
1787848320000,-184.48173346269397
1787848380000,-184.48173346269397
1787848440000,-184.48173346269397
1787848500000,-184.48173346269397
1787848560000,-184.48173346269397
1787848620000,-184.48173346269397
1787848680000,-184.48173346269397
1787848740000,-184.48173346269397
1787848800000,-184.48173346269397
1787848860000,-184.48173346269397
1787848920000,-184.48173346269397
1787848980000,-184.48173346269397
1787849040000,-184.48173346269397
1787849100000,-184.48173346269397
1787849160000,-184.48173346269397
1787849220000,-184.48173346269397
1787849280000,-184.48173346269397
1787849340000,-184.48173346269397
1787849400000,-184.48173346269397
1787849460000,-184.48173346269397
1787849520000,-184.48173346269397
1787849580000,-184.48173346269397
1787849640000,-184.48173346269397
1787849700000,-184.48173346269397
1787849760000,-184.48173346269397
1787849820000,-184.48173346269397
1787849880000,-184.48173346269397
1787849940000,-184.48173346269397
1787850000000,-184.48173346269397
1787850060000,-184.48173346269397
1787850120000,-180.9036093933663
1787850180000,-170.22318616169647
1787850240000,-175.0855893697988
1787850300000,-185.40062970143785
1787850360000,-187.0496894880412
1787850420000,-187.0496894880412
1787850480000,-187.0496894880412
1787850540000,-187.0496894880412
1787850600000,-187.0496894880412
1787850660000,-187.0496894880412
1787850720000,-187.0496894880412
1787850780000,-187.0496894880412
1787850840000,-187.0496894880412
1787850900000,-187.0496894880412
1787850960000,-187.0496894880412
1787851020000,-187.0496894880412
1787851080000,-187.0496894880412
1787851140000,-187.0496894880412
1787851200000,-187.0496894880412
1787851260000,-187.0496894880412
1787851320000,-187.0496894880412
1787851380000,-187.0496894880412
1787851440000,-187.0496894880412
1787851500000,-187.0496894880412
1787851560000,-187.0496894880412
1787851620000,-187.0496894880412
1787851680000,-187.0496894880412
1787851740000,-187.0496894880412
1787851800000,-187.0496894880412
1787851860000,-187.0496894880412
1787851920000,-187.0496894880412
1787851980000,-187.0496894880412
1787852040000,-187.0496894880412
1787852100000,-187.0496894880412
1787852160000,-187.0496894880412
1787852220000,-187.0496894880412
1787852280000,-187.0496894880412
1787852340000,-187.0496894880412
1787852400000,-187.0496894880412
1787852460000,-187.0496894880412
1787852520000,-187.0496894880412
1787852580000,-187.0496894880412
1787852640000,-187.0496894880412
1787852700000,-187.0496894880412
1787852760000,-187.0496894880412
1787852820000,-187.0496894880412
1787852880000,-187.0496894880412
1787852940000,-187.0496894880412
1787853000000,-187.0496894880412
1787853060000,-187.0496894880412
1787853120000,-187.0496894880412
1787853180000,-187.0496894880412
1787853240000,-187.0496894880412
1787853300000,-187.0496894880412
1787853360000,-187.0496894880412
1787853420000,-187.0496894880412
1787853480000,-187.0496894880412
1787853540000,-187.0496894880412
1787853600000,-187.0496894880412
1787853660000,-187.0496894880412
1787853720000,-187.0496894880412
1787853780000,-187.0496894880412
1787853840000,-187.0496894880412
1787853900000,-187.0496894880412
1787853960000,-187.0496894880412
1787854020000,-187.0496894880412
1787854080000,-187.0496894880412
1787854140000,-187.0496894880412
1787854200000,-187.0496894880412
1787854260000,-187.0496894880412
1787854320000,-187.0496894880412
1787854380000,-187.0496894880412
1787854440000,-187.0496894880412
1787854500000,-187.0496894880412
1787854560000,-187.0496894880412
1787854620000,-187.0496894880412
1787854680000,-187.0496894880412
1787854740000,-187.0496894880412
1787854800000,-187.0496894880412
1787854860000,-187.0496894880412
1787854920000,-187.0496894880412
1787854980000,-187.0496894880412
1787855040000,-187.0496894880412
1787855100000,-187.0496894880412
1787855160000,-187.0496894880412
1787855220000,-187.0496894880412
1787855280000,-187.0496894880412
1787855340000,-187.0496894880412
1787855400000,-187.0496894880412
1787855460000,-187.0496894880412
1787855520000,-187.0496894880412
1787855580000,-187.0496894880412
1787855640000,-187.0496894880412
1787855700000,-187.0496894880412
1787855760000,-187.0496894880412
1787855820000,-187.0496894880412
1787855880000,-187.0496894880412
1787855940000,-187.0496894880412
1787856000000,-187.0496894880412
1787856060000,-187.0496894880412
1787856120000,-187.0496894880412
1787856180000,-187.0496894880412
1787856240000,-187.0496894880412
1787856300000,-187.0496894880412
1787856360000,-187.0496894880412
1787856420000,-187.0496894880412
1787856480000,-187.0496894880412
1787856540000,-187.0496894880412
1787856600000,-187.0496894880412
1787856660000,-187.0496894880412
1787856720000,-187.0496894880412
1787856780000,-187.0496894880412
1787856840000,-187.0496894880412
1787856900000,-187.0496894880412
1787856960000,-187.0496894880412
1787857020000,-187.0496894880412
1787857080000,-187.0496894880412
1787857140000,-187.0496894880412
1787857200000,-187.0496894880412
1787857260000,-187.0496894880412
1787857320000,-187.0496894880412
1787857380000,-187.0496894880412
1787857440000,-187.0496894880412
1787857500000,-187.0496894880412
1787857560000,-187.0496894880412
1787857620000,-187.0496894880412
1787857680000,-187.0496894880412
1787857740000,-187.0496894880412
1787857800000,-187.0496894880412
1787857860000,-187.0496894880412
1787857920000,-187.0496894880412
1787857980000,-187.0496894880412
1787858040000,-187.0496894880412
1787858100000,-187.0496894880412
1787858160000,-187.0496894880412
1787858220000,-187.0496894880412
1787858280000,-187.0496894880412
1787858340000,-187.0496894880412
1787858400000,-187.0496894880412
1787858460000,-187.0496894880412
1787858520000,-187.0496894880412
1787858580000,-187.0496894880412
1787858640000,-187.0496894880412
1787858700000,-187.0496894880412
1787858760000,-187.0496894880412
1787858820000,-187.0496894880412
1787858880000,-187.0496894880412
1787858940000,-187.0496894880412
1787859000000,-187.0496894880412
1787859060000,-187.0496894880412
1787859120000,-187.0496894880412
1787859180000,-187.0496894880412
1787859240000,-187.0496894880412
1787859300000,-187.0496894880412
1787859360000,-187.0496894880412
1787859420000,-187.0496894880412
1787859480000,-187.0496894880412
1787859540000,-187.0496894880412
1787859600000,-187.0496894880412
1787859660000,-187.0496894880412
1787859720000,-187.0496894880412
1787859780000,-187.0496894880412
1787859840000,-187.0496894880412
1787859900000,-187.0496894880412
1787859960000,-187.0496894880412
1787860020000,-187.0496894880412
1787860080000,-187.0496894880412
1787860140000,-187.0496894880412
1787860200000,-187.0496894880412
1787860260000,-187.0496894880412
1787860320000,-187.0496894880412
1787860380000,-187.0496894880412
1787860440000,-187.0496894880412
1787860500000,-187.0496894880412
1787860560000,-187.0496894880412
1787860620000,-187.0496894880412
1787860680000,-187.0496894880412
1787860740000,-187.0496894880412
1787860800000,-187.0496894880412
1787860860000,-187.0496894880412
1787860920000,-187.0496894880412
1787860980000,-187.0496894880412
1787861040000,-187.0496894880412
1787861100000,-187.0496894880412
1787861160000,-187.69197530608767
1787861220000,-188.51392884917948
1787861280000,-187.39842046926907
1787861340000,-189.39459335963505
1787861400000,-190.4220352884998
1787861460000,-188.98361658808915
1787861520000,-189.65879271277157
1787861580000,-191.83109850522862
1787861640000,-190.92107851109117
1787861700000,-190.21654690272686
1787861760000,-191.42012173368272
1787861820000,-189.65879271277157
1787861880000,-189.80557013118096
1787861940000,-189.83492561486264
1787862000000,-189.98170303327203
1787862060000,-191.68432108681924
1787862120000,-191.47883270104626
1787862180000,-194.2382481671403
1787862240000,-198.25994943155374
1787862300000,-199.50179450167124
1787862360000,-199.50179450167124
1787862420000,-199.50179450167124
1787862480000,-199.50179450167124
1787862540000,-199.50179450167124
1787862600000,-199.50179450167124
1787862660000,-199.50179450167124
1787862720000,-199.50179450167124
1787862780000,-199.50179450167124
1787862840000,-199.50179450167124
1787862900000,-199.50179450167124
1787862960000,-199.50179450167124
1787863020000,-199.50179450167124
1787863080000,-199.50179450167124
1787863140000,-199.50179450167124
1787863200000,-199.50179450167124
1787863260000,-199.50179450167124
1787863320000,-199.50179450167124
1787863380000,-199.50179450167124
1787863440000,-199.50179450167124
1787863500000,-199.50179450167124
1787863560000,-199.50179450167124
1787863620000,-199.50179450167124
1787863680000,-199.50179450167124
1787863740000,-199.50179450167124
1787863800000,-199.50179450167124
1787863860000,-199.50179450167124
1787863920000,-199.50179450167124
1787863980000,-199.50179450167124
1787864040000,-199.50179450167124
1787864100000,-199.50179450167124
1787864160000,-199.50179450167124
1787864220000,-199.50179450167124
1787864280000,-199.50179450167124
1787864340000,-199.50179450167124
1787864400000,-199.50179450167124
1787864460000,-199.50179450167124
1787864520000,-199.50179450167124
1787864580000,-199.50179450167124
1787864640000,-199.50179450167124
1787864700000,-199.50179450167124
1787864760000,-199.50179450167124
1787864820000,-199.50179450167124
1787864880000,-199.50179450167124
1787864940000,-201.08351180794105
1787865000000,-201.46518910620927
1787865060000,-202.66654537241362
1787865120000,-202.66654537241362
1787865180000,-202.66654537241362
1787865240000,-202.66654537241362
1787865300000,-202.66654537241362
1787865360000,-202.66654537241362
1787865420000,-202.66654537241362
1787865480000,-202.66654537241362
1787865540000,-202.66654537241362
1787865600000,-202.66654537241362
1787865660000,-202.66654537241362
1787865720000,-202.66654537241362
1787865780000,-202.66654537241362
1787865840000,-202.66654537241362
1787865900000,-202.66654537241362
1787865960000,-202.66654537241362
1787866020000,-202.66654537241362
1787866080000,-202.66654537241362
1787866140000,-202.66654537241362
1787866200000,-202.66654537241362
1787866260000,-202.66654537241362
1787866320000,-202.66654537241362
1787866380000,-202.66654537241362
1787866440000,-202.66654537241362
1787866500000,-202.66654537241362
1787866560000,-202.66654537241362
1787866620000,-202.66654537241362
1787866680000,-202.66654537241362
1787866740000,-202.66654537241362
1787866800000,-202.66654537241362
1787866860000,-202.66654537241362
1787866920000,-202.66654537241362
1787866980000,-202.66654537241362
1787867040000,-202.66654537241362
1787867100000,-202.66654537241362
1787867160000,-202.66654537241362
1787867220000,-202.66654537241362
1787867280000,-202.66654537241362
1787867340000,-202.66654537241362
1787867400000,-202.66654537241362
1787867460000,-202.66654537241362
1787867520000,-202.66654537241362
1787867580000,-202.66654537241362
1787867640000,-202.66654537241362
1787867700000,-203.7195230914062
1787867760000,-204.4842469942529
1787867820000,-205.8915627101751
1787867880000,-205.8915627101751
1787867940000,-205.8915627101751
1787868000000,-205.8915627101751
1787868060000,-205.8915627101751
1787868120000,-205.8915627101751
1787868180000,-205.8915627101751
1787868240000,-205.8915627101751
1787868300000,-205.8915627101751
1787868360000,-205.8915627101751
1787868420000,-205.8915627101751
1787868480000,-205.8915627101751
1787868540000,-205.8915627101751
1787868600000,-205.8915627101751
1787868660000,-205.8915627101751
1787868720000,-205.8915627101751
1787868780000,-205.8915627101751
1787868840000,-205.8915627101751
1787868900000,-205.8915627101751
1787868960000,-205.8915627101751
1787869020000,-205.8915627101751
1787869080000,-205.8915627101751
1787869140000,-205.8915627101751
1787869200000,-205.8915627101751
1787869260000,-205.8915627101751
1787869320000,-205.8915627101751
1787869380000,-205.8915627101751
1787869440000,-205.8915627101751
1787869500000,-205.8915627101751
1787869560000,-205.8915627101751
1787869620000,-205.8915627101751
1787869680000,-205.8915627101751
1787869740000,-205.8915627101751
1787869800000,-205.8915627101751
1787869860000,-205.8915627101751
1787869920000,-205.8915627101751
1787869980000,-205.8915627101751
1787870040000,-205.8915627101751
1787870100000,-205.8915627101751
1787870160000,-205.8915627101751
1787870220000,-205.8915627101751
1787870280000,-205.8915627101751
1787870340000,-205.8915627101751
1787870400000,-205.8915627101751
1787870460000,-205.8915627101751
1787870520000,-205.8915627101751
1787870580000,-205.8915627101751
1787870640000,-205.8915627101751
1787870700000,-205.8915627101751
1787870760000,-205.8915627101751
1787870820000,-205.8915627101751
1787870880000,-205.8915627101751
1787870940000,-205.8915627101751
1787871000000,-205.8915627101751
1787871060000,-205.8915627101751
1787871120000,-205.8915627101751
1787871180000,-205.8915627101751
1787871240000,-205.8915627101751
1787871300000,-205.8915627101751
1787871360000,-205.8915627101751
1787871420000,-205.8915627101751
1787871480000,-205.8915627101751
1787871540000,-205.8915627101751
1787871600000,-209.40612501682747
1787871660000,-210.6093429945078
1787871720000,-210.6093429945078
1787871780000,-210.6093429945078
1787871840000,-210.6093429945078
1787871900000,-210.6093429945078
1787871960000,-210.6093429945078
1787872020000,-210.6093429945078
1787872080000,-210.6093429945078
1787872140000,-210.6093429945078
1787872200000,-211.89864141700264
1787872260000,-211.27383251554895
1787872320000,-210.41100117544644
1787872380000,-211.3035853203801
1787872440000,-208.68533849524098
1787872500000,-209.75643946916162
1787872560000,-209.04237215321447
1787872620000,-209.19113617737025
1787872680000,-208.7448441049033
1787872740000,-209.1613833725391
1787872800000,-210.20273154162854
1787872860000,-212.25567507497632
1787872920000,-211.95814702666496
1787872980000,-211.83913580734054
1787873040000,-212.37468629430074
1787873100000,-212.13666385565168
1787873160000,-212.55320312328746
1787873220000,-212.16641666048284
1787873280000,-212.5234503184563
1787873340000,-212.22592227014516
1787873400000,-210.9763044672378
1787873460000,-210.64902361409528
1787873520000,-212.76147275710537
1787873580000,-213.96305554324644
1787873640000,-213.96305554324644
1787873700000,-213.96305554324644
1787873760000,-213.96305554324644
1787873820000,-213.96305554324644
1787873880000,-213.96305554324644
1787873940000,-213.96305554324644
1787874000000,-213.96305554324644
1787874060000,-213.96305554324644
1787874120000,-213.96305554324644
1787874180000,-213.96305554324644
1787874240000,-213.96305554324644
1787874300000,-213.96305554324644
1787874360000,-213.96305554324644
1787874420000,-213.96305554324644
1787874480000,-213.96305554324644
1787874540000,-213.96305554324644
1787874600000,-213.96305554324644
1787874660000,-214.7456871224731
1787874720000,-214.77550201024275
1787874780000,-214.9842062246302
1787874840000,-216.18443160967792
1787874900000,-216.18443160967792
1787874960000,-216.18443160967792
1787875020000,-216.18443160967792
1787875080000,-216.18443160967792
1787875140000,-216.18443160967792
1787875200000,-216.18443160967792
1787875260000,-216.18443160967792
1787875320000,-216.18443160967792
1787875380000,-216.18443160967792
1787875440000,-216.18443160967792
1787875500000,-216.18443160967792
1787875560000,-216.18443160967792
1787875620000,-216.18443160967792
1787875680000,-216.18443160967792
1787875740000,-216.18443160967792
1787875800000,-216.18443160967792
1787875860000,-216.18443160967792
1787875920000,-216.18443160967792
1787875980000,-216.18443160967792
1787876040000,-216.18443160967792
1787876100000,-216.18443160967792
1787876160000,-216.18443160967792
1787876220000,-216.18443160967792
1787876280000,-216.18443160967792
1787876340000,-216.18443160967792
1787876400000,-216.18443160967792
1787876460000,-216.18443160967792
1787876520000,-216.18443160967792
1787876580000,-216.18443160967792
1787876640000,-216.18443160967792
1787876700000,-216.18443160967792
1787876760000,-216.18443160967792
1787876820000,-216.18443160967792
1787876880000,-216.18443160967792
1787876940000,-216.18443160967792
1787877000000,-216.18443160967792
1787877060000,-216.18443160967792
1787877120000,-216.18443160967792
1787877180000,-216.18443160967792
1787877240000,-216.18443160967792
1787877300000,-216.18443160967792
1787877360000,-216.18443160967792
1787877420000,-216.18443160967792
1787877480000,-216.18443160967792
1787877540000,-216.18443160967792
1787877600000,-216.18443160967792
1787877660000,-216.18443160967792
1787877720000,-216.18443160967792
1787877780000,-216.18443160967792
1787877840000,-216.18443160967792
1787877900000,-216.18443160967792
1787877960000,-216.18443160967792
1787878020000,-216.18443160967792
1787878080000,-216.18443160967792
1787878140000,-216.18443160967792
1787878200000,-216.18443160967792
1787878260000,-216.18443160967792
1787878320000,-216.18443160967792
1787878380000,-216.18443160967792
1787878440000,-216.18443160967792
1787878500000,-216.18443160967792
1787878560000,-216.18443160967792
1787878620000,-216.18443160967792
1787878680000,-216.18443160967792
1787878740000,-216.18443160967792
1787878800000,-216.18443160967792
1787878860000,-216.18443160967792
1787878920000,-216.18443160967792
1787878980000,-216.18443160967792
1787879040000,-216.18443160967792
1787879100000,-216.18443160967792
1787879160000,-216.18443160967792
1787879220000,-216.18443160967792
1787879280000,-216.18443160967792
1787879340000,-216.18443160967792
1787879400000,-216.18443160967792
1787879460000,-216.18443160967792
1787879520000,-216.18443160967792
1787879580000,-216.18443160967792
1787879640000,-216.18443160967792
1787879700000,-216.18443160967792
1787879760000,-216.18443160967792
1787879820000,-216.18443160967792
1787879880000,-216.18443160967792
1787879940000,-216.18443160967792
1787880000000,-216.18443160967792
1787880060000,-216.18443160967792
1787880120000,-216.18443160967792
1787880180000,-216.18443160967792
1787880240000,-216.18443160967792
1787880300000,-216.18443160967792
1787880360000,-216.18443160967792
1787880420000,-216.18443160967792
1787880480000,-216.18443160967792
1787880540000,-217.472242362213
1787880600000,-223.2996750831553
1787880660000,-224.49213801403585
1787880720000,-224.49213801403585
1787880780000,-224.49213801403585
1787880840000,-224.49213801403585
1787880900000,-224.49213801403585
1787880960000,-224.49213801403585
1787881020000,-224.49213801403585
1787881080000,-224.49213801403585
1787881140000,-224.49213801403585
1787881200000,-225.779959060173
1787881260000,-228.15220708991552
1787881320000,-229.84609739967357
1787881380000,-229.84609739967357
1787881440000,-229.84609739967357
1787881500000,-229.84609739967357
1787881560000,-229.84609739967357
1787881620000,-229.84609739967357
1787881680000,-229.84609739967357
1787881740000,-229.84609739967357
1787881800000,-229.84609739967357
1787881860000,-229.84609739967357
1787881920000,-229.84609739967357
1787881980000,-229.84609739967357
1787882040000,-229.84609739967357
1787882100000,-229.84609739967357
1787882160000,-229.84609739967357
1787882220000,-229.84609739967357
1787882280000,-229.84609739967357
1787882340000,-229.84609739967357
1787882400000,-229.84609739967357
1787882460000,-229.84609739967357
1787882520000,-229.84609739967357
1787882580000,-229.84609739967357
1787882640000,-229.84609739967357
1787882700000,-229.84609739967357
1787882760000,-229.84609739967357
1787882820000,-229.84609739967357
1787882880000,-229.84609739967357
1787882940000,-229.84609739967357
1787883000000,-229.84609739967357
1787883060000,-229.84609739967357
1787883120000,-229.84609739967357
1787883180000,-229.84609739967357
1787883240000,-229.84609739967357
1787883300000,-229.84609739967357
1787883360000,-229.84609739967357
1787883420000,-229.84609739967357
1787883480000,-229.84609739967357
1787883540000,-229.84609739967357
1787883600000,-229.84609739967357
1787883660000,-229.84609739967357
1787883720000,-229.84609739967357
1787883780000,-229.84609739967357
1787883840000,-229.84609739967357
1787883900000,-229.84609739967357
1787883960000,-229.84609739967357
1787884020000,-229.84609739967357
1787884080000,-229.84609739967357
1787884140000,-229.84609739967357
1787884200000,-229.58529499924586
1787884260000,-231.91071760858202
1787884320000,-221.4761289769448
1787884380000,-217.71967706955533
1787884440000,-217.89855573181194
1787884500000,-215.1557495772101
1787884560000,-215.1557495772101
1787884620000,-215.90107733661287
1787884680000,-216.43771332338272
1787884740000,-215.1557495772101
1787884800000,-216.22902155074996
1787884860000,-217.2724804139137
1787884920000,-220.67117499678994
1787884980000,-224.904636670197
1787885040000,-219.77678168550668
1787885100000,-216.64640509601546
1787885160000,-216.13958221962176
1787885220000,-216.16939532999788
1787885280000,-215.45388068097125
1787885340000,-214.67873981119251
1787885400000,-215.8414511158606
1787885460000,-215.36444134984282
1787885520000,-217.8687426214358
1787885580000,-215.8414511158606
1787885640000,-215.30481512909077
1787885700000,-216.76565753752
1787885760000,-219.74696857513055
1787885820000,-221.05324296900022
1787885880000,-221.05324296900022
1787885940000,-221.05324296900022
1787886000000,-221.05324296900022
1787886060000,-221.05324296900022
1787886120000,-221.05324296900022
1787886180000,-221.05324296900022
1787886240000,-221.05324296900022
1787886300000,-221.05324296900022
1787886360000,-221.05324296900022
1787886420000,-221.05324296900022
1787886480000,-221.05324296900022
1787886540000,-221.05324296900022
1787886600000,-221.05324296900022
1787886660000,-221.05324296900022
1787886720000,-221.05324296900022
1787886780000,-221.05324296900022
1787886840000,-221.05324296900022
1787886900000,-221.05324296900022
1787886960000,-221.05324296900022
1787887020000,-221.05324296900022
1787887080000,-221.05324296900022
1787887140000,-221.05324296900022
1787887200000,-221.05324296900022
1787887260000,-221.05324296900022
1787887320000,-221.05324296900022
1787887380000,-222.14195029499544
1787887440000,-229.42900096620312
1787887500000,-230.59217173149912
1787887560000,-230.59217173149912
1787887620000,-234.34937835962222
1787887680000,-256.91985939811383
1787887740000,-258.11703404753433
1787887800000,-258.11703404753433
1787887860000,-258.11703404753433
1787887920000,-258.11703404753433
1787887980000,-258.11703404753433
1787888040000,-258.11703404753433
1787888100000,-258.11703404753433
1787888160000,-258.11703404753433
1787888220000,-258.11703404753433
1787888280000,-258.11703404753433
1787888340000,-258.11703404753433
1787888400000,-258.11703404753433
1787888460000,-258.11703404753433
1787888520000,-258.11703404753433
1787888580000,-258.11703404753433
1787888640000,-258.11703404753433
1787888700000,-258.11703404753433
1787888760000,-258.11703404753433
1787888820000,-258.11703404753433
1787888880000,-258.11703404753433
1787888940000,-258.11703404753433
1787889000000,-258.11703404753433
1787889060000,-258.11703404753433
1787889120000,-258.11703404753433
1787889180000,-258.11703404753433
1787889240000,-258.11703404753433
1787889300000,-258.11703404753433
1787889360000,-258.11703404753433
1787889420000,-258.11703404753433
1787889480000,-258.11703404753433
1787889540000,-258.11703404753433
1787889600000,-258.11703404753433
1787889660000,-258.11703404753433
1787889720000,-258.11703404753433
1787889780000,-258.11703404753433
1787889840000,-258.11703404753433
1787889900000,-258.11703404753433
1787889960000,-258.11703404753433
1787890020000,-258.11703404753433
1787890080000,-258.11703404753433
1787890140000,-258.11703404753433
1787890200000,-258.11703404753433
1787890260000,-258.11703404753433
1787890320000,-258.11703404753433
1787890380000,-258.11703404753433
1787890440000,-256.13031742726224
1787890500000,-266.5067685970024
1787890560000,-267.4021983933759
1787890620000,-268.56098989456524
1787890680000,-265.26896858436845
1787890740000,-269.8514622481624
1787890800000,-270.670119068388
1787890860000,-270.670119068388
1787890920000,-270.670119068388
1787890980000,-270.670119068388
1787891040000,-270.670119068388
1787891100000,-270.670119068388
1787891160000,-270.670119068388
1787891220000,-270.670119068388
1787891280000,-270.670119068388
1787891340000,-270.670119068388
1787891400000,-270.670119068388
1787891460000,-270.670119068388
1787891520000,-270.670119068388
1787891580000,-272.67779827892343
1787891640000,-267.62303939853024
1787891700000,-267.4927621077985
1787891760000,-265.0174935838945
1787891820000,-263.37599972067403
1787891880000,-263.9231643417475
1787891940000,-269.0039786802871
1787892000000,-269.79059036660215
1787892060000,-269.79059036660215
1787892120000,-269.79059036660215
1787892180000,-269.79059036660215
1787892240000,-259.3596064357811
1787892300000,-269.8633223276665
1787892360000,-263.4842363347898
1787892420000,-261.7677754451403
1787892480000,-269.14599538870846
1787892540000,-264.2015632737478
1787892600000,-264.3808950084873
1787892660000,-256.900199787925
1787892720000,-258.9753241470535
1787892780000,-266.66096992160385
1787892840000,-267.0980821865387
1787892900000,-267.0980821865387
1787892960000,-267.0980821865387
1787893020000,-267.0980821865387
1787893080000,-267.0980821865387
1787893140000,-267.0980821865387
1787893200000,-267.0980821865387
1787893260000,-267.0980821865387
1787893320000,-267.0980821865387
1787893380000,-267.0980821865387
1787893440000,-267.0980821865387
1787893500000,-267.0980821865387
1787893560000,-267.0980821865387
1787893620000,-267.0980821865387
1787893680000,-267.0980821865387
1787893740000,-267.0980821865387
1787893800000,-267.0980821865387
1787893860000,-267.0980821865387
1787893920000,-267.0980821865387
1787893980000,-267.0980821865387
1787894040000,-267.0980821865387
1787894100000,-267.0980821865387
1787894160000,-267.0980821865387
1787894220000,-267.0980821865387
1787894280000,-267.0980821865387
1787894340000,-267.0980821865387
1787894400000,-267.0980821865387
1787894460000,-267.0980821865387
1787894520000,-267.0980821865387
1787894580000,-267.0980821865387
1787894640000,-267.0980821865387
1787894700000,-267.0980821865387
1787894760000,-267.0980821865387
1787894820000,-267.0980821865387
1787894880000,-267.0980821865387
1787894940000,-267.0980821865387
1787895000000,-267.0980821865387
1787895060000,-267.0980821865387
1787895120000,-267.0980821865387
1787895180000,-262.13167658631636
1787895240000,-260.8584593959549
1787895300000,-260.25929836519657
1787895360000,-261.807131027989
1787895420000,-264.45342558050464
1787895480000,-265.6326633496108
1787895540000,-265.6326633496108
1787895600000,-265.6326633496108
1787895660000,-265.6326633496108
1787895720000,-265.6326633496108
1787895780000,-265.6326633496108
1787895840000,-265.6326633496108
1787895900000,-265.6326633496108
1787895960000,-265.6326633496108
1787896020000,-268.79991074229963
1787896080000,-266.07029949604157
1787896140000,-267.4719917576336
1787896200000,-269.6114167884846
1787896260000,-266.04570840373293
1787896320000,-259.2585669265509
1787896380000,-263.1439595113145
1787896440000,-267.4719917576336
1787896500000,-268.67078473140964
1787896560000,-268.67078473140964
1787896620000,-268.67078473140964
1787896680000,-268.67078473140964
1787896740000,-268.67078473140964
1787896800000,-268.67078473140964
1787896860000,-268.67078473140964
1787896920000,-268.67078473140964
1787896980000,-265.87880265595544
1787897040000,-256.41910959759184
1787897100000,-238.22553113240176
1787897160000,-232.99971604133646
1787897220000,-230.12067902357364
1787897280000,-230.33842131903475
1787897340000,-233.96745957671888
1787897400000,-240.9352130314725
1787897460000,-248.82232284483953
1787897520000,-247.99974083976446
1787897580000,-253.5158789914446
1787897640000,-256.34652883243825
1787897700000,-255.13684941321017
1787897760000,-255.0642686480564
1787897820000,-258.2094351380495
1787897880000,-255.7900762995933
1787897940000,-249.25780743576172
1787898000000,-228.83841883919195
1787898060000,-224.60454087189365
1787898120000,-221.7738910309
1787898180000,-213.4029094498416
1787898240000,-213.28194150791882
1787898300000,-208.3222558890838
1787898360000,-210.20935578307962
1787898420000,-203.67708691924787
1787898480000,-202.1528908510207
1787898540000,-211.44322879069216
1787898600000,-211.4563330446145
1787898660000,-211.4563330446145
1787898720000,-211.4563330446145
1787898780000,-211.4563330446145
1787898840000,-211.4563330446145
1787898900000,-211.4563330446145
1787898960000,-220.75953758674484
1787899020000,-219.69570380712406
1787899080000,-224.06421273194945
1787899140000,-226.44086266514455
1787899200000,-216.52683722953074
1787899260000,-201.81424240498964
1787899320000,-195.77076114629364
1787899380000,-204.937839460046
1787899440000,-204.12298805437925
1787899500000,-198.84908867881293
1787899560000,-207.4729327221208
1787899620000,-204.80203089243489
1787899680000,-203.466579977592
1787899740000,-207.51820224465789
1787899800000,-210.84551215113103
1787899860000,-214.46707395409499
1787899920000,-219.74097332966116
1787899980000,-222.11762326285628
1787900040000,-235.31368908240614
1787900100000,-240.70076226431505
1787900160000,-241.86667459813717
1787900220000,-241.86667459813717
1787900280000,-241.86667459813717
1787900340000,-241.86667459813717
1787900400000,-241.86667459813717
1787900460000,-241.86667459813717
1787900520000,-241.86667459813717
1787900580000,-239.9846642885872
1787900640000,-242.4458060529603
1787900700000,-231.536961475739
1787900760000,-237.7230745591633
1787900820000,-242.4458060529603
1787900880000,-243.3548764343954
1787900940000,-241.00459691166068
1787901000000,-236.21534807288072
1787901060000,-226.68119529197588
1787901120000,-223.79877700937664
1787901180000,-219.14256286056278
1787901240000,-221.98063624650646
1787901300000,-220.78332403681145
1787901360000,-218.12263023748915
1787901420000,-214.06507219352275
1787901480000,-222.09149848814485
1787901540000,-223.8034331525737
1787901600000,-223.8034331525737
1787901660000,-223.8034331525737
1787901720000,-223.8034331525737
1787901780000,-223.8034331525737
1787901840000,-223.8034331525737
1787901900000,-223.8034331525737
1787901960000,-223.8034331525737
1787902020000,-223.8034331525737
1787902080000,-223.8034331525737
1787902140000,-223.8034331525737
1787902200000,-223.8034331525737
1787902260000,-223.8034331525737
1787902320000,-223.8034331525737
1787902380000,-223.8034331525737
1787902440000,-223.8034331525737
1787902500000,-223.8034331525737
1787902560000,-223.8034331525737
1787902620000,-223.8034331525737
1787902680000,-223.8034331525737
1787902740000,-223.8034331525737
1787902800000,-223.8034331525737
1787902860000,-223.8034331525737
1787902920000,-223.8034331525737
1787902980000,-223.8034331525737
1787903040000,-223.8034331525737
1787903100000,-223.8034331525737
1787903160000,-223.8034331525737
1787903220000,-223.8034331525737
1787903280000,-223.8034331525737
1787903340000,-223.8034331525737
1787903400000,-223.8034331525737
1787903460000,-223.8034331525737
1787903520000,-223.8034331525737
1787903580000,-223.8034331525737
1787903640000,-223.8034331525737
1787903700000,-223.8034331525737
1787903760000,-223.8034331525737
1787903820000,-223.8034331525737
1787903880000,-223.8034331525737
1787903940000,-223.8034331525737
1787904000000,-223.8034331525737
1787904060000,-223.8034331525737
1787904120000,-223.8034331525737
1787904180000,-228.34777234333737
1787904240000,-230.76080542457314
1787904300000,-231.73448543980857
1787904360000,-225.70190273671923
1787904420000,-221.19334092704202
1787904480000,-219.9868243864241
1787904540000,-218.6321391478356
1787904600000,-191.62310220347786
1787904660000,-184.04533165012364
1787904720000,-148.0191710864113
1787904780000,-145.71197278944032
1787904840000,-152.78173637832396
1787904900000,-142.2405918655573
1787904960000,-138.2823709340566
1787905020000,-133.6468073832617
1787905080000,-129.75208732231977
1787905140000,-126.89454814717226
1787905200000,-127.31788728423115
1787905260000,-117.15774799481754
1787905320000,-100.98619295916758
1787905380000,-102.99705386019731
1787905440000,-119.84595151514159
1787905500000,-121.50994447341984
1787905560000,-121.50994447341984
1787905620000,-121.50994447341984
1787905680000,-121.50994447341984
1787905740000,-121.50994447341984
1787905800000,-121.50994447341984
1787905860000,-121.50994447341984
1787905920000,-121.50994447341984
1787905980000,-121.50994447341984
1787906040000,-121.50994447341984
1787906100000,-121.50994447341984
1787906160000,-121.50994447341984
1787906220000,-121.50994447341984
1787906280000,-121.50994447341984
1787906340000,-121.50994447341984
1787906400000,-121.50994447341984
1787906460000,-121.50994447341984
1787906520000,-121.50994447341984
1787906580000,-121.50994447341984
1787906640000,-121.50994447341984
1787906700000,-121.50994447341984
1787906760000,-121.50994447341984
1787906820000,-121.50994447341984
1787906880000,-121.50994447341984
1787906940000,-121.50994447341984
1787907000000,-121.50994447341984
1787907060000,-121.50994447341984
1787907120000,-121.50994447341984
1787907180000,-121.50994447341984
1787907240000,-121.50994447341984
1787907300000,-121.50994447341984
1787907360000,-121.50994447341984
1787907420000,-121.50994447341984
1787907480000,-121.50994447341984
1787907540000,-121.50994447341984
1787907600000,-121.50994447341984
1787907660000,-121.50994447341984
1787907720000,-121.50994447341984
1787907780000,-121.50994447341984
1787907840000,-121.50994447341984
1787907900000,-121.50994447341984
1787907960000,-121.50994447341984
1787908020000,-121.50994447341984
1787908080000,-121.50994447341984
1787908140000,-121.50994447341984
1787908200000,-121.50994447341984
1787908260000,-121.50994447341984
1787908320000,-121.50994447341984
1787908380000,-121.50994447341984
1787908440000,-121.50994447341984
1787908500000,-121.50994447341984
1787908560000,-121.50994447341984
1787908620000,-121.50994447341984
1787908680000,-121.50994447341984
1787908740000,-121.50994447341984
1787908800000,-121.50994447341984
1787908860000,-121.50994447341984
1787908920000,-121.50994447341984
1787908980000,-121.50994447341984
1787909040000,-121.50994447341984
1787909100000,-121.50994447341984
1787909160000,-121.50994447341984
1787909220000,-121.50994447341984
1787909280000,-121.50994447341984
1787909340000,-121.50994447341984
1787909400000,-121.50994447341984
1787909460000,-121.50994447341984
1787909520000,-121.50994447341984
1787909580000,-121.50994447341984
1787909640000,-121.50994447341984
1787909700000,-121.50994447341984
1787909760000,-121.50994447341984
1787909820000,-121.50994447341984
1787909880000,-121.50994447341984
1787909940000,-121.50994447341984
1787910000000,-121.50994447341984
1787910060000,-121.50994447341984
1787910120000,-121.50994447341984
1787910180000,-123.56070370194722
1787910240000,-136.58616021177608
1787910300000,-137.82218204709935
1787910360000,-137.82218204709935
1787910420000,-137.82218204709935
1787910480000,-137.82218204709935
1787910540000,-137.82218204709935
1787910600000,-137.82218204709935
1787910660000,-137.82218204709935
1787910720000,-137.82218204709935
1787910780000,-137.82218204709935
1787910840000,-137.82218204709935
1787910900000,-151.24729628472969
1787910960000,-159.82798718722924
1787911020000,-161.80631653087556
1787911080000,-161.80631653087556
1787911140000,-161.80631653087556
1787911200000,-161.80631653087556
1787911260000,-161.80631653087556
1787911320000,-161.80631653087556
1787911380000,-161.80631653087556
1787911440000,-161.80631653087556
1787911500000,-161.80631653087556
1787911560000,-161.80631653087556
1787911620000,-161.80631653087556
1787911680000,-161.80631653087556
1787911740000,-161.80631653087556
1787911800000,-161.80631653087556
1787911860000,-161.80631653087556
1787911920000,-149.7352116246429
1787911980000,-138.2450428677301
1787912040000,-145.75195312224642
1787912100000,-160.9189758813714
1787912160000,-161.96352457169112
1787912220000,-161.96352457169112
1787912280000,-161.96352457169112
1787912340000,-161.96352457169112
1787912400000,-161.96352457169112
1787912460000,-161.96352457169112
1787912520000,-161.96352457169112
1787912580000,-161.96352457169112
1787912640000,-161.96352457169112
1787912700000,-161.96352457169112
1787912760000,-161.96352457169112
1787912820000,-161.96352457169112
1787912880000,-161.96352457169112
1787912940000,-161.96352457169112
1787913000000,-161.96352457169112
1787913060000,-161.96352457169112
1787913120000,-161.96352457169112
1787913180000,-161.96352457169112
1787913240000,-161.96352457169112
1787913300000,-161.96352457169112
1787913360000,-161.96352457169112
1787913420000,-161.96352457169112
1787913480000,-161.96352457169112
1787913540000,-161.96352457169112
1787913600000,-161.96352457169112
1787913660000,-161.96352457169112
1787913720000,-161.96352457169112
1787913780000,-161.96352457169112
1787913840000,-161.96352457169112
1787913900000,-161.96352457169112
1787913960000,-161.96352457169112
1787914020000,-164.3644880194763
1787914080000,-152.99027897208288
1787914140000,-157.72364547006643
1787914200000,-164.27617894302142
1787914260000,-161.75053935641068
1787914320000,-159.9490341967304
1787914380000,-161.50327394233693
1787914440000,-158.30648537466888
1787914500000,-158.0592199605951
1787914560000,-177.36358407364028
1787914620000,-178.45790375902487
1787914680000,-178.45790375902487
1787914740000,-178.45790375902487
1787914800000,-178.45790375902487
1787914860000,-178.45790375902487
1787914920000,-178.45790375902487
1787914980000,-178.45790375902487
1787915040000,-178.45790375902487
1787915100000,-178.45790375902487
1787915160000,-178.45790375902487
1787915220000,-178.45790375902487
1787915280000,-178.45790375902487
1787915340000,-178.45790375902487
1787915400000,-178.45790375902487
1787915460000,-178.45790375902487
1787915520000,-178.45790375902487
1787915580000,-178.45790375902487
1787915640000,-178.45790375902487
1787915700000,-178.45790375902487
1787915760000,-178.45790375902487
1787915820000,-178.45790375902487
1787915880000,-178.45790375902487
1787915940000,-178.45790375902487
1787916000000,-178.45790375902487
1787916060000,-178.45790375902487
1787916120000,-178.45790375902487
1787916180000,-178.45790375902487
1787916240000,-178.45790375902487
1787916300000,-178.45790375902487
1787916360000,-178.45790375902487
1787916420000,-178.45790375902487
1787916480000,-178.45790375902487
1787916540000,-178.45790375902487
1787916600000,-178.45790375902487
1787916660000,-178.45790375902487
1787916720000,-178.45790375902487
1787916780000,-178.45790375902487
1787916840000,-178.45790375902487
1787916900000,-178.45790375902487
1787916960000,-178.45790375902487
1787917020000,-178.45790375902487
1787917080000,-178.45790375902487
1787917140000,-178.45790375902487
1787917200000,-178.45790375902487
1787917260000,-178.45790375902487
1787917320000,-178.45790375902487
1787917380000,-178.45790375902487
1787917440000,-178.45790375902487
1787917500000,-178.45790375902487
1787917560000,-178.45790375902487
1787917620000,-178.45790375902487
1787917680000,-178.45790375902487
1787917740000,-178.45790375902487
1787917800000,-178.45790375902487
1787917860000,-178.45790375902487
1787917920000,-178.45790375902487
1787917980000,-178.45790375902487
1787918040000,-178.45790375902487
1787918100000,-178.45790375902487
1787918160000,-178.45790375902487
1787918220000,-178.45790375902487
1787918280000,-178.45790375902487
1787918340000,-178.45790375902487
1787918400000,-178.45790375902487
1787918460000,-178.45790375902487
1787918520000,-178.45790375902487
1787918580000,-178.45790375902487
1787918640000,-178.45790375902487
1787918700000,-178.45790375902487
1787918760000,-178.45790375902487
1787918820000,-178.45790375902487
1787918880000,-178.45790375902487
1787918940000,-178.45790375902487
1787919000000,-178.45790375902487
1787919060000,-178.45790375902487
1787919120000,-178.45790375902487
1787919180000,-178.45790375902487
1787919240000,-178.45790375902487
1787919300000,-178.45790375902487
1787919360000,-178.45790375902487
1787919420000,-178.45790375902487
1787919480000,-178.45790375902487
1787919540000,-178.45790375902487
1787919600000,-178.45790375902487
1787919660000,-178.45790375902487
1787919720000,-178.45790375902487
1787919780000,-178.45790375902487
1787919840000,-178.45790375902487
1787919900000,-178.45790375902487
1787919960000,-178.45790375902487
1787920020000,-178.45790375902487
1787920080000,-178.45790375902487
1787920140000,-178.45790375902487
1787920200000,-178.45790375902487
1787920260000,-178.45790375902487
1787920320000,-180.83229690899546
1787920380000,-181.35994078437434
1787920440000,-181.8195015790591
1787920500000,-182.19395852287636
1787920560000,-157.8202156344094
1787920620000,-163.5051528723619
1787920680000,-168.7815916261501
1787920740000,-172.1517041205052
1787920800000,-173.36027009883145
1787920860000,-173.36027009883145
1787920920000,-173.36027009883145
1787920980000,-173.36027009883145
1787921040000,-173.36027009883145
1787921100000,-173.36027009883145
1787921160000,-173.36027009883145
1787921220000,-173.36027009883145
1787921280000,-173.36027009883145
1787921340000,-173.36027009883145
1787921400000,-173.36027009883145
1787921460000,-173.36027009883145
1787921520000,-173.36027009883145
1787921580000,-173.36027009883145
1787921640000,-173.36027009883145
1787921700000,-173.36027009883145
1787921760000,-173.36027009883145
1787921820000,-173.36027009883145
1787921880000,-173.36027009883145
1787921940000,-173.36027009883145
1787922000000,-173.36027009883145
1787922060000,-173.36027009883145
1787922120000,-173.36027009883145
1787922180000,-172.7124192865886
1787922240000,-165.75793129040787
1787922300000,-164.16209467292668
1787922360000,-160.58406099373224
1787922420000,-164.1116998323747
1787922480000,-173.38435049394906
1787922540000,-174.9544401656548
1787922600000,-174.9544401656548
1787922660000,-174.9544401656548
1787922720000,-174.9544401656548
1787922780000,-174.9544401656548
1787922840000,-174.9544401656548
1787922900000,-174.9544401656548
1787922960000,-174.9544401656548
1787923020000,-174.9544401656548
1787923080000,-174.9544401656548
1787923140000,-174.9544401656548
1787923200000,-174.9544401656548
1787923260000,-174.9544401656548
1787923320000,-174.9544401656548
1787923380000,-174.9544401656548
1787923440000,-174.9544401656548
1787923500000,-174.9544401656548
1787923560000,-174.9544401656548
1787923620000,-174.9544401656548
1787923680000,-174.9544401656548
1787923740000,-174.9544401656548
1787923800000,-174.9544401656548
1787923860000,-174.9544401656548
1787923920000,-174.9544401656548
1787923980000,-174.9544401656548
1787924040000,-174.9544401656548
1787924100000,-174.9544401656548
1787924160000,-174.9544401656548
1787924220000,-174.9544401656548
1787924280000,-174.9544401656548
1787924340000,-174.9544401656548
1787924400000,-174.9544401656548
1787924460000,-174.9544401656548
1787924520000,-174.9544401656548
1787924580000,-174.9544401656548
1787924640000,-174.9544401656548
1787924700000,-174.9544401656548
1787924760000,-174.9544401656548
1787924820000,-174.9544401656548
1787924880000,-174.9544401656548
1787924940000,-174.9544401656548
1787925000000,-174.9544401656548
1787925060000,-174.9544401656548
1787925120000,-174.9544401656548
1787925180000,-174.9544401656548
1787925240000,-174.9544401656548
1787925300000,-174.9544401656548
1787925360000,-174.9544401656548
1787925420000,-174.9544401656548
1787925480000,-174.9544401656548
1787925540000,-174.9544401656548
1787925600000,-174.9544401656548
1787925660000,-174.9544401656548
1787925720000,-174.9544401656548
1787925780000,-174.9544401656548
1787925840000,-174.9544401656548
1787925900000,-174.9544401656548
1787925960000,-174.9544401656548
1787926020000,-174.9544401656548
1787926080000,-174.9544401656548
1787926140000,-174.9544401656548
1787926200000,-174.9544401656548
1787926260000,-174.9544401656548
1787926320000,-174.9544401656548
1787926380000,-174.9544401656548
1787926440000,-174.9544401656548
1787926500000,-174.9544401656548
1787926560000,-174.9544401656548
1787926620000,-174.9544401656548
1787926680000,-174.9544401656548
1787926740000,-174.9544401656548
1787926800000,-174.9544401656548
1787926860000,-174.9544401656548
1787926920000,-174.9544401656548
1787926980000,-174.9544401656548
1787927040000,-174.9544401656548
1787927100000,-174.9544401656548
1787927160000,-174.9544401656548
1787927220000,-174.9544401656548
1787927280000,-174.9544401656548
1787927340000,-174.9544401656548
1787927400000,-174.9544401656548
1787927460000,-174.9544401656548
1787927520000,-174.9544401656548
1787927580000,-174.9544401656548
1787927640000,-174.9544401656548
1787927700000,-174.9544401656548
1787927760000,-174.9544401656548
1787927820000,-174.9544401656548
1787927880000,-174.9544401656548
1787927940000,-174.9544401656548
1787928000000,-174.9544401656548
1787928060000,-174.9544401656548
1787928120000,-174.9544401656548
1787928180000,-174.9544401656548
1787928240000,-174.9544401656548
1787928300000,-174.9544401656548
1787928360000,-174.9544401656548
1787928420000,-174.9544401656548
1787928480000,-174.9544401656548
1787928540000,-174.9544401656548
1787928600000,-165.64500817557098
1787928660000,-160.9141447994873
1787928720000,-165.21939416941814
1787928780000,-162.15824727901105
1787928840000,-160.57037964067155
1787928900000,-161.24154018883564
1787928960000,-159.9974377093119
1787929020000,-159.2771678527455
1787929080000,-157.5910815976015
1787929140000,-161.53619603924912
1787929200000,-162.34454182310176
1787929260000,-162.34454182310176
1787929320000,-162.34454182310176
1787929380000,-162.34454182310176
1787929440000,-162.34454182310176
1787929500000,-162.34454182310176
1787929560000,-162.34454182310176
1787929620000,-155.82712915676572
1787929680000,-156.9959428605548
1787929740000,-157.3161657930999
1787929800000,-154.48219284007672
1787929860000,-144.05893638573696
1787929920000,-139.19154781105297
1787929980000,-136.54970861755652
1787930040000,-133.9879251571966
1787930100000,-135.7011178463123
1787930160000,-139.63985991661596
1787930220000,-129.4887929549393
1787930280000,-128.7202579168314
1787930340000,-123.05231201078479
1787930400000,-129.79300474085713
1787930460000,-130.99384073790074
1787930520000,-136.4216194445386
1787930580000,-140.02412743566993
1787930640000,-138.6791911189809
1787930700000,-135.7971847260759
1787930760000,-131.50619742997281
1787930820000,-130.16126111328379
1787930880000,-128.3199792511502
1787930940000,-134.3081480897417
1787931000000,-137.23818792252828
1787931060000,-139.06345863803483
1787931120000,-139.8480048227702
1787931180000,-139.04744749140758
1787931240000,-140.34435036821478
1787931300000,-152.60888868468837
1787931360000,-153.98584729463192
1787931420000,-154.98898068243122
1787931480000,-154.98898068243122
1787931540000,-154.98898068243122
1787931600000,-154.98898068243122
1787931660000,-154.98898068243122
1787931720000,-154.98898068243122
1787931780000,-154.98898068243122
1787931840000,-154.98898068243122
1787931900000,-154.98898068243122
1787931960000,-154.98898068243122
1787932020000,-154.98898068243122
1787932080000,-154.98898068243122
1787932140000,-154.98898068243122
1787932200000,-154.98898068243122
1787932260000,-154.98898068243122
1787932320000,-154.98898068243122
1787932380000,-154.98898068243122
1787932440000,-154.98898068243122
1787932500000,-154.98898068243122
1787932560000,-154.98898068243122
1787932620000,-154.98898068243122
1787932680000,-154.98898068243122
1787932740000,-154.98898068243122
1787932800000,-166.36960124109623
1787932860000,-170.77110636366027
1787932920000,-176.68457889473868
1787932980000,-182.76604780454096
1787933040000,-175.1894111240967
1787933100000,-167.545575892163
1787933160000,-165.613617536839
1787933220000,-165.79841355343527
1787933280000,-173.3918498717518
1787933340000,-173.12305566579377
1787933400000,-171.6278878951518
1787933460000,-185.82358189731448
1787933520000,-178.80133326665882
1787933580000,-176.49978287814253
1787933640000,-174.09743466239183
1787933700000,-187.0331558241259
1787933760000,-184.8156036249715
1787933820000,-186.78116125604026
1787933880000,-177.9613513730397
1787933940000,-170.6367092606812
1787934000000,-179.08692711048937
1787934060000,-175.643001346651
1787934120000,-175.37420714069285
1787934180000,-171.74548536025847
1787934240000,-169.393536058125
1787934300000,-172.51826870238799
1787934360000,-178.63333688793495
1787934420000,-173.3918498717518
1787934480000,-176.90297418707962
1787934540000,-160.23773341767676
1787934600000,-156.13862177681557
1787934660000,-168.60395307812306
1787934720000,-176.75177744622826
1787934780000,-177.97689695490413
1787934840000,-177.97689695490413
1787934900000,-177.97689695490413
1787934960000,-177.97689695490413
1787935020000,-177.97689695490413
1787935080000,-177.97689695490413
1787935140000,-177.97689695490413
1787935200000,-177.97689695490413
1787935260000,-177.97689695490413
1787935320000,-177.97689695490413
1787935380000,-177.97689695490413
1787935440000,-177.97689695490413
1787935500000,-177.97689695490413
1787935560000,-177.97689695490413
1787935620000,-177.97689695490413
1787935680000,-177.97689695490413
1787935740000,-177.97689695490413
1787935800000,-177.97689695490413
1787935860000,-177.97689695490413
1787935920000,-177.97689695490413
1787935980000,-166.373048114619
1787936040000,-165.89350471206154
1787936100000,-157.40558648679504
1787936160000,-167.97152612314383
1787936220000,-169.44212589098657
1787936280000,-173.6301382733215
1787936340000,-173.56619915298066
1787936400000,-172.1915080656493
1787936460000,-180.69541107100116
1787936520000,-181.49465007526356
1787936580000,-186.94546008433312
1787936640000,-179.28875042349938
1787936700000,-178.85716136119768
1787936760000,-175.13270760133497
1787936820000,-173.5502143728954
1787936880000,-174.71710331911834
1787936940000,-182.1979803990145
1787937000000,-179.08094828239115
1787937060000,-182.59759990114566
1787937120000,-184.49978873129018
1787937180000,-182.10207171850294
1787937240000,-181.5266196354341
1787937300000,-176.73118560985958
1787937360000,-176.77913995011536
1787937420000,-173.48627525255435
1787937480000,-173.91786431485602
1787937540000,-179.7363242658863
1787937600000,-180.56800426943826
1787937660000,-180.56800426943826
1787937720000,-180.56800426943826
1787937780000,-180.56800426943826
1787937840000,-180.56800426943826
1787937900000,-180.56800426943826
1787937960000,-180.56800426943826
1787938020000,-180.56800426943826
1787938080000,-180.56800426943826
1787938140000,-180.56800426943826
1787938200000,-180.56800426943826
1787938260000,-180.56800426943826
1787938320000,-180.56800426943826
1787938380000,-180.56800426943826
1787938440000,-180.56800426943826
1787938500000,-180.56800426943826
1787938560000,-180.56800426943826
1787938620000,-180.56800426943826
1787938680000,-180.56800426943826
1787938740000,-180.56800426943826
1787938800000,-180.56800426943826
1787938860000,-180.56800426943826
1787938920000,-180.56800426943826
1787938980000,-180.56800426943826
1787939040000,-180.56800426943826
1787939100000,-180.56800426943826
1787939160000,-180.56800426943826
1787939220000,-180.56800426943826
1787939280000,-180.56800426943826
1787939340000,-180.56800426943826
1787939400000,-180.56800426943826
1787939460000,-180.56800426943826
1787939520000,-180.56800426943826
1787939580000,-180.56800426943826
1787939640000,-180.56800426943826
1787939700000,-180.56800426943826
1787939760000,-180.56800426943826
1787939820000,-180.56800426943826
1787939880000,-180.56800426943826
1787939940000,-180.56800426943826
1787940000000,-180.56800426943826
1787940060000,-180.56800426943826
1787940120000,-180.56800426943826
1787940180000,-180.56800426943826
1787940240000,-180.56800426943826
1787940300000,-180.56800426943826
1787940360000,-180.56800426943826
1787940420000,-180.56800426943826
1787940480000,-180.56800426943826
1787940540000,-180.56800426943826
1787940600000,-180.56800426943826
1787940660000,-180.56800426943826
1787940720000,-180.56800426943826
1787940780000,-180.56800426943826
1787940840000,-180.56800426943826
1787940900000,-180.56800426943826
1787940960000,-180.56800426943826
1787941020000,-180.56800426943826
1787941080000,-188.47347778949404
1787941140000,-189.63308116570593
1787941200000,-189.63308116570593
1787941260000,-189.63308116570593
1787941320000,-189.63308116570593
1787941380000,-189.63308116570593
1787941440000,-189.63308116570593
1787941500000,-189.63308116570593
1787941560000,-189.63308116570593
1787941620000,-189.63308116570593
1787941680000,-189.63308116570593
1787941740000,-189.63308116570593
1787941800000,-189.63308116570593
1787941860000,-189.63308116570593
1787941920000,-188.0908676122598
1787941980000,-189.01042569274526
1787942040000,-182.70488456941655
1787942100000,-186.13680669122826
1787942160000,-186.92499933164433
1787942220000,-183.34529108975468
1787942280000,-187.69677129205184
1787942340000,-186.79363389157498
1787942400000,-185.5292415309076
1787942460000,-186.66226845150572
1787942520000,-184.0185389701101
1787942580000,-184.60968345042218
1787942640000,-180.86576840844577
1787942700000,-182.7705672894513
1787942760000,-186.72795117154035
1787942820000,-187.26584871016874
1787942880000,-187.26584871016874
1787942940000,-187.26584871016874
1787943000000,-187.26584871016874
1787943060000,-187.26584871016874
1787943120000,-187.26584871016874
1787943180000,-187.26584871016874
1787943240000,-187.26584871016874
1787943300000,-187.26584871016874
1787943360000,-187.26584871016874
1787943420000,-187.26584871016874
1787943480000,-187.26584871016874
1787943540000,-187.26584871016874
1787943600000,-187.26584871016874
1787943660000,-187.26584871016874
1787943720000,-187.26584871016874
1787943780000,-187.26584871016874
1787943840000,-187.26584871016874
1787943900000,-187.26584871016874
1787943960000,-187.26584871016874
1787944020000,-187.26584871016874
1787944080000,-187.26584871016874
1787944140000,-187.26584871016874
1787944200000,-187.26584871016874
1787944260000,-187.26584871016874
1787944320000,-187.26584871016874
1787944380000,-187.26584871016874
1787944440000,-187.26584871016874
1787944500000,-187.26584871016874
1787944560000,-187.26584871016874
1787944620000,-187.26584871016874
1787944680000,-187.26584871016874
1787944740000,-187.26584871016874
1787944800000,-187.26584871016874
1787944860000,-187.26584871016874
1787944920000,-187.26584871016874
1787944980000,-187.26584871016874
1787945040000,-187.26584871016874
1787945100000,-187.26584871016874
1787945160000,-187.26584871016874
1787945220000,-187.26584871016874
1787945280000,-187.26584871016874
1787945340000,-187.26584871016874
1787945400000,-187.26584871016874
1787945460000,-187.26584871016874
1787945520000,-187.26584871016874
1787945580000,-187.26584871016874
1787945640000,-187.26584871016874
1787945700000,-187.26584871016874
1787945760000,-187.26584871016874
1787945820000,-187.26584871016874
1787945880000,-187.26584871016874
1787945940000,-187.26584871016874
1787946000000,-187.26584871016874
1787946060000,-187.26584871016874
1787946120000,-187.26584871016874
1787946180000,-187.26584871016874
1787946240000,-187.26584871016874
1787946300000,-187.26584871016874
1787946360000,-187.26584871016874
1787946420000,-187.26584871016874
1787946480000,-190.89043078376795
1787946540000,-191.31830526593305
1787946600000,-192.47515108808247
1787946660000,-197.16592318885338
1787946720000,-200.60476624921583
1787946780000,-205.08952471042576
1787946840000,-202.8709162843855
1787946900000,-197.56210326493195
1787946960000,-198.0533665592695
1787947020000,-197.98997774709684
1787947080000,-200.11350295487827
1787947140000,-201.68237605614965
1787947200000,-194.91323937151955
1787947260000,-199.65155308141985
1787947320000,-200.19035798488676
1787947380000,-204.7543524613124
1787947440000,-204.96036610087327
1787947500000,-205.92704548650508
1787947560000,-211.37848333334694
1787947620000,-212.83667421221026
1787947680000,-212.83667421221026
1787947740000,-212.83667421221026
1787947800000,-212.83667421221026
1787947860000,-212.83667421221026
1787947920000,-212.83667421221026
1787947980000,-212.83667421221026
1787948040000,-212.83667421221026
1787948100000,-212.83667421221026
1787948160000,-212.83667421221026
1787948220000,-212.83667421221026
1787948280000,-212.83667421221026
1787948340000,-212.83667421221026
1787948400000,-212.83667421221026
1787948460000,-212.83667421221026
1787948520000,-212.83667421221026
1787948580000,-212.83667421221026
1787948640000,-212.83667421221026
1787948700000,-212.83667421221026
1787948760000,-212.83667421221026
1787948820000,-212.83667421221026
1787948880000,-212.83667421221026
1787948940000,-212.83667421221026
1787949000000,-212.83667421221026
1787949060000,-212.83667421221026
1787949120000,-212.83667421221026
1787949180000,-212.83667421221026
1787949240000,-212.83667421221026
1787949300000,-212.83667421221026
1787949360000,-212.83667421221026
1787949420000,-212.83667421221026
1787949480000,-212.83667421221026
1787949540000,-212.83667421221026
1787949600000,-212.83667421221026
1787949660000,-212.83667421221026
1787949720000,-212.83667421221026
1787949780000,-212.83667421221026
1787949840000,-212.83667421221026
1787949900000,-212.83667421221026
1787949960000,-212.83667421221026
1787950020000,-212.83667421221026
1787950080000,-212.83667421221026
1787950140000,-212.83667421221026
1787950200000,-212.83667421221026
1787950260000,-212.83667421221026
1787950320000,-212.83667421221026
1787950380000,-212.83667421221026
1787950440000,-212.83667421221026
1787950500000,-212.83667421221026
1787950560000,-212.83667421221026
1787950620000,-212.83667421221026
1787950680000,-212.83667421221026
1787950740000,-212.83667421221026
1787950800000,-212.83667421221026
1787950860000,-212.83667421221026
1787950920000,-212.83667421221026
1787950980000,-212.83667421221026
1787951040000,-212.83667421221026
1787951100000,-212.83667421221026
1787951160000,-212.83667421221026
1787951220000,-212.83667421221026
1787951280000,-212.83667421221026
1787951340000,-212.83667421221026
1787951400000,-212.83667421221026
1787951460000,-212.83667421221026
1787951520000,-212.83667421221026
1787951580000,-212.83667421221026
1787951640000,-211.0187634671945
1787951700000,-215.22166200280577
1787951760000,-217.11770645496114
1787951820000,-218.23466280672525
1787951880000,-218.23466280672525
1787951940000,-218.23466280672525
1787952000000,-218.23466280672525
1787952060000,-218.23466280672525
1787952120000,-218.23466280672525
1787952180000,-218.23466280672525
1787952240000,-218.23466280672525
1787952300000,-218.23466280672525
1787952360000,-218.23466280672525
1787952420000,-218.23466280672525
1787952480000,-218.23466280672525
1787952540000,-218.23466280672525
1787952600000,-218.23466280672525
1787952660000,-218.23466280672525
1787952720000,-218.23466280672525
1787952780000,-218.23466280672525
1787952840000,-218.23466280672525
1787952900000,-218.23466280672525
1787952960000,-218.23466280672525
1787953020000,-218.23466280672525
1787953080000,-218.23466280672525
1787953140000,-218.23466280672525
1787953200000,-218.23466280672525
1787953260000,-218.23466280672525
1787953320000,-218.23466280672525
1787953380000,-218.23466280672525
1787953440000,-218.23466280672525
1787953500000,-218.23466280672525
1787953560000,-218.23466280672525
1787953620000,-218.23466280672525
1787953680000,-218.23466280672525
1787953740000,-218.23466280672525
1787953800000,-218.23466280672525
1787953860000,-218.23466280672525
1787953920000,-218.23466280672525
1787953980000,-216.09426196207588
1787954040000,-215.48839768978127
1787954100000,-219.43470281472688
1787954160000,-208.75839185429308
1787954220000,-209.90462155863415
1787954280000,-221.98915758440126
1787954340000,-223.35660715892368
1787954400000,-223.35660715892368
1787954460000,-223.35660715892368
1787954520000,-223.35660715892368
1787954580000,-223.35660715892368
1787954640000,-223.35660715892368
1787954700000,-223.35660715892368
1787954760000,-223.35660715892368
1787954820000,-223.35660715892368
1787954880000,-223.35660715892368
1787954940000,-223.35660715892368
1787955000000,-223.35660715892368
1787955060000,-223.35660715892368
1787955120000,-223.35660715892368
1787955180000,-223.35660715892368
1787955240000,-223.35660715892368
1787955300000,-223.35660715892368
1787955360000,-223.35660715892368
1787955420000,-223.35660715892368
1787955480000,-223.35660715892368
1787955540000,-223.35660715892368
1787955600000,-223.35660715892368
1787955660000,-223.35660715892368
1787955720000,-223.35660715892368
1787955780000,-223.35660715892368
1787955840000,-223.35660715892368
1787955900000,-223.35660715892368
1787955960000,-223.35660715892368
1787956020000,-223.35660715892368
1787956080000,-223.35660715892368
1787956140000,-223.35660715892368
1787956200000,-223.35660715892368
1787956260000,-223.35660715892368
1787956320000,-223.35660715892368
1787956380000,-223.35660715892368
1787956440000,-223.35660715892368
1787956500000,-223.35660715892368
1787956560000,-223.35660715892368
1787956620000,-223.35660715892368
1787956680000,-223.35660715892368
1787956740000,-223.35660715892368
1787956800000,-223.35660715892368
1787956860000,-223.35660715892368
1787956920000,-223.35660715892368
1787956980000,-223.35660715892368
1787957040000,-223.35660715892368
1787957100000,-223.35660715892368
1787957160000,-223.35660715892368
1787957220000,-223.35660715892368
1787957280000,-223.35660715892368
1787957340000,-223.35660715892368
1787957400000,-223.35660715892368
1787957460000,-223.35660715892368
1787957520000,-223.35660715892368
1787957580000,-223.35660715892368
1787957640000,-223.35660715892368
1787957700000,-223.35660715892368
1787957760000,-223.35660715892368
1787957820000,-223.35660715892368
1787957880000,-223.35660715892368
1787957940000,-223.35660715892368
1787958000000,-223.35660715892368
1787958060000,-223.35660715892368
1787958120000,-223.35660715892368
1787958180000,-223.35660715892368
1787958240000,-223.35660715892368
1787958300000,-223.35660715892368
1787958360000,-223.35660715892368
1787958420000,-223.35660715892368
1787958480000,-223.35660715892368
1787958540000,-223.35660715892368
1787958600000,-223.35660715892368
1787958660000,-223.35660715892368
1787958720000,-223.35660715892368
1787958780000,-223.35660715892368
1787958840000,-223.35660715892368
1787958900000,-223.35660715892368
1787958960000,-223.35660715892368
1787959020000,-223.35660715892368
1787959080000,-223.35660715892368
1787959140000,-223.35660715892368
1787959200000,-223.35660715892368
1787959260000,-223.35660715892368
1787959320000,-223.35660715892368
1787959380000,-223.35660715892368
1787959440000,-223.35660715892368
1787959500000,-223.35660715892368
1787959560000,-223.35660715892368
1787959620000,-223.35660715892368
1787959680000,-223.35660715892368
1787959740000,-223.35660715892368
1787959800000,-223.35660715892368
1787959860000,-223.35660715892368
1787959920000,-223.35660715892368
1787959980000,-223.35660715892368
1787960040000,-223.35660715892368
1787960100000,-223.35660715892368
1787960160000,-223.35660715892368
1787960220000,-223.35660715892368
1787960280000,-223.35660715892368
1787960340000,-223.35660715892368
1787960400000,-223.35660715892368
1787960460000,-223.35660715892368
1787960520000,-223.35660715892368
1787960580000,-223.35660715892368
1787960640000,-223.35660715892368
1787960700000,-223.35660715892368
1787960760000,-223.35660715892368
1787960820000,-223.35660715892368
1787960880000,-223.35660715892368
1787960940000,-223.35660715892368
1787961000000,-223.35660715892368
1787961060000,-223.35660715892368
1787961120000,-223.35660715892368
1787961180000,-223.35660715892368
1787961240000,-223.35660715892368
1787961300000,-227.73916792801862
1787961360000,-225.5744076133663
1787961420000,-226.36599907170924
1787961480000,-225.99443573411975
1787961540000,-228.41767489231265
1787961600000,-231.18988068278352
1787961660000,-240.12355571265485
1787961720000,-247.44173797039747
1787961780000,-248.67095154848357
1787961840000,-248.67095154848357
1787961900000,-248.67095154848357
1787961960000,-248.67095154848357
1787962020000,-248.67095154848357
1787962080000,-248.67095154848357
1787962140000,-248.67095154848357
1787962200000,-248.67095154848357
1787962260000,-248.67095154848357
1787962320000,-248.67095154848357
1787962380000,-248.67095154848357
1787962440000,-248.67095154848357
1787962500000,-248.67095154848357
1787962560000,-248.67095154848357
1787962620000,-248.67095154848357
1787962680000,-248.67095154848357
1787962740000,-248.67095154848357
1787962800000,-248.67095154848357
1787962860000,-248.67095154848357
1787962920000,-248.67095154848357
1787962980000,-248.67095154848357
1787963040000,-248.67095154848357
1787963100000,-248.67095154848357
1787963160000,-266.55022226632116
1787963220000,-267.60760216232455
1787963280000,-267.60760216232455
1787963340000,-267.60760216232455
1787963400000,-267.60760216232455
1787963460000,-267.60760216232455
1787963520000,-267.60760216232455
1787963580000,-267.60760216232455
1787963640000,-267.60760216232455
1787963700000,-267.60760216232455
1787963760000,-267.60760216232455
1787963820000,-267.60760216232455
1787963880000,-267.60760216232455
1787963940000,-267.60760216232455
1787964000000,-267.60760216232455
1787964060000,-267.60760216232455
1787964120000,-267.60760216232455
1787964180000,-267.60760216232455
1787964240000,-267.60760216232455
1787964300000,-267.60760216232455
1787964360000,-267.60760216232455
1787964420000,-267.60760216232455
1787964480000,-267.60760216232455
1787964540000,-244.25865395950785
1787964600000,-250.77452741135008
1787964660000,-256.8802005974589
1787964720000,-259.972479523757
1787964780000,-260.6035568556545
1787964840000,-252.27333607460673
1787964900000,-256.9906391305411
1787964960000,-272.3100413623543
1787965020000,-273.96238129565535
1787965080000,-273.96238129565535
1787965140000,-273.96238129565535
1787965200000,-273.96238129565535
1787965260000,-273.96238129565535
1787965320000,-273.96238129565535
1787965380000,-273.96238129565535
1787965440000,-273.96238129565535
1787965500000,-273.96238129565535
1787965560000,-273.96238129565535
1787965620000,-273.96238129565535
1787965680000,-273.96238129565535
1787965740000,-273.96238129565535
1787965800000,-273.96238129565535
1787965860000,-273.96238129565535
1787965920000,-273.96238129565535
1787965980000,-273.96238129565535
1787966040000,-273.96238129565535
1787966100000,-273.96238129565535
1787966160000,-273.96238129565535
1787966220000,-273.96238129565535
1787966280000,-273.96238129565535
1787966340000,-273.96238129565535
1787966400000,-273.96238129565535
1787966460000,-276.2405751546341
1787966520000,-280.02979697379413
1787966580000,-278.3816395158667
1787966640000,-277.59606913872386
1787966700000,-277.1955822797883
1787966760000,-273.3447470977152
1787966820000,-272.2973199281913
1787966880000,-268.6313248348577
1787966940000,-271.40392616595034
1787967000000,-271.7890096841576
1787967060000,-278.27381613076875
1787967120000,-278.99271241745095
1787967180000,-278.99271241745095
1787967240000,-278.99271241745095
1787967300000,-278.99271241745095
1787967360000,-278.99271241745095
1787967420000,-278.99271241745095
1787967480000,-278.99271241745095
1787967540000,-278.99271241745095
1787967600000,-278.99271241745095
1787967660000,-278.99271241745095
1787967720000,-278.99271241745095
1787967780000,-278.99271241745095
1787967840000,-278.99271241745095
1787967900000,-278.99271241745095
1787967960000,-278.99271241745095
1787968020000,-278.99271241745095
1787968080000,-278.99271241745095
1787968140000,-278.99271241745095
1787968200000,-278.99271241745095
1787968260000,-278.99271241745095
1787968320000,-278.99271241745095
1787968380000,-278.99271241745095
1787968440000,-278.99271241745095
1787968500000,-278.99271241745095
1787968560000,-278.99271241745095
1787968620000,-278.99271241745095
1787968680000,-278.99271241745095
1787968740000,-278.99271241745095
1787968800000,-278.99271241745095
1787968860000,-278.99271241745095
1787968920000,-278.99271241745095
1787968980000,-278.99271241745095
1787969040000,-278.99271241745095
1787969100000,-278.99271241745095
1787969160000,-278.99271241745095
1787969220000,-278.99271241745095
1787969280000,-278.99271241745095
1787969340000,-278.99271241745095
1787969400000,-278.99271241745095
1787969460000,-278.99271241745095
1787969520000,-278.99271241745095
1787969580000,-282.8621360770498
1787969640000,-276.8355521274314
1787969700000,-244.45903998505207
1787969760000,-261.4906902774519
1787969820000,-265.66671991645376
1787969880000,-271.0873701537465
1787969940000,-271.2931074420145
1787970000000,-271.2931074420145
1787970060000,-271.2931074420145
1787970120000,-271.2931074420145
1787970180000,-271.2931074420145
1787970240000,-271.2931074420145
1787970300000,-271.2931074420145
1787970360000,-271.2931074420145
1787970420000,-271.2931074420145
1787970480000,-271.2931074420145
1787970540000,-271.2931074420145
1787970600000,-271.2931074420145
1787970660000,-271.2931074420145
1787970720000,-271.2931074420145
1787970780000,-271.2931074420145
1787970840000,-271.2931074420145
1787970900000,-271.2931074420145
1787970960000,-271.2931074420145
1787971020000,-271.2931074420145
1787971080000,-271.2931074420145
1787971140000,-271.2931074420145
1787971200000,-271.2931074420145
1787971260000,-271.2931074420145
1787971320000,-271.2931074420145
1787971380000,-271.2931074420145
1787971440000,-271.2931074420145
1787971500000,-271.2931074420145
1787971560000,-271.2931074420145
1787971620000,-271.2931074420145
1787971680000,-271.2931074420145
1787971740000,-271.2931074420145
1787971800000,-271.2931074420145
1787971860000,-271.2931074420145
1787971920000,-271.2931074420145
1787971980000,-271.2931074420145
1787972040000,-271.2931074420145
1787972100000,-271.2931074420145
1787972160000,-271.2931074420145
1787972220000,-271.2931074420145
1787972280000,-271.2931074420145
1787972340000,-271.2931074420145
1787972400000,-271.2931074420145
1787972460000,-271.2931074420145
1787972520000,-271.2931074420145
1787972580000,-271.2931074420145
1787972640000,-271.2931074420145
1787972700000,-271.2931074420145
1787972760000,-271.2931074420145
1787972820000,-271.2931074420145
1787972880000,-271.2931074420145
1787972940000,-271.2931074420145
1787973000000,-271.2931074420145
1787973060000,-271.2931074420145
1787973120000,-271.2931074420145
1787973180000,-271.2931074420145
1787973240000,-271.2931074420145
1787973300000,-271.2931074420145
1787973360000,-271.2931074420145
1787973420000,-271.2931074420145
1787973480000,-271.2931074420145
1787973540000,-271.2931074420145
1787973600000,-271.2931074420145
1787973660000,-271.2931074420145
1787973720000,-271.2931074420145
1787973780000,-271.2931074420145
1787973840000,-271.2931074420145
1787973900000,-271.2931074420145
1787973960000,-271.2931074420145
1787974020000,-271.2931074420145
1787974080000,-271.2931074420145
1787974140000,-271.2931074420145
1787974200000,-271.2931074420145
1787974260000,-271.2931074420145
1787974320000,-271.2931074420145
1787974380000,-271.2931074420145
1787974440000,-271.2931074420145
1787974500000,-271.2931074420145
1787974560000,-270.00651484528345
1787974620000,-271.24187219030836
1787974680000,-271.00430347011127
1787974740000,-265.9203328578941
1787974800000,-266.6330390184853
1787974860000,-261.15312053927306
1787974920000,-266.078712004692
1787974980000,-267.66250347267254
1787975040000,-271.24187219030836
1787975100000,-282.8827394799644
1787975160000,-284.5932342653833
1787975220000,-285.66754418677215
1787975280000,-285.66754418677215
1787975340000,-285.66754418677215
1787975400000,-285.66754418677215
1787975460000,-285.66754418677215
1787975520000,-285.66754418677215
1787975580000,-285.66754418677215
1787975640000,-285.66754418677215
1787975700000,-285.66754418677215
1787975760000,-285.66754418677215
1787975820000,-285.66754418677215
1787975880000,-285.66754418677215
1787975940000,-285.66754418677215
1787976000000,-285.66754418677215
1787976060000,-285.66754418677215
1787976120000,-285.66754418677215
1787976180000,-285.66754418677215
1787976240000,-285.66754418677215
1787976300000,-285.66754418677215
1787976360000,-285.66754418677215
1787976420000,-285.66754418677215
1787976480000,-285.66754418677215
1787976540000,-285.66754418677215
1787976600000,-285.66754418677215
1787976660000,-285.66754418677215
1787976720000,-285.66754418677215
1787976780000,-285.66754418677215
1787976840000,-285.66754418677215
1787976900000,-285.66754418677215
1787976960000,-285.66754418677215
1787977020000,-285.66754418677215
1787977080000,-285.66754418677215
1787977140000,-286.9776420564089
1787977200000,-288.6297099809833
1787977260000,-286.26961294587693
1787977320000,-277.52151993574927
1787977380000,-281.0773994686429
1787977440000,-283.31162466187703
1787977500000,-279.661341247579
1787977560000,-279.56693736617484
1787977620000,-280.82565578489823
1787977680000,-278.8589082556429
1787977740000,-283.5791023258556
1787977800000,-284.4525906837047
1787977860000,-284.4525906837047
1787977920000,-284.4525906837047
1787977980000,-284.4525906837047
1787978040000,-284.4525906837047
1787978100000,-284.4525906837047
1787978160000,-284.4525906837047
1787978220000,-284.4525906837047
1787978280000,-284.4525906837047
1787978340000,-284.4525906837047
1787978400000,-284.4525906837047
1787978460000,-284.4525906837047
1787978520000,-284.4525906837047
1787978580000,-284.4525906837047
1787978640000,-284.4525906837047
1787978700000,-284.4525906837047
1787978760000,-284.4525906837047
1787978820000,-284.4525906837047
1787978880000,-284.4525906837047
1787978940000,-284.4525906837047
1787979000000,-284.4525906837047
1787979060000,-284.4525906837047
1787979120000,-284.4525906837047
1787979180000,-284.4525906837047
1787979240000,-284.4525906837047
1787979300000,-284.4525906837047
1787979360000,-284.4525906837047
1787979420000,-284.4525906837047
1787979480000,-284.4525906837047
1787979540000,-284.4525906837047
1787979600000,-284.4525906837047
1787979660000,-284.4525906837047
1787979720000,-283.8850417425785
1787979780000,-282.9465414156098
1787979840000,-286.4189926253944
1787979900000,-287.91446833586554
1787979960000,-287.91446833586554
1787980020000,-287.91446833586554
1787980080000,-286.6488687009932
1787980140000,-297.0260659320636
1787980200000,-297.15627984245765
1787980260000,-297.15627984245765
1787980320000,-297.15627984245765
1787980380000,-297.15627984245765
1787980440000,-297.15627984245765
1787980500000,-297.15627984245765
1787980560000,-297.15627984245765
1787980620000,-297.15627984245765
1787980680000,-297.15627984245765
1787980740000,-297.15627984245765
1787980800000,-297.15627984245765
1787980860000,-297.15627984245765
1787980920000,-297.15627984245765
1787980980000,-297.15627984245765
1787981040000,-297.15627984245765
1787981100000,-297.15627984245765
1787981160000,-297.15627984245765
1787981220000,-297.15627984245765
1787981280000,-297.15627984245765
1787981340000,-297.15627984245765
1787981400000,-297.15627984245765
1787981460000,-297.15627984245765
1787981520000,-297.15627984245765
1787981580000,-297.15627984245765
1787981640000,-297.15627984245765
1787981700000,-297.15627984245765
1787981760000,-297.15627984245765
1787981820000,-297.15627984245765
1787981880000,-297.15627984245765
1787981940000,-297.15627984245765
1787982000000,-297.15627984245765
1787982060000,-297.15627984245765
1787982120000,-297.15627984245765
1787982180000,-297.15627984245765
1787982240000,-297.15627984245765
1787982300000,-297.15627984245765
1787982360000,-297.15627984245765
1787982420000,-297.15627984245765
1787982480000,-297.15627984245765
1787982540000,-297.15627984245765
1787982600000,-297.15627984245765
1787982660000,-297.15627984245765
1787982720000,-297.15627984245765
1787982780000,-297.15627984245765
1787982840000,-297.15627984245765
1787982900000,-297.15627984245765
1787982960000,-297.15627984245765
1787983020000,-297.15627984245765
1787983080000,-297.15627984245765
1787983140000,-297.15627984245765
1787983200000,-297.15627984245765
1787983260000,-297.15627984245765
1787983320000,-297.15627984245765
1787983380000,-297.15627984245765
1787983440000,-301.33506744237525
1787983500000,-296.4944726055065
1787983560000,-297.4719004091049
1787983620000,-296.6806493300014
1787983680000,-291.8710839472149
1787983740000,-288.8612269012131
1787983800000,-282.82599808216827
1787983860000,-293.5001302865459
1787983920000,-294.9999428717461
1787983980000,-294.9999428717461
1787984040000,-294.9999428717461
1787984100000,-294.9999428717461
1787984160000,-294.9999428717461
1787984220000,-294.9999428717461
1787984280000,-294.9999428717461
1787984340000,-294.9999428717461
1787984400000,-294.9999428717461
1787984460000,-294.9999428717461
1787984520000,-294.9999428717461
1787984580000,-294.9999428717461
1787984640000,-294.9999428717461
1787984700000,-294.9999428717461
1787984760000,-294.9999428717461
1787984820000,-294.9999428717461
1787984880000,-294.9999428717461
1787984940000,-294.9999428717461
1787985000000,-294.9999428717461
1787985060000,-294.9999428717461
1787985120000,-294.9999428717461
1787985180000,-294.9999428717461
1787985240000,-294.9999428717461
1787985300000,-294.9999428717461
1787985360000,-294.9999428717461
1787985420000,-294.9999428717461
1787985480000,-294.9999428717461
1787985540000,-294.9999428717461
1787985600000,-294.9999428717461
1787985660000,-294.9999428717461
1787985720000,-294.9999428717461
1787985780000,-294.9999428717461
1787985840000,-294.9999428717461
1787985900000,-295.02008804536894
1787985960000,-299.1337754409063
1787986020000,-300.0823180842347
1787986080000,-300.0823180842347
1787986140000,-300.0823180842347
1787986200000,-300.0823180842347
1787986260000,-300.0823180842347
1787986320000,-300.0823180842347
1787986380000,-300.0823180842347
1787986440000,-300.0823180842347
1787986500000,-300.0823180842347
1787986560000,-300.0823180842347
1787986620000,-300.0823180842347
1787986680000,-300.0823180842347
1787986740000,-300.0823180842347
1787986800000,-300.0823180842347
1787986860000,-300.0823180842347
1787986920000,-300.0823180842347
1787986980000,-300.0823180842347
1787987040000,-300.0823180842347
1787987100000,-300.0823180842347
1787987160000,-300.0823180842347
1787987220000,-300.0823180842347
1787987280000,-300.0823180842347
1787987340000,-300.0823180842347
1787987400000,-300.0823180842347
1787987460000,-300.0823180842347
1787987520000,-300.0823180842347
1787987580000,-300.0823180842347
1787987640000,-300.0823180842347
1787987700000,-300.0823180842347
1787987760000,-300.0823180842347
1787987820000,-300.0823180842347
1787987880000,-300.0823180842347
1787987940000,-300.0823180842347
1787988000000,-300.0823180842347
1787988060000,-300.0823180842347
1787988120000,-300.0823180842347
1787988180000,-300.0823180842347
1787988240000,-300.0823180842347
1787988300000,-300.0823180842347
1787988360000,-300.0823180842347
1787988420000,-300.0823180842347
1787988480000,-300.0823180842347
1787988540000,-300.0823180842347
1787988600000,-300.0823180842347
1787988660000,-300.0823180842347
1787988720000,-300.0823180842347
1787988780000,-300.0823180842347
1787988840000,-300.0823180842347
1787988900000,-300.0823180842347
1787988960000,-300.0823180842347
1787989020000,-300.0823180842347
1787989080000,-300.0823180842347
1787989140000,-300.0823180842347
1787989200000,-300.0823180842347
1787989260000,-300.0823180842347
1787989320000,-300.0823180842347
1787989380000,-300.0823180842347
1787989440000,-300.0823180842347
1787989500000,-300.0823180842347
1787989560000,-300.0823180842347
1787989620000,-300.0823180842347
1787989680000,-300.0823180842347
1787989740000,-300.0823180842347
1787989800000,-300.0823180842347
1787989860000,-300.0823180842347
1787989920000,-300.0823180842347
1787989980000,-300.0823180842347
1787990040000,-300.0823180842347
1787990100000,-300.0823180842347
1787990160000,-300.0823180842347
1787990220000,-300.0823180842347
1787990280000,-300.0823180842347
1787990340000,-300.0823180842347
1787990400000,-300.0823180842347
1787990460000,-300.0823180842347
1787990520000,-300.0823180842347
1787990580000,-300.0823180842347
1787990640000,-300.0823180842347
1787990700000,-302.97946466793223
1787990760000,-302.31944766627146
1787990820000,-304.09520769454934
1787990880000,-305.16582614135456
1787990940000,-305.16582614135456
1787991000000,-305.16582614135456
1787991060000,-305.16582614135456
1787991120000,-305.16582614135456
1787991180000,-305.16582614135456
1787991240000,-305.16582614135456
1787991300000,-305.16582614135456
1787991360000,-305.16582614135456
1787991420000,-305.16582614135456
1787991480000,-305.16582614135456
1787991540000,-305.16582614135456
1787991600000,-305.16582614135456
1787991660000,-305.16582614135456
1787991720000,-305.16582614135456
1787991780000,-305.16582614135456
1787991840000,-305.16582614135456
1787991900000,-305.16582614135456
1787991960000,-305.16582614135456
1787992020000,-305.16582614135456
1787992080000,-305.16582614135456
1787992140000,-305.16582614135456
1787992200000,-305.16582614135456
1787992260000,-305.16582614135456
1787992320000,-305.16582614135456
1787992380000,-305.16582614135456
1787992440000,-305.16582614135456
1787992500000,-305.16582614135456
1787992560000,-305.16582614135456
1787992620000,-305.16582614135456
1787992680000,-305.16582614135456
1787992740000,-305.16582614135456
1787992800000,-305.16582614135456
1787992860000,-305.16582614135456
1787992920000,-305.16582614135456
1787992980000,-305.16582614135456
1787993040000,-305.16582614135456
1787993100000,-305.16582614135456
1787993160000,-305.16582614135456
1787993220000,-305.16582614135456
1787993280000,-305.16582614135456
1787993340000,-305.16582614135456
1787993400000,-305.16582614135456
1787993460000,-305.16582614135456
1787993520000,-305.16582614135456
1787993580000,-306.3978382765161
1787993640000,-310.52224268014834
1787993700000,-311.66365025106444
1787993760000,-311.66365025106444
1787993820000,-311.66365025106444
1787993880000,-311.66365025106444
1787993940000,-312.9916442099746
1787994000000,-313.5194542574723
1787994060000,-316.6863145424579
1787994120000,-314.39913766996835
1787994180000,-312.30389172384133
1787994240000,-311.16830040952823
1787994300000,-313.0076384538382
1787994360000,-317.05418215132005
1787994420000,-318.2276247873965
1787994480000,-318.2276247873965
1787994540000,-318.2276247873965
1787994600000,-318.2276247873965
1787994660000,-318.2276247873965
1787994720000,-318.2276247873965
1787994780000,-318.2276247873965
1787994840000,-318.2276247873965
1787994900000,-318.2276247873965
1787994960000,-318.2276247873965
1787995020000,-318.2276247873965
1787995080000,-318.2276247873965
1787995140000,-318.2276247873965
1787995200000,-318.2276247873965
1787995260000,-318.2276247873965
1787995320000,-318.2276247873965
1787995380000,-318.2276247873965
1787995440000,-318.2276247873965
1787995500000,-318.2276247873965
1787995560000,-318.2276247873965
1787995620000,-318.2276247873965
1787995680000,-318.2276247873965
1787995740000,-318.2276247873965
1787995800000,-318.2276247873965
1787995860000,-318.2276247873965
1787995920000,-318.2276247873965
1787995980000,-318.2276247873965
1787996040000,-318.2276247873965
1787996100000,-318.2276247873965
1787996160000,-318.2276247873965
1787996220000,-318.2276247873965
1787996280000,-318.2276247873965
1787996340000,-318.2276247873965
1787996400000,-318.2276247873965
1787996460000,-318.2276247873965
1787996520000,-318.2276247873965
1787996580000,-318.2276247873965
1787996640000,-318.2276247873965
1787996700000,-318.2276247873965
1787996760000,-318.2276247873965
1787996820000,-318.2276247873965
1787996880000,-318.2276247873965
1787996940000,-318.2276247873965
1787997000000,-318.2276247873965
1787997060000,-318.2276247873965
1787997120000,-318.2276247873965
1787997180000,-318.2276247873965
1787997240000,-318.2276247873965
1787997300000,-318.2276247873965
1787997360000,-318.2276247873965
1787997420000,-318.2276247873965
1787997480000,-318.2276247873965
1787997540000,-318.2276247873965
1787997600000,-318.2276247873965
1787997660000,-318.2276247873965
1787997720000,-318.2276247873965
1787997780000,-318.2276247873965
1787997840000,-318.2276247873965
1787997900000,-318.2276247873965
1787997960000,-318.2276247873965
1787998020000,-318.2276247873965
1787998080000,-318.2276247873965
1787998140000,-318.2276247873965
1787998200000,-318.2276247873965
1787998260000,-318.2276247873965
1787998320000,-318.2276247873965
1787998380000,-318.2276247873965
1787998440000,-318.2276247873965
1787998500000,-318.2276247873965
1787998560000,-318.2276247873965
1787998620000,-318.2276247873965
1787998680000,-318.2276247873965
1787998740000,-318.2276247873965
1787998800000,-318.2276247873965
1787998860000,-318.2276247873965
1787998920000,-318.2276247873965
1787998980000,-324.2846104007372
1787999040000,-324.2397763182263
1787999100000,-326.3619228904067
1787999160000,-321.99807219268376
1787999220000,-315.28790451022616
1787999280000,-318.44123498015614
1787999340000,-321.3703950375318
1787999400000,-322.90969853707094
1787999460000,-323.7916187509355
1787999520000,-323.7916187509355
1787999580000,-323.7916187509355
1787999640000,-323.7916187509355
1787999700000,-323.7916187509355
1787999760000,-323.7916187509355
1787999820000,-323.7916187509355
1787999880000,-323.7916187509355
1787999940000,-323.7916187509355
1788000000000,-323.7916187509355
1788000060000,-323.7916187509355
1788000120000,-323.7916187509355
1788000180000,-323.7916187509355
1788000240000,-323.7916187509355
1788000300000,-323.7916187509355
1788000360000,-323.7916187509355
1788000420000,-323.7916187509355
1788000480000,-323.7916187509355
1788000540000,-323.7916187509355
1788000600000,-323.7916187509355
1788000660000,-323.7916187509355
1788000720000,-323.7916187509355
1788000780000,-323.7916187509355
1788000840000,-323.7916187509355
1788000900000,-323.7916187509355
1788000960000,-323.7916187509355
1788001020000,-323.7916187509355
1788001080000,-323.7916187509355
1788001140000,-323.7916187509355
1788001200000,-323.7916187509355
1788001260000,-323.7916187509355
1788001320000,-323.7916187509355
1788001380000,-323.7916187509355
1788001440000,-323.7916187509355
1788001500000,-323.7916187509355
1788001560000,-323.7916187509355
1788001620000,-323.7916187509355
1788001680000,-323.7916187509355
1788001740000,-323.7916187509355
1788001800000,-323.7916187509355
1788001860000,-323.7916187509355
1788001920000,-323.7916187509355
1788001980000,-323.7916187509355
1788002040000,-323.7916187509355
1788002100000,-323.5279091294845
1788002160000,-322.17792257805036
1788002220000,-322.050029115283
1788002280000,-319.6484740922057
1788002340000,-313.97853057618306
1788002400000,-319.97531294150036
1788002460000,-305.480720494525
1788002520000,-311.0085601630283
1788002580000,-309.85751899812146
1788002640000,-313.33906326234586
1788002700000,-314.48163736275956
1788002760000,-314.48163736275956
1788002820000,-314.48163736275956
1788002880000,-314.48163736275956
1788002940000,-314.48163736275956
1788003000000,-314.48163736275956
1788003060000,-314.48163736275956
1788003120000,-314.48163736275956
1788003180000,-314.48163736275956
1788003240000,-314.48163736275956
1788003300000,-314.48163736275956
1788003360000,-314.48163736275956
1788003420000,-314.48163736275956
1788003480000,-314.48163736275956
1788003540000,-314.48163736275956
1788003600000,-314.48163736275956
1788003660000,-314.48163736275956
1788003720000,-314.48163736275956
1788003780000,-314.48163736275956
1788003840000,-314.48163736275956
1788003900000,-314.48163736275956
1788003960000,-318.6357416416946
1788004020000,-317.09028653699164
1788004080000,-315.47644846305406
1788004140000,-315.13453361688084
1788004200000,-324.1474089620065
1788004260000,-325.2958312152329
1788004320000,-325.2958312152329
1788004380000,-325.2958312152329
1788004440000,-325.2958312152329
1788004500000,-325.2958312152329
1788004560000,-325.2958312152329
1788004620000,-325.2958312152329
1788004680000,-325.2958312152329
1788004740000,-325.2958312152329
1788004800000,-325.2958312152329
1788004860000,-325.2958312152329
1788004920000,-325.2958312152329
1788004980000,-325.2958312152329
1788005040000,-325.2958312152329
1788005100000,-325.2958312152329
1788005160000,-325.2958312152329
1788005220000,-325.2958312152329
1788005280000,-337.07497368242343
1788005340000,-338.24839749635476
1788005400000,-338.24839749635476
1788005460000,-338.24839749635476
1788005520000,-338.24839749635476
1788005580000,-338.24839749635476
1788005640000,-338.24839749635476
1788005700000,-338.24839749635476
1788005760000,-338.24839749635476
1788005820000,-338.24839749635476
1788005880000,-338.24839749635476
1788005940000,-338.24839749635476
1788006000000,-338.24839749635476
1788006060000,-338.24839749635476
1788006120000,-338.24839749635476
1788006180000,-338.24839749635476
1788006240000,-338.24839749635476
1788006300000,-338.24839749635476
1788006360000,-338.24839749635476
1788006420000,-338.24839749635476
1788006480000,-338.24839749635476
1788006540000,-338.24839749635476
1788006600000,-338.24839749635476
1788006660000,-338.24839749635476
1788006720000,-338.24839749635476
1788006780000,-338.24839749635476
1788006840000,-338.24839749635476
1788006900000,-338.24839749635476
1788006960000,-338.24839749635476
1788007020000,-338.24839749635476
1788007080000,-338.24839749635476
1788007140000,-338.24839749635476
1788007200000,-338.24839749635476
1788007260000,-338.24839749635476
1788007320000,-338.24839749635476
1788007380000,-338.24839749635476
1788007440000,-338.24839749635476
1788007500000,-338.24839749635476
1788007560000,-338.24839749635476
1788007620000,-338.24839749635476
1788007680000,-338.24839749635476
1788007740000,-338.24839749635476
1788007800000,-338.24839749635476
1788007860000,-338.24839749635476
1788007920000,-338.24839749635476
1788007980000,-338.24839749635476
1788008040000,-338.24839749635476
1788008100000,-338.24839749635476
1788008160000,-338.24839749635476
1788008220000,-338.24839749635476
1788008280000,-338.24839749635476
1788008340000,-338.24839749635476
1788008400000,-338.24839749635476
1788008460000,-338.24839749635476
1788008520000,-338.24839749635476
1788008580000,-338.24839749635476
1788008640000,-338.24839749635476
1788008700000,-338.24839749635476
1788008760000,-338.24839749635476
1788008820000,-338.24839749635476
1788008880000,-338.24839749635476
1788008940000,-338.24839749635476
1788009000000,-338.24839749635476
1788009060000,-338.24839749635476
1788009120000,-338.24839749635476
1788009180000,-338.24839749635476
1788009240000,-338.24839749635476
1788009300000,-338.24839749635476
1788009360000,-338.24839749635476
1788009420000,-338.24839749635476
1788009480000,-338.24839749635476
1788009540000,-338.24839749635476
1788009600000,-338.24839749635476
1788009660000,-338.24839749635476
1788009720000,-338.11917885795526
1788009780000,-353.1877245329348
1788009840000,-354.3843469028242
1788009900000,-354.3843469028242
1788009960000,-354.3843469028242
1788010020000,-354.3843469028242
1788010080000,-354.3843469028242
1788010140000,-354.3843469028242
1788010200000,-354.3843469028242
1788010260000,-354.3843469028242
1788010320000,-354.3843469028242
1788010380000,-354.3843469028242
1788010440000,-354.3843469028242
1788010500000,-354.3843469028242
1788010560000,-354.3843469028242
1788010620000,-354.3843469028242
1788010680000,-354.3843469028242
1788010740000,-354.3843469028242
1788010800000,-354.3843469028242
1788010860000,-354.3843469028242
1788010920000,-354.3843469028242
1788010980000,-354.3843469028242
1788011040000,-354.3843469028242
1788011100000,-354.3843469028242
1788011160000,-354.3843469028242
1788011220000,-354.3843469028242
1788011280000,-354.3843469028242
1788011340000,-354.3843469028242
1788011400000,-354.3843469028242
1788011460000,-354.3843469028242
1788011520000,-354.3843469028242
1788011580000,-354.3843469028242
1788011640000,-354.3843469028242
1788011700000,-354.3843469028242
1788011760000,-354.3843469028242
1788011820000,-354.3843469028242
1788011880000,-354.3843469028242
1788011940000,-354.3843469028242
1788012000000,-354.3843469028242
1788012060000,-354.3843469028242
1788012120000,-354.3843469028242
1788012180000,-354.3843469028242
1788012240000,-354.3843469028242
1788012300000,-354.3843469028242
1788012360000,-354.3843469028242
1788012420000,-354.3843469028242
1788012480000,-354.3843469028242
1788012540000,-354.3843469028242
1788012600000,-354.3843469028242
1788012660000,-354.3843469028242
1788012720000,-354.3843469028242
1788012780000,-354.3843469028242
1788012840000,-354.3843469028242
1788012900000,-354.3843469028242
1788012960000,-354.3843469028242
1788013020000,-354.3843469028242
1788013080000,-354.3843469028242
1788013140000,-354.3843469028242
1788013200000,-354.3843469028242
1788013260000,-354.3843469028242
1788013320000,-354.3843469028242
1788013380000,-354.3843469028242
1788013440000,-354.3843469028242
1788013500000,-354.3843469028242
1788013560000,-354.3843469028242
1788013620000,-354.3843469028242
1788013680000,-354.3843469028242
1788013740000,-354.3843469028242
1788013800000,-354.3843469028242
1788013860000,-354.3843469028242
1788013920000,-354.3843469028242
1788013980000,-354.3843469028242
1788014040000,-354.3843469028242
1788014100000,-354.3843469028242
1788014160000,-354.3843469028242
1788014220000,-354.3843469028242
1788014280000,-354.3843469028242
1788014340000,-354.3843469028242
1788014400000,-354.3843469028242
1788014460000,-348.8360767249269
1788014520000,-348.9570609314469
1788014580000,-349.7098515497938
1788014640000,-346.69868907640614
1788014700000,-353.71577305456856
1788014760000,-354.82358908195124
1788014820000,-354.82358908195124
1788014880000,-354.82358908195124
1788014940000,-354.82358908195124
1788015000000,-354.82358908195124
1788015060000,-354.82358908195124
1788015120000,-354.82358908195124
1788015180000,-354.82358908195124
1788015240000,-354.82358908195124
1788015300000,-354.82358908195124
1788015360000,-354.82358908195124
1788015420000,-352.7386663837426
1788015480000,-352.9751779385896
1788015540000,-362.12029139267
1788015600000,-363.31253660923755
1788015660000,-363.31253660923755
1788015720000,-363.31253660923755
1788015780000,-367.5202167943251
1788015840000,-371.40030602710686
1788015900000,-372.40953475684887
1788015960000,-372.40953475684887
1788016020000,-372.40953475684887
1788016080000,-372.40953475684887
1788016140000,-372.40953475684887
1788016200000,-372.40953475684887
1788016260000,-372.40953475684887
1788016320000,-372.40953475684887
1788016380000,-372.40953475684887
1788016440000,-372.40953475684887
1788016500000,-372.40953475684887
1788016560000,-372.40953475684887
1788016620000,-372.40953475684887
1788016680000,-372.40953475684887
1788016740000,-372.40953475684887
1788016800000,-372.40953475684887
1788016860000,-372.40953475684887
1788016920000,-372.40953475684887
1788016980000,-372.40953475684887
1788017040000,-372.40953475684887
1788017100000,-372.40953475684887
1788017160000,-372.40953475684887
1788017220000,-372.40953475684887
1788017280000,-372.40953475684887
1788017340000,-372.40953475684887
1788017400000,-372.40953475684887
1788017460000,-372.40953475684887
1788017520000,-372.40953475684887
1788017580000,-372.40953475684887
1788017640000,-372.40953475684887
1788017700000,-372.40953475684887
1788017760000,-372.40953475684887
1788017820000,-372.40953475684887
1788017880000,-372.40953475684887
1788017940000,-372.40953475684887
1788018000000,-372.40953475684887
1788018060000,-372.40953475684887
1788018120000,-372.40953475684887
1788018180000,-372.40953475684887
1788018240000,-372.40953475684887
1788018300000,-372.40953475684887
1788018360000,-372.40953475684887
1788018420000,-372.40953475684887
1788018480000,-372.40953475684887
1788018540000,-372.40953475684887
1788018600000,-372.40953475684887
1788018660000,-372.40953475684887
1788018720000,-372.40953475684887
1788018780000,-372.40953475684887
1788018840000,-372.40953475684887
1788018900000,-372.40953475684887
1788018960000,-372.40953475684887
1788019020000,-372.40953475684887
1788019080000,-372.40953475684887
1788019140000,-372.40953475684887
1788019200000,-372.40953475684887
1788019260000,-372.40953475684887
1788019320000,-372.40953475684887
1788019380000,-372.40953475684887
1788019440000,-365.39035564994276
1788019500000,-377.8144401729738
1788019560000,-379.4559048912723
1788019620000,-379.4559048912723
1788019680000,-379.4559048912723
1788019740000,-379.4559048912723
1788019800000,-379.4559048912723
1788019860000,-379.4559048912723
1788019920000,-379.4559048912723
1788019980000,-379.4559048912723
1788020040000,-379.4559048912723
1788020100000,-379.4559048912723
1788020160000,-379.4559048912723
1788020220000,-379.4559048912723
1788020280000,-379.4559048912723
1788020340000,-379.4559048912723
1788020400000,-379.4559048912723
1788020460000,-379.4559048912723
1788020520000,-379.4559048912723
1788020580000,-379.4559048912723
1788020640000,-379.4559048912723
1788020700000,-379.4559048912723
1788020760000,-379.4559048912723
1788020820000,-379.4559048912723
1788020880000,-379.4559048912723
1788020940000,-379.4559048912723
1788021000000,-379.4559048912723
1788021060000,-379.4559048912723
1788021120000,-379.4559048912723
1788021180000,-379.4559048912723
1788021240000,-379.4559048912723
1788021300000,-379.4559048912723
1788021360000,-379.4559048912723
1788021420000,-379.4559048912723
1788021480000,-379.4559048912723
1788021540000,-379.4559048912723
1788021600000,-379.4559048912723
1788021660000,-379.4559048912723
1788021720000,-379.4559048912723
1788021780000,-379.4559048912723
1788021840000,-379.4559048912723
1788021900000,-379.4559048912723
1788021960000,-379.4559048912723
1788022020000,-379.4559048912723
1788022080000,-379.4559048912723
1788022140000,-379.4559048912723
1788022200000,-379.4559048912723
1788022260000,-379.4559048912723
1788022320000,-379.4559048912723
1788022380000,-379.4559048912723
1788022440000,-379.4559048912723
1788022500000,-379.4559048912723
1788022560000,-379.4559048912723
1788022620000,-379.4559048912723
1788022680000,-379.4559048912723
1788022740000,-379.4559048912723
1788022800000,-379.4559048912723
1788022860000,-379.4559048912723
1788022920000,-379.4559048912723
1788022980000,-379.4559048912723
1788023040000,-379.4559048912723
1788023100000,-379.4559048912723
1788023160000,-379.4559048912723
1788023220000,-379.4559048912723
1788023280000,-379.4559048912723
1788023340000,-379.4559048912723
1788023400000,-379.4559048912723
1788023460000,-379.4559048912723
1788023520000,-379.4559048912723
1788023580000,-379.4559048912723
1788023640000,-379.4559048912723
1788023700000,-379.4559048912723
1788023760000,-379.4559048912723
1788023820000,-379.4559048912723
1788023880000,-379.4559048912723
1788023940000,-379.4559048912723
1788024000000,-379.4559048912723
1788024060000,-379.4559048912723
1788024120000,-379.4559048912723
1788024180000,-379.4559048912723
1788024240000,-379.4559048912723
1788024300000,-379.4559048912723
1788024360000,-379.4559048912723
1788024420000,-379.4559048912723
1788024480000,-379.4559048912723
1788024540000,-379.4559048912723
1788024600000,-379.4559048912723
1788024660000,-379.4559048912723
1788024720000,-379.4559048912723
1788024780000,-379.4559048912723
1788024840000,-379.4559048912723
1788024900000,-379.4559048912723
1788024960000,-379.4559048912723
1788025020000,-379.4559048912723
1788025080000,-379.4559048912723
1788025140000,-379.4559048912723
1788025200000,-379.4559048912723
1788025260000,-379.4559048912723
1788025320000,-379.4559048912723
1788025380000,-379.4559048912723
1788025440000,-380.1053863895349
1788025500000,-382.17623411663624
1788025560000,-383.71433361768186
1788025620000,-383.71433361768186
1788025680000,-383.71433361768186
1788025740000,-383.71433361768186
1788025800000,-383.71433361768186
1788025860000,-383.71433361768186
1788025920000,-383.71433361768186
1788025980000,-383.71433361768186
1788026040000,-383.71433361768186
1788026100000,-383.71433361768186
1788026160000,-383.71433361768186
1788026220000,-383.71433361768186
1788026280000,-383.71433361768186
1788026340000,-383.71433361768186
1788026400000,-383.71433361768186
1788026460000,-383.71433361768186
1788026520000,-383.71433361768186
1788026580000,-383.71433361768186
1788026640000,-383.71433361768186
1788026700000,-383.71433361768186
1788026760000,-383.71433361768186
1788026820000,-383.71433361768186
1788026880000,-383.71433361768186
1788026940000,-383.71433361768186
1788027000000,-383.71433361768186
1788027060000,-383.71433361768186
1788027120000,-383.71433361768186
1788027180000,-383.71433361768186
1788027240000,-383.71433361768186
1788027300000,-383.71433361768186
1788027360000,-383.71433361768186
1788027420000,-383.71433361768186
1788027480000,-383.71433361768186
1788027540000,-383.71433361768186
1788027600000,-383.71433361768186
1788027660000,-383.71433361768186
1788027720000,-383.71433361768186
1788027780000,-383.71433361768186
1788027840000,-383.71433361768186
1788027900000,-383.71433361768186
1788027960000,-383.71433361768186
1788028020000,-383.71433361768186
1788028080000,-383.71433361768186
1788028140000,-383.71433361768186
1788028200000,-383.71433361768186
1788028260000,-383.71433361768186
1788028320000,-383.71433361768186
1788028380000,-383.71433361768186
1788028440000,-383.71433361768186
1788028500000,-383.71433361768186
1788028560000,-383.71433361768186
1788028620000,-383.71433361768186
1788028680000,-383.71433361768186
1788028740000,-383.71433361768186
1788028800000,-383.71433361768186
1788028860000,-383.71433361768186
1788028920000,-383.71433361768186
1788028980000,-383.71433361768186
1788029040000,-383.71433361768186
1788029100000,-383.71433361768186
1788029160000,-383.71433361768186
1788029220000,-383.71433361768186
1788029280000,-383.71433361768186
1788029340000,-383.71433361768186
1788029400000,-383.71433361768186
1788029460000,-383.71433361768186
1788029520000,-383.71433361768186
1788029580000,-383.71433361768186
1788029640000,-383.71433361768186
1788029700000,-383.71433361768186
1788029760000,-383.71433361768186
1788029820000,-383.71433361768186
1788029880000,-383.71433361768186
1788029940000,-383.71433361768186
1788030000000,-383.71433361768186
1788030060000,-383.71433361768186
1788030120000,-383.71433361768186
1788030180000,-383.71433361768186
1788030240000,-383.71433361768186
1788030300000,-383.71433361768186
1788030360000,-383.71433361768186
1788030420000,-387.8764916430451
1788030480000,-385.3023545013176
1788030540000,-384.16404259944807
1788030600000,-400.5014054637794
1788030660000,-401.68226413497854
1788030720000,-401.68226413497854
1788030780000,-401.68226413497854
1788030840000,-401.68226413497854
1788030900000,-401.68226413497854
1788030960000,-401.68226413497854
1788031020000,-401.68226413497854
1788031080000,-401.68226413497854
1788031140000,-401.68226413497854
1788031200000,-401.68226413497854
1788031260000,-401.68226413497854
1788031320000,-401.68226413497854
1788031380000,-401.68226413497854
1788031440000,-401.68226413497854
1788031500000,-401.68226413497854
1788031560000,-401.68226413497854
1788031620000,-401.68226413497854
1788031680000,-409.48607104854204
1788031740000,-410.6808884268895
1788031800000,-410.6808884268895
1788031860000,-410.6808884268895
1788031920000,-410.6808884268895
1788031980000,-414.68828017863206
1788032040000,-415.84901214960166
1788032100000,-413.25761053999474
1788032160000,-413.13613858954443
1788032220000,-412.461294420376
1788032280000,-411.2330780324893
1788032340000,-411.84043778474097
1788032400000,-414.4183425109646
1788032460000,-415.2299486154148
1788032520000,-415.2299486154148
1788032580000,-415.2299486154148
1788032640000,-415.2299486154148
1788032700000,-415.2299486154148
1788032760000,-415.2299486154148
1788032820000,-415.2299486154148
1788032880000,-415.2299486154148
1788032940000,-415.2299486154148
1788033000000,-415.2299486154148
1788033060000,-415.2299486154148
1788033120000,-415.2299486154148
1788033180000,-415.2299486154148
1788033240000,-415.2299486154148
1788033300000,-415.2299486154148
1788033360000,-415.2299486154148
1788033420000,-415.2299486154148
1788033480000,-415.2299486154148
1788033540000,-415.2299486154148
1788033600000,-415.2299486154148
1788033660000,-415.2299486154148
1788033720000,-415.2299486154148
1788033780000,-415.2299486154148
1788033840000,-415.2299486154148
1788033900000,-415.2299486154148
1788033960000,-415.2299486154148
1788034020000,-415.2299486154148
1788034080000,-415.2299486154148
1788034140000,-415.2299486154148
1788034200000,-415.2299486154148
1788034260000,-415.2299486154148
1788034320000,-415.2299486154148
1788034380000,-415.2299486154148
1788034440000,-415.2299486154148
1788034500000,-415.2299486154148
1788034560000,-415.2299486154148
1788034620000,-415.2299486154148
1788034680000,-415.2299486154148
1788034740000,-415.2299486154148
1788034800000,-415.2299486154148
1788034860000,-415.2299486154148
1788034920000,-416.67472247040854
1788034980000,-415.2199157132875
1788035040000,-415.9949062287633
1788035100000,-419.8970514558076
1788035160000,-420.4890837712481
1788035220000,-420.4890837712481
1788035280000,-420.4890837712481
1788035340000,-420.4890837712481
1788035400000,-420.4890837712481
1788035460000,-420.4890837712481
1788035520000,-420.4890837712481
1788035580000,-420.4890837712481
1788035640000,-420.4890837712481
1788035700000,-420.4890837712481
1788035760000,-420.4890837712481
1788035820000,-420.4890837712481
1788035880000,-420.57193390335914
1788035940000,-419.2287422668756
1788036000000,-419.60111222550466
1788036060000,-423.92326353102095
1788036120000,-424.7083708998689
1788036180000,-424.7083708998689
1788036240000,-424.7083708998689
1788036300000,-424.7083708998689
1788036360000,-424.7083708998689
1788036420000,-424.7083708998689
1788036480000,-424.7083708998689
1788036540000,-424.7083708998689
1788036600000,-424.7083708998689
1788036660000,-424.7083708998689
1788036720000,-424.7083708998689
1788036780000,-424.7083708998689
1788036840000,-424.7083708998689
1788036900000,-424.7083708998689
1788036960000,-424.7083708998689
1788037020000,-424.7083708998689
1788037080000,-424.7083708998689
1788037140000,-424.7083708998689
1788037200000,-424.7083708998689
1788037260000,-424.7083708998689
1788037320000,-424.7083708998689
1788037380000,-424.7083708998689
1788037440000,-424.7083708998689
1788037500000,-424.7083708998689
1788037560000,-424.7083708998689
1788037620000,-424.7083708998689
1788037680000,-424.7083708998689
1788037740000,-424.7083708998689
1788037800000,-424.7083708998689
1788037860000,-424.7083708998689
1788037920000,-424.7083708998689
1788037980000,-424.7083708998689
1788038040000,-424.7083708998689
1788038100000,-424.7083708998689
1788038160000,-424.7083708998689
1788038220000,-424.7083708998689
1788038280000,-424.7083708998689
1788038340000,-424.7083708998689
1788038400000,-424.7083708998689
1788038460000,-424.7083708998689
1788038520000,-424.7083708998689
1788038580000,-424.7083708998689
1788038640000,-426.61455494720485
1788038700000,-429.1463015033208
1788038760000,-429.99594281559547
1788038820000,-429.99594281559547
1788038880000,-429.99594281559547
1788038940000,-429.99594281559547
1788039000000,-429.99594281559547
1788039060000,-429.99594281559547
1788039120000,-430.26585627476413
1788039180000,-425.2037457732763
1788039240000,-426.10721956356804
1788039300000,-421.9751556109102
1788039360000,-423.2639344000029
1788039420000,-423.7953895707627
1788039480000,-424.19398094883263
1788039540000,-430.797311445524
1788039600000,-429.7211147247353
1788039660000,-427.14355714654994
1788039720000,-426.758252147749
1788039780000,-419.4507435498009
1788039840000,-418.70670631073705
1788039900000,-420.83252699377647
1788039960000,-419.4773163083387
1788040020000,-423.71567129514864
1788040080000,-422.8387702633949
1788040140000,-418.0556737265561
1788040200000,-421.94858285237217
1788040260000,-419.27802061930373
1788040320000,-418.17525113997704
1788040380000,-419.9423395827537
1788040440000,-422.26745595482805
1788040500000,-423.46445795509237
1788040560000,-423.46445795509237
1788040620000,-423.46445795509237
1788040680000,-423.46445795509237
1788040740000,-423.46445795509237
1788040800000,-423.46445795509237
1788040860000,-423.46445795509237
1788040920000,-423.46445795509237
1788040980000,-423.46445795509237
1788041040000,-423.46445795509237
1788041100000,-423.46445795509237
1788041160000,-423.46445795509237
1788041220000,-423.46445795509237
1788041280000,-423.46445795509237
1788041340000,-423.46445795509237
1788041400000,-423.46445795509237
1788041460000,-423.46445795509237
1788041520000,-423.46445795509237
1788041580000,-423.46445795509237
1788041640000,-423.46445795509237
1788041700000,-423.46445795509237
1788041760000,-423.46445795509237
1788041820000,-423.46445795509237
1788041880000,-423.46445795509237
1788041940000,-423.46445795509237
1788042000000,-421.1194499043772
1788042060000,-420.74908010719815
1788042120000,-420.6300326723907
1788042180000,-422.1644218321324
1788042240000,-423.73849347014317
1788042300000,-420.35225532450636
1788042360000,-415.8152253090634
1788042420000,-421.0400849478389
1788042480000,-421.51627468706903
1788042540000,-421.42368223777436
1788042600000,-421.34431728123593
1788042660000,-421.9792369335429
1788042720000,-422.89193393373404
1788042780000,-421.6882320929021
1788042840000,-422.4421991800166
1788042900000,-420.9871749768133
1788042960000,-423.460716122259
1788043020000,-425.071280706438
1788043080000,-425.071280706438
1788043140000,-425.071280706438
1788043200000,-425.071280706438
1788043260000,-425.071280706438
1788043320000,-425.071280706438
1788043380000,-425.071280706438
1788043440000,-425.071280706438
1788043500000,-425.071280706438
1788043560000,-425.071280706438
1788043620000,-425.071280706438
1788043680000,-425.071280706438
1788043740000,-425.071280706438
1788043800000,-425.071280706438
1788043860000,-425.68397283700614
1788043920000,-427.018854376628
1788043980000,-431.2370800418338
1788044040000,-434.3340052137569
1788044100000,-439.79367071081094
1788044160000,-437.05716355458577
1788044220000,-438.4454403557928
1788044280000,-441.95617880499873
1788044340000,-445.1064992385068
1788044400000,-446.2359914512777
1788044460000,-446.2359914512777
1788044520000,-446.2359914512777
1788044580000,-446.2359914512777
1788044640000,-446.2359914512777
1788044700000,-446.2359914512777
1788044760000,-446.2359914512777
1788044820000,-446.2359914512777
1788044880000,-446.2359914512777
1788044940000,-446.2359914512777
1788045000000,-446.2359914512777
1788045060000,-446.2359914512777
1788045120000,-446.2359914512777
1788045180000,-446.2359914512777
1788045240000,-446.2359914512777
1788045300000,-446.2359914512777
1788045360000,-446.2359914512777
1788045420000,-446.2359914512777
1788045480000,-446.2359914512777
1788045540000,-446.2359914512777
1788045600000,-446.2359914512777
1788045660000,-446.2359914512777
1788045720000,-446.2359914512777
1788045780000,-446.2359914512777
1788045840000,-446.2359914512777
1788045900000,-446.2359914512777
1788045960000,-446.2359914512777
1788046020000,-446.2359914512777
1788046080000,-446.2359914512777
1788046140000,-446.2359914512777
1788046200000,-446.2359914512777
1788046260000,-446.2359914512777
1788046320000,-446.2359914512777
1788046380000,-446.2359914512777
1788046440000,-446.2359914512777
1788046500000,-451.5515329089041
1788046560000,-452.4902172195308
1788046620000,-452.4902172195308
1788046680000,-452.4902172195308
1788046740000,-452.4902172195308
1788046800000,-452.4902172195308
1788046860000,-454.0505742575157
1788046920000,-453.5968417012404
1788046980000,-453.74363752827077
1788047040000,-451.9153622279851
1788047100000,-453.9171235056701
1788047160000,-451.35486907023335
1788047220000,-452.4491652353679
1788047280000,-452.7294118142437
1788047340000,-451.96874252872345
1788047400000,-447.69831846966247
1788047460000,-441.82648538845365
1788047520000,-447.8584593718772
1788047580000,-449.09955136404193
1788047640000,-450.28112059493833
1788047700000,-450.28112059493833
1788047760000,-450.28112059493833
1788047820000,-450.28112059493833
1788047880000,-450.28112059493833
1788047940000,-450.28112059493833
1788048000000,-450.28112059493833
1788048060000,-450.28112059493833
1788048120000,-450.28112059493833
1788048180000,-450.28112059493833
1788048240000,-450.28112059493833
1788048300000,-450.28112059493833
1788048360000,-450.28112059493833
1788048420000,-450.28112059493833
1788048480000,-450.28112059493833
1788048540000,-450.28112059493833
1788048600000,-450.28112059493833
1788048660000,-450.28112059493833
1788048720000,-450.28112059493833
1788048780000,-450.28112059493833
1788048840000,-450.28112059493833
1788048900000,-450.28112059493833
1788048960000,-450.28112059493833
1788049020000,-450.28112059493833
1788049080000,-450.28112059493833
1788049140000,-450.28112059493833
1788049200000,-450.28112059493833
1788049260000,-450.28112059493833
1788049320000,-450.28112059493833
1788049380000,-450.28112059493833
1788049440000,-450.28112059493833
1788049500000,-450.28112059493833
1788049560000,-450.28112059493833
1788049620000,-450.28112059493833
1788049680000,-450.28112059493833
1788049740000,-450.28112059493833
1788049800000,-450.28112059493833
1788049860000,-450.28112059493833
1788049920000,-450.28112059493833
1788049980000,-450.28112059493833
1788050040000,-450.28112059493833
1788050100000,-450.28112059493833
1788050160000,-450.28112059493833
1788050220000,-450.28112059493833
1788050280000,-450.28112059493833
1788050340000,-450.28112059493833
1788050400000,-450.28112059493833
1788050460000,-450.28112059493833
1788050520000,-450.28112059493833
1788050580000,-450.28112059493833
1788050640000,-450.28112059493833
1788050700000,-450.28112059493833
1788050760000,-450.28112059493833
1788050820000,-450.28112059493833
1788050880000,-450.28112059493833
1788050940000,-450.28112059493833
1788051000000,-450.28112059493833
1788051060000,-450.28112059493833
1788051120000,-450.28112059493833
1788051180000,-450.28112059493833
1788051240000,-450.28112059493833
1788051300000,-450.28112059493833
1788051360000,-450.28112059493833
1788051420000,-450.28112059493833
1788051480000,-450.28112059493833
1788051540000,-450.28112059493833
1788051600000,-450.28112059493833
1788051660000,-450.28112059493833
1788051720000,-450.28112059493833
1788051780000,-450.28112059493833
1788051840000,-450.28112059493833
1788051900000,-450.28112059493833
1788051960000,-450.28112059493833
1788052020000,-450.28112059493833
1788052080000,-450.28112059493833
1788052140000,-450.28112059493833
1788052200000,-450.28112059493833
1788052260000,-450.28112059493833
1788052320000,-450.28112059493833
1788052380000,-450.28112059493833
1788052440000,-450.28112059493833
1788052500000,-450.28112059493833
1788052560000,-450.28112059493833
1788052620000,-450.28112059493833
1788052680000,-450.28112059493833
1788052740000,-450.28112059493833
1788052800000,-450.28112059493833
1788052860000,-450.28112059493833
1788052920000,-453.08902691953193
1788052980000,-453.37040352493545
1788053040000,-454.73409069008267
1788053100000,-454.73409069008267
1788053160000,-454.73409069008267
1788053220000,-454.73409069008267
1788053280000,-454.73409069008267
1788053340000,-454.73409069008267
1788053400000,-454.73409069008267
1788053460000,-454.73409069008267
1788053520000,-454.73409069008267
1788053580000,-454.73409069008267
1788053640000,-454.73409069008267
1788053700000,-454.73409069008267
1788053760000,-454.73409069008267
1788053820000,-454.73409069008267
1788053880000,-454.73409069008267
1788053940000,-454.73409069008267
1788054000000,-454.73409069008267
1788054060000,-454.73409069008267
1788054120000,-454.73409069008267
1788054180000,-454.73409069008267
1788054240000,-454.73409069008267
1788054300000,-454.73409069008267
1788054360000,-454.73409069008267
1788054420000,-454.73409069008267
1788054480000,-454.73409069008267
1788054540000,-454.73409069008267
1788054600000,-454.73409069008267
1788054660000,-454.73409069008267
1788054720000,-454.73409069008267
1788054780000,-454.73409069008267
1788054840000,-454.73409069008267
1788054900000,-454.73409069008267
1788054960000,-454.73409069008267
1788055020000,-454.73409069008267
1788055080000,-454.73409069008267
1788055140000,-454.73409069008267
1788055200000,-454.73409069008267
1788055260000,-454.73409069008267
1788055320000,-454.73409069008267
1788055380000,-454.73409069008267
1788055440000,-460.5074588177989
1788055500000,-461.8330843597462
1788055560000,-463.5431413088581
1788055620000,-465.65088592055406
1788055680000,-462.5886909186561
1788055740000,-458.5587892711366
1788055800000,-456.75593853408844
1788055860000,-459.5264959167581
1788055920000,-457.55131385925665
1788055980000,-459.3409083408855
1788056040000,-461.435396697162
1788056100000,-463.13219739085446
1788056160000,-463.2780162004686
1788056220000,-463.88780394976436
1788056280000,-464.1661853135732
1788056340000,-461.5281904850984
1788056400000,-465.49181085552044
1788056460000,-466.34021120236673
1788056520000,-467.33443035882703
1788056580000,-462.5569984969643
1788056640000,-465.1594154141402
1788056700000,-464.94478309107416
1788056760000,-467.1313498823097
1788056820000,-468.1943764466626
1788056880000,-468.1943764466626
1788056940000,-468.1943764466626
1788057000000,-468.1943764466626
1788057060000,-468.1943764466626
1788057120000,-470.3671371354404
1788057180000,-460.6939703655004
1788057240000,-462.51782164195544
1788057300000,-458.9646891552317
1788057360000,-451.1559036901127
1788057420000,-453.73631549606034
1788057480000,-453.16889509894094
1788057540000,-457.50560813406764
1788057600000,-458.6376743776648
1788057660000,-458.6376743776648
1788057720000,-462.5304496828596
1788057780000,-465.37430787938524
1788057840000,-466.9802860809181
1788057900000,-466.9802860809181
1788057960000,-466.9802860809181
1788058020000,-466.9802860809181
1788058080000,-466.9802860809181
1788058140000,-469.8036701239239
1788058200000,-470.1888704034164
1788058260000,-475.6229457748288
1788058320000,-476.55684521151613
1788058380000,-476.55684521151613
1788058440000,-476.55684521151613
1788058500000,-476.55684521151613
1788058560000,-476.55684521151613
1788058620000,-476.55684521151613
1788058680000,-476.55684521151613
1788058740000,-476.55684521151613
1788058800000,-476.55684521151613
1788058860000,-476.55684521151613
1788058920000,-476.55684521151613
1788058980000,-476.55684521151613
1788059040000,-476.55684521151613
1788059100000,-476.55684521151613
1788059160000,-476.55684521151613
1788059220000,-476.55684521151613
1788059280000,-476.55684521151613
1788059340000,-476.55684521151613
1788059400000,-476.55684521151613
1788059460000,-476.55684521151613
1788059520000,-476.55684521151613
1788059580000,-476.55684521151613
1788059640000,-476.55684521151613
1788059700000,-476.55684521151613
1788059760000,-476.55684521151613
1788059820000,-476.55684521151613
1788059880000,-476.55684521151613
1788059940000,-476.55684521151613
1788060000000,-476.55684521151613
1788060060000,-476.55684521151613
1788060120000,-476.55684521151613
1788060180000,-476.55684521151613
1788060240000,-476.55684521151613
1788060300000,-476.55684521151613
1788060360000,-476.55684521151613
1788060420000,-476.55684521151613
1788060480000,-476.55684521151613
1788060540000,-476.55684521151613
1788060600000,-476.55684521151613
1788060660000,-476.55684521151613
1788060720000,-476.55684521151613
1788060780000,-476.55684521151613
1788060840000,-476.55684521151613
1788060900000,-476.55684521151613
1788060960000,-476.55684521151613
1788061020000,-476.55684521151613
1788061080000,-476.55684521151613
1788061140000,-476.55684521151613
1788061200000,-476.55684521151613
1788061260000,-476.55684521151613
1788061320000,-476.55684521151613
1788061380000,-476.55684521151613
1788061440000,-476.55684521151613
1788061500000,-476.55684521151613
1788061560000,-476.55684521151613
1788061620000,-476.55684521151613
1788061680000,-476.55684521151613
1788061740000,-476.55684521151613
1788061800000,-476.55684521151613
1788061860000,-476.55684521151613
1788061920000,-476.55684521151613
1788061980000,-476.55684521151613
1788062040000,-476.55684521151613
1788062100000,-476.55684521151613
1788062160000,-476.55684521151613
1788062220000,-476.55684521151613
1788062280000,-476.55684521151613
1788062340000,-476.55684521151613
1788062400000,-476.55684521151613
1788062460000,-476.55684521151613
1788062520000,-476.55684521151613
1788062580000,-476.55684521151613
1788062640000,-476.55684521151613
1788062700000,-476.55684521151613
1788062760000,-476.55684521151613
1788062820000,-476.55684521151613
1788062880000,-476.55684521151613
1788062940000,-476.55684521151613
1788063000000,-476.55684521151613
1788063060000,-476.55684521151613
1788063120000,-476.55684521151613
1788063180000,-476.55684521151613
1788063240000,-476.55684521151613
1788063300000,-476.55684521151613
1788063360000,-476.55684521151613
1788063420000,-476.55684521151613
1788063480000,-476.55684521151613
1788063540000,-476.55684521151613
1788063600000,-476.55684521151613
1788063660000,-476.55684521151613
1788063720000,-476.55684521151613
1788063780000,-476.55684521151613
1788063840000,-476.55684521151613
1788063900000,-476.55684521151613
1788063960000,-476.55684521151613
1788064020000,-476.55684521151613
1788064080000,-476.55684521151613
1788064140000,-476.55684521151613
1788064200000,-476.55684521151613
1788064260000,-476.55684521151613
1788064320000,-476.55684521151613
1788064380000,-476.55684521151613
1788064440000,-476.55684521151613
1788064500000,-476.55684521151613
1788064560000,-476.55684521151613
1788064620000,-476.55684521151613
1788064680000,-476.55684521151613
1788064740000,-476.55684521151613
1788064800000,-476.55684521151613
1788064860000,-476.55684521151613
1788064920000,-476.55684521151613
1788064980000,-476.55684521151613
1788065040000,-476.55684521151613
1788065100000,-476.55684521151613
1788065160000,-476.55684521151613
1788065220000,-476.55684521151613
1788065280000,-476.55684521151613
1788065340000,-476.55684521151613
1788065400000,-476.55684521151613
1788065460000,-476.55684521151613
1788065520000,-476.55684521151613
1788065580000,-476.55684521151613
1788065640000,-476.55684521151613
1788065700000,-476.55684521151613
1788065760000,-476.55684521151613
1788065820000,-476.55684521151613
1788065880000,-476.55684521151613
1788065940000,-476.55684521151613
1788066000000,-476.55684521151613
1788066060000,-476.55684521151613
1788066120000,-476.55684521151613
1788066180000,-476.55684521151613
1788066240000,-476.55684521151613
1788066300000,-476.55684521151613
1788066360000,-476.55684521151613
1788066420000,-476.55684521151613
1788066480000,-476.55684521151613
1788066540000,-476.55684521151613
1788066600000,-476.55684521151613
1788066660000,-476.55684521151613
1788066720000,-476.55684521151613
1788066780000,-476.55684521151613
1788066840000,-476.55684521151613
1788066900000,-476.55684521151613
1788066960000,-476.55684521151613
1788067020000,-476.55684521151613
1788067080000,-475.369938555977
1788067140000,-474.5372827431139
1788067200000,-480.36587343315546
1788067260000,-481.5555505760542
1788067320000,-481.5555505760542
1788067380000,-481.5555505760542
1788067440000,-481.5555505760542
1788067500000,-481.5555505760542
1788067560000,-481.5555505760542
1788067620000,-481.5555505760542
1788067680000,-481.5555505760542
1788067740000,-481.5555505760542
1788067800000,-481.5555505760542
1788067860000,-481.5555505760542
1788067920000,-481.5555505760542
1788067980000,-481.5555505760542
1788068040000,-481.5555505760542
1788068100000,-481.5555505760542
1788068160000,-481.5555505760542
1788068220000,-481.5555505760542
1788068280000,-481.5555505760542
1788068340000,-481.5555505760542
1788068400000,-481.5555505760542
1788068460000,-481.5555505760542
1788068520000,-481.5555505760542
1788068580000,-481.5555505760542
1788068640000,-481.5555505760542
1788068700000,-481.5555505760542
1788068760000,-481.5555505760542
1788068820000,-481.5555505760542
1788068880000,-481.5555505760542
1788068940000,-485.7580672519972
1788069000000,-486.5306827298561
1788069060000,-486.5306827298561
1788069120000,-486.5306827298561
1788069180000,-486.5306827298561
1788069240000,-486.5306827298561
1788069300000,-486.5306827298561
1788069360000,-486.5306827298561
1788069420000,-486.5306827298561
1788069480000,-486.5306827298561
1788069540000,-486.5306827298561
1788069600000,-486.5306827298561
1788069660000,-486.5306827298561
1788069720000,-486.5306827298561
1788069780000,-486.5306827298561
1788069840000,-486.5306827298561
1788069900000,-488.03639036135297
1788069960000,-487.13328147375324
1788070020000,-482.965086607909
1788070080000,-485.79945911668307
1788070140000,-483.77093761530557
1788070200000,-486.03565682574765
1788070260000,-484.5490006569299
1788070320000,-486.50805224387676
1788070380000,-486.7025680042828
1788070440000,-487.5917829089962
1788070500000,-491.05138464764696
1788070560000,-489.1618029751309
1788070620000,-488.23090612175906
1788070680000,-486.93876571334715
1788070740000,-485.03529005794496
1788070800000,-484.854668280425
1788070860000,-485.53547344184636
1788070920000,-488.21701213887286
1788070980000,-488.41152789927895
1788071040000,-487.45284308013476
1788071100000,-493.4828316527227
1788071160000,-499.01263684140963
1788071220000,-500.63002657762223
1788071280000,-500.63002657762223
1788071340000,-500.63002657762223
1788071400000,-500.63002657762223
1788071460000,-500.63002657762223
1788071520000,-500.63002657762223
1788071580000,-500.63002657762223
1788071640000,-500.63002657762223
1788071700000,-500.63002657762223
1788071760000,-500.63002657762223
1788071820000,-500.63002657762223
1788071880000,-500.63002657762223
1788071940000,-500.63002657762223
1788072000000,-500.63002657762223
1788072060000,-500.63002657762223
1788072120000,-500.63002657762223
1788072180000,-500.63002657762223
1788072240000,-500.63002657762223
1788072300000,-500.63002657762223
1788072360000,-500.63002657762223
1788072420000,-500.63002657762223
1788072480000,-500.63002657762223
1788072540000,-500.63002657762223
1788072600000,-500.63002657762223
1788072660000,-500.63002657762223
1788072720000,-500.63002657762223
1788072780000,-500.63002657762223
1788072840000,-500.63002657762223
1788072900000,-500.63002657762223
1788072960000,-500.63002657762223
1788073020000,-500.63002657762223
1788073080000,-500.63002657762223
1788073140000,-500.63002657762223
1788073200000,-500.63002657762223
1788073260000,-500.63002657762223
1788073320000,-500.63002657762223
1788073380000,-500.63002657762223
1788073440000,-500.63002657762223
1788073500000,-500.63002657762223
1788073560000,-500.63002657762223
1788073620000,-500.63002657762223
1788073680000,-500.63002657762223
1788073740000,-500.63002657762223
1788073800000,-500.63002657762223
1788073860000,-500.63002657762223
1788073920000,-500.63002657762223
1788073980000,-500.63002657762223
1788074040000,-500.63002657762223
1788074100000,-500.63002657762223
1788074160000,-500.63002657762223
1788074220000,-500.63002657762223
1788074280000,-500.63002657762223
1788074340000,-500.63002657762223
1788074400000,-500.63002657762223
1788074460000,-500.63002657762223
1788074520000,-500.63002657762223
1788074580000,-500.63002657762223
1788074640000,-500.63002657762223
1788074700000,-500.63002657762223
1788074760000,-500.63002657762223
1788074820000,-500.63002657762223
1788074880000,-500.63002657762223
1788074940000,-500.63002657762223
1788075000000,-499.4523882122954
1788075060000,-501.2322663241703
1788075120000,-501.0463089094968
1788075180000,-501.01974356454343
1788075240000,-500.18293519851267
1788075300000,-503.55673400758883
1788075360000,-504.96649011883426
1788075420000,-504.96649011883426
1788075480000,-504.96649011883426
1788075540000,-504.96649011883426
1788075600000,-504.96649011883426
1788075660000,-504.96649011883426
1788075720000,-504.96649011883426
1788075780000,-504.96649011883426
1788075840000,-504.96649011883426
1788075900000,-504.96649011883426
1788075960000,-504.96649011883426
1788076020000,-504.96649011883426
1788076080000,-504.96649011883426
1788076140000,-504.96649011883426
1788076200000,-504.96649011883426
1788076260000,-504.96649011883426
1788076320000,-504.96649011883426
1788076380000,-504.96649011883426
1788076440000,-504.96649011883426
1788076500000,-504.96649011883426
1788076560000,-504.96649011883426
1788076620000,-504.96649011883426
1788076680000,-504.96649011883426
1788076740000,-504.96649011883426
1788076800000,-504.96649011883426
1788076860000,-504.96649011883426
1788076920000,-504.96649011883426
1788076980000,-504.96649011883426
1788077040000,-504.96649011883426
1788077100000,-504.96649011883426
1788077160000,-504.96649011883426
1788077220000,-504.96649011883426
1788077280000,-504.96649011883426
1788077340000,-504.96649011883426
1788077400000,-504.96649011883426
1788077460000,-504.96649011883426
1788077520000,-504.96649011883426
1788077580000,-504.96649011883426
1788077640000,-504.96649011883426
1788077700000,-504.96649011883426
1788077760000,-504.96649011883426
1788077820000,-504.96649011883426
1788077880000,-504.96649011883426
1788077940000,-504.96649011883426
1788078000000,-504.96649011883426
1788078060000,-504.96649011883426
1788078120000,-504.96649011883426
1788078180000,-504.96649011883426
1788078240000,-504.96649011883426
1788078300000,-504.96649011883426
1788078360000,-504.96649011883426
1788078420000,-504.96649011883426
1788078480000,-504.96649011883426
1788078540000,-504.96649011883426
1788078600000,-504.96649011883426
1788078660000,-504.96649011883426
1788078720000,-510.04920934173833
1788078780000,-508.84612564134613
1788078840000,-503.2955349327177
1788078900000,-502.9810926019334
1788078960000,-498.1004007719325
1788079020000,-488.87220193369586
1788079080000,-486.24729204193073
1788079140000,-484.1282241605578
1788079200000,-481.51698567447903
1788079260000,-476.0484233999684
1788079320000,-444.68621875564963
1788079380000,-449.8676815107486
1788079440000,-465.7675263238883
1788079500000,-473.94302692428175
1788079560000,-475.11848017786303
1788079620000,-475.11848017786303
1788079680000,-475.11848017786303
1788079740000,-475.11848017786303
1788079800000,-475.11848017786303
1788079860000,-475.11848017786303
1788079920000,-475.11848017786303
1788079980000,-475.11848017786303
1788080040000,-475.11848017786303
1788080100000,-475.11848017786303
1788080160000,-475.11848017786303
1788080220000,-475.11848017786303
1788080280000,-475.11848017786303
1788080340000,-475.11848017786303
1788080400000,-475.11848017786303
1788080460000,-475.11848017786303
1788080520000,-475.11848017786303
1788080580000,-475.11848017786303
1788080640000,-475.11848017786303
1788080700000,-475.11848017786303
1788080760000,-475.11848017786303
1788080820000,-475.11848017786303
1788080880000,-475.11848017786303
1788080940000,-475.11848017786303
1788081000000,-475.11848017786303
1788081060000,-475.11848017786303
1788081120000,-475.11848017786303
1788081180000,-475.11848017786303
1788081240000,-475.11848017786303
1788081300000,-475.11848017786303
1788081360000,-475.11848017786303
1788081420000,-475.11848017786303
1788081480000,-475.11848017786303
1788081540000,-475.11848017786303
1788081600000,-475.11848017786303
1788081660000,-475.11848017786303
1788081720000,-475.11848017786303
1788081780000,-475.11848017786303
1788081840000,-475.11848017786303
1788081900000,-475.11848017786303
1788081960000,-475.11848017786303
1788082020000,-475.11848017786303
1788082080000,-475.11848017786303
1788082140000,-475.11848017786303
1788082200000,-475.11848017786303
1788082260000,-475.11848017786303
1788082320000,-469.75946844386056
1788082380000,-467.033449048977
1788082440000,-465.51130623965116
1788082500000,-474.2013579147114
1788082560000,-474.9697746187629
1788082620000,-474.9697746187629
1788082680000,-474.9697746187629
1788082740000,-474.9697746187629
1788082800000,-474.9697746187629
1788082860000,-474.9697746187629
1788082920000,-474.9697746187629
1788082980000,-474.9697746187629
1788083040000,-474.9697746187629
1788083100000,-474.9697746187629
1788083160000,-474.9697746187629
1788083220000,-474.9697746187629
1788083280000,-474.9697746187629
1788083340000,-474.9697746187629
1788083400000,-474.9697746187629
1788083460000,-474.9697746187629
1788083520000,-474.9697746187629
1788083580000,-474.9697746187629
1788083640000,-474.9697746187629
1788083700000,-474.9697746187629
1788083760000,-474.9697746187629
1788083820000,-474.9697746187629
1788083880000,-474.9697746187629
1788083940000,-474.9697746187629
1788084000000,-474.9697746187629
1788084060000,-474.9697746187629
1788084120000,-474.9697746187629
1788084180000,-474.9697746187629
1788084240000,-474.9697746187629
1788084300000,-474.9697746187629
1788084360000,-474.9697746187629
1788084420000,-474.9697746187629
1788084480000,-474.9697746187629
1788084540000,-474.9697746187629
1788084600000,-474.9697746187629
1788084660000,-474.9697746187629
1788084720000,-474.9697746187629
1788084780000,-474.9697746187629
1788084840000,-474.9697746187629
1788084900000,-474.9697746187629
1788084960000,-474.9697746187629
1788085020000,-474.9697746187629
1788085080000,-474.9697746187629
1788085140000,-474.9697746187629
1788085200000,-474.9697746187629
1788085260000,-474.9697746187629
1788085320000,-474.9697746187629
1788085380000,-475.93183507939307
1788085440000,-484.9330614887921
1788085500000,-486.13000362743327
1788085560000,-486.13000362743327
1788085620000,-486.13000362743327
1788085680000,-486.13000362743327
1788085740000,-486.13000362743327
1788085800000,-486.13000362743327
1788085860000,-486.13000362743327
1788085920000,-486.13000362743327
1788085980000,-486.13000362743327
1788086040000,-486.13000362743327
1788086100000,-486.13000362743327
1788086160000,-486.13000362743327
1788086220000,-486.13000362743327
1788086280000,-486.13000362743327
1788086340000,-486.13000362743327
1788086400000,-486.13000362743327
1788086460000,-486.13000362743327
1788086520000,-486.13000362743327
1788086580000,-486.13000362743327
1788086640000,-486.13000362743327
1788086700000,-486.13000362743327
1788086760000,-486.13000362743327
1788086820000,-486.13000362743327
1788086880000,-486.13000362743327
1788086940000,-486.13000362743327
1788087000000,-486.13000362743327
1788087060000,-486.13000362743327
1788087120000,-486.13000362743327
1788087180000,-486.13000362743327
1788087240000,-486.13000362743327
1788087300000,-486.13000362743327
1788087360000,-486.13000362743327
1788087420000,-486.13000362743327
1788087480000,-486.13000362743327
1788087540000,-486.13000362743327
1788087600000,-486.13000362743327
1788087660000,-486.13000362743327
1788087720000,-486.13000362743327
1788087780000,-486.13000362743327
1788087840000,-486.13000362743327
1788087900000,-486.13000362743327
1788087960000,-486.13000362743327
1788088020000,-486.13000362743327
1788088080000,-486.13000362743327
1788088140000,-486.13000362743327
1788088200000,-486.13000362743327
1788088260000,-486.13000362743327
1788088320000,-486.13000362743327
1788088380000,-486.13000362743327
1788088440000,-486.13000362743327
1788088500000,-486.13000362743327
1788088560000,-486.13000362743327
1788088620000,-486.13000362743327
1788088680000,-486.13000362743327
1788088740000,-486.13000362743327
1788088800000,-486.13000362743327
1788088860000,-486.13000362743327
1788088920000,-491.5692438039085
1788088980000,-492.25299866979196
1788089040000,-493.78811934873767
1788089100000,-493.78811934873767
1788089160000,-493.78811934873767
1788089220000,-497.8077333767561
1788089280000,-498.76586823792803
1788089340000,-502.5847200417418
1788089400000,-505.17168416690583
1788089460000,-505.1990594486536
1788089520000,-506.57776546091475
1788089580000,-506.57776546091475
1788089640000,-506.57776546091475
1788089700000,-506.57776546091475
1788089760000,-506.57776546091475
1788089820000,-506.57776546091475
1788089880000,-506.57776546091475
1788089940000,-506.57776546091475
1788090000000,-506.57776546091475
1788090060000,-506.57776546091475
1788090120000,-506.57776546091475
1788090180000,-506.57776546091475
1788090240000,-506.57776546091475
1788090300000,-506.57776546091475
1788090360000,-506.57776546091475
1788090420000,-506.57776546091475
1788090480000,-506.57776546091475
1788090540000,-506.57776546091475
1788090600000,-506.57776546091475
1788090660000,-506.57776546091475
1788090720000,-507.70789074502375
1788090780000,-505.94603970292934
1788090840000,-506.6451869418556
1788090900000,-498.129573571733
1788090960000,-502.0727639992775
1788091020000,-499.30414093312925
1788091080000,-498.75880608676675
1788091140000,-503.2613143054523
1788091200000,-501.63680211733856
1788091260000,-504.195681011809
1788091320000,-504.29356162525875
1788091380000,-500.4482518111638
1788091440000,-499.7211386826805
1788091500000,-500.1546099708148
1788091560000,-500.16859291559336
1788091620000,-500.1546099708148
1788091680000,-500.0287634678082
1788091740000,-503.7342438341177
1788091800000,-513.6481516820928
1788091860000,-504.29356162525875
1788091920000,-504.67110113427896
1788091980000,-504.53127168649354
1788092040000,-504.51728874171516
1788092100000,-509.31343880074974
1788092160000,-511.3549487384145
1788092220000,-506.64269634805123
1788092280000,-509.00581401562204
1788092340000,-511.50876113097826
1788092400000,-507.25794591830623
1788092460000,-505.5240607657689
1788092520000,-501.9584098472448
1788092580000,-503.3287384355404
1788092640000,-510.809613892052
1788092700000,-511.98675357834236
1788092760000,-511.98675357834236
1788092820000,-511.98675357834236
1788092880000,-511.98675357834236
1788092940000,-511.98675357834236
1788093000000,-511.98675357834236
1788093060000,-511.98675357834236
1788093120000,-511.98675357834236
1788093180000,-511.98675357834236
1788093240000,-511.98675357834236
1788093300000,-511.98675357834236
1788093360000,-511.98675357834236
1788093420000,-511.98675357834236
1788093480000,-511.98675357834236
1788093540000,-511.98675357834236
1788093600000,-511.98675357834236
1788093660000,-511.98675357834236
1788093720000,-511.35857377690473
1788093780000,-509.7366151489843
1788093840000,-512.3894796844814
1788093900000,-508.7744363019128
1788093960000,-512.4169705086834
1788094020000,-512.807447833431
1788094080000,-512.807447833431
1788094140000,-512.807447833431
1788094200000,-512.807447833431
1788094260000,-512.807447833431
1788094320000,-512.807447833431
1788094380000,-512.807447833431
1788094440000,-512.807447833431
1788094500000,-512.807447833431
1788094560000,-512.807447833431
1788094620000,-512.807447833431
1788094680000,-512.807447833431
1788094740000,-512.807447833431
1788094800000,-512.807447833431
1788094860000,-512.807447833431
1788094920000,-512.807447833431
1788094980000,-512.807447833431
1788095040000,-512.807447833431
1788095100000,-512.807447833431
1788095160000,-512.807447833431
1788095220000,-512.807447833431
1788095280000,-512.807447833431
1788095340000,-512.807447833431
1788095400000,-512.807447833431
1788095460000,-512.807447833431
1788095520000,-512.807447833431
1788095580000,-512.807447833431
1788095640000,-512.807447833431
1788095700000,-512.807447833431
1788095760000,-512.807447833431
1788095820000,-512.807447833431
1788095880000,-512.807447833431
1788095940000,-512.807447833431
1788096000000,-512.807447833431
1788096060000,-512.807447833431
1788096120000,-512.807447833431
1788096180000,-512.807447833431
1788096240000,-512.807447833431
1788096300000,-512.807447833431
1788096360000,-512.807447833431
1788096420000,-512.807447833431
1788096480000,-512.807447833431
1788096540000,-512.807447833431
1788096600000,-512.807447833431
1788096660000,-512.807447833431
1788096720000,-512.807447833431
1788096780000,-512.807447833431
1788096840000,-512.807447833431
1788096900000,-512.807447833431
1788096960000,-512.807447833431
1788097020000,-512.807447833431
1788097080000,-512.807447833431
1788097140000,-512.807447833431
1788097200000,-512.807447833431
1788097260000,-512.807447833431
1788097320000,-512.807447833431
1788097380000,-512.807447833431
1788097440000,-512.807447833431
1788097500000,-512.807447833431
1788097560000,-512.807447833431
1788097620000,-512.807447833431
1788097680000,-512.807447833431
1788097740000,-512.807447833431
1788097800000,-512.807447833431
1788097860000,-512.807447833431
1788097920000,-512.807447833431
1788097980000,-512.807447833431
1788098040000,-512.807447833431
1788098100000,-512.807447833431
1788098160000,-512.807447833431
1788098220000,-512.807447833431
1788098280000,-512.807447833431
1788098340000,-512.807447833431
1788098400000,-512.807447833431
1788098460000,-512.807447833431
1788098520000,-512.807447833431
1788098580000,-512.807447833431
1788098640000,-512.807447833431
1788098700000,-512.807447833431
1788098760000,-512.807447833431
1788098820000,-512.807447833431
1788098880000,-512.807447833431
1788098940000,-512.807447833431
1788099000000,-512.807447833431
1788099060000,-512.807447833431
1788099120000,-512.807447833431
1788099180000,-512.807447833431
1788099240000,-512.807447833431
1788099300000,-512.807447833431
1788099360000,-512.807447833431
1788099420000,-512.807447833431
1788099480000,-512.807447833431
1788099540000,-512.807447833431
1788099600000,-512.807447833431
1788099660000,-512.807447833431
1788099720000,-512.807447833431
1788099780000,-512.807447833431
1788099840000,-512.807447833431
1788099900000,-512.807447833431
1788099960000,-512.807447833431
1788100020000,-512.807447833431
1788100080000,-512.807447833431
1788100140000,-512.807447833431
1788100200000,-512.807447833431
1788100260000,-512.807447833431
1788100320000,-512.807447833431
1788100380000,-512.807447833431
1788100440000,-512.807447833431
1788100500000,-512.807447833431
1788100560000,-512.807447833431
1788100620000,-512.807447833431
1788100680000,-512.807447833431
1788100740000,-512.807447833431
1788100800000,-512.807447833431
1788100860000,-512.807447833431
1788100920000,-512.807447833431
1788100980000,-512.807447833431
1788101040000,-512.807447833431
1788101100000,-512.807447833431
1788101160000,-512.807447833431
1788101220000,-512.807447833431
1788101280000,-515.856155008576
1788101340000,-517.7901452757416
1788101400000,-523.7058802106009
1788101460000,-518.5864942092803
1788101520000,-517.1217809922359
1788101580000,-517.7617042424008
1788101640000,-518.4300685259067
1788101700000,-518.358965942555
1788101760000,-515.1735702083998
1788101820000,-514.3061186915096
1788101880000,-513.7230775080259
1788101940000,-514.6047495415866
1788102000000,-510.70832797391483
1788102060000,-512.5854361743991
1788102120000,-512.6992003077618
1788102180000,-498.43602208741584
1788102240000,-498.5497862207786
1788102300000,-504.86369562240725
1788102360000,-508.83121977343075
1788102420000,-510.9642972739809
1788102480000,-509.27205579021097
1788102540000,-509.9546405903871
1788102600000,-511.7179846575086
1788102660000,-505.94445488935264
1788102720000,-504.2948749555939
1788102780000,-504.79259303905553
1788102840000,-509.314717340222
1788102900000,-505.6458240392757
1788102960000,-512.4147899743549
1788103020000,-506.07243953938575
1788103080000,-507.94954773986984
1788103140000,-506.3995114228034
1788103200000,-504.1811108222311
1788103260000,-495.0230980865356
1788103320000,-497.639673153877
1788103380000,-496.27450355352494
1788103440000,-501.9769307383292
1788103500000,-502.84970490075386
1788103560000,-502.84970490075386
1788103620000,-502.84970490075386
1788103680000,-502.84970490075386
1788103740000,-502.84970490075386
1788103800000,-502.84970490075386
1788103860000,-502.84970490075386
1788103920000,-502.84970490075386
1788103980000,-502.84970490075386
1788104040000,-502.84970490075386
1788104100000,-502.84970490075386
1788104160000,-502.84970490075386
1788104220000,-502.84970490075386
1788104280000,-502.84970490075386
1788104340000,-502.84970490075386
1788104400000,-502.84970490075386
1788104460000,-502.84970490075386
1788104520000,-502.84970490075386
1788104580000,-502.84970490075386
1788104640000,-502.84970490075386
1788104700000,-502.84970490075386
1788104760000,-502.84970490075386
1788104820000,-502.84970490075386
1788104880000,-502.84970490075386
1788104940000,-502.84970490075386
1788105000000,-502.84970490075386
1788105060000,-502.84970490075386
1788105120000,-502.84970490075386
1788105180000,-502.84970490075386
1788105240000,-502.84970490075386
1788105300000,-502.84970490075386
1788105360000,-502.84970490075386
1788105420000,-502.84970490075386
1788105480000,-502.84970490075386
1788105540000,-502.84970490075386
1788105600000,-502.84970490075386
1788105660000,-502.84970490075386
1788105720000,-502.84970490075386
1788105780000,-502.84970490075386
1788105840000,-502.84970490075386
1788105900000,-502.84970490075386
1788105960000,-502.84970490075386
1788106020000,-502.84970490075386
1788106080000,-502.84970490075386
1788106140000,-502.84970490075386
1788106200000,-502.84970490075386
1788106260000,-502.84970490075386
1788106320000,-502.84970490075386
1788106380000,-502.84970490075386
1788106440000,-502.84970490075386
1788106500000,-502.84970490075386
1788106560000,-502.84970490075386
1788106620000,-502.84970490075386
1788106680000,-502.84970490075386
1788106740000,-502.84970490075386
1788106800000,-502.84970490075386
1788106860000,-502.84970490075386
1788106920000,-502.84970490075386
1788106980000,-502.84970490075386
1788107040000,-502.84970490075386
1788107100000,-502.84970490075386
1788107160000,-502.84970490075386
1788107220000,-502.84970490075386
1788107280000,-502.84970490075386
1788107340000,-502.84970490075386
1788107400000,-502.84970490075386
1788107460000,-502.84970490075386
1788107520000,-502.84970490075386
1788107580000,-502.84970490075386
1788107640000,-502.84970490075386
1788107700000,-502.84970490075386
1788107760000,-502.84970490075386
1788107820000,-502.84970490075386
1788107880000,-502.84970490075386
1788107940000,-502.84970490075386
1788108000000,-502.84970490075386
1788108060000,-502.84970490075386
1788108120000,-502.84970490075386
1788108180000,-502.84970490075386
1788108240000,-502.84970490075386
1788108300000,-502.84970490075386
1788108360000,-502.84970490075386
1788108420000,-502.84970490075386
1788108480000,-502.84970490075386
1788108540000,-502.84970490075386
1788108600000,-502.84970490075386
1788108660000,-502.84970490075386
1788108720000,-502.84970490075386
1788108780000,-502.84970490075386
1788108840000,-502.84970490075386
1788108900000,-502.84970490075386
1788108960000,-502.84970490075386
1788109020000,-502.84970490075386
1788109080000,-502.84970490075386
1788109140000,-502.84970490075386
1788109200000,-502.84970490075386
1788109260000,-502.84970490075386
1788109320000,-502.84970490075386
1788109380000,-502.84970490075386
1788109440000,-502.84970490075386
1788109500000,-502.84970490075386
1788109560000,-502.84970490075386
1788109620000,-502.84970490075386
1788109680000,-502.84970490075386
1788109740000,-502.84970490075386
1788109800000,-502.84970490075386
1788109860000,-502.84970490075386
1788109920000,-502.84970490075386
1788109980000,-502.84970490075386
1788110040000,-502.84970490075386
1788110100000,-502.84970490075386
1788110160000,-502.84970490075386
1788110220000,-502.84970490075386
1788110280000,-502.84970490075386
1788110340000,-502.84970490075386
1788110400000,-502.84970490075386
1788110460000,-502.84970490075386
1788110520000,-502.84970490075386
1788110580000,-502.84970490075386
1788110640000,-502.84970490075386
1788110700000,-502.84970490075386
1788110760000,-502.84970490075386
1788110820000,-502.84970490075386
1788110880000,-502.84970490075386
1788110940000,-502.84970490075386
1788111000000,-502.84970490075386
1788111060000,-502.84970490075386
1788111120000,-502.84970490075386
1788111180000,-502.84970490075386
1788111240000,-502.84970490075386
1788111300000,-502.84970490075386
1788111360000,-502.84970490075386
1788111420000,-502.84970490075386
1788111480000,-502.84970490075386
1788111540000,-502.84970490075386
1788111600000,-502.84970490075386
1788111660000,-502.84970490075386
1788111720000,-502.84970490075386
1788111780000,-502.84970490075386
1788111840000,-502.84970490075386
1788111900000,-502.84970490075386
1788111960000,-502.84970490075386
1788112020000,-502.84970490075386
1788112080000,-502.84970490075386
1788112140000,-502.84970490075386
1788112200000,-502.84970490075386
1788112260000,-502.84970490075386
1788112320000,-502.84970490075386
1788112380000,-502.84970490075386
1788112440000,-502.84970490075386
1788112500000,-502.84970490075386
1788112560000,-502.84970490075386
1788112620000,-502.84970490075386
1788112680000,-502.84970490075386
1788112740000,-502.84970490075386
1788112800000,-502.84970490075386
1788112860000,-502.84970490075386
1788112920000,-502.84970490075386
1788112980000,-502.84970490075386
1788113040000,-502.84970490075386
1788113100000,-502.84970490075386
1788113160000,-502.84970490075386
1788113220000,-502.84970490075386
1788113280000,-502.84970490075386
1788113340000,-502.84970490075386
1788113400000,-502.84970490075386
1788113460000,-502.84970490075386
1788113520000,-502.84970490075386
1788113580000,-502.84970490075386
1788113640000,-502.84970490075386
1788113700000,-502.84970490075386
1788113760000,-502.84970490075386
1788113820000,-502.84970490075386
1788113880000,-502.84970490075386
1788113940000,-502.84970490075386
1788114000000,-502.84970490075386
1788114060000,-502.84970490075386
1788114120000,-502.84970490075386
1788114180000,-502.84970490075386
1788114240000,-502.84970490075386
1788114300000,-502.84970490075386
1788114360000,-507.5968092165959
1788114420000,-506.9335370289511
1788114480000,-508.3898520496497
1788114540000,-512.2397145301106
1788114600000,-512.8885677571548
1788114660000,-512.8164729541497
1788114720000,-510.14896524296904
1788114780000,-509.87500499155044
1788114840000,-511.3024820910472
1788114900000,-508.3610141284479
1788114960000,-509.528949937127
1788115020000,-510.7978184700129
1788115080000,-509.73081538554067
1788115140000,-508.01495907402426
1788115200000,-507.30843000457645
1788115260000,-507.5823902559949
1788115320000,-506.60190093512847
1788115380000,-505.90979082628166
1788115440000,-505.1455859144299
1788115500000,-510.17780316417105
1788115560000,-511.01025522553186
1788115620000,-511.01025522553186
1788115680000,-511.01025522553186
1788115740000,-511.01025522553186
1788115800000,-511.01025522553186
1788115860000,-511.01025522553186
1788115920000,-511.01025522553186
1788115980000,-511.01025522553186
1788116040000,-511.01025522553186
1788116100000,-511.01025522553186
1788116160000,-511.01025522553186
1788116220000,-511.01025522553186
1788116280000,-511.01025522553186
1788116340000,-511.01025522553186
1788116400000,-511.01025522553186
1788116460000,-511.01025522553186
1788116520000,-511.01025522553186
1788116580000,-511.01025522553186
1788116640000,-511.01025522553186
1788116700000,-511.01025522553186
1788116760000,-511.01025522553186
1788116820000,-511.01025522553186
1788116880000,-511.01025522553186
1788116940000,-511.01025522553186
1788117000000,-511.01025522553186
1788117060000,-511.01025522553186
1788117120000,-511.01025522553186
1788117180000,-511.01025522553186
1788117240000,-511.01025522553186
1788117300000,-511.01025522553186
1788117360000,-511.01025522553186
1788117420000,-511.01025522553186
1788117480000,-511.01025522553186
1788117540000,-511.01025522553186
1788117600000,-511.01025522553186
1788117660000,-511.01025522553186
1788117720000,-511.01025522553186
1788117780000,-511.01025522553186
1788117840000,-511.01025522553186
1788117900000,-511.01025522553186
1788117960000,-511.01025522553186
1788118020000,-511.01025522553186
1788118080000,-511.01025522553186
1788118140000,-511.01025522553186
1788118200000,-511.01025522553186
1788118260000,-511.01025522553186
1788118320000,-511.01025522553186
1788118380000,-511.01025522553186
1788118440000,-511.01025522553186
1788118500000,-511.01025522553186
1788118560000,-511.01025522553186
1788118620000,-511.01025522553186
1788118680000,-511.01025522553186
1788118740000,-511.01025522553186
1788118800000,-511.01025522553186
1788118860000,-511.01025522553186
1788118920000,-511.01025522553186
1788118980000,-511.01025522553186
1788119040000,-511.01025522553186
1788119100000,-511.01025522553186
1788119160000,-511.01025522553186
1788119220000,-511.01025522553186
1788119280000,-511.01025522553186
1788119340000,-511.01025522553186
1788119400000,-511.01025522553186
1788119460000,-511.01025522553186
1788119520000,-511.01025522553186
1788119580000,-511.01025522553186
1788119640000,-511.01025522553186
1788119700000,-511.01025522553186
1788119760000,-511.01025522553186
1788119820000,-511.01025522553186
1788119880000,-511.01025522553186
1788119940000,-511.01025522553186
1788120000000,-511.01025522553186
1788120060000,-511.01025522553186
1788120120000,-511.01025522553186
1788120180000,-511.01025522553186
1788120240000,-511.01025522553186
1788120300000,-511.01025522553186
1788120360000,-511.01025522553186
1788120420000,-511.01025522553186
1788120480000,-511.01025522553186
1788120540000,-512.4708129917946
1788120600000,-507.54992200241975
1788120660000,-510.9366528598129
1788120720000,-508.3893681123719
1788120780000,-510.64718868396744
1788120840000,-509.64853727730025
1788120900000,-513.0497413434857
1788120960000,-513.1510538050316
1788121020000,-511.3997955411659
1788121080000,-512.5865986621327
1788121140000,-512.239241651118
1788121200000,-515.249669079912
1788121260000,-510.31430488174493
1788121320000,-509.61959085971563
1788121380000,-510.7050815191364
1788121440000,-512.9339556731474
1788121500000,-514.1352320029065
1788121560000,-513.3392055193311
1788121620000,-515.6983385524727
1788121680000,-516.0022759371105
1788121740000,-516.4075257832943
1788121800000,-513.9181338710223
1788121860000,-514.1352320029065
1788121920000,-516.9575077174009
1788121980000,-521.5165684869687
1788122040000,-522.8046840694815
1788122100000,-523.8729337476053
1788122160000,-523.8729337476053
1788122220000,-523.8729337476053
1788122280000,-523.8729337476053
1788122340000,-523.8729337476053
1788122400000,-523.8729337476053
1788122460000,-523.8729337476053
1788122520000,-523.8729337476053
1788122580000,-523.8729337476053
1788122640000,-523.8729337476053
1788122700000,-523.8729337476053
1788122760000,-523.8729337476053
1788122820000,-523.8729337476053
1788122880000,-523.8729337476053
1788122940000,-523.8729337476053
1788123000000,-523.8729337476053
1788123060000,-523.8729337476053
1788123120000,-523.8729337476053
1788123180000,-523.8729337476053
1788123240000,-523.8729337476053
1788123300000,-523.8729337476053
1788123360000,-523.8729337476053
1788123420000,-523.8729337476053
1788123480000,-523.8729337476053
1788123540000,-523.8729337476053
1788123600000,-523.8729337476053
1788123660000,-523.8729337476053
1788123720000,-523.8729337476053
1788123780000,-523.8729337476053
1788123840000,-523.8729337476053
1788123900000,-523.8729337476053
1788123960000,-523.8729337476053
1788124020000,-523.8729337476053
1788124080000,-523.8729337476053
1788124140000,-523.8729337476053
1788124200000,-523.8729337476053
1788124260000,-523.8729337476053
1788124320000,-523.8729337476053
1788124380000,-523.8729337476053
1788124440000,-523.8729337476053
1788124500000,-523.8729337476053
1788124560000,-523.8729337476053
1788124620000,-523.8729337476053
1788124680000,-523.8729337476053
1788124740000,-523.8729337476053
1788124800000,-523.8729337476053
1788124860000,-523.8729337476053
1788124920000,-523.8729337476053
1788124980000,-523.8729337476053
1788125040000,-523.8729337476053
1788125100000,-523.8729337476053
1788125160000,-523.8729337476053
1788125220000,-523.8729337476053
1788125280000,-523.8729337476053
1788125340000,-523.8729337476053
1788125400000,-523.8729337476053
1788125460000,-523.8729337476053
1788125520000,-523.8729337476053
1788125580000,-523.8729337476053
1788125640000,-523.8729337476053
1788125700000,-523.8729337476053
1788125760000,-523.8729337476053
1788125820000,-523.8729337476053
1788125880000,-523.8729337476053
1788125940000,-523.8729337476053
