entry_time,exit_time,side,entry_price,exit_price,reason,net_pnl,funding
1786312080000,1786312320000,1,0.023359335699999997,0.023337666,confirmed_pivot,-1.9272038138480712,0.0
1786312320000,1786312440000,-1,0.023337666,0.0234603458,opposite_break,-6.259357979499785,0.0
1786312440000,1786312620000,1,0.0234603458,0.023353664399999998,confirmed_pivot,-5.545033573205162,0.0
1786312620000,1786312800000,-1,0.023353664399999998,0.0236603658,opposite_break,-14.139469054800728,0.0
1786312800000,1786313520000,1,0.0236603658,0.022947705000000002,opposite_break,-31.105387026602827,0.0
1786313520000,1786314000000,-1,0.022947705000000002,0.022662266,confirmed_pivot,11.444892397736586,0.0
1786314000000,1786316400000,1,0.022662266,0.022565743200000002,opposite_break,-5.257056139046221,0.0
1786316400000,1786316520000,-1,0.022565743200000002,0.0226232621,confirmed_pivot,-3.550222208059054,0.0
1786316520000,1786317180000,1,0.0226232621,0.0227797218,confirmed_pivot,5.912419148872439,0.0
1786317180000,1786317720000,-1,0.0227797218,0.0219811979,confirmed_pivot,34.07168212870803,0.0
1786317720000,1786318560000,1,0.0219811979,0.021740825699999997,opposite_break,-11.929887215109499,0.0
1786318560000,1786319520000,-1,0.021740825699999997,0.0218451843,confirmed_pivot,-5.802521336620779,0.0
1786319520000,1786319760000,1,0.0218451843,0.021807819,confirmed_pivot,-2.709604132293887,0.0
1786319760000,1786320360000,-1,0.021807819,0.0218371835,confirmed_pivot,-1.262026277877683,1.0851594379428773
1786320360000,1786321020000,1,0.0218371835,0.0211828815,opposite_break,-30.947765424968793,0.0
1786321020000,1786321620000,-1,0.0211828815,0.020922092,confirmed_pivot,11.317488286473235,0.0
1786321620000,1786321740000,1,0.020922092,0.0208259172,opposite_break,-5.5945076907223825,0.0
1786321740000,1786322100000,-1,0.0208259172,0.0207800778,confirmed_pivot,1.2021752636180323,0.0
1786322100000,1786323060000,1,0.0207800778,0.020553944400000003,confirmed_pivot,-11.876779936791106,0.0
1786323060000,1786324140000,-1,0.020553944400000003,0.019769976800000002,confirmed_pivot,37.16102488824485,0.0
1786324140000,1786324800000,1,0.019769976800000002,0.0194330565,opposite_break,-18.033496966470974,0.0
1786324800000,1786325280000,-1,0.0194330565,0.0189548953,confirmed_pivot,23.617860839338395,0.0
1786325280000,1786325580000,1,0.0189548953,0.019343065500000003,confirmed_pivot,19.468386069112334,0.0
1786325580000,1786326840000,-1,0.019343065500000003,0.0184668465,confirmed_pivot,44.321518944347496,0.0
1786326840000,1786328340000,1,0.0184668465,0.018818118,confirmed_pivot,18.01222627534178,0.0
1786328340000,1786331100000,-1,0.018818118,0.018164816299999997,confirmed_pivot,33.733991510203325,0.0
1786331100000,1786332720000,1,0.018164816299999997,0.0182691729,confirmed_pivot,4.742112663148759,0.0
1786332720000,1786332900000,-1,0.0182691729,0.0186238622,opposite_break,-20.424341024765404,0.0
1786332900000,1786333020000,1,0.0186238622,0.0184421556,confirmed_pivot,-10.751776766260722,0.0
1786333020000,1786334520000,-1,0.0184421556,0.018004800300000002,confirmed_pivot,23.002183499633716,0.2753487878607857
1786334520000,1786334640000,1,0.018004800300000002,0.0178822116,opposite_break,-7.80526324138137,0.0
1786334640000,1786335900000,-1,0.0178822116,0.019021901999999997,opposite_break,-64.76505718118206,0.0
1786335900000,1786336260000,1,0.019021901999999997,0.018558144,confirmed_pivot,-25.368021715178546,0.0
1786336260000,1786336740000,-1,0.018558144,0.0182068205,confirmed_pivot,17.940426464521472,0.0
1786336740000,1786337340000,1,0.0182068205,0.0179212077,opposite_break,-16.67928862702842,0.0
1786337340000,1786337640000,-1,0.0179212077,0.0180838082,confirmed_pivot,-10.077613683925922,0.0
1786337640000,1786339140000,1,0.0180838082,0.018306169200000003,confirmed_pivot,11.289989865077438,0.0
1786339140000,1786339740000,-1,0.018306169200000003,0.0177027701,confirmed_pivot,31.977997360037627,0.0
1786339740000,1786339920000,1,0.0177027701,0.0174472551,opposite_break,-15.426399996009739,0.0
1786339920000,1786340160000,-1,0.0174472551,0.0174147413,confirmed_pivot,0.8644799261287912,0.0
1786340160000,1786340640000,1,0.0174147413,0.0173362662,opposite_break,-5.503992399244127,0.0
1786340640000,1786340760000,-1,0.0173362662,0.0174627461,confirmed_pivot,-8.299330691518824,0.0
1786340760000,1786341780000,1,0.0174627461,0.0179232075,confirmed_pivot,25.355028393844695,0.0
1786341780000,1786342380000,-1,0.0179232075,0.0180708069,opposite_break,-9.23921721042398,0.0
1786342380000,1786347000000,1,0.0180708069,0.0256304367,confirmed_pivot,417.12465967416205,0.0
1786347000000,1786347600000,-1,0.0256304367,0.0266336631,opposite_break,-40.16156501539442,0.0
1786347600000,1786348260000,1,0.0266336631,0.0270012996,confirmed_pivot,12.796550642333566,0.0
1786348260000,1786349820000,-1,0.0270012996,0.0274097407,confirmed_pivot,-15.06742408613548,1.0668593225786807
1786349820000,1786350120000,1,0.0274097407,0.0261943803,opposite_break,-45.31828571804039,0.0
1786350120000,1786352940000,-1,0.0261943803,0.028142814,opposite_break,-75.42084502567897,0.0
1786352940000,1786353060000,1,0.028142814,0.0276902307,confirmed_pivot,-17.073623922255965,0.0
1786353060000,1786354020000,-1,0.0276902307,0.0272547252,confirmed_pivot,14.735631005414445,0.0
1786354020000,1786356060000,1,0.0272547252,0.0269863011,confirmed_pivot,-10.84379354336697,0.0
1786356060000,1786356300000,-1,0.0269863011,0.027494749199999998,opposite_break,-19.8503908766511,0.0
1786356300000,1786356840000,1,0.027494749199999998,0.0279722025,confirmed_pivot,16.356571244883483,0.0
1786356840000,1786358460000,-1,0.0279722025,0.0288988896,opposite_break,-34.14542155019792,0.0
1786358460000,1786360320000,1,0.0288988896,0.031856814,confirmed_pivot,101.30308080072376,0.0
1786360320000,1786362000000,-1,0.031856814,0.0336703667,opposite_break,-57.95671501707627,0.0
1786362000000,1786362480000,1,0.0336703667,0.0288451152,opposite_break,-144.2368978105012,0.0
1786362480000,1786362900000,-1,0.0288451152,0.0286798677,confirmed_pivot,4.731650666106545,0.0
1786362900000,1786364160000,1,0.0286798677,0.0300339963,confirmed_pivot,44.69262567449015,-1.499068159578714
1786364160000,1786364400000,-1,0.0300339963,0.0311741171,opposite_break,-38.97998937623889,0.0
1786364400000,1786364760000,1,0.0311741171,0.0313238673,confirmed_pivot,3.8012690919161027,0.0
1786364760000,1786366020000,-1,0.0313238673,0.0323092306,opposite_break,-32.47299700283176,0.0
1786366020000,1786367340000,1,0.0323092306,0.0310598937,opposite_break,-39.64877647535196,0.0
1786367340000,1786367460000,-1,0.0310598937,0.031433143,confirmed_pivot,-13.023090879090683,0.0
1786367460000,1786368600000,1,0.031433143,0.031977801900000005,confirmed_pivot,16.318871693804486,0.0
1786368600000,1786369380000,-1,0.031977801900000005,0.031894189100000005,confirmed_pivot,1.6160211593530613,0.0
1786369380000,1786369500000,1,0.031894189100000005,0.0311108886,opposite_break,-25.547068661795944,0.0
1786369500000,1786369680000,-1,0.0311108886,0.0312041201,confirmed_pivot,-3.998246592995062,0.0
1786369680000,1786370100000,1,0.0312041201,0.0300259971,opposite_break,-38.73648911510245,0.0
1786370100000,1786370880000,-1,0.0300259971,0.0291969194,confirmed_pivot,26.62580160410393,0.0
1786370880000,1786371660000,1,0.0291969194,0.028582141499999998,opposite_break,-22.045730977015406,0.0
1786371660000,1786372080000,-1,0.028582141499999998,0.0268936891,confirmed_pivot,58.10322101652175,0.0
1786372080000,1786374300000,1,0.0268936891,0.028277172,confirmed_pivot,50.41693850212613,0.0
1786374300000,1786375440000,-1,0.028277172,0.028323832099999998,confirmed_pivot,-2.6509228734046784,0.0
1786375440000,1786376940000,1,0.028323832099999998,0.0282661731,confirmed_pivot,-3.0346883252424774,0.0
1786376940000,1786383120000,-1,0.0282661731,0.0289568954,opposite_break,-24.611944728379296,0.8366305600102619
1786383120000,1786383960000,1,0.0289568954,0.029024097300000003,confirmed_pivot,1.3195960106276097,0.0
1786383960000,1786385340000,-1,0.029024097300000003,0.0289918989,confirmed_pivot,0.10992251945084663,0.0
1786385340000,1786385820000,1,0.0289918989,0.0287221275,opposite_break,-10.300408891119595,0.0
1786385820000,1786386960000,-1,0.0287221275,0.0288518849,confirmed_pivot,-5.5199395030886755,0.0
1786386960000,1786387200000,1,0.0288518849,0.0288131184,confirmed_pivot,-2.3429665647251645,0.0
1786387200000,1786387920000,-1,0.0288131184,0.0291919189,opposite_break,-14.153380171790023,0.0
1786387920000,1786388040000,1,0.0291919189,0.0289861011,confirmed_pivot,-8.046980769051029,0.0
1786388040000,1786389660000,-1,0.0289861011,0.0290909088,confirmed_pivot,-4.617599465627937,0.0
1786389660000,1786389780000,1,0.0290909088,0.028907109,confirmed_pivot,-7.314959129087045,0.0
1786389780000,1786390140000,-1,0.028907109,0.0289818979,confirmed_pivot,-3.588508399439074,0.0
1786390140000,1786391340000,1,0.0289818979,0.0286781319,opposite_break,-11.475991532631836,0.0
1786391340000,1786391520000,-1,0.0286781319,0.028839883700000003,confirmed_pivot,-6.643068958058663,0.0
1786391520000,1786392180000,1,0.028839883700000003,0.028707129,opposite_break,-6.430929275557419,-0.8300673570330659
1786392180000,1786392360000,-1,0.028707129,0.0287518749,confirmed_pivot,-2.5594827664583577,0.0
1786392360000,1786394400000,1,0.0287518749,0.0289161081,confirmed_pivot,4.709230579603085,0.0
1786394400000,1786398000000,-1,0.0289161081,0.0291539151,opposite_break,-9.22814407378701,0.0
1786398000000,1786398120000,1,0.0291539151,0.0290700927,confirmed_pivot,-3.873730286742832,0.0
1786398120000,1786398240000,-1,0.0290700927,0.029286928400000002,opposite_break,-8.462794153731782,0.0
1786398240000,1786400880000,1,0.029286928400000002,0.028952104500000003,opposite_break,-12.426820985774647,0.0
1786400880000,1786402320000,-1,0.028952104500000003,0.028925892300000002,confirmed_pivot,-0.09418308088794203,0.0
1786402320000,1786402620000,1,0.028925892300000002,0.028723127400000003,opposite_break,-8.006301325058839,0.0
1786402620000,1786402860000,-1,0.028723127400000003,0.0288018799,confirmed_pivot,-3.7431510208737797,0.0
1786402860000,1786404480000,1,0.0288018799,0.0286451352,opposite_break,-6.43944798721278,0.0
1786404480000,1786404660000,-1,0.0286451352,0.0288148812,confirmed_pivot,-6.928785876353565,0.0
1786404660000,1786404840000,1,0.0288148812,0.0286541343,opposite_break,-6.57581776703634,0.0
1786404840000,1786405080000,-1,0.0286541343,0.028552855,confirmed_pivot,2.5363113255876586,0.0
1786405080000,1786405740000,1,0.028552855,0.028695130200000002,confirmed_pivot,3.9803798044014655,0.0
1786405740000,1786406280000,-1,0.028695130200000002,0.028925892300000002,opposite_break,-9.04587675472545,0.0
1786406280000,1786406460000,1,0.028925892300000002,0.0288751122,confirmed_pivot,-3.1974301019575324,-0.4427838001733831
1786406460000,1786410660000,-1,0.0288751122,0.027992799000000002,confirmed_pivot,29.571460657389178,0.0
1786410660000,1786411620000,1,0.027992799000000002,0.0275102487,opposite_break,-18.22975343944713,0.0
1786411620000,1786412040000,-1,0.0275102487,0.027549754699999998,confirmed_pivot,-2.4367646556389797,0.0
1786412040000,1786412280000,1,0.027549754699999998,0.0273582639,opposite_break,-7.947250771710112,0.0
1786412280000,1786412580000,-1,0.0273582639,0.0269206918,confirmed_pivot,15.002144275317066,0.0
1786412580000,1786412700000,1,0.0269206918,0.026617338,opposite_break,-12.262790917579597,0.0
1786412700000,1786413960000,-1,0.026617338,0.027052705,confirmed_pivot,-17.3646974577247,0.0
1786413960000,1786414260000,1,0.027052705,0.0275832414,confirmed_pivot,18.601408872051795,0.0
1786414260000,1786414620000,-1,0.0275832414,0.0278497847,opposite_break,-10.668065032052455,0.0
1786414620000,1786414800000,1,0.0278497847,0.027677232,confirmed_pivot,-7.192738130934343,0.0
1786414800000,1786415760000,-1,0.027677232,0.0277747772,opposite_break,-4.526146422445718,0.0
1786415760000,1786416000000,1,0.0277747772,0.0276592338,confirmed_pivot,-5.1579317619153064,0.0
1786416000000,1786417080000,-1,0.0276592338,0.0273607358,confirmed_pivot,9.79737968012685,0.0
1786417080000,1786417200000,1,0.0273607358,0.0267113286,opposite_break,-24.72313746036027,0.0
1786417200000,1786417680000,-1,0.0267113286,0.0264796477,confirmed_pivot,7.677843918628577,0.0
1786417680000,1786418880000,1,0.0264796477,0.0269803017,confirmed_pivot,17.897671097036525,0.0
1786418880000,1786419240000,-1,0.0269803017,0.0273817379,opposite_break,-15.88630196081168,0.0
1786419240000,1786419480000,1,0.0273817379,0.0272842713,confirmed_pivot,-4.557767847160716,0.0
1786419480000,1786419840000,-1,0.0272842713,0.0276467644,opposite_break,-14.292432939193057,0.0
1786419840000,1786420920000,1,0.0276467644,0.028146185100000002,confirmed_pivot,16.476073967411637,-0.579239212383204
1786420920000,1786422960000,-1,0.028146185100000002,0.0286308628,opposite_break,-18.228623954796568,0.0
1786422960000,1786423620000,1,0.0286308628,0.0290420955,confirmed_pivot,13.356084429631647,0.0
1786423620000,1786423800000,-1,0.0290420955,0.029853985099999997,opposite_break,-28.96959140913221,0.0
1786423800000,1786424760000,1,0.029853985099999997,0.0294080589,confirmed_pivot,-15.929438579374064,0.0
1786424760000,1786425240000,-1,0.0294080589,0.0284258423,confirmed_pivot,32.416272445645795,0.0
1786425240000,1786425600000,1,0.0284258423,0.0283811616,opposite_break,-2.5710478929238536,0.0
1786425600000,1786425660000,-1,0.0283811616,0.0286038601,confirmed_pivot,-8.85062473447176,0.0
1786425660000,1786429920000,1,0.0286038601,0.0251354862,opposite_break,-122.19482129092076,0.0
1786429920000,1786430400000,-1,0.0251354862,0.026022602000000002,opposite_break,-36.31100814353856,0.0
1786430400000,1786431120000,1,0.026022602000000002,0.0264093588,confirmed_pivot,13.85491041979579,0.0
1786431120000,1786431600000,-1,0.0264093588,0.026643664100000002,opposite_break,-9.876491641667617,0.0
1786431600000,1786431780000,1,0.026643664100000002,0.0265213476,confirmed_pivot,-5.5885333673007835,0.0
1786431780000,1786433280000,-1,0.0265213476,0.0256875685,confirmed_pivot,30.45375574919872,0.0
1786433280000,1786433400000,1,0.0256875685,0.025464453300000002,opposite_break,-9.681383853049331,0.0
1786433400000,1786433520000,-1,0.025464453300000002,0.0256555653,confirmed_pivot,-8.508802712053384,0.0
1786433520000,1786433640000,1,0.0256555653,0.025337466000000003,opposite_break,-13.39264255658385,0.0
1786433640000,1786433820000,-1,0.025337466000000003,0.0254595457,confirmed_pivot,-5.820558608741541,0.0
1786433820000,1786434360000,1,0.0254595457,0.025329466800000002,opposite_break,-6.106684230818655,0.0
1786434360000,1786434780000,-1,0.025329466800000002,0.0253735371,confirmed_pivot,-2.7407525984714876,0.0
1786434780000,1786436820000,1,0.0253735371,0.025212478500000003,confirmed_pivot,-7.614091392385977,-0.2697622566583356
1786436820000,1786436940000,-1,0.025212478500000003,0.0256575655,opposite_break,-18.662267654486914,0.0
1786436940000,1786437060000,1,0.0256575655,0.0255484449,confirmed_pivot,-5.250833529003301,0.0
1786437060000,1786438200000,-1,0.0255484449,0.0251175115,confirmed_pivot,15.875738166748583,0.0
1786438200000,1786439100000,1,0.0251175115,0.0249005097,opposite_break,-9.635142820577515,0.0
1786439100000,1786439220000,-1,0.0249005097,0.0249694967,confirmed_pivot,-3.771890789849957,0.0
1786439220000,1786442400000,1,0.0249694967,0.0255524445,confirmed_pivot,22.33472448805909,0.0
1786442400000,1786443780000,-1,0.0255524445,0.025962596,opposite_break,-17.059386245805197,0.0
1786443780000,1786444560000,1,0.025962596,0.0259084089,confirmed_pivot,-3.0860782353968768,0.0
1786444560000,1786446180000,-1,0.0259084089,0.0232753273,confirmed_pivot,100.68120130294841,0.0
1786446180000,1786447860000,1,0.0232753273,0.0223957602,opposite_break,-38.77078212988219,0.0
1786447860000,1786448580000,-1,0.0223957602,0.021652164999999998,confirmed_pivot,32.21909999732907,0.0
1786448580000,1786449540000,1,0.021652164999999998,0.021337866,opposite_break,-15.508565332843023,0.0
1786449540000,1786449780000,-1,0.021337866,0.0212751273,confirmed_pivot,2.0849827250767294,0.14326074828663748
1786449780000,1786451460000,1,0.0212751273,0.021777822000000002,confirmed_pivot,22.616467509926668,0.0
1786451460000,1786452540000,-1,0.021777822000000002,0.021367136499999998,confirmed_pivot,17.86739834451783,0.0
1786452540000,1786452720000,1,0.021367136499999998,0.0213418656,confirmed_pivot,-2.182108072834139,0.0
1786452720000,1786452900000,-1,0.0213418656,0.021522152,confirmed_pivot,-9.451770177017707,0.0
1786452900000,1786453860000,1,0.021522152,0.021808818900000002,confirmed_pivot,12.312960829846523,0.0
1786453860000,1786454640000,-1,0.021808818900000002,0.0215601558,confirmed_pivot,10.407652688151808,0.0
1786454640000,1786454760000,1,0.0215601558,0.021307869,opposite_break,-12.695678776124666,0.0
1786454760000,1786455120000,-1,0.021307869,0.0213591357,confirmed_pivot,-3.4072014592355595,0.0
1786455120000,1786455780000,1,0.0213591357,0.021567843,confirmed_pivot,8.766450725344635,0.0
1786455780000,1786456200000,-1,0.021567843,0.0215341532,confirmed_pivot,0.5628194669258404,0.0
1786456200000,1786456860000,1,0.0215341532,0.021372862500000003,confirmed_pivot,-8.486250011911167,0.0
1786456860000,1786457280000,-1,0.021372862500000003,0.0210401038,confirmed_pivot,14.57700000877287,0.0
1786457280000,1786457760000,1,0.0210401038,0.0216258372,confirmed_pivot,26.824983130548997,0.0
1786457760000,1786458360000,-1,0.0216258372,0.0212671265,confirmed_pivot,15.595429440761748,0.0
1786458360000,1786460340000,1,0.0212671265,0.0216698328,confirmed_pivot,17.92615567269982,0.0
1786460340000,1786461600000,-1,0.0216698328,0.0213301328,confirmed_pivot,14.684008877078266,0.0
1786461600000,1786462380000,1,0.0213301328,0.021229876800000002,opposite_break,-5.697855045703068,0.0
1786462380000,1786464900000,-1,0.021229876800000002,0.0192549253,confirmed_pivot,92.1196970841584,0.04619532224511072
1786464900000,1786465380000,1,0.0192549253,0.020028996900000002,confirmed_pivot,39.18112520021058,0.0
1786465380000,1786466520000,-1,0.020028996900000002,0.0202170215,opposite_break,-10.39231321664439,0.0
1786466520000,1786467180000,1,0.0202170215,0.0209069091,confirmed_pivot,33.107034817171154,0.0
1786467180000,1786467840000,-1,0.0209069091,0.0215281526,opposite_break,-30.7296036815887,0.0
1786467840000,1786468080000,1,0.0215281526,0.0213428655,confirmed_pivot,-9.602431425072702,0.0
1786468080000,1786469400000,-1,0.0213428655,0.0206870685,confirmed_pivot,29.742118414230724,0.0
1786469400000,1786469580000,1,0.0206870685,0.0204889509,opposite_break,-10.572092884982652,0.0
1786469580000,1786470180000,-1,0.0204889509,0.020288028599999997,confirmed_pivot,8.811276435339753,0.0
1786470180000,1786470420000,1,0.020288028599999997,0.0202649733,opposite_break,-2.1358310264802203,0.0
1786470420000,1786472100000,-1,0.0202649733,0.0202690267,confirmed_pivot,-1.2001200120013116,0.0
1786472100000,1786472940000,1,0.0202690267,0.020317968000000002,confirmed_pivot,1.4133783074053965,0.0
1786472940000,1786473720000,-1,0.020317968000000002,0.0200880086,confirmed_pivot,10.323690425145056,0.0
1786473720000,1786474080000,1,0.0200880086,0.020017998,opposite_break,-4.4834510524851074,0.0
1786474080000,1786474500000,-1,0.020017998,0.019961996,confirmed_pivot,1.7989812467759982,0.0
1786474500000,1786474740000,1,0.019961996,0.0202199778,confirmed_pivot,11.917185691250571,0.0
1786474740000,1786474860000,-1,0.0202199778,0.020282028,opposite_break,-4.070291456996565,0.0
1786474860000,1786475100000,1,0.020282028,0.0202799718,confirmed_pivot,-1.1013297043076502,0.0
1786475100000,1786476300000,-1,0.0202799718,0.0198269825,confirmed_pivot,21.34794994389496,0.0
1786476300000,1786477260000,1,0.0198269825,0.0198000198,opposite_break,-2.359219369361971,0.0
1786477260000,1786477320000,-1,0.0198000198,0.019867986600000002,confirmed_pivot,-4.434379565620581,0.0
1786477320000,1786477680000,1,0.019867986600000002,0.0196990299,opposite_break,-9.499714895620087,0.0
1786477680000,1786480200000,-1,0.0196990299,0.0203200318,opposite_break,-32.47653864246876,0.06371507073553911
1786480200000,1786481640000,1,0.0203200318,0.0200769921,confirmed_pivot,-12.954616141397938,0.0
1786481640000,1786481940000,-1,0.0200769921,0.020284028200000002,opposite_break,-11.317263513293012,0.0
1786481940000,1786482120000,1,0.020284028200000002,0.020286971100000002,confirmed_pivot,-0.8549879481038957,0.0
1786482120000,1786482240000,-1,0.020286971100000002,0.0204450443,opposite_break,-8.79575402461126,0.0
1786482240000,1786482420000,1,0.0204450443,0.0203749623,confirmed_pivot,-4.426109426429519,0.0
1786482420000,1786484880000,-1,0.0203749623,0.0199429941,confirmed_pivot,20.21153294600209,0.0
1786484880000,1786485000000,1,0.0199429941,0.0199290069,opposite_break,-1.7010084007395474,0.0
1786485000000,1786486500000,-1,0.0199290069,0.019298929700000002,confirmed_pivot,30.631894241553944,0.0
1786486500000,1786487220000,1,0.019298929700000002,0.019327067099999998,confirmed_pivot,0.45724823796813585,0.0
1786487220000,1786487880000,-1,0.019327067099999998,0.019249924800000002,confirmed_pivot,2.993408350612901,0.0
1786487880000,1786488000000,1,0.019249924800000002,0.019188081,opposite_break,-4.211071146626124,0.0
1786488000000,1786489620000,-1,0.019188081,0.019198919699999997,confirmed_pivot,-1.5651487165390883,0.0
1786489620000,1786490460000,1,0.019198919699999997,0.0190170981,opposite_break,-10.46567265448776,0.0
1786490460000,1786490760000,-1,0.0190170981,0.019061906,confirmed_pivot,-3.3573682858584513,0.0
1786490760000,1786492020000,1,0.019061906,0.019208079000000003,confirmed_pivot,6.664496588116787,0.0
1786492020000,1786493040000,-1,0.019208079000000003,0.019149914799999997,confirmed_pivot,2.079190199082666,0.049564899228080016
1786493040000,1786493520000,1,0.019149914799999997,0.019309068899999997,confirmed_pivot,7.306800558193581,0.0
1786493520000,1786493640000,-1,0.019309068899999997,0.0193589357,opposite_break,-3.583849778484288,0.0
1786493640000,1786495680000,1,0.0193589357,0.019333066500000003,confirmed_pivot,-2.3356243236035445,0.0
1786495680000,1786496760000,-1,0.019333066500000003,0.0188178816,confirmed_pivot,25.661186545342066,0.0
1786496760000,1786497120000,1,0.0188178816,0.0188151183,opposite_break,-1.1467709494994331,0.0
1786497120000,1786498380000,-1,0.0188151183,0.018151814999999998,confirmed_pivot,34.27136747527126,0.0
1786498380000,1786499520000,1,0.018151814999999998,0.018908109,confirmed_pivot,40.64409195444099,0.0
1786499520000,1786500900000,-1,0.018908109,0.018806880499999998,confirmed_pivot,4.356385149355843,0.0
1786500900000,1786501320000,1,0.018806880499999998,0.018590140800000002,opposite_break,-12.518727422657681,0.0
1786501320000,1786501560000,-1,0.018590140800000002,0.0186068605,confirmed_pivot,-1.8998350270696878,0.0
1786501560000,1786502700000,1,0.0186068605,0.018148185,opposite_break,-25.63855534629275,0.0
1786502700000,1786503300000,-1,0.018148185,0.0178387837,confirmed_pivot,16.057132746332556,0.0
1786503300000,1786503780000,1,0.0178387837,0.018289170900000002,confirmed_pivot,24.235016802182688,0.0
1786503780000,1786504380000,-1,0.018289170900000002,0.0183628361,opposite_break,-5.0298181368077355,0.0
1786504380000,1786506600000,1,0.0183628361,0.018431156700000003,confirmed_pivot,2.718730556006255,0.0
1786506600000,1786508100000,-1,0.018431156700000003,0.018691868999999996,opposite_break,-15.102207521788001,0.05005977188615622
1786508100000,1786508280000,1,0.018691868999999996,0.0186561342,confirmed_pivot,-2.910827247933092,0.0
1786508280000,1786508400000,-1,0.0186561342,0.018775877399999998,opposite_break,-7.42164503726596,0.0
1786508400000,1786508460000,1,0.018775877399999998,0.0185611437,confirmed_pivot,-12.430961577859321,0.0
1786508460000,1786510080000,-1,0.0185611437,0.0187098708,confirmed_pivot,-9.016826223375404,0.0
1786510080000,1786510440000,1,0.0187098708,0.019135086300000003,confirmed_pivot,21.715437043531203,0.0
1786510440000,1786511340000,-1,0.019135086300000003,0.0186668665,confirmed_pivot,23.48141087819408,0.0
1786511340000,1786511520000,1,0.0186668665,0.0184721526,opposite_break,-11.425774623180635,0.0
1786511520000,1786512120000,-1,0.0184721526,0.0183838382,confirmed_pivot,3.78333841828488,0.0
1786512120000,1786513260000,1,0.0183838382,0.0181171881,opposite_break,-15.497341199945836,0.0
1786513260000,1786513380000,-1,0.0181171881,0.018423842200000002,confirmed_pivot,-17.93460515818132,0.0
1786513380000,1786515540000,1,0.018423842200000002,0.0185941404,opposite_break,8.23873799244755,0.0
1786515540000,1786518120000,-1,0.0185941404,0.018496849500000002,confirmed_pivot,4.234958075824683,0.0
1786518120000,1786520880000,1,0.018496849500000002,0.0188691129,confirmed_pivot,19.115710424091198,0.0
1786520880000,1786521360000,-1,0.0188691129,0.01910191,opposite_break,-13.343637975158929,0.0
1786521360000,1786523400000,1,0.01910191,0.0191550843,confirmed_pivot,1.732329534062307,-0.04999500049995
1786523400000,1786523580000,-1,0.0191550843,0.0193689367,opposite_break,-12.16984518830851,0.0
1786523580000,1786523820000,1,0.0193689367,0.019268073,confirmed_pivot,-6.204894296030127,0.0
1786523820000,1786525860000,-1,0.019268073,0.0191559154,opposite_break,4.823814285943343,0.0
1786525860000,1786526160000,1,0.0191559154,0.0192220776,confirmed_pivot,2.452151333890353,0.0
1786526160000,1786526340000,-1,0.0192220776,0.019218921700000002,opposite_break,-0.8357369054633641,0.0
1786526340000,1786526820000,1,0.019218921700000002,0.019257074099999997,confirmed_pivot,0.9841552192803076,0.0
1786526820000,1786528080000,-1,0.019257074099999997,0.0193809379,opposite_break,-7.4353354645917955,0.0
1786528080000,1786528620000,1,0.0193809379,0.0195770421,confirmed_pivot,9.113346882970081,0.0
1786528620000,1786529820000,-1,0.0195770421,0.0194869485,confirmed_pivot,3.604303670573426,0.0
1786529820000,1786530540000,1,0.0194869485,0.0192740724,opposite_break,-11.918572600014752,0.0
1786530540000,1786530720000,-1,0.0192740724,0.0193179316,confirmed_pivot,-3.27669216392481,0.0
1786530720000,1786531260000,1,0.0193179316,0.019520047800000002,confirmed_pivot,9.457389853269868,0.0
1786531260000,1786531500000,-1,0.019520047800000002,0.0200990097,opposite_break,-30.67469070183309,0.0
1786531500000,1786531800000,1,0.0200990097,0.0200019996,confirmed_pivot,-5.824197629498104,0.0
1786531800000,1786532040000,-1,0.0200019996,0.0205880586,opposite_break,-30.31467059423398,0.0
1786532040000,1786533240000,1,0.0205880586,0.021198879900000002,confirmed_pivot,28.653883409385745,0.0
1786533240000,1786533540000,-1,0.021198879900000002,0.0215261524,opposite_break,-16.445916850069032,0.0
1786533540000,1786533660000,1,0.0215261524,0.0213468651,confirmed_pivot,-9.324648688727146,0.0
1786533660000,1786534320000,-1,0.0213468651,0.020732072999999997,confirmed_pivot,27.814511787494464,0.0
1786534320000,1786535340000,1,0.020732072999999997,0.020407959,opposite_break,-16.625641632652794,0.0
1786535340000,1786535640000,-1,0.020407959,0.0204770475,confirmed_pivot,-4.3870630693643395,0.0
1786535640000,1786536360000,1,0.0204770475,0.0206509347,confirmed_pivot,7.172014444719153,-0.31554980984441233
1786536360000,1786538280000,-1,0.0206509347,0.0204990497,confirmed_pivot,6.358550337191319,0.0
1786538280000,1786539480000,1,0.0204990497,0.0202859712,confirmed_pivot,-11.389357744227611,0.0
1786539480000,1786539780000,-1,0.0202859712,0.0202500248,confirmed_pivot,0.7728691836060764,0.0
1786539780000,1786540020000,1,0.0202500248,0.0199860012,opposite_break,-14.031667408130765,0.0
1786540020000,1786540200000,-1,0.0199860012,0.0199869985,confirmed_pivot,-1.0499248769183325,0.0
1786540200000,1786540500000,1,0.0199869985,0.0198720126,opposite_break,-6.750158386713224,0.0
1786540500000,1786540920000,-1,0.0198720126,0.0198559854,confirmed_pivot,-0.19307551163702869,0.0
1786540920000,1786541280000,1,0.0198559854,0.02069793,confirmed_pivot,41.381358101723734,0.0
1786541280000,1786543800000,-1,0.02069793,0.022192219000000003,opposite_break,-73.23119145247871,0.0
1786543800000,1786544460000,1,0.022192219000000003,0.0223527645,confirmed_pivot,6.230697716618503,0.0
1786544460000,1786546140000,-1,0.0223527645,0.0219231921,confirmed_pivot,18.227473460833064,0.0
1786546140000,1786546980000,1,0.0219231921,0.0216518346,opposite_break,-13.371456675326018,0.0
1786546980000,1786547100000,-1,0.0216518346,0.021782178,confirmed_pivot,-7.022980228197379,0.0
1786547100000,1786548540000,1,0.021782178,0.0212458752,opposite_break,-25.608863659088602,0.0
1786548540000,1786548960000,-1,0.0212458752,0.0214871485,confirmed_pivot,-12.361920108144131,0.0
1786548960000,1786549200000,1,0.0214871485,0.0214338564,opposite_break,-3.4789447492300463,0.0
1786549200000,1786549260000,-1,0.0214338564,0.0215061504,confirmed_pivot,-4.3745745819217365,0.0
1786549260000,1786550220000,1,0.0215061504,0.021307869,opposite_break,-10.21514337126555,0.0
1786550220000,1786550880000,-1,0.021307869,0.0211331131,confirmed_pivot,7.4586216758137684,0.2530485164330605
1786550880000,1786553340000,1,0.0211331131,0.0210198978,confirmed_pivot,-6.354568056989217,0.0
1786553340000,1786553940000,-1,0.0210198978,0.0212001198,opposite_break,-9.578163067947967,0.0
1786553940000,1786554360000,1,0.0212001198,0.0214928505,confirmed_pivot,12.801069871784422,0.0
1786554360000,1786557180000,-1,0.0214928505,0.021259125700000003,confirmed_pivot,9.879974361706834,0.0
1786557180000,1786559100000,1,0.021259125700000003,0.0204669531,opposite_break,-38.24407696126477,0.0
1786559100000,1786559280000,-1,0.0204669531,0.0207570755,confirmed_pivot,-15.182250762083326,0.0
1786559280000,1786562340000,1,0.0207570755,0.0214368561,confirmed_pivot,31.732969039882278,0.0
1786562340000,1786564200000,-1,0.0214368561,0.021012101000000002,confirmed_pivot,18.824151245293695,0.0
1786564200000,1786568700000,1,0.021012101000000002,0.021032896500000002,confirmed_pivot,-0.5744752691793995,-0.5636720301315895
1786568700000,1786568940000,-1,0.021032896500000002,0.0209870985,confirmed_pivot,1.1785348965133329,0.0
1786568940000,1786569840000,1,0.0209870985,0.0209549043,confirmed_pivot,-2.533232566664634,0.0
1786569840000,1786570680000,-1,0.0209549043,0.0208110809,confirmed_pivot,5.866903787291438,0.0
1786570680000,1786571400000,1,0.0208110809,0.0208929105,confirmed_pivot,2.9300546469933533,0.0
1786571400000,1786572120000,-1,0.0208929105,0.0208950893,confirmed_pivot,-1.1043363202076986,0.0
1786572120000,1786572840000,1,0.0208950893,0.0209539044,confirmed_pivot,1.8133735925216454,0.0
1786572840000,1786574520000,-1,0.0209539044,0.0211811179,opposite_break,-11.848913997622331,0.0
1786574520000,1786574880000,1,0.0211811179,0.021094890300000002,confirmed_pivot,-5.068930006758463,0.0
1786574880000,1786575300000,-1,0.021094890300000002,0.021242123999999998,opposite_break,-7.983080487979383,0.0
1786575300000,1786575660000,1,0.021242123999999998,0.021223877399999997,confirmed_pivot,-1.8585524074711461,0.0
1786575660000,1786576020000,-1,0.021223877399999997,0.0211651163,confirmed_pivot,1.7700160268545146,0.0
1786576020000,1786577760000,1,0.0211651163,0.021077892,confirmed_pivot,-5.119074358689012,0.0
1786577760000,1786577940000,-1,0.021077892,0.0211671165,confirmed_pivot,-5.235201141081784,0.0
1786577940000,1786580400000,1,0.0211671165,0.0214848513,confirmed_pivot,13.710849500922828,-0.29241901701632333
1786580400000,1786580640000,-1,0.0214848513,0.0216711669,opposite_break,-9.676288013219828,0.0
1786580640000,1786581300000,1,0.0216711669,0.0216798318,confirmed_pivot,-0.6003645032146324,0.0
1786581300000,1786585860000,-1,0.0216798318,0.0228202818,opposite_break,-53.63049250225278,0.0
1786585860000,1786585980000,1,0.0228202818,0.0221047893,confirmed_pivot,-32.33768285674725,0.0
1786585980000,1786586280000,-1,0.0221047893,0.0225272525,opposite_break,-20.12139608586998,0.0
1786586280000,1786588440000,1,0.0225272525,0.021887811,opposite_break,-29.371048766377555,0.0
1786588440000,1786588740000,-1,0.021887811,0.0219581956,confirmed_pivot,-4.217306303494707,0.0
1786588740000,1786588860000,1,0.0219581956,0.021717828,opposite_break,-11.941127430343107,0.0
1786588860000,1786589100000,-1,0.021717828,0.0217181716,confirmed_pivot,-1.0158290138404942,0.0
1786589100000,1786590900000,1,0.0217181716,0.021867813,opposite_break,5.886702161428767,0.0
1786590900000,1786591020000,-1,0.021867813,0.0220242022,confirmed_pivot,-8.155145994709166,0.0
1786591020000,1786591500000,1,0.0220242022,0.0218338164,opposite_break,-9.640068111070924,0.0
1786591500000,1786592580000,-1,0.0218338164,0.0216571655,confirmed_pivot,7.094747258660745,0.0
1786592580000,1786592760000,1,0.0216571655,0.021577842,opposite_break,-4.660859416251815,0.0
1786592760000,1786595100000,-1,0.021577842,0.0207390737,confirmed_pivot,38.21264828591296,0.32147074600879927
1786595100000,1786596780000,1,0.0207390737,0.0208899108,confirmed_pivot,6.269451067624213,0.0
1786596780000,1786597320000,-1,0.0208899108,0.0207180716,confirmed_pivot,7.2300552283833905,0.0
1786597320000,1786597440000,1,0.0207180716,0.0204599538,opposite_break,-13.45235300277652,0.0
1786597440000,1786597560000,-1,0.0204599538,0.020703070100000002,confirmed_pivot,-12.888485210069344,0.0
1786597560000,1786598580000,1,0.020703070100000002,0.0204329565,opposite_break,-14.040507610511517,0.0
1786598580000,1786599660000,-1,0.0204329565,0.0203670365,confirmed_pivot,2.227773719383052,0.0
1786599660000,1786599840000,1,0.0203670365,0.019917008099999998,opposite_break,-23.084871591407197,0.0
1786599840000,1786600200000,-1,0.019917008099999998,0.0198239822,confirmed_pivot,3.673011753708038,0.0
1786600200000,1786600500000,1,0.0198239822,0.0197440254,opposite_break,-5.031320286395301,0.0
1786600500000,1786600800000,-1,0.0197440254,0.0199369935,confirmed_pivot,-10.77838004857913,0.0
1786600800000,1786600980000,1,0.0199369935,0.0197370261,opposite_break,-11.024952674032857,0.0
1786600980000,1786601220000,-1,0.0197370261,0.019839983800000002,confirmed_pivot,-6.21908307402011,0.0
1786601220000,1786602360000,1,0.019839983800000002,0.020009998799999998,confirmed_pivot,7.56502677688656,0.0
1786602360000,1786603080000,-1,0.020009998799999998,0.020015001299999998,confirmed_pivot,-1.2501250150000116,0.0
1786603080000,1786603560000,1,0.020015001299999998,0.0200769921,confirmed_pivot,2.0956682775734636,0.0
1786603560000,1786604640000,-1,0.0200769921,0.0199409939,confirmed_pivot,5.777220333717269,0.0
1786604640000,1786604880000,1,0.0199409939,0.019936006200000002,confirmed_pivot,-1.249997877487787,0.0
1786604880000,1786605720000,-1,0.019936006200000002,0.0201940192,opposite_break,-13.948531612113857,0.0
1786605720000,1786605840000,1,0.0201940192,0.0200729925,confirmed_pivot,-6.990198654956153,0.0
1786605840000,1786608240000,-1,0.0200729925,0.0193469345,confirmed_pivot,35.30064896672489,0.11167370556233705
1786608240000,1786609020000,1,0.0193469345,0.0192550743,opposite_break,-5.745675336834286,0.0
1786609020000,1786609200000,-1,0.0192550743,0.0193159314,confirmed_pivot,-4.162154952058472,0.0
1786609200000,1786609440000,1,0.0193159314,0.019108088999999998,opposite_break,-11.75477410320486,0.0
1786609440000,1786610820000,-1,0.019108088999999998,0.0190759074,confirmed_pivot,0.6850293506586027,0.0
1786610820000,1786613460000,1,0.0190759074,0.0189551043,opposite_break,-7.329591348823622,0.0
1786613460000,1786613760000,-1,0.0189551043,0.0190869085,confirmed_pivot,-7.956970534844192,0.0
1786613760000,1786613940000,1,0.0190869085,0.0190700928,confirmed_pivot,-1.880566496664393,0.0
1786613940000,1786614360000,-1,0.0190700928,0.019065906400000002,confirmed_pivot,-0.7803632502512954,0.0
1786614360000,1786614840000,1,0.019065906400000002,0.019098089999999998,confirmed_pivot,0.6871743480286745,0.0
1786614840000,1786616160000,-1,0.019098089999999998,0.0186398638,confirmed_pivot,23.00529650347225,0.0
1786616160000,1786618320000,1,0.0186398638,0.0187911207,confirmed_pivot,7.110642501046629,0.0
1786618320000,1786619040000,-1,0.0187911207,0.019041904000000002,opposite_break,-14.352513437370527,0.0
1786619040000,1786620120000,1,0.019041904000000002,0.0193170681,confirmed_pivot,13.443225737825337,0.0
1786620120000,1786621560000,-1,0.0193170681,0.019351935,opposite_break,-2.8058813723392935,0.0
1786621560000,1786621680000,1,0.019351935,0.019268073,confirmed_pivot,-5.331353376290305,0.0
1786621680000,1786622940000,-1,0.019268073,0.0200870085,confirmed_pivot,-43.41253522194978,0.110916279920675
1786622940000,1786623540000,1,0.0200870085,0.0204449553,confirmed_pivot,16.810906317882107,0.0
1786623540000,1786623660000,-1,0.0204449553,0.0205060504,opposite_break,-3.989766749453273,0.0
1786623660000,1786624380000,1,0.0205060504,0.0203559642,confirmed_pivot,-8.315458314683546,0.0
1786624380000,1786625400000,-1,0.0203559642,0.0202070205,confirmed_pivot,6.32061475378312,0.0
1786625400000,1786625520000,1,0.0202070205,0.0200819916,opposite_break,-7.18430537792533,0.0
1786625520000,1786626060000,-1,0.0200819916,0.0202890287,opposite_break,-11.31474480598817,0.0
1786626060000,1786627020000,1,0.0202890287,0.0204449553,confirmed_pivot,6.681424232003859,0.0
1786627020000,1786627260000,-1,0.0204449553,0.020517051499999998,confirmed_pivot,-4.528119628610604,0.0
1786627260000,1786627680000,1,0.020517051499999998,0.0204239574,confirmed_pivot,-5.535132786989218,0.0
1786627680000,1786629840000,-1,0.0204239574,0.0206770675,opposite_break,-13.399000354847914,0.0
1786629840000,1786630800000,1,0.0206770675,0.0208499148,confirmed_pivot,7.355192357426932,0.0
1786630800000,1786630980000,-1,0.0208499148,0.020952095,opposite_break,-5.903199417390402,0.0
1786630980000,1786631100000,1,0.020952095,0.0209269071,confirmed_pivot,-2.201565096473696,0.0
1786631100000,1786632120000,-1,0.0209269071,0.0206190617,confirmed_pivot,13.717861613673406,0.0
1786632120000,1786632780000,1,0.0206190617,0.020412958499999998,opposite_break,-10.990762499149115,0.0
1786632780000,1786636020000,-1,0.020412958499999998,0.019831983,opposite_break,27.47534264815153,0.0
1786636020000,1786636140000,1,0.019831983,0.019697030100000002,confirmed_pivot,-7.8014087925548745,0.0
1786636140000,1786641600000,-1,0.019697030100000002,0.019512951100000002,confirmed_pivot,8.692440754812075,0.34224742287417226
1786641600000,1786641720000,1,0.019512951100000002,0.0194720526,opposite_break,-3.09491893566016,0.0
1786641720000,1786643760000,-1,0.0194720526,0.0195239522,confirmed_pivot,-3.666670579967449,0.0
1786643760000,1786647480000,1,0.0195239522,0.0194540544,opposite_break,-4.578315004274574,0.0
1786647480000,1786650780000,-1,0.0194540544,0.019593959199999997,opposite_break,-8.195145521953332,0.0
1786650780000,1786651020000,1,0.019593959199999997,0.0196120386,confirmed_pivot,-0.07775860327388162,0.0
1786651020000,1786651740000,-1,0.0196120386,0.019559955799999997,confirmed_pivot,1.8077236631587186,0.15074126256308712
1786651740000,1786652040000,1,0.019559955799999997,0.0195110487,opposite_break,-3.4991184514843683,0.0
1786652040000,1786652160000,-1,0.0195110487,0.0195169515,confirmed_pivot,-1.3026875433918805,0.0
1786652160000,1786652340000,1,0.0195169515,0.0194800518,opposite_break,-2.889703427812605,0.0
1786652340000,1786652880000,-1,0.0194800518,0.0194779476,confirmed_pivot,-0.8919277976458717,0.0
1786652880000,1786653960000,1,0.0194779476,0.0195040494,confirmed_pivot,0.3393992855798045,0.0
1786653960000,1786655940000,-1,0.0195040494,0.0195189517,confirmed_pivot,-1.7644438774851405,0.0
1786655940000,1786656720000,1,0.0195189517,0.0196630335,confirmed_pivot,6.37794535861273,0.0
1786656720000,1786657440000,-1,0.0196630335,0.0198629861,opposite_break,-11.174044421986101,0.0
1786657440000,1786658640000,1,0.0198629861,0.0198610137,confirmed_pivot,-1.0992506257657433,0.0
1786658640000,1786660380000,-1,0.0198610137,0.019645964399999997,confirmed_pivot,9.833124023775405,0.0
1786660380000,1786661160000,1,0.019645964399999997,0.0196060392,opposite_break,-3.031218044963749,0.0
1786661160000,1786662180000,-1,0.0196060392,0.0195269525,confirmed_pivot,3.03580970857191,0.0
1786662180000,1786662900000,1,0.0195269525,0.019583041500000002,confirmed_pivot,1.870952623047668,0.0
1786662900000,1786663140000,-1,0.019583041500000002,0.019683968200000002,opposite_break,-6.15635752240019,0.0
1786663140000,1786663380000,1,0.019683968200000002,0.0196930305,confirmed_pivot,-0.5398403026277131,0.0
1786663380000,1786664220000,-1,0.0196930305,0.0196069605,confirmed_pivot,3.372767055837373,0.0
1786664220000,1786664400000,1,0.0196069605,0.0195060492,opposite_break,-6.1441346224979245,0.0
1786664400000,1786665780000,-1,0.0195060492,0.019581958,confirmed_pivot,-4.714172028234185,0.17932550277787673
1786665780000,1786667040000,1,0.019581958,0.0199610037,confirmed_pivot,18.34720609399736,0.0
1786667040000,1786667640000,-1,0.0199610037,0.0196059604,confirmed_pivot,16.795739482278634,0.0
1786667640000,1786669260000,1,0.0196059604,0.0196800318,confirmed_pivot,2.7761151603672696,0.0
1786669260000,1786670400000,-1,0.0196800318,0.019860985900000003,opposite_break,-10.199404700657134,0.0
1786670400000,1786670520000,1,0.019860985900000003,0.019768023,confirmed_pivot,-5.678338679551833,0.0
1786670520000,1786671300000,-1,0.019768023,0.0198799878,opposite_break,-6.666767101596321,0.0
1786671300000,1786673220000,1,0.0198799878,0.019946005200000002,confirmed_pivot,2.319136408122113,0.0
1786673220000,1786673340000,-1,0.019946005200000002,0.0200250023,opposite_break,-4.962527722092374,0.0
1786673340000,1786673520000,1,0.0200250023,0.0200239974,confirmed_pivot,-1.0501571752628713,0.0
1786673520000,1786673820000,-1,0.0200239974,0.019961996,confirmed_pivot,2.0979029541824104,0.0
1786673820000,1786673940000,1,0.019961996,0.0199030095,confirmed_pivot,-3.9534625069557268,0.0
1786673940000,1786674180000,-1,0.0199030095,0.019971997000000002,confirmed_pivot,-4.467917439822491,0.0
1786674180000,1786675260000,1,0.019971997000000002,0.0197870211,opposite_break,-10.257131975836067,0.0
1786675260000,1786675440000,-1,0.0197870211,0.0198179816,confirmed_pivot,-2.5654696123005474,0.0
1786675440000,1786676520000,1,0.0198179816,0.0197550243,confirmed_pivot,-4.175188201304993,0.0
1786676520000,1786680720000,-1,0.0197550243,0.0194709469,confirmed_pivot,13.532331918700754,0.1451342932339496
1786680720000,1786681200000,1,0.0194709469,0.0194230575,confirmed_pivot,-3.4583013628371995,0.0
1786681200000,1786682820000,-1,0.0194230575,0.019506950500000002,confirmed_pivot,-5.3214075075462,0.0
1786682820000,1786686000000,1,0.019506950500000002,0.019569042900000003,confirmed_pivot,2.181499527565909,0.0
1786686000000,1786686300000,-1,0.019569042900000003,0.0193689367,confirmed_pivot,9.23076366703681,0.0
1786686300000,1786687080000,1,0.0193689367,0.019244075399999998,opposite_break,-7.443248345687503,0.0
1786687080000,1786688700000,-1,0.019244075399999998,0.019071907,confirmed_pivot,7.951039767802964,0.0
1786688700000,1786689960000,1,0.019071907,0.0194300568,opposite_break,17.76952971194765,0.0
1786689960000,1786693800000,-1,0.0194300568,0.0195889587,opposite_break,-9.182238095670293,0.0
1786693800000,1786693980000,1,0.0195889587,0.01949805,confirmed_pivot,-5.638492889874723,0.0
1786693980000,1786694280000,-1,0.01949805,0.0195779576,opposite_break,-5.10028458230447,0.0
1786694280000,1786694760000,1,0.0195779576,0.019574042399999998,confirmed_pivot,-1.2498418118957841,-0.04996179989683909
1786694760000,1786696560000,-1,0.019574042399999998,0.0193889387,confirmed_pivot,8.461318621134586,0.0
1786696560000,1786696920000,1,0.0193889387,0.0193700628,confirmed_pivot,-1.973052849457906,0.0
1786696920000,1786698240000,-1,0.0193700628,0.0194649463,opposite_break,-5.900910375468696,0.0
1786698240000,1786698360000,1,0.0194649463,0.019410058799999998,confirmed_pivot,-3.8184026508207314,0.0
1786698360000,1786699380000,-1,0.019410058799999998,0.0193679366,confirmed_pivot,1.1712072866053251,0.0
1786699380000,1786699680000,1,0.0193679366,0.0192890709,confirmed_pivot,-5.069936244524872,0.0
1786699680000,1786700100000,-1,0.0192890709,0.0191739172,confirmed_pivot,4.972878499295615,0.0
1786700100000,1786700220000,1,0.0191739172,0.019135086300000003,opposite_break,-3.0241812950980225,0.0
1786700220000,1786701660000,-1,0.019135086300000003,0.019222922099999998,confirmed_pivot,-5.592595848391586,0.0
1786701660000,1786702020000,1,0.019222922099999998,0.0191760822,confirmed_pivot,-3.4354507502268894,0.0
1786702020000,1786702980000,-1,0.0191760822,0.0191039102,confirmed_pivot,2.7655286020832146,0.0
1786702980000,1786704180000,1,0.0191039102,0.019045095300000002,opposite_break,-4.077144518298612,0.0
1786704180000,1786704480000,-1,0.019045095300000002,0.0192659264,confirmed_pivot,-12.600966656753828,0.0
1786704480000,1786705140000,1,0.0192659264,0.01939806,confirmed_pivot,5.854979639079314,0.0
1786705140000,1786706640000,-1,0.01939806,0.019239923800000003,confirmed_pivot,7.156241814903082,0.0
1786706640000,1786708140000,1,0.019239923800000003,0.019221077700000002,confirmed_pivot,-1.9790411410049753,0.0
1786708140000,1786709100000,-1,0.019221077700000002,0.019222922099999998,confirmed_pivot,-0.8664201369934514,0.2295850001168249
1786709100000,1786709400000,1,0.019222922099999998,0.019158084,opposite_break,-4.371271059252691,0.0
1786709400000,1786711260000,-1,0.019158084,0.0191929191,confirmed_pivot,-2.8192068450060956,0.0
1786711260000,1786711920000,1,0.0191929191,0.0194970501,confirmed_pivot,14.838077205254262,0.0
1786711920000,1786712820000,-1,0.0194970501,0.0190749073,confirmed_pivot,20.662449921078096,0.0
1786712820000,1786714800000,1,0.0190749073,0.019034096400000002,opposite_break,-3.1384373673992587,0.0
1786714800000,1786716720000,-1,0.019034096400000002,0.019746974499999997,opposite_break,-38.47141571952922,0.0
1786716720000,1786718400000,1,0.019746974499999997,0.0198660132,opposite_break,5.025185308767391,0.0
1786718400000,1786719420000,-1,0.0198660132,0.0199179916,confirmed_pivot,-3.617756702185194,0.0
1786719420000,1786719600000,1,0.0199179916,0.0196810317,opposite_break,-12.890828393059468,0.0
1786719600000,1786719720000,-1,0.0196810317,0.0197949793,confirmed_pivot,-6.792611664763525,0.0
1786719720000,1786720380000,1,0.0197949793,0.019988001000000002,confirmed_pivot,8.746167764368437,0.0
1786720380000,1786720620000,-1,0.019988001000000002,0.020142014,opposite_break,-8.709125414792503,0.0
1786720620000,1786720740000,1,0.020142014,0.0199960002,confirmed_pivot,-8.245590887783152,0.0
1786720740000,1786721040000,-1,0.0199960002,0.020262026,opposite_break,-14.310602632420453,0.0
1786721040000,1786721460000,1,0.020262026,0.0203569641,confirmed_pivot,3.6831758556622427,0.0
1786721460000,1786722420000,-1,0.0203569641,0.0195659564,confirmed_pivot,37.87628823052248,0.0
1786722420000,1786724760000,1,0.0195659564,0.0196690329,opposite_break,4.027300510503045,-0.23822086978584905
1786724760000,1786725060000,-1,0.0196690329,0.01970197,confirmed_pivot,-2.6754036010585,0.0
1786725060000,1786725900000,1,0.01970197,0.0194960502,opposite_break,-11.44651068395694,0.0
1786725900000,1786726320000,-1,0.0194960502,0.0196059604,confirmed_pivot,-6.640381203983587,0.0
1786726320000,1786729200000,1,0.0196059604,0.01939806,opposite_break,-11.598636616648417,0.0
1786729200000,1786729680000,-1,0.01939806,0.0192369235,confirmed_pivot,7.310989256142234,0.0
1786729680000,1786730520000,1,0.0192369235,0.01919808,confirmed_pivot,-3.018206198615904,0.0
1786730520000,1786730700000,-1,0.01919808,0.0193289327,confirmed_pivot,-7.819334347497234,0.0
1786730700000,1786731360000,1,0.0193289327,0.019223077499999998,opposite_break,-6.473777266553426,0.0
1786731360000,1786733220000,-1,0.019223077499999998,0.0191329131,confirmed_pivot,3.692770041633481,0.0
1786733220000,1786735380000,1,0.0191329131,0.019153084499999997,confirmed_pivot,0.05375037217922585,0.0
1786735380000,1786736340000,-1,0.019153084499999997,0.0190539052,confirmed_pivot,4.180830776891232,0.0
1786736340000,1786737180000,1,0.0190539052,0.019139085899999998,confirmed_pivot,3.468276122734127,0.0
1786737180000,1786737420000,-1,0.019139085899999998,0.019171917,opposite_break,-2.7162531022446514,0.0
1786737420000,1786738980000,1,0.019171917,0.019493050499999998,confirmed_pivot,15.69192930732996,-0.04989850519382073
1786738980000,1786739220000,-1,0.019493050499999998,0.0195699568,opposite_break,-4.947291530897236,0.0
1786739220000,1786740300000,1,0.0195699568,0.0195160482,confirmed_pivot,-3.753283834535569,0.0
1786740300000,1786741200000,-1,0.0195160482,0.0195059504,confirmed_pivot,-0.48233121805874357,0.0
1786741200000,1786741620000,1,0.0195059504,0.0193810617,opposite_break,-7.399393676813565,0.0
1786741620000,1786742400000,-1,0.0193810617,0.019421942,confirmed_pivot,-3.1103456963867266,0.0
1786742400000,1786743720000,1,0.019421942,0.0193290669,opposite_break,-5.779576751387711,0.0
1786743720000,1786744620000,-1,0.0193290669,0.019261926,confirmed_pivot,2.475308497690691,0.0
1786744620000,1786746120000,1,0.019261926,0.0191300868,opposite_break,-7.841126915345713,0.0
1786746120000,1786749420000,-1,0.0191300868,0.0191049103,opposite_break,0.31672629159223087,0.0
1786749420000,1786749540000,1,0.0191049103,0.0189981,confirmed_pivot,-6.58792965649252,0.0
1786749540000,1786751220000,-1,0.0189981,0.0190409039,confirmed_pivot,-3.2541886793942085,0.0
1786751220000,1786752360000,1,0.0190409039,0.0190410957,confirmed_pivot,-1.2616602460768498,-0.27172826075762085
1786752360000,1786753740000,-1,0.0190410957,0.0191109109,opposite_break,-4.668386982583153,0.0
1786753740000,1786753860000,1,0.0191109109,0.019068093,confirmed_pivot,-3.239374735926307,0.0
1786753860000,1786754100000,-1,0.019068093,0.019200919900000002,opposite_break,-7.969407661794008,0.0
1786754100000,1786754280000,1,0.019200919900000002,0.0191520846,confirmed_pivot,-3.542111659452372,0.0
1786754280000,1786755300000,-1,0.0191520846,0.019148914700000002,confirmed_pivot,-0.834405234926807,0.0
1786755300000,1786758060000,1,0.019148914700000002,0.0190170981,opposite_break,-7.880321614258428,0.0
1786758060000,1786758120000,-1,0.0190170981,0.0190999098,confirmed_pivot,-5.356769125043192,0.0
1786758120000,1786759620000,1,0.0190999098,0.0190120986,opposite_break,-5.595168004405934,0.0
1786759620000,1786761600000,-1,0.0190120986,0.019065906400000002,opposite_break,-3.8316023934361043,0.0
1786761600000,1786761960000,1,0.019065906400000002,0.019097090100000002,confirmed_pivot,0.6347561713614378,0.0
1786761960000,1786766280000,-1,0.019097090100000002,0.0191739172,opposite_break,-5.024985646897031,0.0
1786766280000,1786769580000,1,0.0191739172,0.019118088000000002,confirmed_pivot,-4.2164055038633155,-0.3061350141169901
1786769580000,1786770360000,-1,0.019118088000000002,0.0191429141,confirmed_pivot,-2.2992153320978796,0.0
1786770360000,1786771680000,1,0.0191429141,0.0191970801,confirmed_pivot,1.8281439658135081,0.0
1786771680000,1786772220000,-1,0.0191970801,0.0192769275,opposite_break,-5.161430971994504,0.0
1786772220000,1786773480000,1,0.0192769275,0.019302069600000003,confirmed_pivot,0.3036065498510401,0.0
1786773480000,1786775220000,-1,0.019302069600000003,0.0194049403,opposite_break,-6.332181340284716,0.0
1786775220000,1786775340000,1,0.0194049403,0.0193800618,confirmed_pivot,-2.2814293868246915,0.0
1786775340000,1786776780000,-1,0.0193800618,0.019441944,confirmed_pivot,-4.194682335842624,0.0
1786776780000,1786781280000,1,0.019441944,0.0200329965,confirmed_pivot,28.585260069672117,-0.8004345784557347
1786781280000,1786782300000,-1,0.0200329965,0.019839983800000002,confirmed_pivot,8.639556735808258,0.0
1786782300000,1786784220000,1,0.019839983800000002,0.020157984,confirmed_pivot,15.020234850191663,0.0
1786784220000,1786785480000,-1,0.020157984,0.0201600158,confirmed_pivot,-1.1008442064444457,0.0
1786785480000,1786787760000,1,0.0201600158,0.0199520046,opposite_break,-11.312848782588762,0.0
1786787760000,1786787880000,-1,0.0199520046,0.020051004900000002,confirmed_pivot,-5.964403433928759,0.0
1786787880000,1786790040000,1,0.020051004900000002,0.0202669731,confirmed_pivot,9.765555989664941,0.0
1786790040000,1786790220000,-1,0.0202669731,0.020382037999999998,opposite_break,-6.680297293629884,0.0
1786790220000,1786790880000,1,0.020382037999999998,0.0207799218,confirmed_pivot,18.511535504938315,0.0
1786790880000,1786792140000,-1,0.0207799218,0.0212101208,opposite_break,-21.71297975240692,0.0
1786792140000,1786793700000,1,0.0212101208,0.02229777,confirmed_pivot,50.254086935704876,0.0
1786793700000,1786795800000,-1,0.02229777,0.0204040402,confirmed_pivot,84.6443155503757,0.6727392492477947
1786795800000,1786796460000,1,0.0204040402,0.020127987,opposite_break,-14.522575465225804,0.0
1786796460000,1786797480000,-1,0.020127987,0.020287028500000002,confirmed_pivot,-8.905461224214914,0.0
1786797480000,1786797960000,1,0.020287028500000002,0.0203109687,confirmed_pivot,0.1794842157391,0.0
1786797960000,1786799280000,-1,0.0203109687,0.0203690367,opposite_break,-3.860377309330299,0.0
1786799280000,1786800240000,1,0.0203690367,0.020017998,opposite_break,-18.225320265145402,0.0
1786800240000,1786800840000,-1,0.020017998,0.0198159814,confirmed_pivot,9.096794309800629,0.0
1786800840000,1786801560000,1,0.0198159814,0.0204329565,confirmed_pivot,30.11966043983066,0.0
1786801560000,1786801860000,-1,0.0204329565,0.0205950593,opposite_break,-8.937365862840313,0.0
1786801860000,1786802100000,1,0.0205950593,0.020607939,confirmed_pivot,-0.37493454316010155,0.0
1786802100000,1786802580000,-1,0.020607939,0.0207640762,opposite_break,-8.580344089721919,0.0
1786802580000,1786802760000,1,0.0207640762,0.020473952400000002,confirmed_pivot,-14.965405217497544,0.0
1786802760000,1786804560000,-1,0.020473952400000002,0.020174017199999998,confirmed_pivot,13.656924160867142,0.0
1786804560000,1786805400000,1,0.020174017199999998,0.0207569241,confirmed_pivot,27.87949587700375,0.0
1786805400000,1786806000000,-1,0.0207569241,0.0210010999,opposite_break,-12.769464816802962,0.0
1786806000000,1786806060000,1,0.0210010999,0.020709928800000003,confirmed_pivot,-14.857632020977988,0.0
1786806060000,1786807260000,-1,0.020709928800000003,0.021831182900000003,opposite_break,-55.167966383834205,0.0
1786807260000,1786807560000,1,0.021831182900000003,0.0216508347,confirmed_pivot,-9.256906037831003,0.0
1786807560000,1786812240000,-1,0.0216508347,0.0203900388,opposite_break,57.61139154112151,0.34914366806375374
1786812240000,1786812480000,1,0.0203900388,0.020387961,confirmed_pivot,-1.1018517483154522,0.0
1786812480000,1786813320000,-1,0.020387961,0.0204510449,opposite_break,-4.095721143963347,0.0
1786813320000,1786813920000,1,0.0204510449,0.0204309567,confirmed_pivot,-1.9817667507052728,0.0
1786813920000,1786814220000,-1,0.0204309567,0.020409040700000002,confirmed_pivot,0.07322228332052727,0.0
1786814220000,1786816440000,1,0.020409040700000002,0.0203059692,opposite_break,-6.047761223289781,0.0
1786816440000,1786816560000,-1,0.0203059692,0.0203230321,confirmed_pivot,-1.840710004130207,0.0
1786816560000,1786816740000,1,0.0203230321,0.0201959802,opposite_break,-7.24849547179516,0.0
1786816740000,1786817520000,-1,0.0201959802,0.0200990097,confirmed_pivot,3.8038760332118713,0.0
1786817520000,1786819200000,1,0.0200990097,0.0200559942,opposite_break,-3.1391099806275604,0.0
1786819200000,1786819680000,-1,0.0200559942,0.0200570055,confirmed_pivot,-1.05044903981869,0.0
1786819680000,1786820340000,1,0.0200570055,0.0200609937,confirmed_pivot,-0.801256179542725,0.0
1786820340000,1786820760000,-1,0.0200609937,0.0200550053,confirmed_pivot,-0.7013411055505037,0.0
1786820760000,1786821060000,1,0.0200550053,0.0200019996,opposite_break,-3.6416944975826424,0.0
1786821060000,1786821180000,-1,0.0200019996,0.020027002500000002,confirmed_pivot,-2.2506450330096635,0.0
1786821180000,1786823100000,1,0.020027002500000002,0.0200049993,confirmed_pivot,-2.098127310864533,0.0
1786823100000,1786824240000,-1,0.0200049993,0.019975997399999997,confirmed_pivot,0.6520280668043977,0.2015705829092431
1786824240000,1786824360000,1,0.019975997399999997,0.0199220076,opposite_break,-3.701382264897453,0.0
1786824360000,1786827480000,-1,0.0199220076,0.0197649763,confirmed_pivot,6.886244137864851,0.0
1786827480000,1786829640000,1,0.0197649763,0.019740025799999998,confirmed_pivot,-2.2617280370835804,0.0
1786829640000,1786829820000,-1,0.019740025799999998,0.0197479746,confirmed_pivot,-1.4028755828678274,0.0
1786829820000,1786831800000,1,0.0197479746,0.0196000398,opposite_break,-8.487392281738053,0.0
1786831800000,1786832040000,-1,0.0196000398,0.019681968,confirmed_pivot,-5.182091716977082,0.0
1786832040000,1786832220000,1,0.019681968,0.0195500448,opposite_break,-7.6993929875306035,0.0
1786832220000,1786833300000,-1,0.0195500448,0.0195579556,confirmed_pivot,-1.4048458958007162,0.0
1786833300000,1786833780000,1,0.0195579556,0.0194340564,opposite_break,-7.331809568071595,0.0
1786833780000,1786835100000,-1,0.0194340564,0.0193179316,confirmed_pivot,4.978312505051647,0.0
1786835100000,1786839960000,1,0.0193179316,0.0190500948,opposite_break,-14.912674877635487,-0.05493445577786391
1786839960000,1786840620000,-1,0.0190500948,0.0190549053,confirmed_pivot,-1.2526446876264712,0.0
1786840620000,1786841220000,1,0.0190549053,0.0201339864,confirmed_pivot,55.60178009123983,0.0
1786841220000,1786841400000,-1,0.0201339864,0.02010201,opposite_break,0.5889743622753913,0.0
1786841400000,1786841520000,1,0.02010201,0.0200089989,confirmed_pivot,-5.624641737318723,0.0
1786841520000,1786842180000,-1,0.0200089989,0.019837983599999998,confirmed_pivot,7.5511928160485855,0.0
1786842180000,1786843200000,1,0.019837983599999998,0.020286971100000002,confirmed_pivot,21.621402220032312,0.0
1786843200000,1786843560000,-1,0.020286971100000002,0.020121011900000003,confirmed_pivot,7.184670781139891,0.0
1786843560000,1786845180000,1,0.020121011900000003,0.0201889809,opposite_break,2.3763220178801037,0.0
1786845180000,1786850460000,-1,0.0201889809,0.020277027500000003,confirmed_pivot,-5.363302126854874,0.0
1786850460000,1786850820000,1,0.020277027500000003,0.0201669831,opposite_break,-6.424334400098928,0.0
1786850820000,1786851480000,-1,0.0201669831,0.0202170215,confirmed_pivot,-3.4824446448810007,0.0
1786851480000,1786851660000,1,0.0202170215,0.020147985,confirmed_pivot,-4.413063677555134,0.0
1786851660000,1786853400000,-1,0.020147985,0.0201070105,confirmed_pivot,1.2067213139675714,0.17202716217031133
1786853400000,1786854180000,1,0.0201070105,0.0201759822,confirmed_pivot,2.4285163450827234,0.0
1786854180000,1786856160000,-1,0.0201759822,0.0203700368,opposite_break,-10.62290833603135,0.0
1786856160000,1786858560000,1,0.0203700368,0.020373962399999997,confirmed_pivot,-0.8073819287358391,0.0
1786858560000,1786861320000,-1,0.020373962399999997,0.020129012699999997,confirmed_pivot,11.028694764352773,0.0
1786861320000,1786861440000,1,0.020129012699999997,0.0200459952,opposite_break,-5.122208698790153,0.0
1786861440000,1786862100000,-1,0.0200459952,0.0198479846,confirmed_pivot,8.882752306555453,0.0
1786862100000,1786867440000,1,0.0198479846,0.0203329665,confirmed_pivot,23.233651713433943,-0.1889493122641782
1786867440000,1786867560000,-1,0.0203329665,0.0204460444,opposite_break,-6.564089182461288,0.0
1786867560000,1786867740000,1,0.0204460444,0.0203759622,confirmed_pivot,-4.4259516182992495,0.0
1786867740000,1786868880000,-1,0.0203759622,0.020333033099999998,confirmed_pivot,1.1079036233195367,0.0
1786868880000,1786870500000,1,0.020333033099999998,0.0202539744,opposite_break,-4.8862461031452735,0.0
1786870500000,1786870620000,-1,0.0202539744,0.0204000398,confirmed_pivot,-8.215296603712464,0.0
1786870620000,1786875360000,1,0.0204000398,0.0201939804,opposite_break,-11.095880808036458,0.0
1786875360000,1786875540000,-1,0.0201939804,0.020329032700000003,confirmed_pivot,-7.69109425054231,0.0
1786875540000,1786877100000,1,0.020329032700000003,0.0204099588,confirmed_pivot,2.9788236923833757,0.0
1786877100000,1786877460000,-1,0.0204099588,0.0203340332,confirmed_pivot,2.7218871211047517,0.0
1786877460000,1786878480000,1,0.0203340332,0.0204539544,confirmed_pivot,4.8946121618409535,0.0
1786878480000,1786878600000,-1,0.0204539544,0.020599059700000002,opposite_break,-8.097789005044596,0.0
1786878600000,1786878780000,1,0.020599059700000002,0.0205699428,confirmed_pivot,-2.4127995148244934,0.0
1786878780000,1786879200000,-1,0.0205699428,0.020576057399999997,opposite_break,-1.2974075990136267,0.0
1786879200000,1786879260000,1,0.020576057399999997,0.0205559442,confirmed_pivot,-1.9770162966204543,0.0
1786879260000,1786879380000,-1,0.0205559442,0.0206640662,opposite_break,-6.262519685181972,0.0
1786879380000,1786880160000,1,0.0206640662,0.0210648933,confirmed_pivot,18.38760177074913,0.0
1786880160000,1786880700000,-1,0.0210648933,0.021114111199999997,opposite_break,-3.3376576490894854,0.0
1786880700000,1786880880000,1,0.021114111199999997,0.0210788919,confirmed_pivot,-2.6672115637051586,0.0
1786880880000,1786881300000,-1,0.0210788919,0.0209100908,confirmed_pivot,7.012067301792131,0.0
1786881300000,1786882560000,1,0.0209100908,0.0211638834,confirmed_pivot,10.410233645307763,-0.7210242304351925
1786882560000,1786883100000,-1,0.0211638834,0.020782078,confirmed_pivot,17.04944279271548,0.0
1786883100000,1786885320000,1,0.020782078,0.0211148883,confirmed_pivot,15.006286515236827,0.0
1786885320000,1786886340000,-1,0.0211148883,0.021086108399999998,confirmed_pivot,0.3636960584821667,0.0
1786886340000,1786887360000,1,0.021086108399999998,0.020717928,opposite_break,-18.452073318564448,0.0
1786887360000,1786887420000,-1,0.020717928,0.0209380936,confirmed_pivot,-11.63212898509923,0.0
1786887420000,1786889040000,1,0.0209380936,0.0215568441,confirmed_pivot,28.536649160361044,0.0
1786889040000,1786890120000,-1,0.0215568441,0.0220092007,opposite_break,-21.99485324477522,0.0
1786890120000,1786890300000,1,0.0220092007,0.021817818,confirmed_pivot,-9.691229238960927,0.0
1786890300000,1786891140000,-1,0.021817818,0.0220212019,opposite_break,-10.326578485071218,0.0
1786891140000,1786891380000,1,0.0220212019,0.0219848013,confirmed_pivot,-2.6521532232988614,0.0
1786891380000,1786891680000,-1,0.0219848013,0.0219541952,confirmed_pivot,0.39284420323600244,0.0
1786891680000,1786892460000,1,0.0219541952,0.0217638234,opposite_break,-9.66698197618278,0.0
1786892460000,1786893900000,-1,0.0217638234,0.0212191217,confirmed_pivot,24.040363581060877,0.0
1786893900000,1786894020000,1,0.0212191217,0.020875912200000003,opposite_break,-17.16645118963604,0.0
1786894020000,1786894140000,-1,0.020875912200000003,0.021086108399999998,confirmed_pivot,-11.07387347126297,0.0
1786894140000,1786897860000,1,0.021086108399999998,0.021712828500000003,opposite_break,28.354343152765242,-0.3527383089807127
1786897860000,1786898160000,-1,0.021712828500000003,0.0217631761,confirmed_pivot,-3.3199544822083773,0.0
1786898160000,1786901940000,1,0.0217631761,0.021477852,opposite_break,-14.103851967176855,0.0
1786901940000,1786904220000,-1,0.021477852,0.0213571355,confirmed_pivot,4.6233210960760704,0.0
1786904220000,1786905480000,1,0.0213571355,0.0212168781,opposite_break,-7.563954763502797,0.0
1786905480000,1786907640000,-1,0.0212168781,0.0210911089,confirmed_pivot,4.930753997215099,0.0
1786907640000,1786907820000,1,0.0210911089,0.0209309067,opposite_break,-8.59192414487023,0.0
1786907820000,1786910280000,-1,0.0209309067,0.0212681266,opposite_break,-17.11915407133308,0.0
1786910280000,1786913160000,1,0.0212681266,0.021015898199999997,opposite_break,-13.167143885160154,-0.31361815901547246
1786913160000,1786916640000,-1,0.021015898199999997,0.020927092499999998,confirmed_pivot,3.2277566252200334,0.0
1786916640000,1786916760000,1,0.020927092499999998,0.0208539144,opposite_break,-4.495063203356988,0.0
1786916760000,1786918080000,-1,0.0208539144,0.0209980996,opposite_break,-7.917516291329974,0.0
1786918080000,1786918860000,1,0.0209980996,0.021000899700000002,confirmed_pivot,-0.8667165122884715,0.0
1786918860000,1786919220000,-1,0.021000899700000002,0.0209770975,confirmed_pivot,0.1339562323609651,0.0
1786919220000,1786919520000,1,0.0209770975,0.0207369261,opposite_break,-12.443495188025857,0.0
1786919520000,1786920540000,-1,0.0207369261,0.020882088,confirmed_pivot,-8.003664875383793,0.0
1786920540000,1786922460000,1,0.020882088,0.0206739324,opposite_break,-10.96315704636429,0.0
1786922460000,1786922700000,-1,0.0206739324,0.0206740672,confirmed_pivot,-1.0065235484662383,0.0
1786922700000,1786923840000,1,0.0206740672,0.020587941000000002,opposite_break,-5.163822051424796,0.0
1786923840000,1786924200000,-1,0.020587941000000002,0.020617061500000002,confirmed_pivot,-2.4151517264402624,0.0
1786924200000,1786925220000,1,0.020617061500000002,0.020566943100000002,opposite_break,-3.6468478061240766,-0.21714458192793382
1786925220000,1786925280000,-1,0.020566943100000002,0.0206410639,confirmed_pivot,-4.605682188132141,0.0
1786925280000,1786926660000,1,0.0206410639,0.020886911100000002,confirmed_pivot,10.904632318879798,0.0
1786926660000,1786926960000,-1,0.020886911100000002,0.0213141312,opposite_break,-21.46418965463959,0.0
1786926960000,1786928640000,1,0.0213141312,0.0212618736,opposite_break,-3.4505559579176093,0.0
1786928640000,1786928820000,-1,0.0212618736,0.0214741472,confirmed_pivot,-10.988759259673145,0.0
1786928820000,1786929780000,1,0.0214741472,0.0211028895,opposite_break,-18.279944469692477,0.0
1786929780000,1786930140000,-1,0.0211028895,0.0211491147,confirmed_pivot,-3.1915630369006873,0.0
1786930140000,1786932060000,1,0.0211491147,0.021015898199999997,opposite_break,-7.295766685212677,0.0
1786932060000,1786933020000,-1,0.021015898199999997,0.020942094,confirmed_pivot,2.513582974055135,0.0
1786933020000,1786933380000,1,0.020942094,0.021002899499999998,confirmed_pivot,1.9020544578778438,0.0
1786933380000,1786933560000,-1,0.021002899499999998,0.0210741072,confirmed_pivot,-4.392069930630417,0.0
1786933560000,1786933920000,1,0.0210741072,0.0211838814,confirmed_pivot,4.20635640023693,0.0
1786933920000,1786937280000,-1,0.0211838814,0.020566056399999998,confirmed_pivot,28.17944548632162,0.0
1786937280000,1786939320000,1,0.020566056399999998,0.0204019596,opposite_break,-9.31238113681334,-0.3373591680901935
1786939320000,1786940160000,-1,0.0204019596,0.0205810579,confirmed_pivot,-9.782874423004108,0.0
1786940160000,1786941360000,1,0.0205810579,0.0205109487,confirmed_pivot,-4.4047883126552705,0.0
1786941360000,1786942680000,-1,0.0205109487,0.0206240622,opposite_break,-6.517543747257348,0.0
1786942680000,1786942860000,1,0.0206240622,0.0205129485,confirmed_pivot,-6.384882089329709,0.0
1786942860000,1786943760000,-1,0.0205129485,0.020480047799999998,confirmed_pivot,0.6047010672308426,0.0
1786943760000,1786944120000,1,0.020480047799999998,0.0203989599,opposite_break,-4.957381195662965,0.0
1786944120000,1786945980000,-1,0.0203989599,0.0204470445,confirmed_pivot,-3.3583870224678165,0.0
1786945980000,1786947540000,1,0.0204470445,0.0204459552,confirmed_pivot,-1.0532475659257157,0.0
1786947540000,1786949400000,-1,0.0204459552,0.0204080406,confirmed_pivot,0.8553086382582444,0.0
1786949400000,1786949700000,1,0.0204080406,0.0202799718,opposite_break,-7.272271214513304,0.0
1786949700000,1786950000000,-1,0.0202799718,0.0202170215,confirmed_pivot,2.1056145329551024,0.0
1786950000000,1786950840000,1,0.0202170215,0.0200699928,opposite_break,-8.268884076222744,0.0
1786950840000,1786951860000,-1,0.0200699928,0.0203690367,opposite_break,-15.907500213453016,0.0
1786951860000,1786952700000,1,0.0203690367,0.0208539144,confirmed_pivot,22.792743284222205,0.0
1786952700000,1786953840000,-1,0.0208539144,0.021072107,opposite_break,-11.206335984576597,0.2618040543985353
1786953840000,1786954260000,1,0.021072107,0.0211208877,confirmed_pivot,1.3137842670408175,0.0
1786954260000,1786954620000,-1,0.0211208877,0.0211541152,confirmed_pivot,-2.5739922593310314,0.0
1786954620000,1786954860000,1,0.0211541152,0.0211488849,confirmed_pivot,-1.2471237771267771,0.0
1786954860000,1786957740000,-1,0.0211488849,0.020597059499999997,confirmed_pivot,25.105457347304593,0.0
1786957740000,1786959720000,1,0.020597059499999997,0.0208739124,confirmed_pivot,12.434659134232374,0.0
1786959720000,1786964280000,-1,0.0208739124,0.020703070100000002,confirmed_pivot,7.188580936556867,0.0
1786964280000,1786965360000,1,0.020703070100000002,0.0208319166,confirmed_pivot,5.220433787257386,0.0
1786965360000,1786965900000,-1,0.0208319166,0.0207900788,confirmed_pivot,1.0093551497801072,0.0
1786965900000,1786966740000,1,0.0207900788,0.0208689129,confirmed_pivot,2.790013674695701,0.0
1786966740000,1786968300000,-1,0.0208689129,0.0207090707,confirmed_pivot,7.302841187899296,0.639666691636822
1786968300000,1786971000000,1,0.0207090707,0.0207159282,confirmed_pivot,-0.669030477065192,0.0
1786971000000,1786971660000,-1,0.0207159282,0.0206560654,confirmed_pivot,1.8911439942141266,0.0
1786971660000,1786974960000,1,0.0206560654,0.0206259372,opposite_break,-2.4578350386129197,0.0
1786974960000,1786979340000,-1,0.0206259372,0.0201060104,confirmed_pivot,24.22003040909097,0.0
1786979340000,1786979940000,1,0.0201060104,0.020111988600000002,opposite_break,-0.7028146916703623,0.0
1786979940000,1786980240000,-1,0.020111988600000002,0.0200750073,confirmed_pivot,0.8396883264941009,0.0
1786980240000,1786982820000,1,0.0200750073,0.0202629735,confirmed_pivot,8.117690689447493,-0.24082231592513548
1786982820000,1786984380000,-1,0.0202629735,0.020441043899999997,opposite_break,-9.792363825575615,0.0
1786984380000,1786985520000,1,0.020441043899999997,0.0202769721,opposite_break,-9.02257286380558,0.0
1786985520000,1786986120000,-1,0.0202769721,0.020208020599999998,confirmed_pivot,2.40218329491122,0.0
1786986120000,1786986900000,1,0.020208020599999998,0.0202089789,confirmed_pivot,-0.9526019460806159,0.0
1786986900000,1786990260000,-1,0.0202089789,0.0198499848,confirmed_pivot,16.772971055454917,0.0
1786990260000,1786993380000,1,0.0198499848,0.019863013500000002,opposite_break,-0.34396999387119587,0.0
1786993380000,1786997160000,-1,0.019863013500000002,0.0199359934,opposite_break,-4.625979308225257,0.05001829153466567
1786997160000,1786997580000,1,0.0199359934,0.0200909907,confirmed_pivot,6.770859381905571,0.0
1786997580000,1787002320000,-1,0.0200909907,0.0203670365,opposite_break,-14.746650278425685,0.0
1787002320000,1787004000000,1,0.0203670365,0.0202899708,confirmed_pivot,-4.7819526247718995,0.0
1787004000000,1787004900000,-1,0.0202899708,0.0203650363,confirmed_pivot,-4.701485501891352,0.0
1787004900000,1787005860000,1,0.0203650363,0.0202789719,opposite_break,-5.223973212362931,0.0
1787005860000,1787007420000,-1,0.0202789719,0.0203190317,confirmed_pivot,-2.976423168671525,0.0
1787007420000,1787008260000,1,0.0203190317,0.0203139684,confirmed_pivot,-1.249065429136573,0.0
1787008260000,1787008680000,-1,0.0203139684,0.020306030399999998,confirmed_pivot,-0.6090390196726666,0.0
1787008680000,1787009640000,1,0.020306030399999998,0.020359963800000002,confirmed_pivot,1.6547007090073307,0.0
1787009640000,1787011440000,-1,0.020359963800000002,0.020372037,confirmed_pivot,-1.1727437198880022,0.4205400756360873
1787011440000,1787011680000,1,0.020372037,0.0199760022,opposite_break,-20.430397784963784,0.0
1787011680000,1787012400000,-1,0.0199760022,0.0200630061,confirmed_pivot,-5.357598736648132,0.0
1787012400000,1787012520000,1,0.0200630061,0.019967003100000002,opposite_break,-5.782683014784972,0.0
1787012520000,1787013540000,-1,0.019967003100000002,0.019686968500000002,confirmed_pivot,13.031881294193793,0.0
1787013540000,1787014080000,1,0.019686968500000002,0.0195630435,opposite_break,-7.291625726937283,0.0
1787014080000,1787014560000,-1,0.0195630435,0.0193629361,confirmed_pivot,9.23396250690747,0.0
1787014560000,1787016360000,1,0.0193629361,0.0194740524,confirmed_pivot,4.735738695641407,0.0
1787016360000,1787019240000,-1,0.0194740524,0.0193949393,confirmed_pivot,3.064519028920763,0.0
1787019240000,1787019780000,1,0.0193949393,0.0195270471,confirmed_pivot,5.808051526100916,0.0
1787019780000,1787020080000,-1,0.0195270471,0.0197309729,opposite_break,-11.448469850825571,0.0
1787020080000,1787020200000,1,0.0197309729,0.0195940404,confirmed_pivot,-7.936507107057175,0.0
1787020200000,1787023140000,-1,0.0195940404,0.0197589757,opposite_break,-9.421834613038872,0.0
1787023140000,1787023260000,1,0.0197589757,0.0196460352,confirmed_pivot,-6.713050689667181,0.0
1787023260000,1787027820000,-1,0.0196460352,0.0197729771,confirmed_pivot,-7.129602994389427,0.3350790474100342
1787027820000,1787029020000,1,0.0197729771,0.0196790319,opposite_break,-5.748815867490044,0.0
1787029020000,1787029080000,-1,0.0196790319,0.0197009699,confirmed_pivot,-2.1153480065246058,0.0
1787029080000,1787029500000,1,0.0197009699,0.0195920406,opposite_break,-6.52636930580769,0.0
1787029500000,1787030340000,-1,0.0195920406,0.0195429541,confirmed_pivot,1.5066834156111337,0.0
1787030340000,1787031360000,1,0.0195429541,0.0196110387,confirmed_pivot,2.482101904952055,0.0
1787031360000,1787032560000,-1,0.0196110387,0.0195609559,confirmed_pivot,1.5550834999882066,0.0
1787032560000,1787034780000,1,0.0195609559,0.019491050700000002,opposite_break,-4.571923977396104,0.0
1787034780000,1787034960000,-1,0.019491050700000002,0.0195929591,confirmed_pivot,-6.2310855771361595,0.0
1787034960000,1787036220000,1,0.0195929591,0.0196840314,confirmed_pivot,3.645891587146636,0.0
1787036220000,1787036760000,-1,0.0196840314,0.019632963099999998,confirmed_pivot,1.5956996873110998,0.0
1787036760000,1787037180000,1,0.019632963099999998,0.0195860412,opposite_break,-3.38876010773924,0.0
1787037180000,1787037360000,-1,0.0195860412,0.019604960299999998,confirmed_pivot,-1.9664311106420551,0.0
1787037360000,1787037480000,1,0.019604960299999998,0.0195370461,opposite_break,-4.462401446433839,0.0
1787037480000,1787037840000,-1,0.0195370461,0.0195739572,confirmed_pivot,-2.8902322982182267,0.0
1787037840000,1787038140000,1,0.0195739572,0.019489050900000002,opposite_break,-5.335548810232212,0.0
1787038140000,1787038560000,-1,0.019489050900000002,0.0196269625,opposite_break,-8.079901248551748,0.0
1787038560000,1787038680000,1,0.0196269625,0.01959804,confirmed_pivot,-2.472873795423026,0.0
1787038680000,1787039700000,-1,0.01959804,0.019911991,opposite_break,-17.02751986933386,0.0
1787039700000,1787039820000,1,0.019911991,0.0197860212,confirmed_pivot,-7.32316552875101,0.0
1787039820000,1787041140000,-1,0.0197860212,0.0200390037,opposite_break,-13.585586898592757,0.2067268612852795
1787041140000,1787042460000,1,0.0200390037,0.0199490049,confirmed_pivot,-5.488935774785933,0.0
1787042460000,1787042640000,-1,0.0199490049,0.0199639962,confirmed_pivot,-1.751856833219759,0.0
1787042640000,1787044020000,1,0.0199639962,0.0198150183,opposite_break,-8.45859744503456,0.0
1787044020000,1787044200000,-1,0.0198150183,0.0198329831,confirmed_pivot,-1.9070787686327324,0.0
1787044200000,1787046540000,1,0.0198329831,0.019673032500000003,opposite_break,-9.060846111445363,0.0
1787046540000,1787046840000,-1,0.019673032500000003,0.0196379636,confirmed_pivot,0.7834787011104813,0.0
1787046840000,1787048400000,1,0.0196379636,0.0196510347,confirmed_pivot,-0.334729164586024,0.0
1787048400000,1787050440000,-1,0.0196510347,0.0196589657,confirmed_pivot,-1.4037937758055667,0.0
1787050440000,1787053620000,1,0.0196589657,0.0195220476,opposite_break,-7.961182141438962,0.0
1787053620000,1787053800000,-1,0.0195220476,0.019531952999999998,confirmed_pivot,-1.5076492437196714,0.0
1787053800000,1787055240000,1,0.019531952999999998,0.019670032799999997,confirmed_pivot,5.941575634551217,-0.12432095551325564
1787055240000,1787055420000,-1,0.019670032799999997,0.0197069705,opposite_break,-2.878805654559111,0.0
1787055420000,1787056860000,1,0.0197069705,0.0197110287,confirmed_pivot,-0.7941758272789605,0.0
1787056860000,1787058780000,-1,0.0197110287,0.0197979796,opposite_break,-5.413487331079805,0.0
1787058780000,1787059260000,1,0.0197979796,0.019790020800000002,confirmed_pivot,-1.4017996159567292,0.0
1787059260000,1787063400000,-1,0.019790020800000002,0.0198049803,opposite_break,-1.7562892379576556,0.0
1787063400000,1787066100000,1,0.0198049803,0.0202459752,confirmed_pivot,21.255735470234132,0.0
1787066100000,1787066460000,-1,0.0202459752,0.0202890287,opposite_break,-3.127584684090741,0.0
1787066460000,1787066700000,1,0.0202890287,0.020257974,confirmed_pivot,-2.5298501031741383,0.0
1787066700000,1787067420000,-1,0.020257974,0.0200890087,confirmed_pivot,7.344851397775543,0.0
1787067420000,1787070240000,1,0.0200890087,0.0200869911,opposite_break,-1.727541133182,-0.6271583203655041
1787070240000,1787071740000,-1,0.0200869911,0.020292029,opposite_break,-11.212600679152976,0.0
1787071740000,1787071920000,1,0.020292029,0.0202329765,confirmed_pivot,-3.908677774410836,0.0
1787071920000,1787074320000,-1,0.0202329765,0.020292029,confirmed_pivot,-3.9200857446752906,0.0
1787074320000,1787078040000,1,0.020292029,0.0200439954,opposite_break,-13.217091903426674,0.0
1787078040000,1787078520000,-1,0.0200439954,0.020186018400000002,opposite_break,-8.089106171916281,0.0
1787078520000,1787078700000,1,0.020186018400000002,0.0201769821,confirmed_pivot,-1.447427604148077,0.0
1787078700000,1787079300000,-1,0.0201769821,0.020100009800000002,confirmed_pivot,2.816764358927523,0.0
1787079300000,1787079600000,1,0.020100009800000002,0.020087991,opposite_break,-1.5976509822399587,0.0
1787079600000,1787080380000,-1,0.020087991,0.0200410039,confirmed_pivot,1.340233702314964,0.0
1787080380000,1787080500000,1,0.0200410039,0.0200259972,opposite_break,-1.7484254144574252,0.0
1787080500000,1787080620000,-1,0.0200259972,0.020051004900000002,confirmed_pivot,-2.24938616539919,0.0
1787080620000,1787081400000,1,0.020051004900000002,0.020049994800000002,confirmed_pivot,-1.0503513392488644,0.0
1787081400000,1787082420000,-1,0.020049994800000002,0.0200200018,confirmed_pivot,0.4966585677120705,0.0
1787082420000,1787084520000,1,0.0200200018,0.0199520046,opposite_break,-4.444672587392046,-0.0499075879203967
1787084520000,1787085060000,-1,0.0199520046,0.019931993,confirmed_pivot,0.003488431433170569,0.0
1787085060000,1787085360000,1,0.019931993,0.019888011,opposite_break,-3.20549992165851,0.0
1787085360000,1787085600000,-1,0.019888011,0.019894989300000002,confirmed_pivot,-1.3510551733907312,0.0
1787085600000,1787085720000,1,0.019894989300000002,0.0198350163,opposite_break,-4.012970381441791,0.0
1787085720000,1787085960000,-1,0.0198350163,0.0198449843,confirmed_pivot,-1.5027968643514091,0.0
1787085960000,1787087340000,1,0.0198449843,0.0197860212,opposite_break,-3.9696984164406732,0.0
1787087340000,1787087460000,-1,0.0197860212,0.0198109809,confirmed_pivot,-2.262112255798069,0.0
1787087460000,1787088360000,1,0.0198109809,0.0197830215,opposite_break,-2.4106025562822793,0.0
1787088360000,1787089140000,-1,0.0197830215,0.0197689767,confirmed_pivot,-0.289702920254041,0.0
1787089140000,1787089380000,1,0.0197689767,0.019694030400000003,opposite_break,-4.789211145663216,0.0
1787089380000,1787091000000,-1,0.019694030400000003,0.0195339532,confirmed_pivot,7.1322733512183545,0.0
1787091000000,1787093340000,1,0.0195339532,0.019431056699999998,opposite_break,-6.264937961968772,0.0
1787093340000,1787093580000,-1,0.019431056699999998,0.0194229421,confirmed_pivot,-0.5821813797703734,0.0
1787093580000,1787093880000,1,0.0194229421,0.0194090589,opposite_break,-1.7144261836623844,0.0
1787093880000,1787094600000,-1,0.0194090589,0.0195209519,opposite_break,-6.767870924437162,0.0
1787094600000,1787095080000,1,0.0195209519,0.0194720526,confirmed_pivot,-3.5037124521575516,0.0
1787095080000,1787097060000,-1,0.0194720526,0.0195859584,opposite_break,-6.852631730257228,0.0
1787097060000,1787098260000,1,0.0195859584,0.019707029100000002,confirmed_pivot,5.128567323517001,-0.04984693524111642
1787098260000,1787101500000,-1,0.019707029100000002,0.019552955099999998,confirmed_pivot,6.822134742775816,0.0
1787101500000,1787102160000,1,0.019552955099999998,0.0196110387,confirmed_pivot,1.9690938225496932,0.0
1787102160000,1787102280000,-1,0.0196110387,0.019634963300000002,opposite_break,-2.2205657571825927,0.0
1787102280000,1787102640000,1,0.019634963300000002,0.019608039,confirmed_pivot,-2.3705570740741653,0.0
1787102640000,1787103360000,-1,0.019608039,0.0196199618,confirmed_pivot,-1.6083607544843121,0.0
1787103360000,1787104140000,1,0.0196199618,0.0196120386,confirmed_pivot,-1.4036316931054964,0.0
1787104140000,1787104620000,-1,0.0196120386,0.0196939692,opposite_break,-5.179655515261018,0.0
1787104620000,1787106720000,1,0.0196939692,0.019719027899999998,confirmed_pivot,0.27176854983590004,0.0
1787106720000,1787107380000,-1,0.019719027899999998,0.0195979596,confirmed_pivot,5.142738615933447,0.0
1787107380000,1787107920000,1,0.0195979596,0.0195940404,opposite_break,-1.1998800119988375,0.0
1787107920000,1787107980000,-1,0.0195940404,0.019610960900000002,confirmed_pivot,-1.8639851661224163,0.0
1787107980000,1787108940000,1,0.019610960900000002,0.0197320266,confirmed_pivot,5.17028241334156,0.0
1787108940000,1787110380000,-1,0.0197320266,0.0193609359,confirmed_pivot,17.81592057807179,0.0
1787110380000,1787112540000,1,0.0193609359,0.0199600038,confirmed_pivot,29.720865755730326,-0.20575727234343047
1787112540000,1787114100000,-1,0.0199600038,0.0199739972,confirmed_pivot,-1.7014225468232995,0.0
1787114100000,1787114940000,1,0.0199739972,0.019838016,opposite_break,-7.804507282097722,0.0
1787114940000,1787116740000,-1,0.019838016,0.019894989300000002,opposite_break,-3.8733612600172496,0.0
1787116740000,1787117640000,1,0.019894989300000002,0.019906009199999998,confirmed_pivot,-0.44637366304109194,0.0
1787117640000,1787118720000,-1,0.019906009199999998,0.0198529851,confirmed_pivot,1.6650551357123158,0.0
1787118720000,1787119920000,1,0.0198529851,0.0196690329,opposite_break,-10.261087084581566,0.0
1787119920000,1787120520000,-1,0.0196690329,0.019715971399999997,confirmed_pivot,-3.3876094716378304,0.0
1787120520000,1787121600000,1,0.019715971399999997,0.019645035300000002,opposite_break,-4.5961013795138195,0.0
1787121600000,1787123640000,-1,0.019645035300000002,0.0197959794,opposite_break,-8.687416680284505,0.0
1787123640000,1787124420000,1,0.0197959794,0.0197650233,confirmed_pivot,-2.5629750529039237,0.0
1787124420000,1787125140000,-1,0.0197650233,0.0197409739,confirmed_pivot,0.21737396079872484,0.0
1787125140000,1787127540000,1,0.0197409739,0.0197970201,confirmed_pivot,1.4960606735972517,-0.3415995747656604
1787127540000,1787128200000,-1,0.0197970201,0.0197379736,confirmed_pivot,1.9840866429185393,0.0
1787128200000,1787130000000,1,0.0197379736,0.019655034300000002,confirmed_pivot,-5.199915960471124,0.0
1787130000000,1787130360000,-1,0.019655034300000002,0.0197489747,opposite_break,-5.781847172863956,0.0
1787130360000,1787131080000,1,0.0197489747,0.0198340164,confirmed_pivot,3.3039793427858264,0.0
1787131080000,1787132700000,-1,0.0198340164,0.0201240122,opposite_break,-15.628443984749252,0.0
1787132700000,1787132880000,1,0.0201240122,0.0200799918,confirmed_pivot,-3.186362707532082,0.0
1787132880000,1787133180000,-1,0.0200799918,0.0215441542,opposite_break,-73.95294220189871,0.0
1787133180000,1787133900000,1,0.0215441542,0.0223427655,confirmed_pivot,36.05005018716408,0.0
1787133900000,1787137440000,-1,0.0223427655,0.0211981196,confirmed_pivot,50.256780318891195,0.0
1787137440000,1787139240000,1,0.0211981196,0.0205949403,opposite_break,-29.440150434380953,0.0
1787139240000,1787139420000,-1,0.0205949403,0.020742074000000003,confirmed_pivot,-8.147739430446569,0.0
1787139420000,1787141400000,1,0.020742074000000003,0.0209069091,confirmed_pivot,6.569151399710387,-0.37377091606172064
1787141400000,1787142540000,-1,0.0209069091,0.020963096100000002,confirmed_pivot,-3.6888285222420887,0.0
1787142540000,1787143140000,1,0.020963096100000002,0.020449954800000003,opposite_break,-25.466077286646538,0.0
1787143140000,1787143740000,-1,0.020449954800000003,0.0203140312,confirmed_pivot,5.649968820469184,0.0
1787143740000,1787146560000,1,0.0203140312,0.020394960299999997,confirmed_pivot,2.981909580310101,0.0
1787146560000,1787149020000,-1,0.020394960299999997,0.020222022,confirmed_pivot,7.483702179601597,0.0
1787149020000,1787149200000,1,0.020222022,0.0201919806,confirmed_pivot,-2.4848356559002798,0.0
1787149200000,1787152980000,-1,0.0201919806,0.0202430241,confirmed_pivot,-3.529173475434121,0.0
1787152980000,1787157120000,1,0.0202430241,0.020667933,opposite_break,19.593688846618516,-0.3862024706081341
1787157120000,1787157300000,-1,0.020667933,0.020755075300000002,confirmed_pivot,-5.218412704840992,0.0
1787157300000,1787157480000,1,0.020755075300000002,0.0206459352,opposite_break,-6.255848430961941,0.0
1787157480000,1787157600000,-1,0.0206459352,0.0207260724,confirmed_pivot,-4.883440872177113,0.0
1787157600000,1787159940000,1,0.0207260724,0.020757924,confirmed_pivot,0.536020601761503,0.0
1787159940000,1787164860000,-1,0.020757924,0.0206270625,confirmed_pivot,5.307322964955417,0.0
1787164860000,1787166000000,1,0.0206270625,0.0207049293,confirmed_pivot,2.7730950104989316,0.0
1787166000000,1787166120000,-1,0.0207049293,0.020722071999999998,opposite_break,-1.8283665740407384,0.0
1787166120000,1787168760000,1,0.020722071999999998,0.0207419256,confirmed_pivot,-0.04238952552614883,0.0
1787168760000,1787169960000,-1,0.0207419256,0.020691068899999998,confirmed_pivot,1.847159150990342,0.3940538158713674
1787169960000,1787170200000,1,0.020691068899999998,0.020607939,opposite_break,-5.0156618032430105,0.0
1787170200000,1787170320000,-1,0.020607939,0.0206890687,confirmed_pivot,-4.938786156636121,0.0
1787170320000,1787171340000,1,0.0206890687,0.0207059292,confirmed_pivot,-0.1854602063359081,0.0
1787171340000,1787172720000,-1,0.0207059292,0.0207860784,opposite_break,-4.872768704338117,0.0
1787172720000,1787172960000,1,0.0207860784,0.0208119186,confirmed_pivot,0.2425277824410783,0.0
1787172960000,1787173680000,-1,0.0208119186,0.0209940992,opposite_break,-9.75804359046463,0.0
1787173680000,1787175540000,1,0.0209940992,0.0209769021,confirmed_pivot,-1.8187301244152156,0.0
1787175540000,1787175720000,-1,0.0209769021,0.0210901088,confirmed_pivot,-6.399429468186346,0.0
1787175720000,1787175960000,1,0.0210901088,0.0210558942,confirmed_pivot,-2.621494370858758,0.0
1787175960000,1787178420000,-1,0.0210558942,0.021064106200000002,confirmed_pivot,-1.3902045632429374,0.0
1787178420000,1787178780000,1,0.021064106200000002,0.0210268971,opposite_break,-2.765586210821572,0.0
1787178780000,1787180100000,-1,0.0210268971,0.020940093799999997,confirmed_pivot,3.1302671163023805,0.0
1787180100000,1787180580000,1,0.020940093799999997,0.0208819116,opposite_break,-3.7771178799588814,0.0
1787180580000,1787180760000,-1,0.0208819116,0.020929092700000002,confirmed_pivot,-3.260554084042844,0.0
1787180760000,1787181300000,1,0.020929092700000002,0.0209159082,confirmed_pivot,-1.6296454384762997,0.0
1787181300000,1787182440000,-1,0.0209159082,0.0208430841,confirmed_pivot,2.4834974103587073,0.0
1787182440000,1787182560000,1,0.0208430841,0.0208309167,opposite_break,-1.5834700969228843,0.0
1787182560000,1787182620000,-1,0.0208309167,0.020850084799999998,confirmed_pivot,-1.9206356266595712,0.0
1787182620000,1787187840000,1,0.020850084799999998,0.0213608637,confirmed_pivot,23.228959428980435,-0.256481059491902
1787187840000,1787188860000,-1,0.0213608637,0.021220121800000002,confirmed_pivot,5.59206822943203,0.0
1787188860000,1787189160000,1,0.021220121800000002,0.0211038894,opposite_break,-6.474722760545262,0.0
1787189160000,1787189280000,-1,0.0211038894,0.0211461144,confirmed_pivot,-3.001816428207774,0.0
1787189280000,1787191320000,1,0.0211461144,0.021036896099999997,confirmed_pivot,-6.162352231008536,0.0
1787191320000,1787191560000,-1,0.021036896099999997,0.0210191017,confirmed_pivot,-0.1537108366477855,0.0
1787191560000,1787192040000,1,0.0210191017,0.020942905499999998,opposite_break,-4.623280527730795,0.0
1787192040000,1787192160000,-1,0.020942905499999998,0.020992099,confirmed_pivot,-3.3501083338222903,0.0
1787192160000,1787192760000,1,0.020992099,0.020928906900000002,opposite_break,-4.008775061035962,0.0
1787192760000,1787193180000,-1,0.020928906900000002,0.0209140912,confirmed_pivot,-0.2917399881021134,0.0
1787193180000,1787195280000,1,0.0209140912,0.020865913200000002,confirmed_pivot,-3.3024625138861374,0.0
1787195280000,1787197980000,-1,0.020865913200000002,0.0208390837,confirmed_pivot,0.2864481172097587,0.0
1787197980000,1787198700000,1,0.0208390837,0.0207629235,opposite_break,-4.767399914618195,-0.1145464112752712
1787198700000,1787199180000,-1,0.0207629235,0.0207610759,confirmed_pivot,-0.9109699652844967,0.0
1787199180000,1787199780000,1,0.0207610759,0.0207389259,opposite_break,-2.0663669410311516,0.0
1787199780000,1787199900000,-1,0.0207389259,0.020774077199999998,confirmed_pivot,-2.6957906026366434,0.0
1787199900000,1787203740000,1,0.020774077199999998,0.02069793,opposite_break,-4.663658590813259,0.0
1787203740000,1787205120000,-1,0.02069793,0.0208010799,opposite_break,-5.986077107710863,0.0
1787205120000,1787205240000,1,0.0208010799,0.020787921,confirmed_pivot,-1.632290275948646,0.0
1787205240000,1787211420000,-1,0.020787921,0.0207350733,confirmed_pivot,1.5435022506579967,0.0
1787211420000,1787212740000,1,0.0207350733,0.020844915300000003,confirmed_pivot,4.294752394244121,0.0
1787212740000,1787213160000,-1,0.020844915300000003,0.0208490847,confirmed_pivot,-1.0302103902526634,0.16990962174837904
1787213160000,1787214840000,1,0.0208490847,0.021158883899999998,confirmed_pivot,13.85169756157203,0.0
1787214840000,1787215080000,-1,0.021158883899999998,0.0212431241,opposite_break,-4.983306515520036,0.0
1787215080000,1787215440000,1,0.0212431241,0.021135886200000002,confirmed_pivot,-6.045598780360076,0.0
1787215440000,1787215980000,-1,0.021135886200000002,0.0212551253,opposite_break,-6.644367992007735,0.0
1787215980000,1787216040000,1,0.0212551253,0.021195880200000003,confirmed_pivot,-3.7859387613206543,0.0
1787216040000,1787216580000,-1,0.021195880200000003,0.02120212,confirmed_pivot,-1.2945345907361014,0.0
1787216580000,1787217660000,1,0.02120212,0.0213158682,confirmed_pivot,4.362262165292882,0.0
1787217660000,1787217780000,-1,0.0213158682,0.0213551353,opposite_break,-2.843074519948496,0.0
1787217780000,1787217840000,1,0.0213551353,0.0213058692,confirmed_pivot,-3.305837273248301,0.0
1787217840000,1787218980000,-1,0.0213058692,0.021294129199999998,confirmed_pivot,-0.4487026138317258,0.0
1787218980000,1787220060000,1,0.021294129199999998,0.0213548643,confirmed_pivot,1.8507731816525315,0.0
1787220060000,1787221740000,-1,0.0213548643,0.0213911389,confirmed_pivot,-2.699506809790261,0.0
1787221740000,1787222520000,1,0.0213911389,0.021437856,confirmed_pivot,1.1828543897680461,0.0
1787222520000,1787223900000,-1,0.021437856,0.0213771375,confirmed_pivot,1.8337189712441866,0.0
1787223900000,1787227140000,1,0.0213771375,0.021642835500000002,confirmed_pivot,11.422858345744453,0.0
1787227140000,1787227860000,-1,0.021642835500000002,0.0214861484,confirmed_pivot,6.485935872390837,0.24264080830351456
1787227860000,1787228820000,1,0.0214861484,0.0213528645,opposite_break,-7.200146046184786,0.0
1787228820000,1787228940000,-1,0.0213528645,0.021382138,confirmed_pivot,-2.3716256547218544,0.0
1787228940000,1787230620000,1,0.021382138,0.021293870399999998,opposite_break,-5.126035768733725,0.0
1787230620000,1787231220000,-1,0.021293870399999998,0.0207330731,confirmed_pivot,25.34925864158537,0.0
1787231220000,1787233260000,1,0.0207330731,0.021449854799999998,confirmed_pivot,33.55461260829677,0.0
1787233260000,1787234040000,-1,0.021449854799999998,0.02140214,opposite_break,1.2255934991223152,0.0
1787234040000,1787234100000,1,0.02140214,0.0213598638,confirmed_pivot,-2.9743381689868404,0.0
1787234100000,1787235180000,-1,0.0213598638,0.0212551253,confirmed_pivot,3.905970854083807,0.0
1787235180000,1787235300000,1,0.0212551253,0.021229876800000002,opposite_break,-2.1872842617398396,0.0
1787235300000,1787235360000,-1,0.021229876800000002,0.021262126,confirmed_pivot,-2.5198074347749997,0.0
1787235360000,1787235840000,1,0.021262126,0.0212438754,confirmed_pivot,-1.8579327721037167,0.0
1787235840000,1787237460000,-1,0.0212438754,0.0212251223,confirmed_pivot,-0.11680537582134565,0.0
1787237460000,1787237640000,1,0.0212251223,0.0211548843,confirmed_pivot,-4.307537172589118,0.0
1787237640000,1787239020000,-1,0.0211548843,0.0211851183,confirmed_pivot,-2.4298880849941833,0.0
1787239020000,1787239380000,1,0.0211851183,0.021177882000000002,confirmed_pivot,-1.3414038924671858,0.0
1787239380000,1787242380000,-1,0.021177882000000002,0.0211151113,confirmed_pivot,2.71966532689164,0.7542089441427616
1787242380000,1787243460000,1,0.0211151113,0.02089791,opposite_break,-11.281390245383207,0.0
1787243460000,1787243700000,-1,0.02089791,0.020802079999999997,confirmed_pivot,3.58791883973094,0.0
1787243700000,1787244660000,1,0.020802079999999997,0.021207879,confirmed_pivot,18.497862737764777,0.0
1787244660000,1787245500000,-1,0.021207879,0.0213281326,confirmed_pivot,-6.673067391604874,0.0
1787245500000,1787251680000,1,0.0213281326,0.0223807617,confirmed_pivot,48.329343791214086,0.0
1787251680000,1787251860000,-1,0.0223807617,0.0224942492,opposite_break,-6.0732966675570585,0.0
1787251860000,1787251980000,1,0.0224942492,0.0223757622,confirmed_pivot,-6.264801480904747,0.0
1787251980000,1787252940000,-1,0.0223757622,0.0227582756,opposite_break,-18.103536106582304,0.0
1787252940000,1787253420000,1,0.0227582756,0.0228387159,confirmed_pivot,2.5327843490040873,0.0
1787253420000,1787254320000,-1,0.0228387159,0.0230233021,opposite_break,-9.086203003208235,0.0
1787254320000,1787255280000,1,0.0230233021,0.0232226775,confirmed_pivot,7.655392325325916,0.0
1787255280000,1787255400000,-1,0.0232226775,0.0233393337,opposite_break,-6.025885929820061,0.0
1787255400000,1787255640000,1,0.0233393337,0.0232566741,confirmed_pivot,-4.539872699964862,0.0
1787255640000,1787256300000,-1,0.0232566741,0.0227362734,confirmed_pivot,22.077765872808083,0.6901751919032997
1787256300000,1787257740000,1,0.0227362734,0.023395660199999998,confirmed_pivot,27.987032967328684,0.0
1787257740000,1787259000000,-1,0.023395660199999998,0.0238403838,opposite_break,-20.01831185768385,0.0
1787259000000,1787259780000,1,0.0238403838,0.0240815916,confirmed_pivot,9.112555155257212,0.0
1787259780000,1787260140000,-1,0.0240815916,0.023986398399999997,confirmed_pivot,2.9549211772199904,0.0
1787260140000,1787260620000,1,0.023986398399999997,0.0239496048,confirmed_pivot,-2.5331690313289323,0.0
1787260620000,1787261220000,-1,0.0239496048,0.0243064304,opposite_break,-15.906467801088692,0.0
1787261220000,1787261340000,1,0.0243064304,0.024222577500000002,confirmed_pivot,-4.448098802282255,0.0
1787261340000,1787262600000,-1,0.024222577500000002,0.0237853783,confirmed_pivot,17.05826814260381,0.0
1787262600000,1787262720000,1,0.0237853783,0.0235046493,opposite_break,-12.79668584459724,0.0
1787262720000,1787262780000,-1,0.0235046493,0.023847384500000002,confirmed_pivot,-15.588882532274281,0.0
1787262780000,1787263380000,1,0.023847384500000002,0.0231486849,opposite_break,-30.28414435553725,0.0
1787263380000,1787263740000,-1,0.0231486849,0.0231873185,confirmed_pivot,-2.669767287730492,0.0
1787263740000,1787266200000,1,0.0231873185,0.0238926105,confirmed_pivot,29.401935178489904,0.0
1787266200000,1787266440000,-1,0.0238926105,0.0239973995,opposite_break,-5.388025933792269,0.0
1787266440000,1787266560000,1,0.0239973995,0.023957604,confirmed_pivot,-2.657496357053124,0.0
1787266560000,1787266920000,-1,0.023957604,0.0238033801,confirmed_pivot,5.440586126642717,0.0
1787266920000,1787269020000,1,0.0238033801,0.023933606399999998,confirmed_pivot,4.468180834115979,0.0
1787269020000,1787270820000,-1,0.023933606399999998,0.0236143612,confirmed_pivot,13.098973474737118,0.7535203381802085
1787270820000,1787271420000,1,0.0236143612,0.0237396258,confirmed_pivot,4.301941756527422,0.0
1787271420000,1787271720000,-1,0.0237396258,0.023982398000000002,opposite_break,-11.231567596992258,0.0
1787271720000,1787271840000,1,0.023982398000000002,0.0238786119,confirmed_pivot,-5.325430966077823,0.0
1787271840000,1787271960000,-1,0.0238786119,0.0239893987,opposite_break,-5.641902714621442,0.0
1787271960000,1787272680000,1,0.0239893987,0.0239556042,confirmed_pivot,-2.408022067264234,0.0
1787272680000,1787273520000,-1,0.0239556042,0.0241674165,opposite_break,-9.846289343434687,0.0
1787273520000,1787273640000,1,0.0241674165,0.0241025895,confirmed_pivot,-3.681072116252059,0.0
1787273640000,1787275140000,-1,0.0241025895,0.024122412,confirmed_pivot,-1.8228332167379335,0.0
1787275140000,1787275500000,1,0.024122412,0.0237846213,opposite_break,-14.996187638698816,0.0
1787275500000,1787275920000,-1,0.0237846213,0.0238803878,confirmed_pivot,-5.028417440054021,0.0
1787275920000,1787276220000,1,0.0238803878,0.0236236374,opposite_break,-11.746141434101771,0.0
1787276220000,1787276880000,-1,0.0236236374,0.0227542752,confirmed_pivot,35.818922775203156,0.0
1787276880000,1787279220000,1,0.0227542752,0.0226847313,opposite_break,-4.054772232428652,0.0
1787279220000,1787279640000,-1,0.0226847313,0.023365336299999998,opposite_break,-31.01778127740033,0.0
1787279640000,1787279940000,1,0.023365336299999998,0.0231366861,confirmed_pivot,-10.780979480273782,0.0
1787279940000,1787280240000,-1,0.0231366861,0.0233383336,confirmed_pivot,-9.719845308788582,0.0
1787280240000,1787282040000,1,0.0233383336,0.0235896408,confirmed_pivot,9.762617019065939,0.0
1787282040000,1787282880000,-1,0.0235896408,0.0234463444,confirmed_pivot,5.077585047416216,0.0
1787282880000,1787284020000,1,0.0234463444,0.0234646533,confirmed_pivot,-0.21950538481385862,0.0
1787284020000,1787284320000,-1,0.0234646533,0.0233783376,confirmed_pivot,2.6803807303642944,0.0
1787284320000,1787284440000,1,0.0233783376,0.0232686729,opposite_break,-5.688522748084591,0.0
1787284440000,1787284560000,-1,0.0232686729,0.023386338399999998,confirmed_pivot,-6.059348818728686,0.0
1787284560000,1787285340000,1,0.023386338399999998,0.0229767021,opposite_break,-19.032112632475997,-0.5248194920501107
1787285340000,1787285580000,-1,0.0229767021,0.0230363034,confirmed_pivot,-3.595285450038539,0.0
1787285580000,1787286600000,1,0.0230363034,0.0228857112,opposite_break,-7.533900048390606,0.0
1787286600000,1787286720000,-1,0.0228857112,0.0229752973,confirmed_pivot,-4.916456528997905,0.0
1787286720000,1787286960000,1,0.0229752973,0.022884711300000003,opposite_break,-4.940785001289044,0.0
1787286960000,1787288280000,-1,0.022884711300000003,0.0232553253,opposite_break,-17.202927017042956,0.0
1787288280000,1787288940000,1,0.0232553253,0.023357664,confirmed_pivot,3.3984562387523063,0.0
1787288940000,1787289360000,-1,0.023357664,0.023049304700000002,confirmed_pivot,12.20823347959788,0.0
1787289360000,1787289840000,1,0.023049304700000002,0.023037696000000003,opposite_break,-1.5033946056515404,0.0
1787289840000,1787290080000,-1,0.023037696000000003,0.0230303028,confirmed_pivot,-0.6789220328281074,0.0
1787290080000,1787291880000,1,0.0230303028,0.0228517146,opposite_break,-8.750610465269244,0.0
1787291880000,1787292000000,-1,0.0228517146,0.0228772875,confirmed_pivot,-2.119639681216727,0.0
1787292000000,1787292180000,1,0.0228772875,0.0227907207,opposite_break,-4.782070606054148,0.0
1787292180000,1787293620000,-1,0.0227907207,0.0226232621,confirmed_pivot,6.351339674835288,0.0
1787293620000,1787294520000,1,0.0226232621,0.0227347263,confirmed_pivot,3.9245094455233893,0.0
1787294520000,1787294820000,-1,0.0227347263,0.0228832881,opposite_break,-7.53784342677566,0.0
1787294820000,1787295060000,1,0.0228832881,0.022867713,confirmed_pivot,-1.6802917649757765,0.0
1787295060000,1787295180000,-1,0.022867713,0.022917291500000003,opposite_break,-3.169140799082149,0.0
1787295180000,1787295540000,1,0.022917291500000003,0.0229927005,confirmed_pivot,2.2888395864755,0.0
1787295540000,1787296920000,-1,0.0229927005,0.0227352733,confirmed_pivot,10.201638259064012,0.0
1787296920000,1787298360000,1,0.0227352733,0.0230156982,confirmed_pivot,11.328186419909871,0.0
1787298360000,1787299080000,-1,0.0230156982,0.0229312929,confirmed_pivot,2.6691262596587113,0.0
1787299080000,1787300220000,1,0.0229312929,0.0233996598,confirmed_pivot,18.981700989502404,-0.43287914740734046
1787300220000,1787300400000,-1,0.0233996598,0.0236633661,opposite_break,-12.275298675496106,0.0
1787300400000,1787300520000,1,0.0236633661,0.0234526545,confirmed_pivot,-9.900096601218536,0.0
1787300520000,1787301060000,-1,0.0234526545,0.0232863284,confirmed_pivot,6.095540636988416,0.0
1787301060000,1787302860000,1,0.0232863284,0.0232516746,confirmed_pivot,-2.487416672350947,0.0
1787302860000,1787303160000,-1,0.0232516746,0.0232113209,confirmed_pivot,0.7363857676729368,0.0
1787303160000,1787304180000,1,0.0232113209,0.0230816916,opposite_break,-6.581952268386402,0.0
1787304180000,1787304840000,-1,0.0230816916,0.0230873085,confirmed_pivot,-1.243470389752611,0.0
1787304840000,1787305020000,1,0.0230873085,0.0230786919,confirmed_pivot,-1.373031429800514,0.0
1787305020000,1787305380000,-1,0.0230786919,0.023175317299999998,confirmed_pivot,-5.188873144062289,0.0
1787305380000,1787305620000,1,0.023175317299999998,0.023154684300000002,confirmed_pivot,-1.8898554972533474,0.0
1787305620000,1787307120000,-1,0.023154684300000002,0.0231283126,confirmed_pivot,0.13950531599358218,0.0
1787307120000,1787307360000,1,0.0231283126,0.023123687400000002,confirmed_pivot,-1.1998800119986657,0.0
1787307360000,1787309040000,-1,0.023123687400000002,0.023192319,confirmed_pivot,-3.9695054517990562,0.0
1787309040000,1787309820000,1,0.023192319,0.023208678899999998,confirmed_pivot,-0.29495105470053884,0.0
1787309820000,1787311320000,-1,0.023208678899999998,0.0231183116,confirmed_pivot,2.8956324933255027,0.0
1787311320000,1787313720000,1,0.0231183116,0.023007699,opposite_break,-6.036330621134139,-0.25409151938241026
1787313720000,1787314260000,-1,0.023007699,0.0228642862,confirmed_pivot,5.236369243182436,0.0
1787314260000,1787315400000,1,0.0228642862,0.0230316966,confirmed_pivot,6.3182557870535305,0.0
1787315400000,1787316060000,-1,0.0230316966,0.0231663164,opposite_break,-6.8479022296604395,0.0
1787316060000,1787316540000,1,0.0231663164,0.023322667499999998,confirmed_pivot,5.745695852189815,0.0
1787316540000,1787316960000,-1,0.023322667499999998,0.0232003198,confirmed_pivot,4.248493717538841,0.0
1787316960000,1787317680000,1,0.0232003198,0.023175682200000002,confirmed_pivot,-2.061419903358339,0.0
1787317680000,1787318940000,-1,0.023175682200000002,0.0232593257,confirmed_pivot,-4.610910825744648,0.0
1787318940000,1787319360000,1,0.0232593257,0.0233206677,confirmed_pivot,1.635989099202431,0.0
1787319360000,1787319480000,-1,0.0233206677,0.0234213419,opposite_break,-5.319110344340665,0.0
1787319480000,1787321820000,1,0.0234213419,0.0232216776,opposite_break,-9.520624851558965,0.0
1787321820000,1787322060000,-1,0.0232216776,0.0231183116,confirmed_pivot,3.4534974940828813,0.0
1787322060000,1787322420000,1,0.0231183116,0.0230086989,opposite_break,-5.739009299018226,0.0
1787322420000,1787324340000,-1,0.0230086989,0.0229682966,confirmed_pivot,0.7568355918638645,0.0
1787324340000,1787326440000,1,0.0229682966,0.0229107087,opposite_break,-3.506024153745883,0.0
1787326440000,1787326920000,-1,0.0229107087,0.0226142612,confirmed_pivot,11.945724535793234,0.0
1787326920000,1787331000000,1,0.0226142612,0.022547745,opposite_break,-4.574942192672574,-0.6350742344835039
1787331000000,1787331240000,-1,0.022547745,0.022562256,confirmed_pivot,-1.6438894665519013,0.0
1787331240000,1787331360000,1,0.022562256,0.0222397758,opposite_break,-15.285759362893462,0.0
1787331360000,1787331480000,-1,0.0222397758,0.022343234099999998,confirmed_pivot,-5.654274848849771,0.0
1787331480000,1787335140000,1,0.022343234099999998,0.0224557542,confirmed_pivot,4.033462901863555,0.0
1787335140000,1787335320000,-1,0.0224557542,0.0225142512,confirmed_pivot,-3.6062918207396972,0.0
1787335320000,1787338140000,1,0.0225142512,0.022247775,opposite_break,-12.829972026784562,0.0
1787338140000,1787338680000,-1,0.022247775,0.022169216699999997,confirmed_pivot,2.532828750290913,0.0
1787338680000,1787340300000,1,0.022169216699999997,0.021777822000000002,opposite_break,-18.64604532238594,0.0
1787340300000,1787340840000,-1,0.021777822000000002,0.0217891787,confirmed_pivot,-1.5217408035569164,0.0
1787340840000,1787342040000,1,0.0217891787,0.022018797899999998,confirmed_pivot,9.53295278174005,0.0
1787342040000,1787342700000,-1,0.022018797899999998,0.0220842082,opposite_break,-3.9220353191943502,0.05010718591499493
1787342700000,1787343000000,1,0.0220842082,0.022151784600000002,confirmed_pivot,2.058412200624047,0.0
1787343000000,1787344500000,-1,0.022151784600000002,0.0220102008,confirmed_pivot,5.3947259535920615,0.0
1787344500000,1787344740000,1,0.0220102008,0.0219928005,opposite_break,-1.7901608898543662,0.0
1787344740000,1787345340000,-1,0.0219928005,0.0219711969,confirmed_pivot,-0.017205571432361066,0.0
1787345340000,1787345520000,1,0.0219711969,0.021943805400000002,opposite_break,-2.246077051450842,0.0
1787345520000,1787345640000,-1,0.021943805400000002,0.022019201699999998,confirmed_pivot,-4.437598756230106,0.0
1787345640000,1787345820000,1,0.022019201699999998,0.0220017996,confirmed_pivot,-1.7899195977662334,0.0
1787345820000,1787346300000,-1,0.0220017996,0.0220612059,confirmed_pivot,-3.7014155310276755,0.0
1787346300000,1787346480000,1,0.0220612059,0.0220207977,confirmed_pivot,-2.830724761061132,0.0
1787346480000,1787346840000,-1,0.0220207977,0.0219691967,confirmed_pivot,1.3444564181252077,0.0
1787346840000,1787349180000,1,0.0219691967,0.0217998198,opposite_break,-8.705889926781005,0.0
1787349180000,1787349300000,-1,0.0217998198,0.021892189,confirmed_pivot,-5.239272867751001,0.0
1787349300000,1787351100000,1,0.021892189,0.0218858112,confirmed_pivot,-1.291181987328844,0.0
1787351100000,1787353020000,-1,0.0218858112,0.0219401938,confirmed_pivot,-3.4860760610052104,0.0
1787353020000,1787353680000,1,0.0219401938,0.021891810600000002,opposite_break,-3.204128588873188,0.0
1787353680000,1787355900000,-1,0.021891810600000002,0.0220872085,opposite_break,-9.930079038323036,0.0
1787355900000,1787356080000,1,0.0220872085,0.022055794200000003,confirmed_pivot,-2.421573615787505,0.0
1787356080000,1787356980000,-1,0.022055794200000003,0.0220272025,confirmed_pivot,0.21494371589683348,-0.08203954349555909
1787356980000,1787357280000,1,0.0220272025,0.022077792,confirmed_pivot,1.295534589560337,0.0
1787357280000,1787358600000,-1,0.022077792,0.022122212000000002,confirmed_pivot,-3.0129825482549775,0.0
1787358600000,1787359260000,1,0.022122212000000002,0.021997799999999998,opposite_break,-6.621037986617445,0.0
1787359260000,1787360700000,-1,0.021997799999999998,0.021945194300000002,confirmed_pivot,1.3926030262115385,0.0
1787360700000,1787360820000,1,0.021945194300000002,0.021809818800000002,opposite_break,-7.165714935137293,0.0
1787360820000,1787362320000,-1,0.021809818800000002,0.021961195899999997,opposite_break,-7.944247906818718,0.0
1787362320000,1787363820000,1,0.021961195899999997,0.0218348163,opposite_break,-6.751800164944432,0.0
1787363820000,1787363940000,-1,0.0218348163,0.0218581856,confirmed_pivot,-2.0708120612857783,0.0
1787363940000,1787364300000,1,0.0218581856,0.021787821,opposite_break,-4.217532277701993,0.0
1787364300000,1787364720000,-1,0.021787821,0.0218061804,confirmed_pivot,-1.843066394753331,0.0
1787364720000,1787366880000,1,0.0218061804,0.0219258072,confirmed_pivot,4.483169652214811,0.0
1787366880000,1787367240000,-1,0.0219258072,0.0220462044,opposite_break,-6.4938638063003875,0.0
1787367240000,1787369340000,1,0.0220462044,0.022732726499999998,confirmed_pivot,30.124579383378858,0.0
1787369340000,1787371020000,-1,0.022732726499999998,0.0229962994,opposite_break,-12.600222544796893,0.0
1787371020000,1787371140000,1,0.0229962994,0.0229247073,confirmed_pivot,-4.111644300038994,0.0
1787371140000,1787371800000,-1,0.0229247073,0.0229062904,confirmed_pivot,0.6712601582484938,0.8674938022000394
1787371800000,1787372760000,1,0.0229062904,0.0229967001,confirmed_pivot,2.9449641811054033,0.0
1787372760000,1787373600000,-1,0.0229967001,0.0231193117,opposite_break,-6.334369942929301,0.0
1787373600000,1787373960000,1,0.0231193117,0.022837716,opposite_break,-13.174017367048087,0.0
1787373960000,1787374080000,-1,0.022837716,0.022915291299999998,confirmed_pivot,-4.398504808887059,0.0
1787374080000,1787374560000,1,0.022915291299999998,0.022805719199999998,opposite_break,-5.779224165917546,0.0
1787374560000,1787374680000,-1,0.022805719199999998,0.022882288,confirmed_pivot,-4.359117234066568,0.0
1787374680000,1787375340000,1,0.022882288,0.0229227075,confirmed_pivot,0.7655266925230382,0.0
1787375340000,1787376840000,-1,0.0229227075,0.0229312929,opposite_break,-1.3747241768888045,0.0
1787376840000,1787377200000,1,0.0229312929,0.0231006897,confirmed_pivot,6.383452051236022,0.0
1787377200000,1787378700000,-1,0.0231006897,0.022886288400000003,confirmed_pivot,8.285805031613258,0.0
1787378700000,1787380320000,1,0.022886288400000003,0.0228427155,confirmed_pivot,-2.902934752408509,0.0
1787380320000,1787381040000,-1,0.0228427155,0.023177317500000003,opposite_break,-15.655407366081468,0.0
1787381040000,1787381340000,1,0.023177317500000003,0.0230656932,confirmed_pivot,-5.813692863723408,0.0
1787381340000,1787383680000,-1,0.0230656932,0.022272227000000002,confirmed_pivot,33.417475608320274,0.0
1787383680000,1787384700000,1,0.022272227000000002,0.0226227375,confirmed_pivot,14.729690827504498,0.0
1787384700000,1787386860000,-1,0.0226227375,0.023417341499999998,opposite_break,-35.77177613230925,0.3699171309396133
1787386860000,1787387220000,1,0.023417341499999998,0.0233056692,confirmed_pivot,-5.7664020209124605,0.0
1787387220000,1787388300000,-1,0.0233056692,0.022606260399999998,confirmed_pivot,29.025248294522363,0.0
1787388300000,1787388840000,1,0.022606260399999998,0.0226507347,opposite_break,0.9663607365154132,0.0
1787388840000,1787389260000,-1,0.0226507347,0.0227832781,confirmed_pivot,-6.854541738109592,0.0
1787389260000,1787389800000,1,0.0227832781,0.023577642,confirmed_pivot,33.848660257103255,0.0
1787389800000,1787390160000,-1,0.023577642,0.023897389499999998,opposite_break,-14.568251386207256,0.0
1787390160000,1787390760000,1,0.023897389499999998,0.0236026395,confirmed_pivot,-13.327816182600046,0.0
1787390760000,1787391720000,-1,0.0236026395,0.022886288400000003,confirmed_pivot,29.365640908509334,0.0
1787391720000,1787392020000,1,0.022886288400000003,0.022753724399999998,opposite_break,-6.789393006163688,0.0
1787392020000,1787393100000,-1,0.022753724399999998,0.0228912889,confirmed_pivot,-7.04882435202577,0.0
1787393100000,1787395080000,1,0.0228912889,0.0228427155,confirmed_pivot,-3.1208553835516684,0.0
1787395080000,1787396400000,-1,0.0228427155,0.022852285,confirmed_pivot,-1.41913951736608,0.0
1787396400000,1787399220000,1,0.022852285,0.0230486949,confirmed_pivot,7.59046240014947,0.0
1787399220000,1787400660000,-1,0.0230486949,0.0229352933,confirmed_pivot,4.2213320479720595,0.29878431621306256
1787400660000,1787401020000,1,0.0229352933,0.02289771,confirmed_pivot,-2.6378473062735073,0.0
1787401020000,1787402280000,-1,0.02289771,0.0228402838,confirmed_pivot,1.5091990902147847,0.0
1787402280000,1787407140000,1,0.0228402838,0.022727727,opposite_break,-5.925530811486679,0.0
1787407140000,1787407260000,-1,0.022727727,0.0229752973,confirmed_pivot,-11.898321910941625,0.0
1787407260000,1787407440000,1,0.0229752973,0.0229487049,confirmed_pivot,-2.156855706933584,0.0
1787407440000,1787408580000,-1,0.0229487049,0.0226282626,confirmed_pivot,12.970397133391076,0.0
1787408580000,1787410320000,1,0.0226282626,0.022668732900000002,opposite_break,0.7875903937053175,0.0
1787410320000,1787411520000,-1,0.022668732900000002,0.0225892587,confirmed_pivot,2.5076480653227065,0.0
1787411520000,1787411700000,1,0.0225892587,0.0225537444,opposite_break,-2.571390337390793,0.0
1787411700000,1787412300000,-1,0.0225537444,0.0225252523,confirmed_pivot,0.2639296404369713,0.0
1787412300000,1787414280000,1,0.0225252523,0.0226747323,confirmed_pivot,5.6327896358346425,0.0
1787414280000,1787414640000,-1,0.0226747323,0.022759275699999998,opposite_break,-4.653224336452158,0.07716906272362034
1787414640000,1787415000000,1,0.022759275699999998,0.0227347263,confirmed_pivot,-2.078115385719288,0.0
1787415000000,1787415660000,-1,0.0227347263,0.0227582756,opposite_break,-2.036347407006094,0.0
1787415660000,1787416080000,1,0.0227582756,0.0227637234,confirmed_pivot,-0.7607430283513025,0.0
1787416080000,1787417460000,-1,0.0227637234,0.0223512349,confirmed_pivot,17.129492130887613,0.0
1787417460000,1787420820000,1,0.0223512349,0.0223957602,confirmed_pivot,0.9910773408766178,0.0
1787420820000,1787422020000,-1,0.0223957602,0.0223182316,confirmed_pivot,2.4634843205724892,0.0
1787422020000,1787426580000,1,0.0223182316,0.0222027795,opposite_break,-6.170408481198836,0.0
1787426580000,1787426820000,-1,0.0222027795,0.022232223,confirmed_pivot,-2.32678080913249,0.0
1787426820000,1787428080000,1,0.022232223,0.0222597738,confirmed_pivot,0.23860868973837923,0.0
1787428080000,1787429400000,-1,0.0222597738,0.0223782376,opposite_break,-6.206842969805896,0.11769594801542861
1787429400000,1787429580000,1,0.0223782376,0.022330766699999997,confirmed_pivot,-3.120236874685898,0.0
1787429580000,1787431560000,-1,0.022330766699999997,0.0222192217,confirmed_pivot,3.9976238612531665,0.0
1787431560000,1787433240000,1,0.0222192217,0.0220517946,opposite_break,-8.531469315597095,0.0
1787433240000,1787433900000,-1,0.0220517946,0.0220632061,confirmed_pivot,-1.5177449707426127,0.0
1787433900000,1787434020000,1,0.0220632061,0.022028796899999998,opposite_break,-2.558794095659642,0.0
1787434020000,1787434920000,-1,0.022028796899999998,0.021852185,confirmed_pivot,7.021328025862287,0.0
1787434920000,1787435580000,1,0.021852185,0.0214048593,opposite_break,-21.460289767361974,0.0
1787435580000,1787435820000,-1,0.0214048593,0.0213331331,confirmed_pivot,2.352606157985833,0.0
1787435820000,1787438460000,1,0.0213331331,0.0220537944,opposite_break,32.76442484906268,0.0
1787438460000,1787438640000,-1,0.0220537944,0.0220932091,confirmed_pivot,-2.788100797294113,0.0
1787438640000,1787438760000,1,0.0220932091,0.0219918006,opposite_break,-5.5877353213481555,0.0
1787438760000,1787440860000,-1,0.0219918006,0.0217961794,confirmed_pivot,7.899635557808722,0.0
1787440860000,1787441880000,1,0.0217961794,0.0218698128,confirmed_pivot,2.37658182883182,0.0
1787441880000,1787442120000,-1,0.0218698128,0.021945194300000002,opposite_break,-4.448552186509917,0.0
1787442120000,1787443800000,1,0.021945194300000002,0.022099789800000002,confirmed_pivot,5.990847296804302,-0.05024790325050802
1787443800000,1787444220000,-1,0.022099789800000002,0.0220412039,confirmed_pivot,1.652296401027375,0.0
1787444220000,1787444400000,1,0.0220412039,0.021972802500000003,opposite_break,-4.101790610448352,0.0
1787444400000,1787444640000,-1,0.021972802500000003,0.0220142012,confirmed_pivot,-2.8850303392112577,0.0
1787444640000,1787447400000,1,0.0220142012,0.0220387959,opposite_break,0.11666112372960935,0.0
1787447400000,1787448960000,-1,0.0220387959,0.0221262124,confirmed_pivot,-4.9684658203127885,0.0
1787448960000,1787449320000,1,0.0221262124,0.0220737924,confirmed_pivot,-3.3679511455833686,0.0
1787449320000,1787453760000,-1,0.0220737924,0.022172216999999998,confirmed_pivot,-5.461118892284107,0.0
1787453760000,1787456940000,1,0.022172216999999998,0.0222647733,confirmed_pivot,3.172339728138198,0.0
1787456940000,1787457480000,-1,0.0222647733,0.0221772175,confirmed_pivot,2.934447331651019,0.0
1787457480000,1787458860000,1,0.0221772175,0.022157784,confirmed_pivot,-1.9258793286398077,-0.0500353121395865
1787458860000,1787459100000,-1,0.022157784,0.0221812179,confirmed_pivot,-2.0581210174267155,0.0
1787459100000,1787466720000,1,0.0221812179,0.0242425755,confirmed_pivot,91.8861043829337,0.0
1787466720000,1787468820000,-1,0.0242425755,0.024499449700000002,opposite_break,-11.601292634934904,0.0
1787468820000,1787469180000,1,0.024499449700000002,0.0244755522,confirmed_pivot,-1.9749423575828982,0.0
1787469180000,1787470260000,-1,0.0244755522,0.024383438099999998,confirmed_pivot,2.7653964371027393,0.0
1787470260000,1787470860000,1,0.024383438099999998,0.024222577500000002,opposite_break,-7.593826885306892,0.0
1787470860000,1787470920000,-1,0.024222577500000002,0.0242904288,confirmed_pivot,-3.802559952589595,0.0
1787470920000,1787472420000,1,0.0242904288,0.0240035994,opposite_break,-13.27739850721782,-0.474972635674509
1787472420000,1787472540000,-1,0.0240035994,0.0240734071,confirmed_pivot,-3.9096721156744736,0.0
1787472540000,1787472840000,1,0.0240734071,0.023939605800000003,confirmed_pivot,-6.55527511309342,0.0
1787472840000,1787473980000,-1,0.023939605800000003,0.0235763574,confirmed_pivot,14.181119824454331,0.0
1787473980000,1787475300000,1,0.0235763574,0.023637636,confirmed_pivot,1.597855116498998,0.0
1787475300000,1787476680000,-1,0.023637636,0.0241744172,opposite_break,-23.720105792305088,0.0
1787476680000,1787476860000,1,0.0241744172,0.0241465851,confirmed_pivot,-2.15072821486674,0.0
1787476860000,1787477280000,-1,0.0241465851,0.0242574255,opposite_break,-5.592608840576772,0.0
1787477280000,1787477580000,1,0.0242574255,0.0242545743,confirmed_pivot,-1.1174804968481657,0.0
1787477580000,1787477880000,-1,0.0242545743,0.0243914389,opposite_break,-6.645658035729698,0.0
1787477880000,1787478540000,1,0.0243914389,0.0243725625,confirmed_pivot,-1.773507535875606,0.0
1787478540000,1787479080000,-1,0.0243725625,0.024312431,confirmed_pivot,1.4684136413641853,0.0
1787479080000,1787479560000,1,0.024312431,0.0244165581,confirmed_pivot,3.280733442492869,0.0
1787479560000,1787479980000,-1,0.0244165581,0.0243244322,confirmed_pivot,2.7749777250545424,0.0
1787479980000,1787480400000,1,0.0243244322,0.0241825815,opposite_break,-6.828698219315387,0.0
1787480400000,1787480700000,-1,0.0241825815,0.0241834181,confirmed_pivot,-1.0346124461525412,0.0
1787480700000,1787481000000,1,0.0241834181,0.024126587100000003,opposite_break,-3.3488236553292183,0.0
1787481000000,1787481360000,-1,0.024126587100000003,0.0245564554,opposite_break,-18.826111599099605,0.0
1787481360000,1787481480000,1,0.0245564554,0.0245095488,confirmed_pivot,-2.9091984545945673,0.0
1787481480000,1787482080000,-1,0.0245095488,0.0244774475,opposite_break,0.3104015464372887,0.0
1787482080000,1787482200000,1,0.0244774475,0.0243635634,confirmed_pivot,-5.650287083651163,0.0
1787482200000,1787482800000,-1,0.0243635634,0.0243694367,confirmed_pivot,-1.241189540032577,0.0
1787482800000,1787487360000,1,0.0243694367,0.0245825415,confirmed_pivot,7.27843557378981,-0.461948958775071
1787487360000,1787487600000,-1,0.0245825415,0.024726472399999998,opposite_break,-6.857932364316301,0.0
1787487600000,1787487720000,1,0.024726472399999998,0.0247145283,confirmed_pivot,-1.4828075657891948,0.0
1787487720000,1787489400000,-1,0.0247145283,0.024624462200000002,confirmed_pivot,2.6460794216330488,0.0
1787489400000,1787489880000,1,0.024624462200000002,0.0245265471,opposite_break,-4.974346389989456,0.0
1787489880000,1787490060000,-1,0.0245265471,0.0245304528,confirmed_pivot,-1.1593233990120404,0.0
1787490060000,1787491560000,1,0.0245304528,0.0245685429,confirmed_pivot,0.5519915290760105,0.0
1787491560000,1787493540000,-1,0.0245685429,0.0247874785,confirmed_pivot,-9.915671909871424,0.0
1787493540000,1787495760000,1,0.0247874785,0.0248155182,confirmed_pivot,0.13063860650446857,0.0
1787495760000,1787496300000,-1,0.0248155182,0.024853485100000003,confirmed_pivot,-2.530731018544759,0.0
1787496300000,1787497140000,1,0.024853485100000003,0.0247245273,opposite_break,-6.1861266370245485,0.0
1787497140000,1787497320000,-1,0.0247245273,0.025087508499999998,opposite_break,-15.688357281556502,0.0
1787497320000,1787497620000,1,0.025087508499999998,0.025091490600000002,confirmed_pivot,-0.8413509675540558,0.0
1787497620000,1787498040000,-1,0.025091490600000002,0.0251645162,opposite_break,-3.911828315213703,0.0
1787498040000,1787498220000,1,0.0251645162,0.0250754922,confirmed_pivot,-4.5359109347788715,0.0
1787498220000,1787498700000,-1,0.0250754922,0.0253345332,opposite_break,-11.335610500997387,0.0
1787498700000,1787501820000,1,0.0253345332,0.0255324465,confirmed_pivot,6.147727505458892,-0.6603636003997896
1787501820000,1787502600000,-1,0.0255324465,0.026085608299999997,opposite_break,-22.675885266223773,0.0
1787502600000,1787503680000,1,0.026085608299999997,0.027010298699999997,confirmed_pivot,34.43057321764664,0.0
1787503680000,1787504820000,-1,0.027010298699999997,0.026758675599999997,confirmed_pivot,8.320478619882897,0.0
1787504820000,1787505540000,1,0.026758675599999997,0.0269293068,confirmed_pivot,5.373480023802211,0.0
1787505540000,1787506500000,-1,0.0269293068,0.0262786276,confirmed_pivot,23.174574727634667,0.0
1787506500000,1787507460000,1,0.0262786276,0.0261683829,opposite_break,-5.193125277592554,0.0
1787507460000,1787507580000,-1,0.0261683829,0.0262436241,confirmed_pivot,-3.8767089234238803,0.0
1787507580000,1787507880000,1,0.0262436241,0.0261203877,opposite_break,-5.693512653993571,0.0
1787507880000,1787509860000,-1,0.0261203877,0.0256195617,confirmed_pivot,18.183345161450237,0.0
1787509860000,1787512380000,1,0.0256195617,0.0258724125,confirmed_pivot,8.864508127006683,0.0
1787512380000,1787512860000,-1,0.0258724125,0.026192619,opposite_break,-13.38255625562555,0.0
1787512860000,1787512980000,1,0.026192619,0.0259664031,confirmed_pivot,-9.63230943228701,0.0
1787512980000,1787513580000,-1,0.0259664031,0.0253855383,confirmed_pivot,21.38104485099057,0.0
1787513580000,1787515140000,1,0.0253855383,0.025373462399999998,opposite_break,-1.4754621275847393,0.0
1787515140000,1787516940000,-1,0.025373462399999998,0.025532553,confirmed_pivot,-6.5278452009766585,0.7452500034051325
1787516940000,1787519280000,1,0.025532553,0.025867413000000002,confirmed_pivot,12.108464711695802,0.0
1787519280000,1787519580000,-1,0.025867413000000002,0.0260005998,opposite_break,-6.151400080092942,0.0
1787519580000,1787519700000,1,0.0260005998,0.0259134084,confirmed_pivot,-4.351761304368015,0.0
1787519700000,1787524140000,-1,0.0259134084,0.0254105408,opposite_break,18.415393993481832,0.0
1787524140000,1787524320000,1,0.0254105408,0.0253014696,confirmed_pivot,-5.290214256282102,0.0
1787524320000,1787524920000,-1,0.0253014696,0.025417541499999998,opposite_break,-5.58984943506985,0.0
1787524920000,1787525100000,1,0.025417541499999998,0.0253604637,confirmed_pivot,-3.2444838380611833,0.0
1787525100000,1787525820000,-1,0.0253604637,0.025383538100000002,confirmed_pivot,-1.9103121091592372,0.0
1787525820000,1787526300000,1,0.025383538100000002,0.0252634734,opposite_break,-5.727657239004124,0.0
1787526300000,1787528460000,-1,0.0252634734,0.0250745072,confirmed_pivot,6.483558579082851,0.0
1787528460000,1787528700000,1,0.0250745072,0.0250054992,opposite_break,-3.750741837111713,0.0
1787528700000,1787530020000,-1,0.0250054992,0.0243534351,confirmed_pivot,25.527809895912764,0.43794354963327425
1787530020000,1787531040000,1,0.0243534351,0.0246145383,confirmed_pivot,9.716050829313925,0.0
1787531040000,1787531700000,-1,0.0246145383,0.0241564154,confirmed_pivot,17.62118865946797,0.0
1787531700000,1787532060000,1,0.0241564154,0.0243995598,confirmed_pivot,9.060384530396947,0.0
1787532060000,1787532360000,-1,0.0243995598,0.024622461999999998,opposite_break,-10.14006862943471,0.0
1787532360000,1787532540000,1,0.024622461999999998,0.0245355462,confirmed_pivot,-4.5281744814956655,0.0
1787532540000,1787533020000,-1,0.0245355462,0.0246204618,opposite_break,-4.462651986936365,0.0
1787533020000,1787533440000,1,0.0246204618,0.0245485449,confirmed_pivot,-3.919561059979787,0.0
1787533440000,1787533680000,-1,0.0245485449,0.0244614459,confirmed_pivot,2.5498050843738684,0.0
1787533680000,1787533800000,1,0.0244614459,0.0242705727,opposite_break,-8.799120468181332,0.0
1787533800000,1787536080000,-1,0.0242705727,0.0236143612,confirmed_pivot,26.050849350167994,0.0
1787536080000,1787536320000,1,0.0236143612,0.0235236474,opposite_break,-4.839546720408405,0.0
1787536320000,1787537700000,-1,0.0235236474,0.0232343232,confirmed_pivot,11.305441293938104,0.0
1787537700000,1787538840000,1,0.0232343232,0.0232126785,confirmed_pivot,-1.9311171865768038,0.0
1787538840000,1787544120000,-1,0.0232126785,0.0221762174,confirmed_pivot,44.1280428266303,0.45507109051633143
1787544120000,1787544300000,1,0.0221762174,0.022117788,opposite_break,-3.6334601725179967,0.0
1787544300000,1787545080000,-1,0.022117788,0.0226412639,confirmed_pivot,-24.67947635405496,0.0
1787545080000,1787547180000,1,0.0226412639,0.0227057292,confirmed_pivot,1.845824669266816,0.0
1787547180000,1787548140000,-1,0.0227057292,0.0226942692,confirmed_pivot,-0.4950292105130307,0.0
1787548140000,1787549760000,1,0.0226942692,0.022774722299999998,confirmed_pivot,2.54331187055801,0.0
1787549760000,1787549940000,-1,0.022774722299999998,0.023162316,opposite_break,-18.027101000041654,0.0
1787549940000,1787550960000,1,0.023162316,0.023747625,confirmed_pivot,24.257247397022066,0.0
1787550960000,1787551320000,-1,0.023747625,0.0239883986,opposite_break,-11.143919099278234,0.0
1787551320000,1787552040000,1,0.0239883986,0.0243015696,confirmed_pivot,12.048574843174443,0.0
1787552040000,1787553420000,-1,0.0243015696,0.023294329199999998,confirmed_pivot,40.468268790341895,0.0
1787553420000,1787553600000,1,0.023294329199999998,0.0230846913,opposite_break,-9.99502532358806,0.0
1787553600000,1787554020000,-1,0.0230846913,0.0233333331,confirmed_pivot,-11.776237709533401,0.0
1787554020000,1787554800000,1,0.0233333331,0.0231296868,confirmed_pivot,-9.723334809376155,0.0
1787554800000,1787556000000,-1,0.0231296868,0.022480247800000002,confirmed_pivot,27.092197059062563,0.0
1787556000000,1787556660000,1,0.022480247800000002,0.0224057592,opposite_break,-4.311856540122395,0.0
1787556660000,1787557560000,-1,0.0224057592,0.0221542152,confirmed_pivot,10.2323697560759,0.0
1787557560000,1787557980000,1,0.0221542152,0.0220447953,opposite_break,-5.936540927434933,0.0
1787557980000,1787559540000,-1,0.0220447953,0.0217461744,confirmed_pivot,12.60284526887855,0.049976830585494264
1787559540000,1787562660000,1,0.0217461744,0.022691730599999998,confirmed_pivot,42.45975547312816,0.0
1787562660000,1787563260000,-1,0.022691730599999998,0.0228252823,opposite_break,-6.888421566665414,0.0
1787563260000,1787563500000,1,0.0228252823,0.022816718099999998,confirmed_pivot,-1.3750191470798052,0.0
1787563500000,1787564880000,-1,0.022816718099999998,0.0229052903,confirmed_pivot,-4.883840161044075,0.0
1787564880000,1787565120000,1,0.0229052903,0.02279772,opposite_break,-5.693959929859451,0.0
1787565120000,1787565240000,-1,0.02279772,0.0228162814,confirmed_pivot,-1.8145849979734234,0.0
1787565240000,1787566860000,1,0.0228162814,0.023211678599999997,confirmed_pivot,16.320942640547813,0.0
1787566860000,1787567100000,-1,0.023211678599999997,0.0231343132,confirmed_pivot,2.3347042251394,0.0
1787567100000,1787567280000,1,0.0231343132,0.0231216876,confirmed_pivot,-1.5454792234765724,0.0
1787567280000,1787568180000,-1,0.0231216876,0.0234613459,opposite_break,-15.697375685933936,0.0
1787568180000,1787570220000,1,0.0234613459,0.023687631,confirmed_pivot,8.640195341478728,0.0
1787570220000,1787571900000,-1,0.023687631,0.023341333899999997,confirmed_pivot,13.626631449552878,0.0
1787571900000,1787572320000,1,0.023341333899999997,0.023266673100000003,opposite_break,-4.197052487218567,0.0
1787572320000,1787572920000,-1,0.023266673100000003,0.0234593457,opposite_break,-8.593825519472121,0.6913700248790619
1787572920000,1787573220000,1,0.0234593457,0.0233726625,confirmed_pivot,-4.693191596558458,0.0
1787573220000,1787574180000,-1,0.0233726625,0.0235043502,opposite_break,-6.637078952815101,0.0
1787574180000,1787574300000,1,0.0235043502,0.023443655400000003,confirmed_pivot,-3.5809882887124798,0.0
1787574300000,1787575080000,-1,0.023443655400000003,0.0235563554,opposite_break,-5.809674433279582,0.0
1787575080000,1787575140000,1,0.0235563554,0.0235446453,confirmed_pivot,-1.4968614520903114,0.0
1787575140000,1787575980000,-1,0.0235446453,0.0236573655,opposite_break,-5.789902700296759,0.0
1787575980000,1787576580000,1,0.0236573655,0.0238706127,confirmed_pivot,8.009480637224756,0.0
1787576580000,1787578980000,-1,0.0238706127,0.024291428900000002,opposite_break,-18.637863484752682,0.0
1787578980000,1787579160000,1,0.024291428900000002,0.0242705727,confirmed_pivot,-1.8581533834760258,0.0
1787579160000,1787581920000,-1,0.0242705727,0.024853485100000003,confirmed_pivot,-25.029258122945045,0.0
1787581920000,1787582520000,1,0.024853485100000003,0.0250554942,confirmed_pivot,7.123934918487443,0.0
1787582520000,1787582700000,-1,0.0250554942,0.025100509799999997,opposite_break,-2.797534203096922,0.0
1787582700000,1787583060000,1,0.025100509799999997,0.0250554942,confirmed_pivot,-2.7925170667249377,0.0
1787583060000,1787584020000,-1,0.0250554942,0.0248054803,confirmed_pivot,8.98339545623498,0.0
1787584020000,1787585280000,1,0.0248054803,0.0248615136,confirmed_pivot,1.257778630877831,0.0
1787585280000,1787586600000,-1,0.0248615136,0.0249504948,confirmed_pivot,-4.5808636606904365,0.0
1787586600000,1787587020000,1,0.0249504948,0.024833516400000002,opposite_break,-5.686075836860703,0.0
1787587020000,1787587140000,-1,0.024833516400000002,0.024918491600000002,confirmed_pivot,-4.423505806853846,0.0
1787587140000,1787587680000,1,0.024918491600000002,0.0250414956,confirmed_pivot,3.2428643578730685,-0.6909213613234918
1787587680000,1787587860000,-1,0.0250414956,0.0250945092,opposite_break,-3.1180886176781977,0.0
1787587860000,1787588160000,1,0.0250945092,0.025049494800000002,confirmed_pivot,-2.7928978981584494,0.0
1787588160000,1787588460000,-1,0.025049494800000002,0.0251435141,opposite_break,-4.755217835770396,0.0
1787588460000,1787588880000,1,0.0251435141,0.0250124985,confirmed_pivot,-6.208106220919982,0.0
1787588880000,1787590020000,-1,0.0250124985,0.025004500199999998,confirmed_pivot,-0.680067980813566,0.0
1787590020000,1787592120000,1,0.025004500199999998,0.025838415899999998,confirmed_pivot,32.33394930845289,0.0
1787592120000,1787592360000,-1,0.025838415899999998,0.0257085706,confirmed_pivot,4.0277936214347045,0.0
1787592360000,1787592780000,1,0.0257085706,0.0253914606,opposite_break,-13.328629620504936,0.0
1787592780000,1787594640000,-1,0.0253914606,0.025462546,opposite_break,-3.8009787944219475,0.0
1787594640000,1787595360000,1,0.025462546,0.025594440300000004,confirmed_pivot,4.177343728706645,0.0
1787595360000,1787596020000,-1,0.025594440300000004,0.025680567799999998,opposite_break,-4.366768827134485,0.0
1787596020000,1787597820000,1,0.025680567799999998,0.0257734224,opposite_break,2.613945510192377,0.0
1787597820000,1787597940000,-1,0.0257734224,0.025922591999999998,confirmed_pivot,-6.790623475755345,0.0
1787597940000,1787598240000,1,0.025922591999999998,0.025930406700000002,confirmed_pivot,-0.6986878221898403,0.0
1787598240000,1787598480000,-1,0.025930406700000002,0.0258315829,confirmed_pivot,2.8130220263765326,0.0
1787598480000,1787599140000,1,0.0258315829,0.025799419799999997,opposite_break,-2.244485038894115,0.0
1787599140000,1787599260000,-1,0.025799419799999997,0.025916591399999998,confirmed_pivot,-5.543907836252982,0.0
1787599260000,1787601000000,1,0.025916591399999998,0.0262543743,confirmed_pivot,12.026944914908963,0.0
1787601000000,1787601300000,-1,0.0262543743,0.026368636600000002,opposite_break,-5.354300347961479,0.0
1787601300000,1787603220000,1,0.026368636600000002,0.0265853412,confirmed_pivot,6.391142145741399,-0.8230196626851765
1787603220000,1787603340000,-1,0.0265853412,0.0266716669,opposite_break,-4.24874005566649,0.0
1787603340000,1787604120000,1,0.0266716669,0.0267113286,confirmed_pivot,0.48629140048231456,0.0
1787604120000,1787604300000,-1,0.0267113286,0.026862685999999997,opposite_break,-6.669245471376373,0.0
1787604300000,1787606700000,1,0.026862685999999997,0.026953304400000003,confirmed_pivot,2.371706418338285,0.0
1787606700000,1787607180000,-1,0.026953304400000003,0.0270157013,confirmed_pivot,-3.3161575116555064,0.0
1787607180000,1787608260000,1,0.0270157013,0.026933306400000002,opposite_break,-4.048364417250855,0.0
1787608260000,1787609940000,-1,0.026933306400000002,0.0267896787,confirmed_pivot,4.335383324863624,0.0
1787609940000,1787610720000,1,0.0267896787,0.0268283169,confirmed_pivot,0.4415581960674939,0.0
1787610720000,1787612160000,-1,0.0268283169,0.0270437041,opposite_break,-9.032367233592657,0.0
1787612160000,1787612280000,1,0.0270437041,0.0269943003,confirmed_pivot,-2.825899955028728,0.0
1787612280000,1787612700000,-1,0.0269943003,0.026852684999999998,confirmed_pivot,4.2487416260239845,0.0
1787612700000,1787612880000,1,0.026852684999999998,0.0268043193,opposite_break,-2.800248919242045,0.0
1787612880000,1787613000000,-1,0.0268043193,0.0268506848,confirmed_pivot,-2.730642074167477,0.0
1787613000000,1787613780000,1,0.0268506848,0.0268113186,confirmed_pivot,-2.4653822497666136,0.0
1787613780000,1787613960000,-1,0.0268113186,0.0268266824,confirmed_pivot,-1.5733206236263841,0.0
1787613960000,1787615820000,1,0.0268266824,0.0267423255,opposite_break,-4.1429425484978655,0.0
1787615820000,1787615940000,-1,0.0267423255,0.0268016799,confirmed_pivot,-3.220602587460071,0.0
1787615940000,1787617080000,1,0.0268016799,0.0265163481,opposite_break,-12.44408832559783,-0.8033697152692283
1787617080000,1787617380000,-1,0.0265163481,0.026625662300000002,confirmed_pivot,-5.124582189355174,0.0
1787617380000,1787618940000,1,0.026625662300000002,0.026517348,confirmed_pivot,-5.066007509229254,0.0
1787618940000,1787619480000,-1,0.026517348,0.0264566454,confirmed_pivot,1.2903101509246082,0.0
1787619480000,1787620500000,1,0.0264566454,0.0262483749,opposite_break,-8.868207083805105,0.0
1787620500000,1787621880000,-1,0.0262483749,0.0262946292,confirmed_pivot,-2.7630587541630844,0.0
1787621880000,1787622780000,1,0.0262946292,0.0264403557,confirmed_pivot,4.539292288251854,0.0
1787622780000,1787623860000,-1,0.0264403557,0.026148614599999998,confirmed_pivot,10.039449463609255,0.0
1787623860000,1787624040000,1,0.026148614599999998,0.025920407700000002,confirmed_pivot,-9.722940011896322,0.0
1787624040000,1787624280000,-1,0.025920407700000002,0.026172617,opposite_break,-10.73500909285454,0.0
1787624280000,1787625000000,1,0.026172617,0.0264323565,confirmed_pivot,8.919131520168643,0.0
1787625000000,1787626620000,-1,0.0264323565,0.0260696067,confirmed_pivot,12.730564465563232,0.0
1787626620000,1787627160000,1,0.0260696067,0.0260093988,opposite_break,-3.30835074508436,0.0
1787627160000,1787627520000,-1,0.0260093988,0.0260686066,confirmed_pivot,-3.277538375858149,0.0
1787627520000,1787627880000,1,0.0260686066,0.0260203977,opposite_break,-2.8483840079891003,0.0
1787627880000,1787629200000,-1,0.0260203977,0.026012601,confirmed_pivot,-0.7002121781559156,0.0
1787629200000,1787629740000,1,0.026012601,0.0259644033,opposite_break,-2.851933266880877,0.0
1787629740000,1787630280000,-1,0.0259644033,0.0259885986,confirmed_pivot,-1.932330212649186,0.0
1787630280000,1787633580000,1,0.0259885986,0.026249374800000003,confirmed_pivot,8.54521408643802,-0.4840228074668097
1787633580000,1787635680000,-1,0.026249374800000003,0.0261006098,confirmed_pivot,4.670206762410283,0.0
1787635680000,1787636280000,1,0.0261006098,0.0260613936,opposite_break,-2.5017500434032325,0.0
1787636280000,1787636640000,-1,0.0260613936,0.0260766074,confirmed_pivot,-1.5840595915024398,0.0
1787636640000,1787636760000,1,0.0260766074,0.026046395099999998,opposite_break,-2.1580185024376375,0.0
1787636760000,1787636880000,-1,0.026046395099999998,0.0260606058,confirmed_pivot,-1.545864611798161,0.0
1787636880000,1787641260000,1,0.0260606058,0.0255844413,opposite_break,-19.26229295675087,0.0
1787641260000,1787641920000,-1,0.0255844413,0.0256535651,confirmed_pivot,-3.703141377568447,0.0
1787641920000,1787642280000,1,0.0256535651,0.0254494548,opposite_break,-8.952432500307761,0.0
1787642280000,1787642400000,-1,0.0254494548,0.0255085506,confirmed_pivot,-3.323246150640479,0.0
1787642400000,1787643240000,1,0.0255085506,0.0253904607,opposite_break,-5.6271094309058824,0.0
1787643240000,1787643360000,-1,0.0253904607,0.0254075405,confirmed_pivot,-1.6730220495762795,0.0
1787643360000,1787643960000,1,0.0254075405,0.025622437499999998,confirmed_pivot,7.453771883193442,0.0
1787643960000,1787644740000,-1,0.025622437499999998,0.0262776275,opposite_break,-26.583732812305758,0.0
1787644740000,1787644980000,1,0.0262776275,0.0259644033,confirmed_pivot,-13.140087555469,-0.22624229299239437
1787644980000,1787647020000,-1,0.0259644033,0.0257865784,confirmed_pivot,5.852220341609069,0.0
1787647020000,1787647320000,1,0.0257865784,0.0255624435,opposite_break,-9.68757494984286,0.0
1787647320000,1787647440000,-1,0.0255624435,0.025762576000000002,confirmed_pivot,-8.833076139610906,0.0
1787647440000,1787649300000,1,0.025762576000000002,0.025921407599999998,confirmed_pivot,5.162123857489863,0.0
1787649300000,1787649780000,-1,0.025921407599999998,0.026368636600000002,opposite_break,-18.261894932742926,0.0
1787649780000,1787650200000,1,0.026368636600000002,0.026417358,confirmed_pivot,0.8467788091856256,0.0
1787650200000,1787651400000,-1,0.026417358,0.0266706668,opposite_break,-10.59352007873009,0.0
1787651400000,1787651520000,1,0.0266706668,0.0265353462,confirmed_pivot,-6.071224529714378,0.0
1787651520000,1787652720000,-1,0.0265353462,0.026532653,confirmed_pivot,-0.8984544396107887,0.0
1787652720000,1787653500000,1,0.026532653,0.0270652932,confirmed_pivot,19.064856684327804,0.0
1787653500000,1787654520000,-1,0.0270652932,0.0275447542,opposite_break,-18.723832768233247,0.0
1787654520000,1787656140000,1,0.0275447542,0.0270502947,opposite_break,-18.94215576082356,0.0
1787656140000,1787656380000,-1,0.0270502947,0.0270557053,confirmed_pivot,-1.2001200120011422,0.0
1787656380000,1787656500000,1,0.0270557053,0.0270032994,opposite_break,-2.9359945146209157,0.0
1787656500000,1787656680000,-1,0.0270032994,0.027022702,confirmed_pivot,-1.7188862743194744,0.0
1787656680000,1787657340000,1,0.027022702,0.0268553142,opposite_break,-7.191242685501927,0.0
1787657340000,1787657520000,-1,0.0268553142,0.0269576955,confirmed_pivot,-4.814235420488923,0.0
1787657520000,1787658000000,1,0.0269576955,0.0270142983,confirmed_pivot,1.0986400191366366,0.0
1787658000000,1787658960000,-1,0.0270142983,0.0269946992,confirmed_pivot,-0.2741288582720673,0.0
1787658960000,1787659920000,1,0.0269946992,0.027089290800000002,confirmed_pivot,2.451880330639231,-0.050448163541677846
1787659920000,1787662200000,-1,0.027089290800000002,0.027082708,confirmed_pivot,-0.7568747203968228,0.0
1787662200000,1787663520000,1,0.027082708,0.027007299,confirmed_pivot,-3.783004398969334,0.0
1787663520000,1787663880000,-1,0.027007299,0.026976697400000003,confirmed_pivot,0.13365282474177653,0.0
1787663880000,1787664180000,1,0.026976697400000003,0.0268743123,opposite_break,-4.793418665473903,0.0
1787664180000,1787665440000,-1,0.0268743123,0.026821681899999998,confirmed_pivot,0.9593697733431228,0.0
1787665440000,1787665560000,1,0.026821681899999998,0.026747325,opposite_break,-3.770882222341145,0.0
1787665560000,1787665680000,-1,0.026747325,0.0268536851,confirmed_pivot,-4.978464390364313,0.0
1787665680000,1787666160000,1,0.0268536851,0.0270422955,confirmed_pivot,6.020120110070131,0.0
1787666160000,1787666940000,-1,0.0270422955,0.0272247222,opposite_break,-7.749349860110742,0.0
1787666940000,1787667120000,1,0.0272247222,0.027215278199999998,confirmed_pivot,-1.346717146667554,0.0
1787667120000,1787668140000,-1,0.027215278199999998,0.0272607258,opposite_break,-2.6707646148552553,0.0
1787668140000,1787668800000,1,0.0272607258,0.026947305,opposite_break,-12.491406791524183,0.0
1787668800000,1787669820000,-1,0.026947305,0.0272887286,opposite_break,-13.676381248514387,0.0
1787669820000,1787670000000,1,0.0272887286,0.027277271999999998,confirmed_pivot,-1.4196190987073338,0.0
1787670000000,1787672160000,-1,0.027277271999999998,0.027535753299999997,opposite_break,-10.480806608886638,0.0
1787672160000,1787672460000,1,0.027535753299999997,0.0276212376,confirmed_pivot,2.1029315566247564,0.0
1787672460000,1787672580000,-1,0.0276212376,0.028312830999999997,opposite_break,-26.050984561966033,0.0
1787672580000,1787673720000,1,0.028312830999999997,0.0280311966,confirmed_pivot,-11.315257193461077,-0.37299522749950376
1787673720000,1787676480000,-1,0.0280311966,0.027470746799999998,confirmed_pivot,19.00378481523694,0.0
1787676480000,1787677500000,1,0.027470746799999998,0.0295380459,confirmed_pivot,74.21693769351779,0.0
1787677500000,1787678040000,-1,0.0295380459,0.029939993699999997,opposite_break,-14.61460318876397,0.0
1787678040000,1787679240000,1,0.029939993699999997,0.0308949102,confirmed_pivot,30.878398215895533,0.0
1787679240000,1787679900000,-1,0.0308949102,0.031507150399999996,opposite_break,-20.82677133983046,0.0
1787679900000,1787680020000,1,0.031507150399999996,0.0310488948,confirmed_pivot,-15.537223023507558,0.0
1787680020000,1787680320000,-1,0.0310488948,0.0318641861,opposite_break,-27.27143255514513,0.0
1787680320000,1787680380000,1,0.0318641861,0.0314808516,confirmed_pivot,-13.024246643161517,0.0
1787680380000,1787681040000,-1,0.0314808516,0.0325072504,opposite_break,-33.620210293167595,0.0
1787681040000,1787682060000,1,0.0325072504,0.032776721999999994,confirmed_pivot,7.285439736853118,0.0
1787682060000,1787683260000,-1,0.032776721999999994,0.0327312728,confirmed_pivot,0.38732374152582283,0.0
1787683260000,1787684820000,1,0.0327312728,0.033706628999999995,confirmed_pivot,28.78400894633075,0.0
1787684820000,1787685060000,-1,0.033706628999999995,0.0361586155,opposite_break,-73.78130640860002,0.0
1787685060000,1787685660000,1,0.0361586155,0.0353624634,confirmed_pivot,-23.007314520933356,0.0
1787685660000,1787685840000,-1,0.0353624634,0.0355285525,opposite_break,-5.699111107457395,0.0
1787685840000,1787685960000,1,0.0355285525,0.0353374659,confirmed_pivot,-6.375706108488408,0.0
1787685960000,1787686620000,-1,0.0353374659,0.036080607699999996,opposite_break,-22.04037038207654,0.0
1787686620000,1787690460000,1,0.036080607699999996,0.0345345462,opposite_break,-44.380110929295526,-0.5513292718847416
1787690460000,1787692200000,-1,0.0345345462,0.034561455799999995,confirmed_pivot,-1.7795977582584448,0.0
1787692200000,1787693700000,1,0.034561455799999995,0.0354134583,confirmed_pivot,23.6394857808624,0.0
1787693700000,1787695680000,-1,0.0354134583,0.039543954,opposite_break,-117.69464509344462,0.0
1787695680000,1787696220000,1,0.039543954,0.0425827413,confirmed_pivot,75.80739023593843,0.0
1787696220000,1787698800000,-1,0.0425827413,0.044193418899999996,confirmed_pivot,-38.84356970930848,0.0
1787698800000,1787699460000,1,0.044193418899999996,0.0447945201,confirmed_pivot,12.594799052761278,0.0
1787699460000,1787699940000,-1,0.0447945201,0.0452835279,opposite_break,-11.922146343074749,0.0
1787699940000,1787700120000,1,0.0452835279,0.045235476000000004,confirmed_pivot,-2.060603629559491,0.0
1787700120000,1787700240000,-1,0.045235476000000004,0.045928592399999996,opposite_break,-16.330068776108202,0.0
1787700240000,1787700480000,1,0.045928592399999996,0.0460213974,confirmed_pivot,1.0196263950819746,0.0
1787700480000,1787704380000,-1,0.0460213974,0.043616361199999995,confirmed_pivot,53.001341381016,1.7161250677016604
1787704380000,1787704860000,1,0.043616361199999995,0.0402879708,opposite_break,-77.27243798595451,0.0
1787704860000,1787705040000,-1,0.0402879708,0.0409850981,confirmed_pivot,-18.31226095035781,0.0
1787705040000,1787705760000,1,0.0409850981,0.0426427353,confirmed_pivot,39.42465330588044,0.0
1787705760000,1787706720000,-1,0.0426427353,0.0429432939,confirmed_pivot,-8.05181966364152,0.0
1787706720000,1787709000000,1,0.0429432939,0.0436236372,confirmed_pivot,14.834908471005853,0.0
1787709000000,1787709300000,-1,0.0436236372,0.042454245,confirmed_pivot,25.819792461046802,0.0
1787709300000,1787709540000,1,0.042454245,0.041753824200000005,opposite_break,-17.49000210932963,0.0
1787709540000,1787711820000,-1,0.041753824200000005,0.036193618999999996,confirmed_pivot,132.2329531291174,0.0
1787711820000,1787713320000,1,0.036193618999999996,0.035066493,opposite_break,-32.12599591104717,0.0
1787713320000,1787713440000,-1,0.035066493,0.0353365333,confirmed_pivot,-8.704657553009454,0.0
1787713440000,1787713560000,1,0.0353365333,0.0346415355,opposite_break,-20.65813384132958,0.0
1787713560000,1787714400000,-1,0.0346415355,0.0355615558,confirmed_pivot,-27.571579373264143,0.0
1787714400000,1787715420000,1,0.0355615558,0.035246475,confirmed_pivot,-9.855722212243569,0.0
1787715420000,1787716020000,-1,0.035246475,0.03560356,confirmed_pivot,-11.13614957240405,0.0
1787716020000,1787717160000,1,0.03560356,0.03777122250000001,confirmed_pivot,59.01751397080818,-0.8353521119657696
1787717160000,1787717880000,-1,0.03777122250000001,0.03843884349999999,opposite_break,-18.684225351720777,0.0
1787717880000,1787718060000,1,0.03843884349999999,0.0380031993,confirmed_pivot,-12.327769991310864,0.0
1787718060000,1787719260000,-1,0.0380031993,0.033650364700000004,confirmed_pivot,113.59590501634408,0.0
1787719260000,1787719860000,1,0.033650364700000004,0.0344445552,confirmed_pivot,22.589444329261397,0.0
1787719860000,1787720220000,-1,0.0344445552,0.0347474744,confirmed_pivot,-9.798797308899532,0.0
1787720220000,1787720400000,1,0.0347474744,0.0345835413,confirmed_pivot,-5.715483248186792,0.0
1787720400000,1787721060000,-1,0.0345835413,0.035558555500000005,opposite_break,-29.207108654312563,0.0
1787721060000,1787721180000,1,0.035558555500000005,0.0350384958,confirmed_pivot,-15.618132340893476,0.0
1787721180000,1787721720000,-1,0.0350384958,0.0359785975,opposite_break,-27.843953468173744,0.0
1787721720000,1787721960000,1,0.0359785975,0.0357134283,confirmed_pivot,-8.366507696693802,0.0
1787721960000,1787722500000,-1,0.0357134283,0.0349724969,confirmed_pivot,19.75695056416652,0.0
1787722500000,1787723880000,1,0.0349724969,0.0352784718,confirmed_pivot,7.74464049348463,0.0
1787723880000,1787724660000,-1,0.0352784718,0.0340944091,confirmed_pivot,32.5801034145136,0.0
1787724660000,1787725440000,1,0.0340944091,0.0339966,opposite_break,-3.8673380190653797,0.0
1787725440000,1787727120000,-1,0.0339966,0.034293429,confirmed_pivot,-9.735503388574106,0.0
1787727120000,1787728020000,1,0.034293429,0.0349435053,confirmed_pivot,17.946815200369624,0.0
1787728020000,1787729220000,-1,0.0349435053,0.0353155312,opposite_break,-11.651819551429009,0.0
1787729220000,1787729760000,1,0.0353155312,0.0349435053,confirmed_pivot,-11.529075293931957,0.0
1787729760000,1787730120000,-1,0.0349435053,0.0355525549,opposite_break,-18.4382655537423,0.0
1787730120000,1787730240000,1,0.0355525549,0.0353844612,confirmed_pivot,-5.72567031040564,0.0
1787730240000,1787730420000,-1,0.0353844612,0.0361566153,opposite_break,-22.832752311345025,0.0
1787730420000,1787731020000,1,0.0361566153,0.0371352861,confirmed_pivot,26.054010904610248,0.0
1787731020000,1787732880000,-1,0.0371352861,0.0389318928,opposite_break,-49.04037791923466,0.3638540694345156
1787732880000,1787734560000,1,0.0389318928,0.036946305,opposite_break,-51.976072915211574,0.0
1787734560000,1787734680000,-1,0.036946305,0.0372417238,confirmed_pivot,-8.99989361317735,0.0
1787734680000,1787735640000,1,0.0372417238,0.037968202799999996,confirmed_pivot,18.4973724739346,0.0
1787735640000,1787736420000,-1,0.037968202799999996,0.0360726069,confirmed_pivot,48.950841970060225,0.0
1787736420000,1787738520000,1,0.0360726069,0.036045395099999995,confirmed_pivot,-1.75398471131852,0.0
1787738520000,1787738700000,-1,0.036045395099999995,0.0362026199,opposite_break,-5.364036292669412,0.0
1787738700000,1787738820000,1,0.0362026199,0.0361373859,confirmed_pivot,-2.8010128322233463,0.0
1787738820000,1787739480000,-1,0.0361373859,0.036683667999999996,opposite_break,-16.1243712692012,0.0
1787739480000,1787739660000,1,0.036683667999999996,0.0365253471,confirmed_pivot,-5.313683668437809,0.0
1787739660000,1787739780000,-1,0.0365253471,0.0367086705,opposite_break,-6.021582989966919,0.0
1787739780000,1787740860000,1,0.0367086705,0.0369053091,confirmed_pivot,4.354056086013795,0.0
1787740860000,1787742240000,-1,0.0369053091,0.0355685565,confirmed_pivot,35.239256868871415,0.0
1787742240000,1787742360000,1,0.0355685565,0.0351084888,opposite_break,-13.928207141327311,0.0
1787742360000,1787742540000,-1,0.0351084888,0.0354365433,confirmed_pivot,-10.348694246560706,0.0
1787742540000,1787744520000,1,0.0354365433,0.0360923904,confirmed_pivot,17.49839502968684,0.0
1787744520000,1787744640000,-1,0.0360923904,0.0363396336,opposite_break,-7.853711235485164,0.0
1787744640000,1787744820000,1,0.0363396336,0.0361633833,confirmed_pivot,-5.847659632154351,0.0
1787744820000,1787745840000,-1,0.0361633833,0.0367886785,opposite_break,-18.03499871487966,0.2644846440238903
1787745840000,1787747460000,1,0.0367886785,0.0373052691,confirmed_pivot,13.035087036355637,0.0
1787747460000,1787748600000,-1,0.0373052691,0.0374917488,confirmed_pivot,-6.001249001846732,0.0
1787748600000,1787749260000,1,0.0374917488,0.038181181499999994,confirmed_pivot,17.37972369136305,0.0
1787749260000,1787750580000,-1,0.038181181499999994,0.0376107607,confirmed_pivot,13.947311423560635,0.0
1787750580000,1787752140000,1,0.0376107607,0.0407169279,confirmed_pivot,81.54590065762737,0.0
1787752140000,1787752260000,-1,0.0407169279,0.0412581254,opposite_break,-14.298353453380258,0.0
1787752260000,1787752440000,1,0.0412581254,0.041155884000000004,confirmed_pivot,-3.4768522153940222,0.0
1787752440000,1787752920000,-1,0.041155884000000004,0.0404220418,confirmed_pivot,16.83971208345327,0.0
1787752920000,1787753400000,1,0.0404220418,0.038820117599999995,opposite_break,-40.610152446579455,0.0
1787753400000,1787754060000,-1,0.038820117599999995,0.0375727569,confirmed_pivot,31.147877376600178,0.0
1787754060000,1787755020000,1,0.0375727569,0.035709428700000004,opposite_break,-50.567737093574664,0.0
1787755020000,1787756580000,-1,0.035709428700000004,0.0346054602,confirmed_pivot,29.930780033733875,0.0
1787756580000,1787757780000,1,0.0346054602,0.032874712199999996,opposite_break,-50.98871900567888,0.0
1787757780000,1787758560000,-1,0.032874712199999996,0.03479547919999999,opposite_break,-59.456097556345966,0.0
1787758560000,1787759400000,1,0.03479547919999999,0.0356154381,confirmed_pivot,22.55331610291511,0.0
1787759400000,1787760060000,-1,0.0356154381,0.036579657599999996,opposite_break,-27.857907295825036,0.22870629689095412
1787760060000,1787762040000,1,0.036579657599999996,0.0354024594,opposite_break,-33.16568109429196,0.0
1787762040000,1787762160000,-1,0.0354024594,0.0356555652,confirmed_pivot,-8.152959347790404,0.0
1787762160000,1787762760000,1,0.0356555652,0.035146485,opposite_break,-15.270581802472861,0.0
1787762760000,1787764140000,-1,0.035146485,0.0358125809,opposite_break,-19.961467923463857,0.0
1787764140000,1787765400000,1,0.0358125809,0.0352884708,confirmed_pivot,-15.627486536442353,0.0
1787765400000,1787767920000,-1,0.0352884708,0.0348344831,confirmed_pivot,11.871475684630642,0.0
1787767920000,1787768880000,1,0.0348344831,0.0347895207,confirmed_pivot,-2.29009862643838,0.0
1787768880000,1787768940000,-1,0.0347895207,0.0351575154,confirmed_pivot,-11.583034486876356,0.0
1787768940000,1787769600000,1,0.0351575154,0.0344385558,opposite_break,-21.43944550757416,0.0
1787769600000,1787770200000,-1,0.0344385558,0.0337153712,confirmed_pivot,20.00977162056264,0.0
1787770200000,1787771220000,1,0.0337153712,0.0334096587,opposite_break,-10.06291797700864,0.0
1787771220000,1787771340000,-1,0.0334096587,0.0335623559,confirmed_pivot,-5.572735985477245,0.0
1787771340000,1787771460000,1,0.0335623559,0.0331486848,opposite_break,-13.319286097851037,0.0
1787771460000,1787771760000,-1,0.0331486848,0.0331673164,confirmed_pivot,-1.5623425457893036,0.0
1787771760000,1787772600000,1,0.0331673164,0.0330336963,opposite_break,-5.02665347836228,0.0
1787772600000,1787772660000,-1,0.0330336963,0.033213321000000004,confirmed_pivot,-6.440339183296471,0.0
1787772660000,1787772840000,1,0.033213321000000004,0.0331816815,confirmed_pivot,-1.9521384582410968,0.0
1787772840000,1787773860000,-1,0.0331816815,0.0331623159,confirmed_pivot,-0.41608496242137444,0.0
1787773860000,1787775060000,1,0.0331623159,0.0337826214,confirmed_pivot,17.287431629586347,-0.40834791486923866
1787775060000,1787776260000,-1,0.0337826214,0.0333013298,confirmed_pivot,13.253844901449712,0.0
1787776260000,1787776440000,1,0.0333013298,0.0332056791,confirmed_pivot,-3.8708425526598087,0.0
1787776440000,1787776740000,-1,0.0332056791,0.0331543151,confirmed_pivot,0.5476172568325857,0.0
1787776740000,1787778060000,1,0.0331543151,0.032891710500000004,confirmed_pivot,-8.916716026505815,0.0
1787778060000,1787778300000,-1,0.032891710500000004,0.0335203517,opposite_break,-20.12200706618754,0.0
1787778300000,1787778420000,1,0.0335203517,0.033166682999999995,confirmed_pivot,-11.545589402333263,0.0
1787778420000,1787779500000,-1,0.033166682999999995,0.032663266,confirmed_pivot,14.185983732530389,0.0
1787779500000,1787781660000,1,0.032663266,0.032729726699999996,confirmed_pivot,1.0337056817892254,0.0
1787781660000,1787782440000,-1,0.032729726699999996,0.0326462643,confirmed_pivot,1.5513238153619486,0.0
1787782440000,1787783580000,1,0.0326462643,0.033076692,confirmed_pivot,12.178000465737808,0.0
1787783580000,1787784420000,-1,0.033076692,0.032888288499999994,confirmed_pivot,4.698807539460216,0.0
1787784420000,1787785140000,1,0.032888288499999994,0.0327077289,opposite_break,-6.487343015736374,0.0
1787785140000,1787785860000,-1,0.0327077289,0.0317141711,confirmed_pivot,29.392039200862886,0.0
1787785860000,1787787120000,1,0.0317141711,0.032277771899999995,confirmed_pivot,16.762374990781147,0.0
1787787120000,1787787660000,-1,0.032277771899999995,0.0322372234,confirmed_pivot,0.2568641471189701,0.0
1787787660000,1787787840000,1,0.0322372234,0.0321747822,confirmed_pivot,-2.935960136070499,0.0
1787787840000,1787788680000,-1,0.0321747822,0.0317841781,confirmed_pivot,11.146139781794826,0.0
1787788680000,1787789520000,1,0.0317841781,0.0317008296,confirmed_pivot,-3.937764335331255,-0.3167487631212336
1787789520000,1787790360000,-1,0.0317008296,0.032971296799999994,opposite_break,-41.09681922015041,0.0
1787790360000,1787790480000,1,0.032971296799999994,0.0322427754,confirmed_pivot,-23.084576888707467,0.0
1787790480000,1787791680000,-1,0.0322427754,0.030033003,confirmed_pivot,67.56969534328614,0.0
1787791680000,1787792880000,1,0.030033003,0.030442955400000003,confirmed_pivot,12.643238533289646,0.0
1787792880000,1787794200000,-1,0.030442955400000003,0.0305740571,confirmed_pivot,-5.3086240848349755,0.0
1787794200000,1787795400000,1,0.0305740571,0.030299969700000002,confirmed_pivot,-9.960222563985388,0.0
1787795400000,1787796660000,-1,0.030299969700000002,0.0298279825,confirmed_pivot,14.584939466127674,0.0
1787796660000,1787797440000,1,0.0298279825,0.0310278969,confirmed_pivot,39.20769566966193,0.0
1787797440000,1787798640000,-1,0.0310278969,0.030249024599999997,confirmed_pivot,24.11487448412928,0.0
1787798640000,1787799660000,1,0.030249024599999997,0.030512948400000003,confirmed_pivot,7.720672536991705,0.0
1787799660000,1787801340000,-1,0.030512948400000003,0.0306940691,opposite_break,-6.938831540448425,0.0
1787801340000,1787804280000,1,0.0306940691,0.0303419655,opposite_break,-12.515258389119774,-0.04960529980692589
1787804280000,1787804400000,-1,0.0303419655,0.0304690466,confirmed_pivot,-5.190389068565745,0.0
1787804400000,1787805060000,1,0.0304690466,0.030546945000000002,confirmed_pivot,1.5553622278421315,0.0
1787805060000,1787806920000,-1,0.030546945000000002,0.030550054700000003,opposite_break,-1.1018515877774382,0.0
1787806920000,1787807040000,1,0.030550054700000003,0.0304659531,confirmed_pivot,-3.7515351453692865,0.0
1787807040000,1787807700000,-1,0.0304659531,0.030288028499999998,confirmed_pivot,4.843032768930526,0.0
1787807700000,1787807940000,1,0.030288028499999998,0.0301899807,opposite_break,-4.235561406712135,0.0
1787807940000,1787809860000,-1,0.0301899807,0.0304510448,opposite_break,-9.65169920595543,0.0
1787809860000,1787810160000,1,0.0304510448,0.0303649632,confirmed_pivot,-3.8254714990928442,0.0
1787810160000,1787811540000,-1,0.0303649632,0.0308140811,opposite_break,-15.798057089362796,0.0
1787811540000,1787811720000,1,0.0308140811,0.0307599237,confirmed_pivot,-2.7566748501872733,0.0
1787811720000,1787812500000,-1,0.0307599237,0.031023102,opposite_break,-9.560160672635213,0.0
1787812500000,1787812920000,1,0.031023102,0.0311908806,confirmed_pivot,4.405478494703655,0.0
1787812920000,1787813700000,-1,0.0311908806,0.0317551752,opposite_break,-19.100699192827566,0.0
1787813700000,1787814600000,1,0.0317551752,0.0324397557,confirmed_pivot,20.547297580332792,0.0
1787814600000,1787815920000,-1,0.0324397557,0.0314391436,confirmed_pivot,29.860664158762642,0.0
1787815920000,1787816580000,1,0.0314391436,0.0313358661,opposite_break,-4.283354742843523,0.0
1787816580000,1787817180000,-1,0.0313358661,0.031418141499999996,confirmed_pivot,-3.6269112025596164,0.0
1787817180000,1787818080000,1,0.031418141499999996,0.031484851200000004,confirmed_pivot,0.9181327719371143,-0.20409158528680002
1787818080000,1787818800000,-1,0.031484851200000004,0.0313641361,confirmed_pivot,2.8359862901305926,0.0
1787818800000,1787820420000,1,0.0313641361,0.030187980899999998,opposite_break,-38.48125306725743,0.0
1787820420000,1787820540000,-1,0.030187980899999998,0.030423041999999997,confirmed_pivot,-8.790472351531122,0.0
1787820540000,1787822760000,1,0.030423041999999997,0.0319628034,confirmed_pivot,49.586378551494164,0.0
1787822760000,1787823660000,-1,0.0319628034,0.032163216,opposite_break,-7.273317261651652,0.0
1787823660000,1787824140000,1,0.032163216,0.0323357661,confirmed_pivot,4.362144909576263,0.0
1787824140000,1787825580000,-1,0.0323357661,0.0311211118,confirmed_pivot,36.58258342764308,0.0
1787825580000,1787828040000,1,0.0311211118,0.0310488948,confirmed_pivot,-3.3193545257595654,0.0
1787828040000,1787829960000,-1,0.0310488948,0.0309650962,opposite_break,1.7002732251841888,0.0
1787829960000,1787831460000,1,0.0309650962,0.0316178379,confirmed_pivot,20.069378403868832,0.0
1787831460000,1787831580000,-1,0.0316178379,0.0321502147,opposite_break,-17.8462812063439,0.0
1787831580000,1787831940000,1,0.0321502147,0.031749824700000005,confirmed_pivot,-13.447500233956246,0.0
1787831940000,1787834820000,-1,0.031749824700000005,0.0322262223,opposite_break,-15.963068403964998,0.04916562578690395
1787834820000,1787835660000,1,0.0322262223,0.0328837113,confirmed_pivot,19.392097136995083,0.0
1787835660000,1787837520000,-1,0.0328837113,0.032673267,confirmed_pivot,5.402851558607411,0.0
1787837520000,1787838780000,1,0.032673267,0.033789620699999995,confirmed_pivot,33.150105747000936,0.0
1787838780000,1787839320000,-1,0.033789620699999995,0.0336093606,confirmed_pivot,4.337444644650774,0.0
1787839320000,1787839800000,1,0.0336093606,0.0336626334,confirmed_pivot,0.5842658904972975,0.0
1787839800000,1787840640000,-1,0.0336626334,0.0333393336,confirmed_pivot,8.608916986868973,0.0
1787840640000,1787842560000,1,0.0333393336,0.033947604900000004,confirmed_pivot,17.235732352790777,0.0
1787842560000,1787844000000,-1,0.033947604900000004,0.034263426,opposite_break,-10.307843999032617,0.0
1787844000000,1787844240000,1,0.034263426,0.033905609100000005,confirmed_pivot,-11.437893500492189,0.0
1787844240000,1787844540000,-1,0.033905609100000005,0.0338783875,confirmed_pivot,-0.19673435980237403,0.0
1787844540000,1787844900000,1,0.0338783875,0.034221577499999996,confirmed_pivot,9.12499207643791,0.0
1787844900000,1787845020000,-1,0.034221577499999996,0.034503450000000005,opposite_break,-9.240807608883873,0.0
1787845020000,1787845140000,1,0.034503450000000005,0.0344185578,confirmed_pivot,-3.4591672397979254,0.0
1787845140000,1787845260000,-1,0.0344185578,0.0346974694,opposite_break,-9.107575495217317,0.0
1787845260000,1787845380000,1,0.0346974694,0.0344475549,confirmed_pivot,-8.19907091408795,0.0
1787845380000,1787847480000,-1,0.0344475549,0.0334373434,opposite_break,28.59049509752007,0.24975934184518853
1787847480000,1787847600000,1,0.0334373434,0.0332326764,confirmed_pivot,-7.1178504539926655,0.0
1787847600000,1787848200000,-1,0.0332326764,0.0331353132,confirmed_pivot,1.9312078397633603,0.0
1787848200000,1787849160000,1,0.0331353132,0.0335496447,confirmed_pivot,11.497975551050372,0.0
1787849160000,1787849580000,-1,0.0335496447,0.0339943991,opposite_break,-14.263233669953111,0.0
1787849580000,1787849880000,1,0.0339943991,0.0350424954,confirmed_pivot,29.816024980126667,0.0
1787849880000,1787850120000,-1,0.0350424954,0.035575557199999996,opposite_break,-16.219473522424952,0.0
1787850120000,1787850360000,1,0.035575557199999996,0.0355624434,confirmed_pivot,-1.3684339510499333,0.0
1787850360000,1787852700000,-1,0.0355624434,0.0350035,confirmed_pivot,14.725096990945163,0.0
1787852700000,1787853720000,1,0.0350035,0.03459654,opposite_break,-12.62045281186161,0.0
1787853720000,1787853780000,-1,0.03459654,0.0347504747,confirmed_pivot,-5.451649423612791,0.0
1787853780000,1787860740000,1,0.0347504747,0.034470552599999996,confirmed_pivot,-9.051174591580565,0.0
1787860740000,1787860920000,-1,0.034470552599999996,0.034707470399999996,opposite_break,-7.679037986179542,0.19744762316343026
1787860920000,1787860980000,1,0.034707470399999996,0.0344185578,confirmed_pivot,-9.32005733555265,0.0
1787860980000,1787862300000,-1,0.0344185578,0.0344174414,opposite_break,-0.9675477919065861,0.0
1787862300000,1787862600000,1,0.0344174414,0.0344375559,confirmed_pivot,-0.4158646914990791,0.0
1787862600000,1787864760000,-1,0.0344375559,0.0341384135,confirmed_pivot,7.690859829573464,0.0
1787864760000,1787864940000,1,0.0341384135,0.0340635933,opposite_break,-3.1905760178339557,0.0
1787864940000,1787865060000,-1,0.0340635933,0.0340964093,confirmed_pivot,-1.9638562705596303,0.0
1787865060000,1787866080000,1,0.0340964093,0.034052594400000004,confirmed_pivot,-2.2843872257831657,0.0
1787866080000,1787867040000,-1,0.034052594400000004,0.0341674164,confirmed_pivot,-4.373587623032728,0.0
1787867040000,1787867700000,1,0.0341674164,0.0340025994,opposite_break,-5.8213944411669845,0.0
1787867700000,1787867820000,-1,0.0340025994,0.0340374034,confirmed_pivot,-2.02408058837994,0.0
1787867820000,1787868840000,1,0.0340374034,0.0340695927,confirmed_pivot,-0.05476910292167059,0.0
1787868840000,1787871660000,-1,0.0340695927,0.0337883785,confirmed_pivot,7.258238059300239,0.0
1787871660000,1787872200000,1,0.0337883785,0.0336136383,opposite_break,-6.169020759608286,0.0
1787872200000,1787873580000,-1,0.0336136383,0.033652364899999995,confirmed_pivot,-2.1526857924212552,0.0
1787873580000,1787873760000,1,0.033652364899999995,0.0336216375,confirmed_pivot,-1.9126263901884855,0.0
1787873760000,1787874840000,-1,0.0336216375,0.0335443541,confirmed_pivot,1.2997702506310937,0.0
1787874840000,1787875740000,1,0.0335443541,0.033936606,confirmed_pivot,10.261574697603175,-0.42610820966739077
1787875740000,1787877060000,-1,0.033936606,0.0340594056,opposite_break,-4.620308990239062,0.0
1787877060000,1787877660000,1,0.0340594056,0.033863613300000005,confirmed_pivot,-6.745678775145661,0.0
1787877660000,1787878080000,-1,0.033863613300000005,0.033792378899999996,confirmed_pivot,1.104619390985329,0.0
1787878080000,1787879400000,1,0.033792378899999996,0.0341105886,confirmed_pivot,8.411903082975977,0.0
1787879400000,1787880540000,-1,0.0341105886,0.0341454142,opposite_break,-2.0214720481253523,0.0
1787880540000,1787880660000,1,0.0341454142,0.033936606,confirmed_pivot,-7.112205717510391,0.0
1787880660000,1787880900000,-1,0.033936606,0.0339663963,confirmed_pivot,-1.8782609301000468,0.0
1787880900000,1787881320000,1,0.0339663963,0.034033596299999996,confirmed_pivot,0.9774367409119709,0.0
1787881320000,1787882760000,-1,0.034033596299999996,0.0340154012,confirmed_pivot,-0.46511096301647603,0.0
1787882760000,1787882940000,1,0.0340154012,0.033977601899999994,confirmed_pivot,-2.1106851313577635,0.0
1787882940000,1787883780000,-1,0.033977601899999994,0.033913391,confirmed_pivot,0.8907457224046542,0.0
1787883780000,1787884200000,1,0.033913391,0.0335456451,opposite_break,-11.838256399957196,0.0
1787884200000,1787885820000,-1,0.0335456451,0.0331773174,confirmed_pivot,9.985386113501722,0.0
1787885820000,1787887500000,1,0.0331773174,0.035686431,confirmed_pivot,74.58956659949831,0.0
1787887500000,1787887620000,-1,0.035686431,0.0359725969,opposite_break,-9.02290884594212,0.0
1787887620000,1787887740000,1,0.0359725969,0.0350604936,confirmed_pivot,-26.342825564812127,0.0
1787887740000,1787887920000,-1,0.0350604936,0.0352625259,confirmed_pivot,-6.765272972369158,0.0
1787887920000,1787890200000,1,0.0352625259,0.0373382658,confirmed_pivot,57.57531129812791,-0.26057686069505304
1787890200000,1787890440000,-1,0.0373382658,0.037966796299999994,opposite_break,-17.841831075346704,0.0
1787890440000,1787890800000,1,0.037966796299999994,0.0375732423,confirmed_pivot,-11.360558733790173,0.0
1787890800000,1787891400000,-1,0.0375732423,0.038813880999999995,opposite_break,-34.03571753108988,0.0
1787891400000,1787892000000,1,0.038813880999999995,0.0384941502,confirmed_pivot,-9.2334187246051,0.0
1787892000000,1787892240000,-1,0.0384941502,0.0390299026,opposite_break,-14.924720338416481,0.0
1787892240000,1787892840000,1,0.0390299026,0.03922107750000001,confirmed_pivot,3.8957158440361406,0.0
1787892840000,1787893560000,-1,0.03922107750000001,0.0389568953,confirmed_pivot,5.739087958509154,0.0
1787893560000,1787895480000,1,0.0389568953,0.040198979700000005,confirmed_pivot,30.867615430842683,0.0
1787895480000,1787896020000,-1,0.040198979700000005,0.0406610657,opposite_break,-12.500715850258096,0.0
1787896020000,1787896500000,1,0.0406610657,0.0406269369,confirmed_pivot,-1.838928715043446,0.0
1787896500000,1787896980000,-1,0.0406269369,0.0413291325,opposite_break,-18.292632706454345,0.0
1787896980000,1787898600000,1,0.0413291325,0.043787620799999996,confirmed_pivot,58.45585854844639,0.0
1787898600000,1787898960000,-1,0.043787620799999996,0.0441754171,opposite_break,-9.860728010826447,0.0
1787898960000,1787900160000,1,0.0441754171,0.0429277068,opposite_break,-29.230326428542153,0.0
1787900160000,1787900400000,-1,0.0429277068,0.0432603256,confirmed_pivot,-8.75222191463541,0.0
1787900400000,1787901540000,1,0.0432603256,0.0460113984,confirmed_pivot,62.56164049768494,0.0
1787901540000,1787902500000,-1,0.0460113984,0.0456385634,confirmed_pivot,7.107152368140193,0.0
1787902500000,1787903640000,1,0.0456385634,0.0462023793,confirmed_pivot,11.347759220878553,0.0
1787903640000,1787904180000,-1,0.0462023793,0.047238723399999995,opposite_break,-22.91435654700138,0.5273940242726851
1787904180000,1787905500000,1,0.047238723399999995,0.0521807814,confirmed_pivot,103.56647884349913,0.0
1787905500000,1787909100000,-1,0.0521807814,0.0538543849,confirmed_pivot,-33.089214780329115,0.0
1787909100000,1787910180000,1,0.0538543849,0.0529017093,opposite_break,-18.680997823447445,0.0
1787910180000,1787910300000,-1,0.0529017093,0.0536473642,confirmed_pivot,-15.102147876155609,0.0
1787910300000,1787910900000,1,0.0536473642,0.0518658129,opposite_break,-34.19194802770937,0.0
1787910900000,1787911020000,-1,0.0518658129,0.0529942989,confirmed_pivot,-22.768679210270275,0.0
1787911020000,1787911920000,1,0.0529942989,0.0522237771,opposite_break,-15.53244132077762,0.0
1787911920000,1787912160000,-1,0.0522237771,0.0521172112,confirmed_pivot,1.0415831422120758,0.0
1787912160000,1787914620000,1,0.0521172112,0.0558034191,confirmed_pivot,69.69382093203792,0.0
1787914620000,1787914860000,-1,0.0558034191,0.0563536348,confirmed_pivot,-10.864822204953427,0.0
1787914860000,1787915340000,1,0.0563536348,0.0565703424,confirmed_pivot,2.843571882607253,0.0
1787915340000,1787916180000,-1,0.0565703424,0.0560866081,confirmed_pivot,7.555298529534859,0.0
1787916180000,1787916780000,1,0.0560866081,0.0555054489,opposite_break,-11.356636638898483,0.0
1787916780000,1787916960000,-1,0.0555054489,0.0562476242,confirmed_pivot,-14.37790077128809,0.0
1787916960000,1787919840000,1,0.0562476242,0.0581701824,confirmed_pivot,32.04249665417514,-1.1206693147085847
1787919840000,1787920320000,-1,0.0581701824,0.058745874,opposite_break,-10.901626951061397,0.0
1787920320000,1787920800000,1,0.058745874,0.059175081899999996,confirmed_pivot,6.3025264046628875,0.0
1787920800000,1787922180000,-1,0.059175081899999996,0.0595239518,opposite_break,-6.89850193261848,0.0
1787922180000,1787922540000,1,0.0595239518,0.0595600434,confirmed_pivot,-0.39396573800739965,0.0
1787922540000,1787922960000,-1,0.0595600434,0.0588728867,confirmed_pivot,10.542978129361078,0.0
1787922960000,1787923680000,1,0.0588728867,0.058164183,opposite_break,-13.0318433128573,0.0
1787923680000,1787923980000,-1,0.058164183,0.0591039098,confirmed_pivot,-17.164529696909845,0.0
1787923980000,1787928000000,1,0.0591039098,0.060371962200000004,confirmed_pivot,20.44390071805375,0.0
1787928000000,1787928600000,-1,0.060371962200000004,0.0610821076,opposite_break,-12.768715920583308,0.0
1787928600000,1787929200000,1,0.0610821076,0.061987800600000004,confirmed_pivot,13.82005433453652,0.0
1787929200000,1787929620000,-1,0.061987800600000004,0.0624502444,opposite_break,-8.463968997473943,0.0
1787929620000,1787931420000,1,0.0624502444,0.0630476946,opposite_break,8.562035835683536,0.0
1787931420000,1787932020000,-1,0.0630476946,0.0622072201,confirmed_pivot,12.337438308965442,0.0
1787932020000,1787932320000,1,0.0622072201,0.059174082,opposite_break,-49.73423898506596,0.0
1787932320000,1787934780000,-1,0.059174082,0.060767076100000005,confirmed_pivot,-26.892108131563436,1.041822115973003
1787934780000,1787935200000,1,0.060767076100000005,0.0609719022,confirmed_pivot,2.3689902507912937,0.0
1787935200000,1787935800000,-1,0.0609719022,0.062046204,opposite_break,-18.62843067244839,0.0
1787935800000,1787937600000,1,0.062046204,0.0625287465,confirmed_pivot,6.773259243224538,0.0
1787937600000,1787938380000,-1,0.0625287465,0.0614631457,confirmed_pivot,16.050295425320844,0.0
1787938380000,1787938500000,1,0.0614631457,0.0611968797,opposite_break,-5.329958448579717,0.0
1787938500000,1787938680000,-1,0.0611968797,0.061474146800000004,confirmed_pivot,-5.533004540589444,0.0
1787938680000,1787940360000,1,0.061474146800000004,0.0622127781,confirmed_pivot,11.009308347976837,0.0
1787940360000,1787941140000,-1,0.0622127781,0.0618701864,confirmed_pivot,4.509527243728707,0.0
1787941140000,1787941920000,1,0.0618701864,0.0609049089,opposite_break,-16.593857355018415,0.0
1787941920000,1787942820000,-1,0.0609049089,0.060627062100000004,confirmed_pivot,3.564258093816722,0.0
1787942820000,1787943720000,1,0.060627062100000004,0.060595939800000005,confirmed_pivot,-1.5130833949811093,0.0
1787943720000,1787944140000,-1,0.060595939800000005,0.061548154199999996,opposite_break,-16.722018840608712,0.0
1787944140000,1787944500000,1,0.061548154199999996,0.061929806399999995,confirmed_pivot,5.197771141283046,0.0
1787944500000,1787944620000,-1,0.061929806399999995,0.0620892083,opposite_break,-3.5751994107638874,0.0
1787944620000,1787947620000,1,0.0620892083,0.061683831,opposite_break,-8.554040030334797,-1.0283550933922925
1787947620000,1787947800000,-1,0.061683831,0.0620502044,confirmed_pivot,-6.942506824843638,0.0
1787947800000,1787949900000,1,0.0620502044,0.0631006893,confirmed_pivot,15.921131327489963,0.0
1787949900000,1787951640000,-1,0.0631006893,0.0632833277,opposite_break,-3.8958434721885706,0.0
1787951640000,1787951820000,1,0.0632833277,0.0630806913,confirmed_pivot,-4.200449299381541,0.0
1787951820000,1787954340000,-1,0.0630806913,0.0612541248,confirmed_pivot,27.970509764372355,0.0
1787954340000,1787957040000,1,0.0612541248,0.0622067787,confirmed_pivot,14.544709456856085,0.0
1787957040000,1787961780000,-1,0.0622067787,0.06340333969999999,opposite_break,-19.161373311715813,1.0834631115531463
1787961780000,1787962800000,1,0.06340333969999999,0.0615148479,opposite_break,-30.770475230975716,0.0
1787962800000,1787962920000,-1,0.0615148479,0.0618081802,confirmed_pivot,-5.770863883579518,0.0
1787962920000,1787963160000,1,0.0618081802,0.0613998594,opposite_break,-7.602955114993023,0.0
1787963160000,1787963220000,-1,0.0613998594,0.062426242,confirmed_pivot,-17.724725452710082,0.0
1787963220000,1787963940000,1,0.062426242,0.0625727421,confirmed_pivot,1.3455977047280083,0.0
1787963940000,1787964540000,-1,0.0625727421,0.0633773371,opposite_break,-13.86498354528729,0.0
1787964540000,1787965020000,1,0.0633773371,0.063113688,confirmed_pivot,-5.157910185374435,0.0
1787965020000,1787966460000,-1,0.063113688,0.06491449079999999,opposite_break,-29.546948506637527,0.0
1787966460000,1787967120000,1,0.06491449079999999,0.06473052630000001,confirmed_pivot,-3.8325342382564096,0.0
1787967120000,1787969940000,-1,0.06473052630000001,0.0604650459,confirmed_pivot,64.9289115064712,0.0
1787969940000,1787970900000,1,0.0604650459,0.0619728021,confirmed_pivot,23.92352894914451,0.0
1787970900000,1787972700000,-1,0.0619728021,0.0625992593,confirmed_pivot,-11.113637069187801,0.0
1787972700000,1787973540000,1,0.0625992593,0.0628027191,confirmed_pivot,2.2485699091969904,0.0
1787973540000,1787973900000,-1,0.0628027191,0.062776277,confirmed_pivot,-0.5787551649177574,0.0
1787973900000,1787975220000,1,0.062776277,0.062363763,opposite_break,-7.567890972572373,0.0
1787975220000,1787975400000,-1,0.062363763,0.0625802574,confirmed_pivot,-4.473213237629727,0.0
1787975400000,1787976780000,1,0.0625802574,0.063003699,confirmed_pivot,4.9424569209264835,-0.8205366617747405
1787976780000,1787977140000,-1,0.063003699,0.06355035440000001,opposite_break,-9.680898683425117,0.0
1787977140000,1787977800000,1,0.06355035440000001,0.0637676226,confirmed_pivot,2.417125961771117,0.0
1787977800000,1787978940000,-1,0.0637676226,0.0633853379,confirmed_pivot,4.9979630219113576,0.0
1787978940000,1787979900000,1,0.0633853379,0.0638446149,confirmed_pivot,6.242169509677632,0.0
1787979900000,1787980080000,-1,0.0638446149,0.064076407,opposite_break,-4.632381468871587,0.0
1787980080000,1787980200000,1,0.064076407,0.06362463689999999,confirmed_pivot,-8.04696527303743,0.0
1787980200000,1787982300000,-1,0.06362463689999999,0.0637403734,confirmed_pivot,-2.819961164289252,0.0
1787982300000,1787983920000,1,0.0637403734,0.0647295264,confirmed_pivot,14.510709629762015,0.0
1787983920000,1787984820000,-1,0.0647295264,0.0643694363,confirmed_pivot,4.565777552946869,0.0
1787984820000,1787985300000,1,0.0643694363,0.0637526241,opposite_break,-10.577585719823945,0.0
1787985300000,1787986020000,-1,0.0637526241,0.0629042898,confirmed_pivot,12.313310301057916,0.0
1787986020000,1787987220000,1,0.0629042898,0.0626767317,confirmed_pivot,-4.6157203534630336,0.0
1787987220000,1787988000000,-1,0.0626767317,0.0634753469,opposite_break,-13.748183989944568,0.0
1787988000000,1787990880000,1,0.0634753469,0.0634446549,confirmed_pivot,-2.3236382895608694,-0.840353746849708
1787990880000,1787991540000,-1,0.0634446549,0.063526352,confirmed_pivot,-2.2883346702544674,0.0
1787991540000,1787992800000,1,0.063526352,0.06326567279999999,confirmed_pivot,-5.1014295988537555,0.0
1787992800000,1787993460000,-1,0.06326567279999999,0.0628942888,confirmed_pivot,4.873164317316618,0.0
1787993460000,1787993580000,1,0.0628942888,0.0625607433,opposite_break,-6.300620034199421,0.0
1787993580000,1787993700000,-1,0.0625607433,0.0628292823,confirmed_pivot,-5.294598422714044,0.0
1787993700000,1787993940000,1,0.0628292823,0.0625287465,opposite_break,-5.780979840987319,0.0
1787993940000,1787994420000,-1,0.0625287465,0.0628012795,confirmed_pivot,-5.360702585010326,0.0
1787994420000,1787994900000,1,0.0628012795,0.06439356,confirmed_pivot,24.341591324584417,0.0
1787994900000,1787996160000,-1,0.06439356,0.06442744210000001,confirmed_pivot,-1.5264352685269653,0.0
1787996160000,1787999460000,1,0.06442744210000001,0.0666813312,confirmed_pivot,33.96587916610753,0.0
1787999460000,1788000720000,-1,0.0666813312,0.07114611389999999,opposite_break,-67.9904906060122,0.0
1788000720000,1788002700000,1,0.07114611389999999,0.07117488179999999,confirmed_pivot,-0.5958526126891651,0.0
1788002700000,1788003180000,-1,0.07117488179999999,0.0723112304,opposite_break,-16.97356743766315,0.0
1788003180000,1788004260000,1,0.0723112304,0.07247975129999999,confirmed_pivot,1.3293289108519515,0.0
1788004260000,1788005280000,-1,0.07247975129999999,0.0742894282,opposite_break,-24.825526161677125,1.154991927517831
1788005280000,1788005340000,1,0.0742894282,0.0734896503,confirmed_pivot,-11.760319878865252,0.0
1788005340000,1788006780000,-1,0.0734896503,0.07192319159999999,confirmed_pivot,20.32602241202948,0.0
1788006780000,1788007080000,1,0.07192319159999999,0.070952904,opposite_break,-14.483862918563732,0.0
1788007080000,1788007440000,-1,0.070952904,0.0711151108,confirmed_pivot,-3.287262314168406,0.0
1788007440000,1788008460000,1,0.0711151108,0.07243575569999999,confirmed_pivot,17.561239133300862,0.0
1788008460000,1788008700000,-1,0.07243575569999999,0.07275527479999999,confirmed_pivot,-5.413274307152685,0.0
1788008700000,1788008880000,1,0.07275527479999999,0.0724387554,confirmed_pivot,-5.348291462985344,0.0
1788008880000,1788009660000,-1,0.0724387554,0.07350234950000001,opposite_break,-15.690008009856134,0.0
1788009660000,1788009840000,1,0.07350234950000001,0.0726937299,confirmed_pivot,-11.995774906487913,0.0
1788009840000,1788011520000,-1,0.0726937299,0.07102210149999999,confirmed_pivot,22.006994090146605,0.0
1788011520000,1788012360000,1,0.07102210149999999,0.0722797713,confirmed_pivot,16.699292734952564,0.0
1788012360000,1788013320000,-1,0.0722797713,0.0735383531,opposite_break,-18.421348577233136,0.0
1788013320000,1788013860000,1,0.0735383531,0.07375162410000001,confirmed_pivot,1.8986828711019212,0.0
1788013860000,1788014460000,-1,0.07375162410000001,0.0743824375,opposite_break,-9.55749028447477,0.0
1788014460000,1788014760000,1,0.0743824375,0.0745135479,confirmed_pivot,0.7617713159777679,0.0
1788014760000,1788015420000,-1,0.0745135479,0.0760986091,opposite_break,-22.282756965596068,0.0
1788015420000,1788015600000,1,0.0760986091,0.0756194373,confirmed_pivot,-7.293573821706173,0.0
1788015600000,1788015780000,-1,0.0756194373,0.0767946787,opposite_break,-16.549296089512143,0.0
1788015780000,1788015900000,1,0.0767946787,0.07626437280000001,confirmed_pivot,-7.902050454831659,0.0
1788015900000,1788016740000,-1,0.07626437280000001,0.0758005793,confirmed_pivot,5.084432084256304,0.0
1788016740000,1788017580000,1,0.0758005793,0.0750254967,confirmed_pivot,-11.220173326564593,0.0
1788017580000,1788018300000,-1,0.0750254967,0.07496549579999999,confirmed_pivot,-0.19986000639153945,0.0
1788018300000,1788019440000,1,0.07496549579999999,0.0734936499,opposite_break,-21.703203614658023,-1.0793758609570887
1788019440000,1788019560000,-1,0.0734936499,0.0738493842,confirmed_pivot,-5.842760804971361,0.0
1788019560000,1788021060000,1,0.0738493842,0.07432256699999999,confirmed_pivot,5.4041997604089085,0.0
1788021060000,1788022560000,-1,0.07432256699999999,0.074947494,opposite_break,-9.412511687062844,0.0
1788022560000,1788022860000,1,0.074947494,0.0752244768,confirmed_pivot,2.6938434339111037,0.0
1788022860000,1788023460000,-1,0.0752244768,0.07520752,confirmed_pivot,-0.7744713008094284,0.0
1788023460000,1788023760000,1,0.07520752,0.0752104782,confirmed_pivot,-0.9606858343420974,0.0
1788023760000,1788025440000,-1,0.0752104782,0.0762896282,opposite_break,-15.355573862047336,0.0
1788025440000,1788025560000,1,0.0762896282,0.076132386,confirmed_pivot,-3.060091032138554,0.0
1788025560000,1788028560000,-1,0.076132386,0.0753755368,confirmed_pivot,8.94619588830426,0.0
1788028560000,1788029520000,1,0.0753755368,0.0759384054,confirmed_pivot,6.463789839305027,0.0
1788029520000,1788029640000,-1,0.0759384054,0.0768426835,opposite_break,-12.914001015486017,0.0
1788029640000,1788030660000,1,0.0768426835,0.07607939130000001,confirmed_pivot,-10.928213320400081,0.0
1788030660000,1788030840000,-1,0.07607939130000001,0.076377637,confirmed_pivot,-4.922150502931154,0.0
1788030840000,1788031200000,1,0.076377637,0.07401459780000001,opposite_break,-31.923419120703958,0.0
1788031200000,1788031320000,-1,0.07401459780000001,0.0744424435,confirmed_pivot,-6.783448611133094,0.0
1788031320000,1788031680000,1,0.0744424435,0.07390460880000001,opposite_break,-8.221226995994423,0.0
1788031680000,1788031740000,-1,0.07390460880000001,0.07440643990000001,confirmed_pivot,-7.793649593744991,0.0
1788031740000,1788031980000,1,0.07440643990000001,0.07409858940000001,opposite_break,-5.135348703197371,0.0
1788031980000,1788032460000,-1,0.07409858940000001,0.0742724265,confirmed_pivot,-3.347197429240002,0.0
1788032460000,1788034020000,1,0.0742724265,0.07484651460000001,confirmed_pivot,5.617962351748513,-1.107664546276807
1788034020000,1788034560000,-1,0.07484651460000001,0.0745564549,confirmed_pivot,2.8773312478335704,0.0
1788034560000,1788034920000,1,0.0745564549,0.0735566436,opposite_break,-14.403418868162953,0.0
1788034920000,1788035160000,-1,0.0735566436,0.0737813774,confirmed_pivot,-4.056775783880405,0.0
1788035160000,1788035460000,1,0.0737813774,0.0741205872,confirmed_pivot,3.5952001310835353,0.0
1788035460000,1788035880000,-1,0.0741205872,0.0751865179,opposite_break,-15.388224724560668,0.0
1788035880000,1788036120000,1,0.0751865179,0.0750344958,confirmed_pivot,-3.0209220109393584,0.0
1788036120000,1788037500000,-1,0.0750344958,0.0741654158,confirmed_pivot,10.588197278191188,0.0
1788037500000,1788038520000,1,0.0741654158,0.07458554070000001,confirmed_pivot,4.661868581474506,0.0
1788038520000,1788038640000,-1,0.07458554070000001,0.0750395032,opposite_break,-7.089511143679193,0.0
1788038640000,1788038760000,1,0.0750395032,0.0748075185,confirmed_pivot,-4.089955260391344,0.0
1788038760000,1788039120000,-1,0.0748075185,0.07525752499999999,opposite_break,-7.01853279293028,0.0
1788039120000,1788040500000,1,0.07525752499999999,0.0759154077,confirmed_pivot,7.737382190684784,0.0
1788040500000,1788041160000,-1,0.0759154077,0.07514351359999999,confirmed_pivot,9.172902582594142,0.0
1788041160000,1788041280000,1,0.07514351359999999,0.07464053520000001,opposite_break,-7.690223636281746,0.0
1788041280000,1788042000000,-1,0.07464053520000001,0.0755925585,opposite_break,-13.76115329422227,0.0
1788042000000,1788043020000,1,0.0755925585,0.0756374355,confirmed_pivot,-0.4066272872613682,0.0
1788043020000,1788044400000,-1,0.0756374355,0.07633963319999999,opposite_break,-10.288374125931202,0.0
1788044400000,1788044700000,1,0.07633963319999999,0.07606939230000001,confirmed_pivot,-4.5382116500656995,0.0
1788044700000,1788045420000,-1,0.07606939230000001,0.07590859009999999,confirmed_pivot,1.1149452655745498,0.0
1788045420000,1788045720000,1,0.07590859009999999,0.0751644828,opposite_break,-10.797774472825981,0.0
1788045720000,1788045840000,-1,0.0751644828,0.0756445637,confirmed_pivot,-7.390264690945215,0.0
1788045840000,1788046500000,1,0.0756445637,0.07508949029999999,opposite_break,-8.334246324696675,0.0
1788046500000,1788046560000,-1,0.07508949029999999,0.07539353859999999,confirmed_pivot,-5.051170449215292,0.0
1788046560000,1788046860000,1,0.07539353859999999,0.0749415051,opposite_break,-6.992655228016985,0.0
1788046860000,1788047640000,-1,0.0749415051,0.0746114604,confirmed_pivot,3.406232860007024,0.0
1788047640000,1788048480000,1,0.0746114604,0.0748575135,confirmed_pivot,1.3253799532920594,-0.9707634559314967
1788048480000,1788049080000,-1,0.0748575135,0.0759395932,opposite_break,-15.462419191227907,0.0
1788049080000,1788049200000,1,0.0759395932,0.0757964196,confirmed_pivot,-2.884419012136668,0.0
1788049200000,1788050400000,-1,0.0757964196,0.0754725465,confirmed_pivot,3.2750704882898805,0.0
1788050400000,1788051060000,1,0.0754725465,0.0749775015,opposite_break,-7.555992880139528,0.0
1788051060000,1788051360000,-1,0.0749775015,0.074787478,confirmed_pivot,1.535674141528939,0.0
1788051360000,1788051540000,1,0.074787478,0.074372562,opposite_break,-6.545160140311206,0.0
1788051540000,1788051780000,-1,0.074372562,0.0748584851,confirmed_pivot,-7.536900820358905,0.0
1788051780000,1788052560000,1,0.0748584851,0.0751744818,confirmed_pivot,3.219143644545932,0.0
1788052560000,1788053040000,-1,0.0751744818,0.0748084801,confirmed_pivot,3.8711303634153307,0.0
1788053040000,1788056580000,1,0.0748084801,0.0745535439,opposite_break,-4.406147692873658,0.0
1788056580000,1788056820000,-1,0.0745535439,0.07436543579999999,confirmed_pivot,1.5243891062033676,0.0
1788056820000,1788057120000,1,0.07436543579999999,0.07402659660000001,opposite_break,-5.55412890083517,0.0
1788057120000,1788057600000,-1,0.07402659660000001,0.073157315,confirmed_pivot,10.748699531595209,0.0
1788057600000,1788057720000,1,0.073157315,0.07279571970000001,opposite_break,-5.940237382276665,0.0
1788057720000,1788057840000,-1,0.07279571970000001,0.0732423235,confirmed_pivot,-7.138095807575161,0.0
1788057840000,1788058140000,1,0.0732423235,0.07269672960000001,opposite_break,-8.445436968558052,0.0
1788058140000,1788058320000,-1,0.07269672960000001,0.0732323225,confirmed_pivot,-8.371180236008755,0.0
1788058320000,1788059460000,1,0.0732323225,0.0736216371,confirmed_pivot,4.313499960348736,0.0
1788059460000,1788060960000,-1,0.0736216371,0.07443744299999999,opposite_break,-12.086602187904811,0.0
1788060960000,1788061080000,1,0.07443744299999999,0.074042595,confirmed_pivot,-6.301775022013979,0.0
1788061080000,1788063480000,-1,0.074042595,0.0727522745,confirmed_pivot,17.47361784726747,1.0381719360322257
1788063480000,1788066300000,1,0.0727522745,0.07285171409999999,confirmed_pivot,0.3661412084097382,0.0
1788066300000,1788067260000,-1,0.07285171409999999,0.072267226,confirmed_pivot,7.026994989401197,0.0
1788067260000,1788067920000,1,0.072267226,0.0724747518,confirmed_pivot,1.8702089256891758,0.0
1788067920000,1788069000000,-1,0.0724747518,0.072147214,confirmed_pivot,3.5215962905857046,0.0
1788069000000,1788069540000,1,0.072147214,0.07236276300000001,confirmed_pivot,1.9861336780102041,0.0
1788069540000,1788071220000,-1,0.07236276300000001,0.07283628290000001,opposite_break,-7.546967532873181,0.0
1788071220000,1788071400000,1,0.07283628290000001,0.0727167276,confirmed_pivot,-2.6406043470678586,0.0
1788071400000,1788072600000,-1,0.0727167276,0.07369936919999999,opposite_break,-14.520038005670466,0.0
1788072600000,1788073800000,1,0.07369936919999999,0.07471552769999999,confirmed_pivot,12.780992046130065,0.0
1788073800000,1788075000000,-1,0.07471552769999999,0.0752785271,opposite_break,-8.53900717882521,0.0
1788075000000,1788075360000,1,0.0752785271,0.0751174875,confirmed_pivot,-3.1381805197409305,0.0
1788075360000,1788076380000,-1,0.0751174875,0.074137413,confirmed_pivot,12.053745138240908,0.0
1788076380000,1788077760000,1,0.074137413,0.07378062120000001,confirmed_pivot,-6.429240171943847,-0.6190722733149591
1788077760000,1788079560000,-1,0.07378062120000001,0.0708110804,confirmed_pivot,39.26837294235201,0.0
1788079560000,1788082080000,1,0.0708110804,0.0728907102,confirmed_pivot,28.354021621452286,0.0
1788082080000,1788082560000,-1,0.0728907102,0.07210420969999999,confirmed_pivot,9.795528649548116,0.0
1788082560000,1788083040000,1,0.07210420969999999,0.07164983429999999,opposite_break,-7.298497885068677,0.0
1788083040000,1788083280000,-1,0.07164983429999999,0.07222822209999999,confirmed_pivot,-9.076459625531841,0.0
1788083280000,1788085380000,1,0.07222822209999999,0.07144185509999999,opposite_break,-11.881810373399682,0.0
1788085380000,1788085500000,-1,0.07144185509999999,0.0720812074,confirmed_pivot,-9.953742526067284,0.0
1788085500000,1788085980000,1,0.0720812074,0.0720917901,confirmed_pivot,-0.8532570550420954,0.0
1788085980000,1788088020000,-1,0.0720917901,0.071747174,confirmed_pivot,3.782630693061404,0.0
1788088020000,1788089040000,1,0.071747174,0.0727187274,confirmed_pivot,12.53457661342878,0.0
1788089040000,1788089220000,-1,0.0727187274,0.0730513044,opposite_break,-5.57575786041603,0.0
1788089220000,1788089520000,1,0.0730513044,0.0722767716,opposite_break,-11.597285564691507,0.0
1788089520000,1788089820000,-1,0.0722767716,0.0718761869,confirmed_pivot,4.545142422354651,0.0
1788089820000,1788090120000,1,0.0718761869,0.0716868306,confirmed_pivot,-3.6331616911358258,0.0
1788090120000,1788090240000,-1,0.0716868306,0.0720482041,confirmed_pivot,-6.043523109110614,0.0
1788090240000,1788090720000,1,0.0720482041,0.071522847,opposite_break,-8.288098683503458,0.0
1788090720000,1788092700000,-1,0.071522847,0.07181518079999999,confirmed_pivot,-4.205994447558675,0.8833277644051277
1788092700000,1788094020000,1,0.07181518079999999,0.0728447148,confirmed_pivot,13.328714646917836,0.0
1788094020000,1788096360000,-1,0.0728447148,0.0719151908,confirmed_pivot,11.766729399014698,0.0
1788096360000,1788096540000,1,0.0719151908,0.0715348458,opposite_break,-6.286154750770739,0.0
1788096540000,1788097800000,-1,0.0715348458,0.07228122740000001,opposite_break,-11.439035444178064,0.0
1788097800000,1788097980000,1,0.07228122740000001,0.072212778,confirmed_pivot,-1.9465137458360804,0.0
1788097980000,1788098280000,-1,0.072212778,0.07248924820000001,opposite_break,-4.830463842562649,0.0
1788098280000,1788098520000,1,0.07248924820000001,0.0726787314,confirmed_pivot,1.6126420552392062,0.0
1788098520000,1788099960000,-1,0.0726787314,0.0723292322,confirmed_pivot,3.811228028672028,0.0
1788099960000,1788100080000,1,0.0723292322,0.0720257967,opposite_break,-5.193101088248391,0.0
1788100080000,1788101040000,-1,0.0720257967,0.070847084,confirmed_pivot,15.373328868016545,0.0
1788101040000,1788101280000,1,0.070847084,0.07032796649999999,opposite_break,-8.32363157317827,0.0
1788101280000,1788103500000,-1,0.07032796649999999,0.0694739467,confirmed_pivot,11.14945991506799,0.0
1788103500000,1788104580000,1,0.0694739467,0.0700479945,confirmed_pivot,7.258646634508889,0.0
1788104580000,1788104880000,-1,0.0700479945,0.069876987,confirmed_pivot,1.4425110950178668,0.0
1788104880000,1788105480000,1,0.069876987,0.0700249968,confirmed_pivot,1.1170889222799676,0.0
1788105480000,1788106560000,-1,0.0700249968,0.0708890882,opposite_break,-12.894531125633733,0.4513951179502232
1788106560000,1788106680000,1,0.0708890882,0.07019797950000001,confirmed_pivot,-10.744280300250756,0.0
1788106680000,1788107580000,-1,0.07019797950000001,0.06989998929999999,confirmed_pivot,3.2471193220029146,0.0
1788107580000,1788113220000,1,0.06989998929999999,0.0697190274,opposite_break,-3.5875743453082114,0.0
1788113220000,1788115560000,-1,0.0697190274,0.0697729766,confirmed_pivot,-1.774195748462209,0.0
1788115560000,1788118260000,1,0.0697729766,0.0703579635,confirmed_pivot,7.379955034769159,0.0
1788118260000,1788119640000,-1,0.0703579635,0.0697959789,confirmed_pivot,6.991498962302905,0.0
1788119640000,1788119760000,1,0.0697959789,0.06956504279999999,opposite_break,-4.307076361529608,0.0
1788119760000,1788119940000,-1,0.06956504279999999,0.0697239717,confirmed_pivot,-3.285750975632372,0.0
1788119940000,1788120360000,1,0.0697239717,0.069403059,opposite_break,-5.863767023964515,-0.263451869370488
1788120360000,1788122100000,-1,0.069403059,0.0698359829,opposite_break,-7.240940503069078,0.0
1788122100000,1788122220000,1,0.0698359829,0.06960703859999999,confirmed_pivot,-4.2766751228757425,0.0
1788122220000,1788122760000,-1,0.06960703859999999,0.0702450238,opposite_break,-10.170109883111884,0.0
1788122760000,1788123000000,1,0.0702450238,0.0705239469,confirmed_pivot,2.9687314968209146,0.0
1788123000000,1788124080000,-1,0.0705239469,0.0700400033,confirmed_pivot,5.86554841416561,0.0
1788124080000,1788125700000,1,0.0700400033,0.07026997230000001,confirmed_pivot,2.2817533505171954,0.0
1788125700000,1788125999999,-1,0.07026997230000001,0.07029702900000001,sample_end,-1.3852318061892837,0.0
