entry_time,exit_time,side,entry_price,exit_price,reason,net_pnl,funding
1786312080000,1786312320000,1,0.0233616714,0.023335332,confirmed_pivot,-3.126334676550524,0.0
1786312320000,1786312440000,-1,0.023335332,0.0234626916,opposite_break,-7.463258872854181,0.0
1786312440000,1786312620000,1,0.0234626916,0.023351328799999998,confirmed_pivot,-6.74163148442869,0.0
1786312620000,1786312800000,-1,0.023351328799999998,0.023662731599999997,opposite_break,-15.348885002210203,0.0
1786312800000,1786313520000,1,0.023662731599999997,0.022945410000000003,opposite_break,-32.284089365236014,0.0
1786313520000,1786314000000,-1,0.022945410000000003,0.022664531999999998,confirmed_pivot,10.253382179704142,0.0
1786314000000,1786316400000,1,0.022664531999999998,0.022563486400000003,opposite_break,-6.453855671936889,0.0
1786316400000,1786316520000,-1,0.022563486400000003,0.022625524199999997,confirmed_pivot,-4.752227058314633,0.0
1786316520000,1786317180000,1,0.022625524199999997,0.0227774436,confirmed_pivot,4.707799530231536,0.0
1786317180000,1786317720000,-1,0.0227774436,0.0219833958,confirmed_pivot,32.896007724062564,0.0
1786317720000,1786318560000,1,0.0219833958,0.0217386514,opposite_break,-13.122014898171464,0.0
1786318560000,1786319520000,-1,0.0217386514,0.0218473686,confirmed_pivot,-7.00610250367235,0.0
1786319520000,1786319760000,1,0.0218473686,0.021805638,confirmed_pivot,-3.9081872129900947,0.0
1786319760000,1786320360000,-1,0.021805638,0.021839367,confirmed_pivot,-2.46308062122281,1.0852679755942019
1786320360000,1786321020000,1,0.021839367,0.021180763,opposite_break,-32.12657811922847,0.0
1786321020000,1786321620000,-1,0.021180763,0.020924184000000002,confirmed_pivot,10.125888902113505,0.0
1786321620000,1786321740000,1,0.020924184000000002,0.0208238344,opposite_break,-6.791070963627573,0.0
1786321740000,1786322100000,-1,0.0208238344,0.0207821556,confirmed_pivot,0.0034964742132279625,0.0
1786322100000,1786323060000,1,0.0207821556,0.0205518888,confirmed_pivot,-13.06894480185684,0.0
1786323060000,1786324140000,-1,0.0205518888,0.0197719536,confirmed_pivot,35.987512622197606,0.0
1786324140000,1786324800000,1,0.0197719536,0.019431113,opposite_break,-19.221351328682037,0.0
1786324800000,1786325280000,-1,0.019431113,0.018956790600000002,confirmed_pivot,22.434870117836155,0.0
1786325280000,1786325580000,1,0.018956790600000002,0.019341131,confirmed_pivot,18.25427551011714,0.0
1786325580000,1786326840000,-1,0.019341131,0.018468692999999998,confirmed_pivot,43.153018093926526,0.0
1786326840000,1786328340000,1,0.018468692999999998,0.018816236,confirmed_pivot,16.79913521763572,0.0
1786328340000,1786331100000,-1,0.018816236,0.0181666326,confirmed_pivot,32.55808076599382,0.0
1786331100000,1786332720000,1,0.0181666326,0.0182673458,confirmed_pivot,3.5383124112941804,0.0
1786332720000,1786332900000,-1,0.0182673458,0.018625724399999998,opposite_break,-21.63815556609199,0.0
1786332900000,1786333020000,1,0.018625724399999998,0.0184403112,confirmed_pivot,-11.9447292798984,0.0
1786333020000,1786334520000,-1,0.0184403112,0.018006600600000002,confirmed_pivot,21.818596715981556,0.2753763282476491
1786334520000,1786334640000,1,0.018006600600000002,0.017880423200000002,opposite_break,-9.000278697801518,0.0
1786334640000,1786335900000,-1,0.017880423200000002,0.019023804,opposite_break,-66.00990446355857,0.0
1786335900000,1786336260000,1,0.019023804,0.018556288,confirmed_pivot,-26.550740955909646,0.0
1786336260000,1786336740000,-1,0.018556288,0.018208640999999998,confirmed_pivot,16.753462276507186,0.0
1786336740000,1786337340000,1,0.018208640999999998,0.017919415400000003,opposite_break,-17.868091111247388,0.0
1786337340000,1786337640000,-1,0.017919415400000003,0.0180856164,confirmed_pivot,-11.284186860247559,0.0
1786337640000,1786339140000,1,0.0180856164,0.0183043384,confirmed_pivot,10.081605247361159,0.0
1786339140000,1786339740000,-1,0.0183043384,0.0177045402,confirmed_pivot,30.800857648042676,0.0
1786339740000,1786339920000,1,0.0177045402,0.0174455102,opposite_break,-16.616079665260123,0.0
1786339920000,1786340160000,-1,0.0174455102,0.0174164826,confirmed_pivot,-0.33443520614269473,0.0
1786340160000,1786340640000,1,0.0174164826,0.017334532399999998,opposite_break,-6.700619044628645,0.0
1786340640000,1786340760000,-1,0.017334532399999998,0.0174644922,confirmed_pivot,-9.504659300760988,0.0
1786340760000,1786341780000,1,0.0174644922,0.017921415,confirmed_pivot,24.136796419422875,0.0
1786341780000,1786342380000,-1,0.017921415,0.0180726138,opposite_break,-10.445203618129595,0.0
1786342380000,1786347000000,1,0.0180726138,0.0256278734,confirmed_pivot,415.6321379921259,0.0
1786347000000,1786347600000,-1,0.0256278734,0.026636326199999998,opposite_break,-41.38919304947076,0.0
1786347600000,1786348260000,1,0.026636326199999998,0.0269985992,confirmed_pivot,11.587111236083423,0.0
1786348260000,1786349820000,-1,0.0269985992,0.0274124814,confirmed_pivot,-16.278129437174655,1.0669660298523933
1786349820000,1786350120000,1,0.0274124814,0.026191760600000003,opposite_break,-46.48703717861887,0.0
1786350120000,1786352940000,-1,0.026191760600000003,0.028145628,opposite_break,-76.67314997526347,0.0
1786352940000,1786353060000,1,0.028145628,0.0276874614,confirmed_pivot,-18.262150320468972,0.0
1786353060000,1786354020000,-1,0.0276874614,0.027257450399999997,confirmed_pivot,13.546423876910616,0.0
1786354020000,1786356060000,1,0.027257450399999997,0.026983602199999998,confirmed_pivot,-12.036681633290229,0.0
1786356060000,1786356300000,-1,0.026983602199999998,0.027497498399999997,opposite_break,-21.063803727435584,0.0
1786356300000,1786356840000,1,0.027497498399999997,0.027969405,confirmed_pivot,15.14463936108465,0.0
1786356840000,1786358460000,-1,0.027969405,0.0289017792,opposite_break,-35.368839065400294,0.0
1786358460000,1786360320000,1,0.0289017792,0.031853628,confirmed_pivot,100.03167530945638,0.0
1786360320000,1786362000000,-1,0.031853628,0.0336737334,opposite_break,-59.19679734440299,0.0
1786362000000,1786362480000,1,0.0336737334,0.0288422304,opposite_break,-145.33639337419012,0.0
1786362480000,1786362900000,-1,0.0288422304,0.0286827354,confirmed_pivot,3.5354420509725593,0.0
1786362900000,1786364160000,1,0.0286827354,0.0300309926,confirmed_pivot,43.45995520043744,-1.498918282738124
1786364160000,1786364400000,-1,0.0300309926,0.0311772342,opposite_break,-40.20679046086543,0.0
1786364400000,1786364760000,1,0.0311772342,0.031320734600000004,confirmed_pivot,2.5981275529566745,0.0
1786364760000,1786366020000,-1,0.031320734600000004,0.0323124612,opposite_break,-33.69524403811395,0.0
1786366020000,1786367340000,1,0.0323124612,0.0310567874,opposite_break,-40.82149732995277,0.0
1786367340000,1786367460000,-1,0.0310567874,0.031436286,confirmed_pivot,-14.231725506804995,0.0
1786367460000,1786368600000,1,0.031436286,0.0319746038,confirmed_pivot,15.106966204595551,0.0
1786368600000,1786369380000,-1,0.0319746038,0.0318973782,confirmed_pivot,0.4176320083128373,0.0
1786369380000,1786369500000,1,0.0318973782,0.0311077772,opposite_break,-26.72966254637194,0.0
1786369500000,1786369680000,-1,0.0311077772,0.0312072402,confirmed_pivot,-5.200565002117896,0.0
1786369680000,1786370100000,1,0.0312072402,0.0300229942,opposite_break,-39.909848689535835,0.0
1786370100000,1786370880000,-1,0.0300229942,0.0291998388,confirmed_pivot,25.444916050378513,0.0
1786370880000,1786371660000,1,0.0291998388,0.028579283,opposite_break,-23.23077625346338,0.0
1786371660000,1786372080000,-1,0.028579283,0.0268963782,confirmed_pivot,56.94436556718373,0.0
1786372080000,1786374300000,1,0.0268963782,0.028274344,confirmed_pivot,49.181159930298676,0.0
1786374300000,1786375440000,-1,0.028274344,0.028326664199999997,confirmed_pivot,-3.852298330953223,0.0
1786375440000,1786376940000,1,0.028326664199999997,0.0282633462,confirmed_pivot,-4.233043804713025,0.0
1786376940000,1786383120000,-1,0.0282633462,0.0289597908,opposite_break,-25.829191901205192,0.8367142398022214
1786383120000,1786383960000,1,0.0289597908,0.0290211946,confirmed_pivot,0.11819196566854395,0.0
1786383960000,1786385340000,-1,0.0290211946,0.0289947978,confirmed_pivot,-1.0895207049815336,0.0
1786385340000,1786385820000,1,0.0289947978,0.028719255000000003,opposite_break,-11.493677420988842,0.0
1786385820000,1786386960000,-1,0.028719255000000003,0.0288547698,confirmed_pivot,-6.723322899566738,0.0
1786386960000,1786387200000,1,0.0288547698,0.028810236800000003,confirmed_pivot,-3.5418063394148414,0.0
1786387200000,1786387920000,-1,0.028810236800000003,0.029194837799999998,opposite_break,-15.362805855174184,0.0
1786387920000,1786388040000,1,0.029194837799999998,0.028983202200000002,confirmed_pivot,-9.241826991756598,0.0
1786388040000,1786389660000,-1,0.028983202200000002,0.0290938176,confirmed_pivot,-5.820351341301974,0.0
1786389660000,1786389780000,1,0.0290938176,0.028904218000000002,confirmed_pivot,-8.510317862170012,0.0
1786389780000,1786390140000,-1,0.028904218000000002,0.0289847958,confirmed_pivot,-4.790540045054968,0.0
1786390140000,1786391340000,1,0.0289847958,0.028675263800000003,opposite_break,-12.668437001719287,0.0
1786391340000,1786391520000,-1,0.028675263800000003,0.0288427674,confirmed_pivot,-7.847238399250471,0.0
1786391520000,1786392180000,1,0.0288427674,0.028704258,opposite_break,-7.6274051095388415,-0.8299843668953902
1786392180000,1786392360000,-1,0.028704258,0.0287547498,confirmed_pivot,-3.76079422781108,0.0
1786392360000,1786394400000,1,0.0287547498,0.0289132162,confirmed_pivot,3.50545334948459,0.0
1786394400000,1786398000000,-1,0.0289132162,0.0291568302,opposite_break,-10.434122731735378,0.0
1786398000000,1786398120000,1,0.0291568302,0.0290671854,confirmed_pivot,-5.071498327688587,0.0
1786398120000,1786398240000,-1,0.0290671854,0.0292898568,opposite_break,-9.668237166161918,0.0
1786398240000,1786400880000,1,0.0292898568,0.028949209000000004,opposite_break,-13.618600750550486,0.0
1786400880000,1786402320000,-1,0.028949209000000004,0.0289287846,confirmed_pivot,-1.2937691527252646,0.0
1786402320000,1786402620000,1,0.0289287846,0.0287202548,opposite_break,-9.201176028667284,0.0
1786402620000,1786402860000,-1,0.0287202548,0.0288047598,confirmed_pivot,-4.945290896235315,0.0
1786402860000,1786404480000,1,0.0288047598,0.0286422704,opposite_break,-7.635419691991327,0.0
1786404480000,1786404660000,-1,0.0286422704,0.0288177624,confirmed_pivot,-8.133155282271176,0.0
1786404660000,1786404840000,1,0.0288177624,0.028651268599999998,opposite_break,-7.771693995228459,0.0
1786404840000,1786405080000,-1,0.028651268599999998,0.028555709999999998,confirmed_pivot,1.3385662581097764,0.0
1786405080000,1786405740000,1,0.028555709999999998,0.028692260400000003,confirmed_pivot,2.777112864642641,0.0
1786405740000,1786406280000,-1,0.028692260400000003,0.0289287846,opposite_break,-10.251727849228551,0.0
1786406280000,1786406460000,1,0.0289287846,0.0288722244,confirmed_pivot,-4.395937377749352,-0.442739530647271
1786406460000,1786410660000,-1,0.0288722244,0.027995598,confirmed_pivot,28.392636682333357,0.0
1786410660000,1786411620000,1,0.027995598,0.0275074974,opposite_break,-19.4174703965959,0.0
1786411620000,1786412040000,-1,0.0275074974,0.027552509399999998,confirmed_pivot,-3.6379902302561717,0.0
1786412040000,1786412280000,1,0.027552509399999998,0.0273555278,opposite_break,-9.142166818387746,0.0
1786412280000,1786412580000,-1,0.0273555278,0.0269233836,confirmed_pivot,13.81312367147972,0.0
1786412580000,1786412700000,1,0.0269233836,0.026614676,opposite_break,-13.454685524742121,0.0
1786412700000,1786413960000,-1,0.026614676,0.027055410000000002,confirmed_pivot,-18.576370646030092,0.0
1786413960000,1786414260000,1,0.027055410000000002,0.0275804828,confirmed_pivot,17.387905309880658,0.0
1786414260000,1786414620000,-1,0.0275804828,0.0278525694,opposite_break,-11.87505144761276,0.0
1786414620000,1786414800000,1,0.0278525694,0.027674464,confirmed_pivot,-8.38818243461588,0.0
1786414800000,1786415760000,-1,0.027674464,0.0277775544,opposite_break,-5.728834292870207,0.0
1786415760000,1786416000000,1,0.0277775544,0.027656467599999998,confirmed_pivot,-6.35480069476538,0.0
1786416000000,1786417080000,-1,0.027656467599999998,0.0273634716,confirmed_pivot,8.60471641721869,0.0
1786417080000,1786417200000,1,0.0273634716,0.026708657200000003,opposite_break,-25.906308203963363,0.0
1786417200000,1786417680000,-1,0.026708657200000003,0.0264822954,confirmed_pivot,6.483697256034331,0.0
1786417680000,1786418880000,1,0.0264822954,0.0269776034,confirmed_pivot,16.684660242857944,0.0
1786418880000,1786419240000,-1,0.0269776034,0.0273844758,opposite_break,-17.096940464325957,0.0
1786419240000,1786419480000,1,0.0273844758,0.0272815426,confirmed_pivot,-5.75505697282687,0.0
1786419480000,1786419840000,-1,0.0272815426,0.027649528799999996,opposite_break,-15.50195594145019,0.0
1786419840000,1786420920000,1,0.027649528799999996,0.0281433702,confirmed_pivot,15.26371078569714,-0.5791813000444334
1786420920000,1786422960000,-1,0.0281433702,0.0286337256,opposite_break,-19.440901779418013,0.0
1786422960000,1786423620000,1,0.0286337256,0.029039191000000002,confirmed_pivot,12.146253276940062,0.0
1786423620000,1786423800000,-1,0.029039191000000002,0.0298569702,opposite_break,-30.189386515622864,0.0
1786423800000,1786424760000,1,0.0298569702,0.0294051178,confirmed_pivot,-17.118766056175303,0.0
1786424760000,1786425240000,-1,0.0294051178,0.0284286846,confirmed_pivot,31.23943946927502,0.0
1786425240000,1786425600000,1,0.0284286846,0.0283783232,opposite_break,-3.7697279810125526,0.0
1786425600000,1786425660000,-1,0.0283783232,0.0286067202,confirmed_pivot,-10.056339177925837,0.0
1786425660000,1786429920000,1,0.0286067202,0.025132972400000002,opposite_break,-123.30974917564996,0.0
1786429920000,1786430400000,-1,0.025132972400000002,0.026025204,opposite_break,-37.53594128802679,0.0
1786430400000,1786431120000,1,0.026025204,0.0264067176,confirmed_pivot,12.644730024018298,0.0
1786431120000,1786431600000,-1,0.0264067176,0.0266463282,opposite_break,-11.082924058687203,0.0
1786431600000,1786431780000,1,0.0266463282,0.0265186952,confirmed_pivot,-6.785100823009398,0.0
1786431780000,1786433280000,-1,0.0265186952,0.025690137,confirmed_pivot,29.27554926608918,0.0
1786433280000,1786433400000,1,0.025690137,0.0254619066,opposite_break,-10.875085780974926,0.0
1786433400000,1786433520000,-1,0.0254619066,0.0256581306,confirmed_pivot,-9.714277924497544,0.0
1786433520000,1786433640000,1,0.0256581306,0.025334932,opposite_break,-14.583746120615578,0.0
1786433640000,1786433820000,-1,0.025334932,0.0254620914,confirmed_pivot,-7.024152399540685,0.0
1786433820000,1786434360000,1,0.0254620914,0.0253269336,opposite_break,-7.302888913516373,0.0
1786434360000,1786434780000,-1,0.0253269336,0.0253760742,confirmed_pivot,-3.942190925158057,0.0
1786434780000,1786436820000,1,0.0253760742,0.025209957,confirmed_pivot,-8.809402591812233,-0.269735285826836
1786436820000,1786436940000,-1,0.025209957,0.025660131,opposite_break,-19.874848973363882,0.0
1786436940000,1786437060000,1,0.025660131,0.025545889800000002,confirmed_pivot,-6.44763741853059,0.0
1786437060000,1786438200000,-1,0.025545889800000002,0.025120023,confirmed_pivot,14.687328965147426,0.0
1786438200000,1786439100000,1,0.025120023,0.024898019400000002,opposite_break,-10.828877123241329,0.0
1786439100000,1786439220000,-1,0.024898019400000002,0.0249719934,confirmed_pivot,-4.974050779316104,0.0
1786439220000,1786442400000,1,0.0249719934,0.025549889000000003,confirmed_pivot,21.118607119285997,0.0
1786442400000,1786443780000,-1,0.025549889000000003,0.025965192,opposite_break,-18.270845755924764,0.0
1786443780000,1786444560000,1,0.025965192,0.0259058178,confirmed_pivot,-4.2843977352449425,0.0
1786444560000,1786446180000,-1,0.0259058178,0.0232776546,confirmed_pivot,99.55214490854645,0.0
1786446180000,1786447860000,1,0.0232776546,0.022393520400000002,opposite_break,-39.94411769474393,0.0
1786447860000,1786448580000,-1,0.022393520400000002,0.02165433,confirmed_pivot,31.042129025858863,0.0
1786448580000,1786449540000,1,0.02165433,0.021335732000000003,opposite_break,-16.698187475668668,0.0
1786449540000,1786449780000,-1,0.021335732000000003,0.0212772546,confirmed_pivot,0.8868358512378709,0.14327507722725424
1786449780000,1786451460000,1,0.0212772546,0.021775644,confirmed_pivot,21.400152884385765,0.0
1786451460000,1786452540000,-1,0.021775644,0.021369272999999998,confirmed_pivot,16.68038304630635,0.0
1786452540000,1786452720000,1,0.021369272999999998,0.0213397312,confirmed_pivot,-3.3810604693944333,0.0
1786452720000,1786452900000,-1,0.0213397312,0.021524304,confirmed_pivot,-10.657905344187334,0.0
1786452900000,1786453860000,1,0.021524304,0.0218066378,confirmed_pivot,11.103859999375564,0.0
1786453860000,1786454640000,-1,0.0218066378,0.021562311600000002,confirmed_pivot,9.21541653706922,0.0
1786454640000,1786454760000,1,0.021562311600000002,0.021305738,opposite_break,-13.887270305471358,0.0
1786454760000,1786455120000,-1,0.021305738,0.0213612714,confirmed_pivot,-4.609106213546715,0.0
1786455120000,1786455780000,1,0.0213612714,0.021565686,confirmed_pivot,7.559832913316248,0.0
1786455780000,1786456200000,-1,0.021565686,0.0215363064,confirmed_pivot,-0.6363067884786698,0.0
1786456200000,1786456860000,1,0.0215363064,0.021370725000000004,confirmed_pivot,-9.68078868900177,0.0
1786456860000,1786457280000,-1,0.021370725000000004,0.0210422076,confirmed_pivot,13.387681859178958,0.0
1786457280000,1786457760000,1,0.0210422076,0.0216236744,confirmed_pivot,25.605721996583643,0.0
1786457760000,1786458360000,-1,0.0216236744,0.021269253,confirmed_pivot,14.406824059467084,0.0
1786458360000,1786460340000,1,0.021269253,0.0216676656,confirmed_pivot,16.713124875612788,0.0
1786460340000,1786461600000,-1,0.0216676656,0.0213322656,confirmed_pivot,13.494765619790606,0.0
1786461600000,1786462380000,1,0.0213322656,0.021227753600000003,opposite_break,-6.894345962015285,0.0
1786462380000,1786464900000,-1,0.021227753600000003,0.0192568506,confirmed_pivot,90.98462103875195,0.04619994270142649
1786464900000,1786465380000,1,0.0192568506,0.0200269938,confirmed_pivot,37.953213159373014,0.0
1786465380000,1786466520000,-1,0.0200269938,0.020219043,opposite_break,-11.59910664175663,0.0
1786466520000,1786467180000,1,0.020219043,0.0209048182,confirmed_pivot,31.883375429786774,0.0
1786467180000,1786467840000,-1,0.0209048182,0.0215303052,opposite_break,-31.950630568028448,0.0
1786467840000,1786468080000,1,0.0215303052,0.021340730999999998,confirmed_pivot,-10.796188629968915,0.0
1786468080000,1786469400000,-1,0.021340730999999998,0.020689137,confirmed_pivot,28.563413877434584,0.0
1786469400000,1786469580000,1,0.020689137,0.0204869018,opposite_break,-11.76517120071278,0.0
1786469580000,1786470180000,-1,0.0204869018,0.0202900572,confirmed_pivot,7.617923028263803,0.0
1786470180000,1786470420000,1,0.0202900572,0.0202629466,opposite_break,-3.334815822993241,0.0
1786470420000,1786472100000,-1,0.0202629466,0.0202710534,confirmed_pivot,-2.400480096019084,0.0
1786472100000,1786472940000,1,0.0202710534,0.020315936000000003,confirmed_pivot,0.21190860263848466,0.0
1786472940000,1786473720000,-1,0.020315936000000003,0.0200900172,confirmed_pivot,9.131395511385854,0.0
1786473720000,1786474080000,1,0.0200900172,0.020015996,opposite_break,-5.6807922095755945,0.0
1786474080000,1786474500000,-1,0.020015996,0.019963992,confirmed_pivot,0.6007201440288721,0.0
1786474500000,1786474740000,1,0.019963992,0.0202179556,confirmed_pivot,10.70836195486356,0.0
1786474740000,1786474860000,-1,0.0202179556,0.020284055999999998,opposite_break,-5.272660288164738,0.0
1786474860000,1786475100000,1,0.020284055999999998,0.0202779436,confirmed_pivot,-2.3010387863254516,0.0
1786475100000,1786476300000,-1,0.0202779436,0.019828964999999997,confirmed_pivot,20.163370579648113,0.0
1786476300000,1786477260000,1,0.019828964999999997,0.0197980396,opposite_break,-3.5580477649739173,0.0
1786477260000,1786477320000,-1,0.0197980396,0.019869973200000002,confirmed_pivot,-5.637003211166463,0.0
1786477320000,1786477680000,1,0.019869973200000002,0.0196970598,opposite_break,-10.693544015449508,0.0
1786477680000,1786480200000,-1,0.0196970598,0.0203220636,opposite_break,-33.698826375929436,0.063721443517169
1786480200000,1786481640000,1,0.0203220636,0.0200749842,confirmed_pivot,-14.146026380903521,0.0
1786481640000,1786481940000,-1,0.0200749842,0.020286056400000002,opposite_break,-12.524704283453548,0.0
1786481940000,1786482120000,1,0.020286056400000002,0.020284942200000003,confirmed_pivot,-2.054869501397974,0.0
1786482120000,1786482240000,-1,0.020284942200000003,0.0204470886,opposite_break,-10.001430065696553,0.0
1786482240000,1786482420000,1,0.0204470886,0.020372924599999998,confirmed_pivot,-5.623490730118006,0.0
1786482420000,1786484880000,-1,0.020372924599999998,0.0199449882,confirmed_pivot,19.026158237487355,0.0
1786484880000,1786485000000,1,0.0199449882,0.0199270138,opposite_break,-2.9002976296571017,0.0
1786485000000,1786486500000,-1,0.0199270138,0.019300859400000002,confirmed_pivot,29.45381243224706,0.0
1786486500000,1786487220000,1,0.019300859400000002,0.0193251342,confirmed_pivot,-0.7435520513662717,0.0
1786487220000,1786487880000,-1,0.0193251342,0.019251849600000003,confirmed_pivot,1.7959831916715716,0.0
1786487880000,1786488000000,1,0.019251849600000003,0.019186162,opposite_break,-5.408603005084916,0.0
1786488000000,1786489620000,-1,0.019186162,0.0192008394,confirmed_pivot,-2.7657642732298173,0.0
1786489620000,1786490460000,1,0.0192008394,0.0190151962,opposite_break,-11.658825478223543,0.0
1786490460000,1786490760000,-1,0.0190151962,0.019063812,confirmed_pivot,-4.559238163422087,0.0
1786490760000,1786492020000,1,0.019063812,0.019206158,confirmed_pivot,5.459350417429711,0.0
1786492020000,1786493040000,-1,0.019206158,0.019151829599999996,confirmed_pivot,0.8810954746912247,0.049569856709499115
1786493040000,1786493520000,1,0.019151829599999996,0.0193071378,confirmed_pivot,6.1012046911696896,0.0
1786493520000,1786493640000,-1,0.0193071378,0.0193608714,opposite_break,-4.785878163670708,0.0
1786493640000,1786495680000,1,0.0193608714,0.019331133,confirmed_pivot,-3.534469238817411,0.0
1786495680000,1786496760000,-1,0.019331133,0.0188197632,confirmed_pivot,24.479625886387588,0.0
1786496760000,1786497120000,1,0.0188197632,0.0188132366,opposite_break,-2.346448216734064,0.0
1786497120000,1786498380000,-1,0.0188132366,0.01815363,confirmed_pivot,33.09583282442752,0.0
1786498380000,1786499520000,1,0.01815363,0.018906218,confirmed_pivot,39.415155646556556,0.0
1786499520000,1786500900000,-1,0.018906218,0.018808760999999997,confirmed_pivot,3.159913897110579,0.0
1786500900000,1786501320000,1,0.018808760999999997,0.018588281600000003,opposite_break,-13.710442840971506,0.0
1786501320000,1786501560000,-1,0.018588281600000003,0.018608720999999998,confirmed_pivot,-3.100684820698837,0.0
1786501560000,1786502700000,1,0.018608720999999998,0.01814637,opposite_break,-26.82108517828817,0.0
1786502700000,1786503300000,-1,0.01814637,0.0178405674,confirmed_pivot,14.868850497372117,0.0
1786503300000,1786503780000,1,0.0178405674,0.018287341800000002,confirmed_pivot,23.0175689815786,0.0
1786503780000,1786504380000,-1,0.018287341800000002,0.018364672199999998,opposite_break,-6.2328585120006545,0.0
1786504380000,1786506600000,1,0.018364672199999998,0.0184293134,confirmed_pivot,1.5163469348504557,0.0
1786506600000,1786508100000,-1,0.0184293134,0.018693737999999998,opposite_break,-16.312327289414743,0.05006477886474056
1786508100000,1786508280000,1,0.018693737999999998,0.0186542684,confirmed_pivot,-4.109269446271148,0.0
1786508280000,1786508400000,-1,0.0186542684,0.018777754799999997,opposite_break,-8.626359380569298,0.0
1786508400000,1786508460000,1,0.018777754799999997,0.0185592874,confirmed_pivot,-13.622738443682223,0.0
1786508460000,1786510080000,-1,0.0185592874,0.018711741599999998,confirmed_pivot,-10.222656986280573,0.0
1786510080000,1786510440000,1,0.018711741599999998,0.0191331726,confirmed_pivot,20.499753256532966,0.0
1786510440000,1786511340000,-1,0.0191331726,0.018668733,confirmed_pivot,22.298324659445214,0.0
1786511340000,1786511520000,1,0.018668733,0.018470305200000002,opposite_break,-12.618255250637407,0.0
1786511520000,1786512120000,-1,0.018470305200000002,0.0183856764,confirmed_pivot,2.5864661077719235,0.0
1786512120000,1786513260000,1,0.0183856764,0.0181153762,opposite_break,-16.686971201124635,0.0
1786513260000,1786513380000,-1,0.0181153762,0.0184256844,confirmed_pivot,-19.14667720784059,0.0
1786513380000,1786515540000,1,0.0184256844,0.018592280800000003,opposite_break,7.0324896479830805,0.0
1786515540000,1786518120000,-1,0.018592280800000003,0.018498699,confirmed_pivot,3.038401840402634,0.0
1786518120000,1786520880000,1,0.018498699,0.018867225799999998,confirmed_pivot,17.901846783927766,0.0
1786520880000,1786521360000,-1,0.018867225799999998,0.019103819999999997,opposite_break,-14.55249694419828,0.0
1786521360000,1786523400000,1,0.019103819999999997,0.0191531686,confirmed_pivot,0.5306065174400837,-0.04999000199960009
1786523400000,1786523580000,-1,0.0191531686,0.0193708734,opposite_break,-13.377882654883507,0.0
1786523580000,1786523820000,1,0.0193708734,0.019266145999999998,confirmed_pivot,-7.401030218905916,0.0
1786523820000,1786525860000,-1,0.019266145999999998,0.0191578308,opposite_break,3.6276701733702694,0.0
1786525860000,1786526160000,1,0.0191578308,0.019220155200000002,confirmed_pivot,1.2499543528696835,0.0
1786526160000,1786526340000,-1,0.019220155200000002,0.0192208434,opposite_break,-2.0358419686433065,0.0
1786526340000,1786526820000,1,0.0192208434,0.0192551482,confirmed_pivot,-0.21701397348676377,0.0
1786526820000,1786528080000,-1,0.0192551482,0.0193828758,opposite_break,-8.640059389415772,0.0
1786528080000,1786528620000,1,0.0193828758,0.0195750842,confirmed_pivot,7.906486198502993,0.0
1786528620000,1786529820000,-1,0.0195750842,0.019488896999999998,confirmed_pivot,2.407306058995172,0.0
1786529820000,1786530540000,1,0.019488896999999998,0.019272144800000002,opposite_break,-13.110708204779181,0.0
1786530540000,1786530720000,-1,0.019272144800000002,0.0193198632,confirmed_pivot,-4.478505578683545,0.0
1786530720000,1786531260000,1,0.0193198632,0.0195180956,confirmed_pivot,8.250288293966877,0.0
1786531260000,1786531500000,-1,0.0195180956,0.0201010194,opposite_break,-31.89567915632093,0.0
1786531500000,1786531800000,1,0.0201010194,0.0199999992,confirmed_pivot,-7.020600089565581,0.0
1786531800000,1786532040000,-1,0.0199999992,0.0205901172,opposite_break,-31.535407081416313,0.0
1786532040000,1786533240000,1,0.0205901172,0.021196759800000003,confirmed_pivot,27.433341807301712,0.0
1786533240000,1786533540000,-1,0.021196759800000003,0.021528304800000002,opposite_break,-17.65694701130684,0.0
1786533540000,1786533660000,1,0.021528304800000002,0.021344730200000002,confirmed_pivot,-10.518600377675808,0.0
1786533660000,1786534320000,-1,0.021344730200000002,0.020734146,confirmed_pivot,26.63445817647315,0.0
1786534320000,1786535340000,1,0.020734146,0.020405918000000002,opposite_break,-17.81448167674697,0.0
1786535340000,1786535640000,-1,0.020405918000000002,0.020479095,confirmed_pivot,-5.589653599509573,0.0
1786535640000,1786536360000,1,0.020479095,0.020648869400000002,confirmed_pivot,5.966323568263289,-0.3155182611731622
1786536360000,1786538280000,-1,0.020648869400000002,0.0205010994,confirmed_pivot,5.163480340478202,0.0
1786538280000,1786539480000,1,0.0205010994,0.0202839424,confirmed_pivot,-12.581863868237187,0.0
1786539480000,1786539780000,-1,0.0202839424,0.0202520496,confirmed_pivot,-0.4261100642840324,0.0
1786539780000,1786540020000,1,0.0202520496,0.0199840024,opposite_break,-15.222323571634924,0.0
1786540020000,1786540200000,-1,0.0199840024,0.019988996999999998,confirmed_pivot,-2.2501798438534424,0.0
1786540200000,1786540500000,1,0.019988996999999998,0.0198700252,opposite_break,-7.945912553791431,0.0
1786540500000,1786540920000,-1,0.0198700252,0.0198579708,confirmed_pivot,-1.3927307953288692,0.0
1786540920000,1786541280000,1,0.0198579708,0.02069586,confirmed_pivot,40.15190561162476,0.0
1786541280000,1786543800000,-1,0.02069586,0.022194438,opposite_break,-74.48196392901771,0.0
1786543800000,1786544460000,1,0.022194438,0.022350529,confirmed_pivot,5.025855261575019,0.0
1786544460000,1786546140000,-1,0.022350529,0.0219253842,confirmed_pivot,17.040710168426106,0.0
1786546140000,1786546980000,1,0.0219253842,0.0216496692,opposite_break,-14.56257507223063,0.0
1786546980000,1786547100000,-1,0.0216496692,0.021784356,confirmed_pivot,-8.227415557924655,0.0
1786547100000,1786548540000,1,0.021784356,0.0212437504,opposite_break,-26.79141427912767,0.0
1786548540000,1786548960000,-1,0.0212437504,0.021489297,confirmed_pivot,-13.5700920022107,0.0
1786548960000,1786549200000,1,0.021489297,0.021431712800000002,opposite_break,-4.676989191409966,0.0
1786549200000,1786549260000,-1,0.021431712800000002,0.021508300799999998,confirmed_pivot,-5.577156371748108,0.0
1786549260000,1786550220000,1,0.021508300799999998,0.021305738,opposite_break,-11.408471598090944,0.0
1786550220000,1786550880000,-1,0.021305738,0.0211352262,confirmed_pivot,6.26416979495392,0.2530738263466865
1786550880000,1786553340000,1,0.0211352262,0.0210177956,confirmed_pivot,-7.550599188760956,0.0
1786553340000,1786553940000,-1,0.0210177956,0.021202239600000002,opposite_break,-10.784386693721693,0.0
1786553940000,1786554360000,1,0.021202239600000002,0.021490701,confirmed_pivot,11.591627301485577,0.0
1786554360000,1786557180000,-1,0.021490701,0.0212612514,confirmed_pivot,8.68736890434615,0.0
1786557180000,1786559100000,1,0.0212612514,0.0204649062,opposite_break,-39.41778128826413,0.0
1786559100000,1786559280000,-1,0.0204649062,0.020759151,confirmed_pivot,-16.392396521221258,0.0
1786559280000,1786562340000,1,0.020759151,0.0214347122,confirmed_pivot,30.51027167729551,0.0
1786562340000,1786564200000,-1,0.0214347122,0.021014202,confirmed_pivot,17.6378055498222,0.0
1786564200000,1786568700000,1,0.021014202,0.021030793000000002,confirmed_pivot,-1.7748915056587304,-0.5636156741997627
1786568700000,1786568940000,-1,0.021030793000000002,0.020989197,confirmed_pivot,-0.020160438077566623,0.0
1786568940000,1786569840000,1,0.020989197,0.0209528086,confirmed_pivot,-3.731939130401234,0.0
1786569840000,1786570680000,-1,0.0209528086,0.0208131618,confirmed_pivot,4.671489701862713,0.0
1786570680000,1786571400000,1,0.0208131618,0.020890821,confirmed_pivot,1.7275230714825822,0.0
1786571400000,1786572120000,-1,0.020890821,0.020897178599999996,confirmed_pivot,-2.304629368084486,0.0
1786572120000,1786572840000,1,0.020897178599999996,0.0209518088,confirmed_pivot,0.6116238390192363,0.0
1786572840000,1786574520000,-1,0.0209518088,0.0211832358,opposite_break,-13.056726854055643,0.0
1786574520000,1786574880000,1,0.0211832358,0.021092780600000003,confirmed_pivot,-6.265861252415244,0.0
1786574880000,1786575300000,-1,0.021092780600000003,0.021244247999999997,opposite_break,-9.188187763162613,0.0
1786575300000,1786575660000,1,0.021244247999999997,0.0212217548,confirmed_pivot,-3.0577313350888033,0.0
1786575660000,1786576020000,-1,0.0212217548,0.021167232600000002,confirmed_pivot,0.5717346522162732,0.0
1786576020000,1786577760000,1,0.021167232600000002,0.021075784000000004,confirmed_pivot,-6.315970496776159,0.0
1786577760000,1786577940000,-1,0.021075784000000004,0.021169233,confirmed_pivot,-6.438385257696483,0.0
1786577940000,1786580400000,1,0.021169233,0.0214827026,confirmed_pivot,12.500594471231024,-0.29238978096183266
1786580400000,1786580640000,-1,0.0214827026,0.0216733338,opposite_break,-10.882580313707798,0.0
1786580640000,1786581300000,1,0.0216733338,0.0216776636,confirmed_pivot,-1.8004243260443344,0.0
1786581300000,1786585860000,-1,0.0216776636,0.0228225636,opposite_break,-54.867547035834654,0.0
1786585860000,1786585980000,1,0.0228225636,0.022102578600000002,confirmed_pivot,-33.515522427988735,0.0
1786585980000,1786586280000,-1,0.022102578600000002,0.022529505,opposite_break,-21.3349986050947,0.0
1786586280000,1786588440000,1,0.022529505,0.021885622,opposite_break,-30.550965367414772,0.0
1786588440000,1786588740000,-1,0.021885622,0.0219603912,confirmed_pivot,-5.419778025956861,0.0
1786588740000,1786588860000,1,0.0219603912,0.021715656,opposite_break,-13.133247243792207,0.0
1786588860000,1786589100000,-1,0.021715656,0.0217203432,confirmed_pivot,-2.21606011810092,0.0
1786589100000,1786590900000,1,0.0217203432,0.021865626000000003,opposite_break,4.682100548024665,0.0
1786590900000,1786591020000,-1,0.021865626000000003,0.022026404399999998,confirmed_pivot,-9.360373693394154,0.0
1786591020000,1786591500000,1,0.022026404399999998,0.0218316328,opposite_break,-10.833798965390713,0.0
1786591500000,1786592580000,-1,0.0218316328,0.021659331,confirmed_pivot,5.900192504153879,0.0
1786592580000,1786592760000,1,0.021659331,0.021575683999999998,opposite_break,-5.858076364408608,0.0
1786592760000,1786595100000,-1,0.021575683999999998,0.020741147399999996,confirmed_pivot,37.03967918537376,0.3215028995141012
1786595100000,1786596780000,1,0.020741147399999996,0.020887821600000002,confirmed_pivot,5.064581480193597,0.0
1786596780000,1786597320000,-1,0.020887821600000002,0.0207201432,confirmed_pivot,6.035595171877704,0.0
1786597320000,1786597440000,1,0.0207201432,0.020457907600000002,opposite_break,-14.643414761727959,0.0
1786597440000,1786597560000,-1,0.020457907600000002,0.0207051402,confirmed_pivot,-14.097025631301493,0.0
1786597560000,1786598580000,1,0.0207051402,0.020430913,opposite_break,-15.231157584723869,0.0
1786598580000,1786599660000,-1,0.020430913,0.020369073,confirmed_pivot,1.029812715662635,0.0
1786599660000,1786599840000,1,0.020369073,0.0199150162,opposite_break,-24.26918933424224,0.0
1786599840000,1786600200000,-1,0.0199150162,0.0198259644,confirmed_pivot,2.4760622288622587,0.0
1786600200000,1786600500000,1,0.0198259644,0.0197420508,opposite_break,-6.228277863749167,0.0
1786600500000,1786600800000,-1,0.0197420508,0.019938987000000002,confirmed_pivot,-11.985443670320254,0.0
1786600800000,1786600980000,1,0.019938987000000002,0.0197350522,opposite_break,-12.217713928997652,0.0
1786600980000,1786601220000,-1,0.0197350522,0.0198419676,confirmed_pivot,-7.422955780172751,0.0
1786601220000,1786602360000,1,0.0198419676,0.0200079976,confirmed_pivot,6.359250117916785,0.0
1786602360000,1786603080000,-1,0.0200079976,0.0200170026,confirmed_pivot,-2.4505200960239732,0.0
1786603080000,1786603560000,1,0.0200170026,0.0200749842,confirmed_pivot,0.8937208810673627,0.0
1786603560000,1786604640000,-1,0.0200749842,0.0199429878,confirmed_pivot,4.581743481521678,0.0
1786604640000,1786604880000,1,0.0199429878,0.019934012400000003,confirmed_pivot,-2.4496028724440317,0.0
1786604880000,1786605720000,-1,0.019934012400000003,0.0201960384,opposite_break,-15.157813928118077,0.0
1786605720000,1786605840000,1,0.0201960384,0.020070985,confirmed_pivot,-8.185784762619674,0.0
1786605840000,1786608240000,-1,0.020070985,0.019348869,confirmed_pivot,34.12576769173005,0.11168487516681419
1786608240000,1786609020000,1,0.019348869,0.0192531486,opposite_break,-6.942132772721878,0.0
1786609020000,1786609200000,-1,0.0192531486,0.019317862800000002,confirmed_pivot,-5.364588075739628,0.0
1786609200000,1786609440000,1,0.019317862800000002,0.019106177999999998,opposite_break,-12.947024388226005,0.0
1786609440000,1786610820000,-1,0.019106177999999998,0.0190778148,confirmed_pivot,-0.5140113737033538,0.0
1786610820000,1786613460000,1,0.0190778148,0.018953208600000004,opposite_break,-8.524939837449049,0.0
1786613460000,1786613760000,-1,0.018953208600000004,0.019088817,confirmed_pivot,-9.162059536452167,0.0
1786613760000,1786613940000,1,0.019088817,0.0190681856,confirmed_pivot,-3.079730011556085,0.0
1786613940000,1786614360000,-1,0.0190681856,0.0190678128,confirmed_pivot,-1.9804295590662409,0.0
1786614360000,1786614840000,1,0.0190678128,0.01909618,confirmed_pivot,-0.5137869194939566,0.0
1786614840000,1786616160000,-1,0.01909618,0.018641727599999998,confirmed_pivot,21.82187706651293,0.0
1786616160000,1786618320000,1,0.018641727599999998,0.0187892414,confirmed_pivot,5.905183970181078,0.0
1786618320000,1786619040000,-1,0.0187892414,0.019043808000000002,opposite_break,-15.562078488171547,0.0
1786619040000,1786620120000,1,0.019043808000000002,0.0193151362,confirmed_pivot,12.2333335748815,0.0
1786620120000,1786621560000,-1,0.0193151362,0.01935387,opposite_break,-4.00736528070661,0.0
1786621560000,1786621680000,1,0.01935387,0.019266145999999998,confirmed_pivot,-6.52810089144966,0.0
1786621680000,1786622940000,-1,0.019266145999999998,0.020089016999999997,confirmed_pivot,-44.64250504598062,0.11092737376743642
1786622940000,1786623540000,1,0.020089016999999997,0.0204429106,confirmed_pivot,15.598656340427315,0.0
1786623540000,1786623660000,-1,0.0204429106,0.0205081008,opposite_break,-5.192079223787358,0.0
1786623660000,1786624380000,1,0.0205081008,0.020353928400000002,confirmed_pivot,-9.510116568180678,0.0
1786624380000,1786625400000,-1,0.020353928400000002,0.020209041,confirmed_pivot,5.125518207089775,0.0
1786625400000,1786625520000,1,0.020209041,0.020079983200000002,opposite_break,-8.379755585631138,0.0
1786625520000,1786626060000,-1,0.020079983200000002,0.0202910574,opposite_break,-12.522183813380769,0.0
1786626060000,1786627020000,1,0.0202910574,0.0204429106,confirmed_pivot,5.476266209763893,0.0
1786627020000,1786627260000,-1,0.0204429106,0.020519102999999997,confirmed_pivot,-5.730808880023065,0.0
1786627260000,1786627680000,1,0.020519102999999997,0.0204219148,confirmed_pivot,-6.7317376300512395,0.0
1786627680000,1786629840000,-1,0.0204219148,0.020679134999999998,opposite_break,-14.60789807036107,0.0
1786629840000,1786630800000,1,0.020679134999999998,0.0208478296,confirmed_pivot,6.149562609848118,0.0
1786630800000,1786630980000,-1,0.0208478296,0.02095419,opposite_break,-7.106851046019758,0.0
1786630980000,1786631100000,1,0.02095419,0.0209248142,confirmed_pivot,-3.400503870586355,0.0
1786631100000,1786632120000,-1,0.0209248142,0.0206211234,confirmed_pivot,12.527942178812708,0.0
1786632120000,1786632780000,1,0.0206211234,0.020410917,opposite_break,-12.183547691683927,0.0
1786632780000,1786636020000,-1,0.020410917,0.019833966,opposite_break,26.295051662793945,0.0
1786636020000,1786636140000,1,0.019833966,0.019695060200000003,confirmed_pivot,-8.996426947590738,0.0
1786636140000,1786641600000,-1,0.019695060200000003,0.0195149022,confirmed_pivot,7.498798881051561,0.34228165446277736
1786641600000,1786641720000,1,0.0195149022,0.0194701052,opposite_break,-4.29323224586794,0.0
1786641720000,1786643760000,-1,0.0194701052,0.019525904400000002,confirmed_pivot,-4.868756928955957,0.0
1786643760000,1786647480000,1,0.019525904400000002,0.019452108800000003,opposite_break,-5.775589744257843,0.0
1786647480000,1786650780000,-1,0.019452108800000003,0.0195959184,opposite_break,-9.400401215111227,0.0
1786650780000,1786651020000,1,0.0195959184,0.0196100772,confirmed_pivot,-1.2781843182200383,0.0
1786651020000,1786651740000,-1,0.0196100772,0.0195619116,confirmed_pivot,0.6093782568076984,0.15075633970477179
1786651740000,1786652040000,1,0.0195619116,0.019509097399999998,opposite_break,-4.69714876944853,0.0
1786652040000,1786652160000,-1,0.019509097399999998,0.019518903,confirmed_pivot,-2.503119411357426,0.0
1786652160000,1786652340000,1,0.019518903,0.0194781036,opposite_break,-4.088160415572508,0.0
1786652340000,1786652880000,-1,0.0194781036,0.0194798952,confirmed_pivot,-2.0920721871506314,0.0
1786652880000,1786653960000,1,0.0194798952,0.0195020988,confirmed_pivot,-0.8613184941570173,0.0
1786653960000,1786655940000,-1,0.0195020988,0.019520903399999998,confirmed_pivot,-2.965198914898244,0.0
1786655940000,1786656720000,1,0.019520903399999998,0.019661066999999997,confirmed_pivot,5.172999811064062,0.0
1786656720000,1786657440000,-1,0.019661066999999997,0.0198649722,opposite_break,-12.381384957388297,0.0
1786657440000,1786658640000,1,0.0198649722,0.0198590274,confirmed_pivot,-2.298961163409081,0.0
1786658640000,1786660380000,-1,0.0198590274,0.0196479288,confirmed_pivot,8.640485777264244,0.0
1786660380000,1786661160000,1,0.0196479288,0.019604078400000002,opposite_break,-4.229575954082064,0.0
1786661160000,1786662180000,-1,0.019604078400000002,0.019528905,confirmed_pivot,1.838414225072838,0.0
1786662180000,1786662900000,1,0.019528905,0.019581083000000003,confirmed_pivot,0.6691625567333861,0.0
1786662900000,1786663140000,-1,0.019581083000000003,0.0196859364,opposite_break,-7.360186328815259,0.0
1786663140000,1786663380000,1,0.0196859364,0.019691061000000003,confirmed_pivot,-1.739942500271247,0.0
1786663380000,1786664220000,-1,0.019691061000000003,0.019608921,confirmed_pivot,2.1756073987075344,0.0
1786664220000,1786664400000,1,0.019608921,0.019504098400000003,opposite_break,-7.340313085049328,0.0
1786664400000,1786665780000,-1,0.019504098400000003,0.019583916,confirmed_pivot,-5.917099060574724,0.179343438915382
1786665780000,1786667040000,1,0.019583916,0.019959007400000003,confirmed_pivot,17.13388050684056,0.0
1786667040000,1786667640000,-1,0.019959007400000003,0.0196079208,confirmed_pivot,15.607974162081902,0.0
1786667640000,1786669260000,1,0.0196079208,0.019678063600000004,confirmed_pivot,1.5736913625233768,0.0
1786669260000,1786670400000,-1,0.019678063600000004,0.0198629718,opposite_break,-11.406063114868513,0.0
1786670400000,1786670520000,1,0.0198629718,0.019766046,confirmed_pivot,-6.874843259859103,0.0
1786670520000,1786671300000,-1,0.019766046,0.0198819756,opposite_break,-7.870953128410295,0.0
1786671300000,1786673220000,1,0.0198819756,0.0199440104,confirmed_pivot,1.1170325548533153,0.0
1786673220000,1786673340000,-1,0.0199440104,0.0200270046,opposite_break,-6.165521002736673,0.0
1786673340000,1786673520000,1,0.0200270046,0.020021994799999998,confirmed_pivot,-2.249902084708191,0.0
1786673520000,1786673820000,-1,0.020021994799999998,0.019963992,confirmed_pivot,0.8998510577976102,0.0
1786673820000,1786673940000,1,0.019963992,0.019901019,confirmed_pivot,-5.151174724974889,0.0
1786673940000,1786674180000,-1,0.019901019,0.019973994000000002,confirmed_pivot,-5.670564557523557,0.0
1786674180000,1786675260000,1,0.019973994000000002,0.019785042200000002,opposite_break,-11.450430805175968,0.0
1786675260000,1786675440000,-1,0.019785042200000002,0.0198199632,confirmed_pivot,-3.766785263667357,0.0
1786675440000,1786676520000,1,0.0198199632,0.0197530486,confirmed_pivot,-5.372745182493521,0.0
1786676520000,1786680720000,-1,0.0197530486,0.0194728938,confirmed_pivot,12.342195578337284,0.14514880956653953
1786680720000,1786681200000,1,0.0194728938,0.019421115000000003,confirmed_pivot,-4.656360258072976,0.0
1786681200000,1786682820000,-1,0.019421115000000003,0.019508901000000002,confirmed_pivot,-6.524651957418481,0.0
1786682820000,1786686000000,1,0.019508901000000002,0.0195670858,confirmed_pivot,0.9794920380189323,0.0
1786686000000,1786686300000,-1,0.0195670858,0.0193708734,confirmed_pivot,8.03770384652798,0.0
1786686300000,1786687080000,1,0.0193708734,0.0192421508,opposite_break,-8.638517259629547,0.0
1786687080000,1786688700000,-1,0.0192421508,0.019073814,confirmed_pivot,6.757084306812436,0.0
1786688700000,1786689960000,1,0.019073814,0.0194281136,opposite_break,16.556608573408546,0.0
1786689960000,1786693800000,-1,0.0194281136,0.0195909174,opposite_break,-10.388184625397693,0.0
1786693800000,1786693980000,1,0.0195909174,0.0194961,confirmed_pivot,-6.835025367418596,0.0
1786693980000,1786694280000,-1,0.0194961,0.0195799152,opposite_break,-6.3033742748549795,0.0
1786694280000,1786694760000,1,0.0195799152,0.0195720848,confirmed_pivot,-2.4494769006966255,-0.0499568047158856
1786694760000,1786696560000,-1,0.0195720848,0.019390877400000003,confirmed_pivot,7.267720289051558,0.0
1786696560000,1786696920000,1,0.019390877400000003,0.0193681256,confirmed_pivot,-3.1721516118709348,0.0
1786696920000,1786698240000,-1,0.0193681256,0.0194668926,opposite_break,-7.104560402065938,0.0
1786698240000,1786698360000,1,0.0194668926,0.0194081176,confirmed_pivot,-5.016209428309092,0.0
1786698360000,1786699380000,-1,0.0194081176,0.019369873200000002,confirmed_pivot,-0.027493176360484428,0.0
1786699380000,1786699680000,1,0.019369873200000002,0.0192871418,confirmed_pivot,-6.266866785684531,0.0
1786699680000,1786700100000,-1,0.0192871418,0.0191758344,confirmed_pivot,3.776838712307277,0.0
1786700100000,1786700220000,1,0.0191758344,0.0191331726,opposite_break,-4.222544130856682,0.0
1786700220000,1786701660000,-1,0.0191331726,0.019224844199999997,confirmed_pivot,-6.796030094872798,0.0
1786701660000,1786702020000,1,0.019224844199999997,0.019174164400000002,confirmed_pivot,-4.6335256438642425,0.0
1786702020000,1786702980000,-1,0.019174164400000002,0.0191058204,confirmed_pivot,1.5679439569216078,0.0
1786702980000,1786704180000,1,0.0191058204,0.019043190600000003,opposite_break,-5.274770142819847,0.0
1786704180000,1786704480000,-1,0.019043190600000003,0.0192678528,confirmed_pivot,-13.809305852349983,0.0
1786704480000,1786705140000,1,0.0192678528,0.01939612,confirmed_pivot,4.650400235567534,0.0
1786705140000,1786706640000,-1,0.01939612,0.0192418476,confirmed_pivot,5.961730098596979,0.0
1786706640000,1786708140000,1,0.0192418476,0.0192191554,confirmed_pivot,-3.1781357108347765,0.0
1786708140000,1786709100000,-1,0.0192191554,0.019224844199999997,confirmed_pivot,-2.06668439103193,0.22960796320945512
1786709100000,1786709400000,1,0.019224844199999997,0.019156168,opposite_break,-5.568690756931903,0.0
1786709400000,1786711260000,-1,0.019156168,0.019194838199999998,confirmed_pivot,-4.020700079472929,0.0
1786711260000,1786711920000,1,0.019194838199999998,0.0194951002,confirmed_pivot,13.627208464825848,0.0
1786711920000,1786712820000,-1,0.0194951002,0.0190768146,confirmed_pivot,19.477390795867873,0.0
1786712820000,1786714800000,1,0.0190768146,0.0190321928,opposite_break,-4.336720209043623,0.0
1786714800000,1786716720000,-1,0.0190321928,0.019748949,opposite_break,-39.69786086866449,0.0
1786716720000,1786718400000,1,0.019748949,0.019864026400000002,opposite_break,3.821186869235598,0.0
1786718400000,1786719420000,-1,0.019864026400000002,0.019919983199999998,confirmed_pivot,-4.819808817813299,0.0
1786719420000,1786719600000,1,0.019919983199999998,0.0196790634,opposite_break,-14.082283292287087,0.0
1786719600000,1786719720000,-1,0.0196790634,0.0197969586,confirmed_pivot,-7.996885766423339,0.0
1786719720000,1786720380000,1,0.0197969586,0.019986002000000003,confirmed_pivot,7.539564153051355,0.0
1786720380000,1786720620000,-1,0.019986002000000003,0.020144028,opposite_break,-9.91474082710482,0.0
1786720620000,1786720740000,1,0.020144028,0.0199940004,confirmed_pivot,-9.440298057568306,0.0
1786720740000,1786721040000,-1,0.0199940004,0.020264052,opposite_break,-15.520138351102634,0.0
1786721040000,1786721460000,1,0.020264052,0.0203549282,confirmed_pivot,2.4801169973310047,0.0
1786721460000,1786722420000,-1,0.0203549282,0.0195679128,confirmed_pivot,36.703276555895705,0.0
1786722420000,1786724760000,1,0.0195679128,0.0196670658,opposite_break,2.8238577518702517,-0.23819705246233516
1786724760000,1786725060000,-1,0.0196670658,0.01970394,confirmed_pivot,-3.8767961919361875,0.0
1786725060000,1786725900000,1,0.01970394,0.019494100400000002,opposite_break,-12.638976793473665,0.0
1786725900000,1786726320000,-1,0.019494100400000002,0.0196079208,confirmed_pivot,-7.844548764096802,0.0
1786726320000,1786729200000,1,0.0196079208,0.01939612,opposite_break,-12.790996218222272,0.0
1786729200000,1786729680000,-1,0.01939612,0.019238847,confirmed_pivot,6.116585842941756,0.0
1786729680000,1786730520000,1,0.019238847,0.01919616,confirmed_pivot,-4.216573217719315,0.0
1786730520000,1786730700000,-1,0.01919616,0.0193308654,confirmed_pivot,-9.024327021654369,0.0
1786730700000,1786731360000,1,0.0193308654,0.019221155,opposite_break,-7.669724936370455,0.0
1786731360000,1786733220000,-1,0.019221155,0.0191348262,confirmed_pivot,2.4958343450224696,0.0
1786733220000,1786735380000,1,0.0191348262,0.019151169,confirmed_pivot,-1.1467674161577008,0.0
1786735380000,1786736340000,-1,0.019151169,0.019055810399999998,confirmed_pivot,2.984236659391462,0.0
1786736340000,1786737180000,1,0.019055810399999998,0.019137171799999998,confirmed_pivot,2.2653677221725728,0.0
1786737180000,1786737420000,-1,0.019137171799999998,0.019173834,opposite_break,-3.917674282466466,0.0
1786737420000,1786738980000,1,0.019173834,0.019491101,confirmed_pivot,14.48043281275928,-0.0498935163410719
1786738980000,1786739220000,-1,0.019491101,0.019571913599999997,opposite_break,-6.150274148186762,0.0
1786739220000,1786740300000,1,0.019571913599999997,0.0195140964,confirmed_pivot,-4.951136203666739,0.0
1786740300000,1786741200000,-1,0.0195140964,0.0195079008,confirmed_pivot,-1.6821889431682022,0.0
1786741200000,1786741620000,1,0.0195079008,0.0193791234,opposite_break,-8.594693294728998,0.0
1786741620000,1786742400000,-1,0.0193791234,0.019423884,confirmed_pivot,-4.3120426902281315,0.0
1786742400000,1786743720000,1,0.019423884,0.0193271338,opposite_break,-6.976010451874549,0.0
1786743720000,1786744620000,-1,0.0193271338,0.019263851999999998,confirmed_pivot,1.2775207361581007,0.0
1786744620000,1786746120000,1,0.019263851999999998,0.0191281736,opposite_break,-9.03611726252873,0.0
1786746120000,1786749420000,-1,0.0191281736,0.019106820599999998,opposite_break,-0.8825721970652894,0.0
1786749420000,1786749540000,1,0.019106820599999998,0.0189962,confirmed_pivot,-7.783797404786246,0.0
1786749540000,1786751220000,-1,0.0189962,0.0190428078,confirmed_pivot,-4.455986344637211,0.0
1786751220000,1786752360000,1,0.0190428078,0.019039191400000002,confirmed_pivot,-2.461420153597116,-0.2717010933650236
1786752360000,1786753740000,-1,0.019039191400000002,0.0191128218,opposite_break,-5.871174402921152,0.0
1786753740000,1786753860000,1,0.0191128218,0.019066186,confirmed_pivot,-4.437586908281644,0.0
1786753860000,1786754100000,-1,0.019066186,0.0192028398,opposite_break,-9.17450536777522,0.0
1786754100000,1786754280000,1,0.0192028398,0.0191501692,confirmed_pivot,-4.740111876577692,0.0
1786754280000,1786755300000,-1,0.0191501692,0.0191508294,confirmed_pivot,-2.0345093661103917,0.0
1786755300000,1786758060000,1,0.0191508294,0.0190151962,opposite_break,-9.07528452005315,0.0
1786758060000,1786758120000,-1,0.0190151962,0.0191018196,confirmed_pivot,-6.56003832345413,0.0
1786758120000,1786759620000,1,0.0191018196,0.0190101972,opposite_break,-6.791730815005781,0.0
1786759620000,1786761600000,-1,0.0190101972,0.0190678128,opposite_break,-5.0338041732676775,0.0
1786761600000,1786761960000,1,0.0190678128,0.019095180200000002,confirmed_pivot,-0.5661683966185032,0.0
1786761960000,1786766280000,-1,0.019095180200000002,0.0191758344,opposite_break,-6.228022639974805,0.0
1786766280000,1786769580000,1,0.0191758344,0.019116176000000002,confirmed_pivot,-5.414117354533423,-0.3061044067370544
1786769580000,1786770360000,-1,0.019116176000000002,0.0191448282,confirmed_pivot,-3.500344640057523,0.0
1786770360000,1786771680000,1,0.0191448282,0.019195160200000002,confirmed_pivot,0.626383871128372,0.0
1786771680000,1786772220000,-1,0.019195160200000002,0.019278855,opposite_break,-6.364563459074387,0.0
1786772220000,1786773480000,1,0.019278855,0.019300139200000004,confirmed_pivot,-0.897086170314443,0.0
1786773480000,1786775220000,-1,0.019300139200000004,0.0194068806,opposite_break,-7.536133200531289,0.0
1786775220000,1786775340000,1,0.0194068806,0.0193781236,confirmed_pivot,-3.4803122455443622,0.0
1786775340000,1786776780000,-1,0.0193781236,0.019443888,confirmed_pivot,-5.397138224466573,0.0
1786776780000,1786781280000,1,0.019443888,0.020030993,confirmed_pivot,27.364286131971184,-0.8003545510033796
1786781280000,1786782300000,-1,0.020030993,0.0198419676,confirmed_pivot,7.446083147250903,0.0
1786782300000,1786784220000,1,0.0198419676,0.020155968,confirmed_pivot,13.809238575714646,0.0
1786784220000,1786785480000,-1,0.020155968,0.020162031599999998,confirmed_pivot,-2.301134810295303,0.0
1786785480000,1786787760000,1,0.020162031599999998,0.0199500092,opposite_break,-12.505408472824616,0.0
1786787760000,1786787880000,-1,0.0199500092,0.0200530098,confirmed_pivot,-7.168097897418513,0.0
1786787880000,1786790040000,1,0.0200530098,0.020264946199999998,confirmed_pivot,8.5582386739769,0.0
1786790040000,1786790220000,-1,0.020264946199999998,0.020384075999999998,opposite_break,-7.884492789820451,0.0
1786790220000,1786790880000,1,0.020384075999999998,0.0207778436,confirmed_pivot,17.298094865815887,0.0
1786790880000,1786792140000,-1,0.0207778436,0.0212122416,opposite_break,-22.927696173437486,0.0
1786792140000,1786793700000,1,0.0212122416,0.022295540000000003,confirmed_pivot,49.01842238115946,0.0
1786793700000,1786795800000,-1,0.022295540000000003,0.0204060804,confirmed_pivot,83.50363187658624,0.6728065366301959
1786795800000,1786796460000,1,0.0204060804,0.020125973999999998,opposite_break,-15.712887929227243,0.0
1786796460000,1786797480000,-1,0.020125973999999998,0.020289057,confirmed_pivot,-10.111214046087975,0.0
1786797480000,1786797960000,1,0.020289057,0.0203089374,confirmed_pivot,-1.021121602645122,0.0
1786797960000,1786799280000,-1,0.0203089374,0.0203710734,opposite_break,-5.062599227864938,0.0
1786799280000,1786800240000,1,0.0203710734,0.020015996,opposite_break,-19.413040326092844,0.0
1786800240000,1786800840000,-1,0.020015996,0.0198179628,confirmed_pivot,7.903640728145774,0.0
1786800840000,1786801560000,1,0.0198179628,0.020430913,confirmed_pivot,28.898092603140835,0.0
1786801560000,1786801860000,-1,0.020430913,0.0205971186,opposite_break,-10.143141013815693,0.0
1786801860000,1786802100000,1,0.0205971186,0.020605878,confirmed_pivot,-1.5751521962881538,0.0
1786802100000,1786802580000,-1,0.020605878,0.020766152399999998,opposite_break,-9.785869371836368,0.0
1786802580000,1786802760000,1,0.020766152399999998,0.020471904800000003,confirmed_pivot,-16.15540764306416,0.0
1786802760000,1786804560000,-1,0.020471904800000003,0.020176034399999997,confirmed_pivot,12.466962077705903,0.0
1786804560000,1786805400000,1,0.020176034399999997,0.0207548482,confirmed_pivot,26.65949644693316,0.0
1786805400000,1786806000000,-1,0.0207548482,0.0210031998,opposite_break,-13.977921939221984,0.0
1786806000000,1786806060000,1,0.0210031998,0.0207078576,confirmed_pivot,-16.047709901802662,0.0
1786806060000,1786807260000,-1,0.0207078576,0.0218333658,opposite_break,-56.40609694940146,0.0
1786807260000,1786807560000,1,0.0218333658,0.0216486694,confirmed_pivot,-10.450905155447902,0.0
1786807560000,1786812240000,-1,0.0216486694,0.0203920776,opposite_break,56.45198244118419,0.3491785894148303
1786812240000,1786812480000,1,0.0203920776,0.020385921999999997,confirmed_pivot,-2.3015604648347265,0.0
1786812480000,1786813320000,-1,0.020385921999999997,0.020453089799999997,opposite_break,-5.2981077726089705,0.0
1786813320000,1786813920000,1,0.020453089799999997,0.020428913400000002,confirmed_pivot,-3.1808594122534823,0.0
1786813920000,1786814220000,-1,0.020428913400000002,0.0204110814,confirmed_pivot,-1.126246626509154,0.0
1786814220000,1786816440000,1,0.0204110814,0.0203039384,opposite_break,-7.244007159757862,0.0
1786816440000,1786816560000,-1,0.0203039384,0.0203250642,confirmed_pivot,-3.0415184179243067,0.0
1786816560000,1786816740000,1,0.0203250642,0.020193960400000002,opposite_break,-8.443900738084618,0.0
1786816740000,1786817520000,-1,0.020193960400000002,0.0201010194,confirmed_pivot,2.6070180963612577,0.0
1786817520000,1786819200000,1,0.0201010194,0.0200539884,opposite_break,-4.337392351355049,0.0
1786819200000,1786819680000,-1,0.0200539884,0.020059010999999998,confirmed_pivot,-2.2507043735997154,0.0
1786819680000,1786820340000,1,0.020059010999999998,0.020058987400000002,confirmed_pivot,-2.0011753520647604,0.0
1786820340000,1786820760000,-1,0.020058987400000002,0.0200570106,confirmed_pivot,-1.9013521091298442,0.0
1786820760000,1786821060000,1,0.0200570106,0.0199999992,opposite_break,-4.83962499376657,0.0
1786821060000,1786821180000,-1,0.0199999992,0.020029005,confirmed_pivot,-3.451740348069558,0.0
1786821180000,1786823100000,1,0.020029005,0.020002998600000002,confirmed_pivot,-3.2971385048831414,0.0
1786823100000,1786824240000,-1,0.020002998600000002,0.0199779948,confirmed_pivot,-0.5471566663008774,0.2015907439997521
1786824240000,1786824360000,1,0.0199779948,0.019920015200000002,opposite_break,-4.899270971879384,0.0
1786824360000,1786827480000,-1,0.019920015200000002,0.0197669526,confirmed_pivot,5.6915434582601865,0.0
1786827480000,1786829640000,1,0.0197669526,0.0197380516,confirmed_pivot,-3.460624689310878,0.0
1786829640000,1786829820000,-1,0.0197380516,0.0197499492,confirmed_pivot,-2.6033775694455015,0.0
1786829820000,1786831800000,1,0.0197499492,0.019598079600000002,opposite_break,-9.681930159091069,0.0
1786831800000,1786832040000,-1,0.019598079600000002,0.019683936,confirmed_pivot,-6.385238663894249,0.0
1786832040000,1786832220000,1,0.019683936,0.0195480896,opposite_break,-8.894482566901273,0.0
1786832220000,1786833300000,-1,0.0195480896,0.0195599112,confirmed_pivot,-2.6053492613416167,0.0
1786833300000,1786833780000,1,0.0195599112,0.019432112799999998,opposite_break,-8.52715650365531,0.0
1786833780000,1786835100000,-1,0.019432112799999998,0.0193198632,confirmed_pivot,3.7822765211613723,0.0
1786835100000,1786839960000,1,0.0193198632,0.0190481896,opposite_break,-16.10274719021808,-0.054928963430755554
1786839960000,1786840620000,-1,0.0190481896,0.0190568106,confirmed_pivot,-2.4530415320939647,0.0
1786840620000,1786841220000,1,0.0190568106,0.0201319728,confirmed_pivot,54.362371455798595,0.0
1786841220000,1786841400000,-1,0.0201319728,0.02010402,opposite_break,-0.6101335881001438,0.0
1786841400000,1786841520000,1,0.02010402,0.020006997800000002,confirmed_pivot,-6.821183912471133,0.0
1786841520000,1786842180000,-1,0.020006997800000002,0.0198399672,confirmed_pivot,6.356957514135534,0.0
1786842180000,1786843200000,1,0.0198399672,0.020284942200000003,confirmed_pivot,20.405784269643537,0.0
1786843200000,1786843560000,-1,0.020284942200000003,0.0201230238,confirmed_pivot,5.99017896141712,0.0
1786843560000,1786845180000,1,0.0201230238,0.0201869618,opposite_break,1.174178127245444,0.0
1786845180000,1786850460000,-1,0.0201869618,0.020279055,confirmed_pivot,-6.5665758975182005,0.0
1786850460000,1786850820000,1,0.020279055,0.0201649662,opposite_break,-7.620316686354569,0.0
1786850820000,1786851480000,-1,0.0201649662,0.020219043,confirmed_pivot,-4.68440205964741,0.0
1786851480000,1786851660000,1,0.020219043,0.020145970000000003,confirmed_pivot,-5.610454114964612,0.0
1786851660000,1786853400000,-1,0.020145970000000003,0.020109021,confirmed_pivot,0.007942515699238761,0.17204436832775982
1786853400000,1786854180000,1,0.020109021,0.0201739644,confirmed_pivot,1.2263359116289019,0.0
1786854180000,1786856160000,-1,0.0201739644,0.0203720736,opposite_break,-11.829863147770677,0.0
1786856160000,1786858560000,1,0.0203720736,0.0203719248,confirmed_pivot,-2.0072968124363495,0.0
1786858560000,1786861320000,-1,0.0203719248,0.0201310254,confirmed_pivot,9.836893262044692,0.0
1786861320000,1786861440000,1,0.0201310254,0.0200439904,opposite_break,-6.319102642431678,0.0
1786861440000,1786862100000,-1,0.0200439904,0.019849969199999998,confirmed_pivot,7.689448923304301,0.0
1786862100000,1786867440000,1,0.019849969199999998,0.020330933,confirmed_pivot,22.01679158071446,-0.1889304211111824
1786867440000,1786867560000,-1,0.020330933,0.0204480888,opposite_break,-7.768203348070697,0.0
1786867560000,1786867740000,1,0.0204480888,0.0203739244,confirmed_pivot,-5.623333032473918,0.0
1786867740000,1786868880000,-1,0.0203739244,0.020335066199999998,confirmed_pivot,-0.09084114398687337,0.0
1786868880000,1786870500000,1,0.020335066199999998,0.0202519488,opposite_break,-6.083305251300289,0.0
1786870500000,1786870620000,-1,0.0202519488,0.020402079599999998,confirmed_pivot,-9.420566400009792,0.0
1786870620000,1786875360000,1,0.020402079599999998,0.0201919608,opposite_break,-12.288592404080172,0.0
1786875360000,1786875540000,-1,0.0201919608,0.0203310654,confirmed_pivot,-8.89599717329097,0.0
1786875540000,1786877100000,1,0.0203310654,0.0204079176,confirmed_pivot,1.7762579721964782,0.0
1786877100000,1786877460000,-1,0.0204079176,0.0203360664,confirmed_pivot,1.524271932575838,0.0
1786877460000,1786878480000,1,0.0203360664,0.020451908799999998,confirmed_pivot,3.690705140498549,0.0
1786878480000,1786878600000,-1,0.020451908799999998,0.0206011194,opposite_break,-9.302976561288078,0.0
1786878600000,1786878780000,1,0.0206011194,0.020567885600000002,confirmed_pivot,-3.6115903973643966,0.0
1786878780000,1786879200000,-1,0.020567885600000002,0.0205781148,opposite_break,-2.4978357717040303,0.0
1786879200000,1786879260000,1,0.0205781148,0.0205538884,confirmed_pivot,-3.176112284104719,0.0
1786879260000,1786879380000,-1,0.0205538884,0.0206661324,opposite_break,-7.4664227913194985,0.0
1786879380000,1786880160000,1,0.0206661324,0.0210627866,confirmed_pivot,17.174247901363604,0.0
1786880160000,1786880700000,-1,0.0210627866,0.0211162224,opposite_break,-4.539513731767941,0.0
1786880700000,1786880880000,1,0.0211162224,0.0210767838,confirmed_pivot,-3.86582432471446,0.0
1786880880000,1786881300000,-1,0.0210767838,0.0209121816,confirmed_pivot,5.817454682056331,0.0
1786881300000,1786882560000,1,0.0209121816,0.021161766800000002,confirmed_pivot,9.202032248639366,-0.72095214242975
1786882560000,1786883100000,-1,0.021161766800000002,0.020784155999999998,confirmed_pivot,15.861855031877777,0.0
1786883100000,1786885320000,1,0.020784155999999998,0.0211127766,confirmed_pivot,13.79530000640886,0.0
1786885320000,1786886340000,-1,0.0211127766,0.021088216799999997,confirmed_pivot,-0.8355695574402028,0.0
1786886340000,1786887360000,1,0.021088216799999997,0.020715855999999998,opposite_break,-19.639634622876173,0.0
1786887360000,1786887420000,-1,0.020715855999999998,0.020940187199999998,confirmed_pivot,-12.839790120186223,0.0
1786887420000,1786889040000,1,0.020940187199999998,0.021554688199999998,confirmed_pivot,27.316189637502383,0.0
1786889040000,1786890120000,-1,0.021554688199999998,0.0220114014,opposite_break,-23.209766940632445,0.0
1786890120000,1786890300000,1,0.0220114014,0.021815636,confirmed_pivot,-10.884924273835601,0.0
1786890300000,1786891140000,-1,0.021815636,0.0220234038,opposite_break,-11.533325904411008,0.0
1786891140000,1786891380000,1,0.0220234038,0.0219826026,confirmed_pivot,-3.8507765271051895,0.0
1786891380000,1786891680000,-1,0.0219826026,0.021956390399999998,confirmed_pivot,-0.8064010127716259,0.0
1786891680000,1786892460000,1,0.021956390399999998,0.021761646800000003,opposite_break,-10.860693987295601,0.0
1786892460000,1786893900000,-1,0.021761646800000003,0.0212212434,confirmed_pivot,22.857668556591204,0.0
1786893900000,1786894020000,1,0.0212212434,0.0208738244,opposite_break,-18.35491259668593,0.0
1786894020000,1786894140000,-1,0.0208738244,0.021088216799999997,confirmed_pivot,-12.28114390001267,0.0
1786894140000,1786897860000,1,0.021088216799999997,0.021710657,opposite_break,27.13379957190143,-0.35270304220317006
1786897860000,1786898160000,-1,0.021710657,0.021765352199999997,confirmed_pivot,-4.521798174969839,0.0
1786898160000,1786901940000,1,0.021765352199999997,0.021475703999999998,opposite_break,-15.294457592099025,0.0
1786901940000,1786904220000,-1,0.021475703999999998,0.021359271,confirmed_pivot,3.427036664316063,0.0
1786904220000,1786905480000,1,0.021359271,0.0212147562,opposite_break,-8.759139167249606,0.0
1786905480000,1786907640000,-1,0.0212147562,0.0210932178,confirmed_pivot,3.734684728547542,0.0
1786907640000,1786907820000,1,0.0210932178,0.0209288134,opposite_break,-9.786388836320734,0.0
1786907820000,1786910280000,-1,0.0209288134,0.0212702532,opposite_break,-18.330655411166273,0.0
1786910280000,1786913160000,1,0.0212702532,0.0210137964,opposite_break,-14.358593545562446,-0.31358680347067996
1786913160000,1786916640000,-1,0.0210137964,0.020929185,confirmed_pivot,2.0304954796269086,0.0
1786916640000,1786916760000,1,0.020929185,0.0208518288,opposite_break,-5.692396230431326,0.0
1786916760000,1786918080000,-1,0.0208518288,0.0210001992,opposite_break,-9.122577680092991,0.0
1786918080000,1786918860000,1,0.0210001992,0.0209987994,confirmed_pivot,-2.0665898540619283,0.0
1786918860000,1786919220000,-1,0.0209987994,0.020979195,confirmed_pivot,-1.0654701715946042,0.0
1786919220000,1786919520000,1,0.020979195,0.0207348522,opposite_break,-13.635263278691026,0.0
1786919520000,1786920540000,-1,0.0207348522,0.020884175999999997,confirmed_pivot,-9.208786556964057,0.0
1786920540000,1786922460000,1,0.020884175999999997,0.020671864800000002,opposite_break,-12.155961566307212,0.0
1786922460000,1786922700000,-1,0.020671864800000002,0.0206761344,confirmed_pivot,-2.2067481401096813,0.0
1786922700000,1786923840000,1,0.0206761344,0.020585882,opposite_break,-6.360686860305999,0.0
1786923840000,1786924200000,-1,0.020585882,0.020619123,confirmed_pivot,-3.6163621748147503,0.0
1786924200000,1786925220000,1,0.020619123,0.0205648862,opposite_break,-4.84490501366132,-0.21712287181176426
1786925220000,1786925280000,-1,0.0205648862,0.0206431278,confirmed_pivot,-5.808425723260302,0.0
1786925280000,1786926660000,1,0.0206431278,0.020884822200000003,confirmed_pivot,9.69651750157757,0.0
1786926660000,1786926960000,-1,0.020884822200000003,0.0213162624,opposite_break,-22.678731954921663,0.0
1786926960000,1786928640000,1,0.0213162624,0.0212597472,opposite_break,-4.648620275944776,0.0
1786928640000,1786928820000,-1,0.0212597472,0.021476294400000002,confirmed_pivot,-12.195970119531815,0.0
1786928820000,1786929780000,1,0.021476294400000002,0.021100779,opposite_break,-19.46762628659075,0.0
1786929780000,1786930140000,-1,0.021100779,0.0211512294,confirmed_pivot,-4.393316872329637,0.0
1786930140000,1786932060000,1,0.0211512294,0.0210137964,opposite_break,-8.491138855503088,0.0
1786932060000,1786933020000,-1,0.0210137964,0.020944188,confirmed_pivot,1.3158219996840104,0.0
1786933020000,1786933380000,1,0.020944188,0.021000799,confirmed_pivot,0.7002426162332742,0.0
1786933380000,1786933560000,-1,0.021000799,0.0210762144,confirmed_pivot,-5.594663964928224,0.0
1786933560000,1786933920000,1,0.0210762144,0.0211817628,confirmed_pivot,3.0029312474634366,0.0
1786933920000,1786937280000,-1,0.0211817628,0.0205681128,confirmed_pivot,26.999647281481234,0.0
1786937280000,1786939320000,1,0.0205681128,0.020399919199999998,opposite_break,-10.506543880778484,-0.3373254389192187
1786939320000,1786940160000,-1,0.020399919199999998,0.0205831158,confirmed_pivot,-10.989241320132344,0.0
1786940160000,1786941360000,1,0.0205831158,0.0205088974,confirmed_pivot,-5.602184543896862,0.0
1786941360000,1786942680000,-1,0.0205088974,0.0206261244,opposite_break,-7.721625337108615,0.0
1786942680000,1786942860000,1,0.0206261244,0.020510897,confirmed_pivot,-7.580891997335227,0.0
1786942860000,1786943760000,-1,0.020510897,0.0204820956,confirmed_pivot,-0.5943958764943188,0.0
1786943760000,1786944120000,1,0.0204820956,0.0203969198,opposite_break,-6.154390539999243,0.0
1786944120000,1786945980000,-1,0.0203969198,0.020449089,confirmed_pivot,-4.5602576130147074,0.0
1786945980000,1786947540000,1,0.020449089,0.0204439104,confirmed_pivot,-2.2529903116955046,0.0
1786947540000,1786949400000,-1,0.0204439104,0.0204100812,confirmed_pivot,-0.34361291272330263,0.0
1786949400000,1786949700000,1,0.0204100812,0.0202779436,opposite_break,-8.467659834689856,0.0
1786949700000,1786950000000,-1,0.0202779436,0.020219043,confirmed_pivot,0.907568033673873,0.0
1786950000000,1786950840000,1,0.020219043,0.0200679856,opposite_break,-9.46357493774547,0.0
1786950840000,1786951860000,-1,0.0200679856,0.0203710734,opposite_break,-17.118153552990254,0.0
1786951860000,1786952700000,1,0.0203710734,0.0208518288,confirmed_pivot,21.576305242707598,0.0
1786952700000,1786953840000,-1,0.0208518288,0.021074213999999997,opposite_break,-12.413856163062196,0.2618302400411037
1786953840000,1786954260000,1,0.021074213999999997,0.0211187754,confirmed_pivot,0.1123842910584405,0.0
1786954260000,1786954620000,-1,0.0211187754,0.0211562304,confirmed_pivot,-3.7753138754436844,0.0
1786954620000,1786954860000,1,0.0211562304,0.0211467698,confirmed_pivot,-2.4467307843272685,0.0
1786954860000,1786957740000,-1,0.0211467698,0.020599119,confirmed_pivot,23.92350775010567,0.0
1786957740000,1786959720000,1,0.020599119,0.0208718248,confirmed_pivot,11.225473099116611,0.0
1786959720000,1786964280000,-1,0.0208718248,0.0207051402,confirmed_pivot,5.99409185343494,0.0
1786964280000,1786965360000,1,0.0207051402,0.020829833199999998,confirmed_pivot,4.016298648390636,0.0
1786965360000,1786965900000,-1,0.020829833199999998,0.0207921576,confirmed_pivot,-0.1894585886555007,0.0
1786965900000,1786966740000,1,0.0207921576,0.020866825800000002,confirmed_pivot,1.587580146083667,0.0
1786966740000,1786968300000,-1,0.020866825800000002,0.0207111414,confirmed_pivot,6.108048367989037,0.6397306711018786
1786968300000,1786971000000,1,0.0207111414,0.0207138564,confirmed_pivot,-1.869042224780506,0.0
1786971000000,1786971660000,-1,0.0207138564,0.020658130799999997,confirmed_pivot,0.6929473934174837,0.0
1786971660000,1786974960000,1,0.020658130799999997,0.020623874400000002,opposite_break,-3.656594390427367,0.0
1786974960000,1786979340000,-1,0.020623874400000002,0.0201080208,confirmed_pivot,23.037461128060457,0.0
1786979340000,1786979940000,1,0.0201080208,0.0201099772,opposite_break,-1.9028027860405201,0.0
1786979940000,1786980240000,-1,0.0201099772,0.020077014600000002,confirmed_pivot,-0.35924415667668874,0.0
1786980240000,1786982820000,1,0.020077014600000002,0.020260946999999998,confirmed_pivot,6.911382564307951,-0.24079823850902612
1786982820000,1786984380000,-1,0.020260946999999998,0.0204430878,opposite_break,-10.998737364053174,0.0
1786984380000,1786985520000,1,0.0204430878,0.0202749442,opposite_break,-10.216736045129158,0.0
1786985520000,1786986120000,-1,0.0202749442,0.020210041199999997,confirmed_pivot,1.2043443552363304,0.0
1786986120000,1786986900000,1,0.020210041199999997,0.0202069578,confirmed_pivot,-2.1524151568773586,0.0
1786986900000,1786990260000,-1,0.0202069578,0.0198519696,confirmed_pivot,15.585189800317178,0.0
1786990260000,1786993380000,1,0.0198519696,0.019861027,opposite_break,-1.5442093262122356,0.0
1786993380000,1786997160000,-1,0.019861027,0.0199379868,opposite_break,-5.828767052177197,0.05002329436438509
1786997160000,1786997580000,1,0.0199379868,0.0200889814,confirmed_pivot,5.565638743426147,0.0
1786997580000,1787002320000,-1,0.0200889814,0.020369073,opposite_break,-15.95649117381336,0.0
1787002320000,1787004000000,1,0.020369073,0.0202879416,confirmed_pivot,-5.979084791929414,0.0
1787004000000,1787004900000,-1,0.0202879416,0.020367072599999998,confirmed_pivot,-5.904296086893122,0.0
1787004900000,1787005860000,1,0.020367072599999998,0.020276943800000002,opposite_break,-6.420795907606044,0.0
1787005860000,1787007420000,-1,0.020276943800000002,0.020321063400000002,confirmed_pivot,-4.178026434141411,0.0
1787007420000,1787008260000,1,0.020321063400000002,0.0203119368,confirmed_pivot,-2.448671076928126,0.0
1787008260000,1787008680000,-1,0.0203119368,0.0203080608,confirmed_pivot,-1.8089854237829317,0.0
1787008680000,1787009640000,1,0.0203080608,0.020357927600000002,confirmed_pivot,0.4530620471651756,0.0
1787009640000,1787011440000,-1,0.020357927600000002,0.020374074,confirmed_pivot,-2.373336905058869,0.4205821380561349
1787011440000,1787011680000,1,0.020374074,0.0199740044,opposite_break,-21.616574004786695,0.0
1787011680000,1787012400000,-1,0.0199740044,0.0200650122,confirmed_pivot,-6.560868515679353,0.0
1787012400000,1787012520000,1,0.0200650122,0.0199650062,opposite_break,-6.979114540483543,0.0
1787012520000,1787013540000,-1,0.0199650062,0.019688937,confirmed_pivot,11.841481762224522,0.0
1787013540000,1787014080000,1,0.019688937,0.019561086999999998,opposite_break,-8.487000796437222,0.0
1787014080000,1787014560000,-1,0.019561086999999998,0.0193648722,confirmed_pivot,8.040904925170924,0.0
1787014560000,1787016360000,1,0.0193648722,0.0194721048,confirmed_pivot,3.5319429063931462,0.0
1787016360000,1787019240000,-1,0.0194721048,0.0193968786,confirmed_pivot,1.8671436382162625,0.0
1787019240000,1787019780000,1,0.0193968786,0.019525094200000002,confirmed_pivot,4.603504978373275,0.0
1787019780000,1787020080000,-1,0.019525094200000002,0.0197329458,opposite_break,-12.656002448377231,0.0
1787020080000,1787020200000,1,0.0197329458,0.019592080799999998,confirmed_pivot,-9.131430675697718,0.0
1787020200000,1787023140000,-1,0.019592080799999998,0.0197609514,opposite_break,-10.627948829202593,0.0
1787023140000,1787023260000,1,0.0197609514,0.019644070399999998,confirmed_pivot,-7.90883083696075,0.0
1787023260000,1787027820000,-1,0.019644070399999998,0.0197749542,confirmed_pivot,-8.334313943397499,0.33511256201769674
1787027820000,1787029020000,1,0.0197749542,0.019677063800000002,opposite_break,-6.9452711045974596,0.0
1787029020000,1787029080000,-1,0.019677063800000002,0.0197029398,confirmed_pivot,-3.316348631242309,0.0
1787029080000,1787029500000,1,0.0197029398,0.0195900812,opposite_break,-7.722280154355341,0.0
1787029500000,1787030340000,-1,0.0195900812,0.0195449082,confirmed_pivot,0.3082177423543562,0.0
1787030340000,1787031360000,1,0.0195449082,0.019609077399999997,confirmed_pivot,1.2798839546352303,0.0
1787031360000,1787032560000,-1,0.019609077399999997,0.0195629118,confirmed_pivot,0.3566517005026659,0.0
1787032560000,1787034780000,1,0.0195629118,0.0194891014,opposite_break,-5.769203191929687,0.0
1787034780000,1787034960000,-1,0.0194891014,0.019594918200000002,confirmed_pivot,-7.434966683481974,0.0
1787034960000,1787036220000,1,0.019594918200000002,0.0196820628,confirmed_pivot,2.4428588326537843,0.0
1787036220000,1787036760000,-1,0.0196820628,0.0196349262,confirmed_pivot,0.3972963138803103,0.0
1787036760000,1787037180000,1,0.0196349262,0.0195840824,opposite_break,-4.586867690900647,0.0
1787037180000,1787037360000,-1,0.0195840824,0.019606920599999998,confirmed_pivot,-3.1673275128783387,0.0
1787037360000,1787037480000,1,0.019606920599999998,0.0195350922,opposite_break,-5.659757340986931,0.0
1787037480000,1787037840000,-1,0.0195350922,0.019575914399999998,confirmed_pivot,-4.091775241275728,0.0
1787037840000,1787038140000,1,0.019575914399999998,0.019487101800000003,opposite_break,-6.532293388041928,0.0
1787038140000,1787038560000,-1,0.019487101800000003,0.019628925,opposite_break,-9.285076285689387,0.0
1787038560000,1787038680000,1,0.019628925,0.01959608,confirmed_pivot,-3.671622618151534,0.0
1787038680000,1787039700000,-1,0.01959608,0.019913982,opposite_break,-18.238957077129808,0.0
1787039700000,1787039820000,1,0.019913982,0.0197840424,confirmed_pivot,-8.518518516286704,0.0
1787039820000,1787041140000,-1,0.0197840424,0.020041007399999998,opposite_break,-14.794739205572967,0.20674753810677235
1787041140000,1787042460000,1,0.020041007399999998,0.019947009800000002,confirmed_pivot,-6.685572961766186,0.0
1787042460000,1787042640000,-1,0.019947009800000002,0.0199659924,confirmed_pivot,-2.952603061336959,0.0
1787042640000,1787044020000,1,0.0199659924,0.0198130366,opposite_break,-9.653155482519368,0.0
1787044020000,1787044200000,-1,0.0198130366,0.0198349662,confirmed_pivot,-3.107933631940168,0.0
1787044200000,1787046540000,1,0.0198349662,0.019671065,opposite_break,-10.254982496516693,0.0
1787046540000,1787046840000,-1,0.019671065,0.0196399272,confirmed_pivot,-0.4154931214959232,0.0
1787046840000,1787048400000,1,0.0196399272,0.0196490694,confirmed_pivot,-1.5349749667096844,0.0
1787048400000,1787050440000,-1,0.0196490694,0.0196609314,confirmed_pivot,-2.6042964049992805,0.0
1787050440000,1787053620000,1,0.0196609314,0.0195200952,opposite_break,-9.156088434345536,0.0
1787053620000,1787053800000,-1,0.0195200952,0.019533905999999997,confirmed_pivot,-2.708224558248892,0.0
1787053800000,1787055240000,1,0.019533905999999997,0.0196680656,confirmed_pivot,4.736860991345143,-0.12430852590362625
1787055240000,1787055420000,-1,0.0196680656,0.019708941,opposite_break,-4.080340600450363,0.0
1787055420000,1787056860000,1,0.019708941,0.0197090574,confirmed_pivot,-1.994099956968779,0.0
1787056860000,1787058780000,-1,0.0197090574,0.0197999592,opposite_break,-6.616796224866703,0.0
1787058780000,1787059260000,1,0.0197999592,0.0197880416,confirmed_pivot,-2.6012983299481367,0.0
1787059260000,1787063400000,-1,0.0197880416,0.0198069606,opposite_break,-2.9570385681824716,0.0
1787063400000,1787066100000,1,0.0198069606,0.0202439504,confirmed_pivot,20.04037353414027,0.0
1787066100000,1787066460000,-1,0.0202439504,0.0202910574,opposite_break,-4.329293742984131,0.0
1787066460000,1787066700000,1,0.0202910574,0.020255948,confirmed_pivot,-3.7285590350752402,0.0
1787066700000,1787067420000,-1,0.020255948,0.0200910174,confirmed_pivot,6.1504716836752475,0.0
1787067420000,1787070240000,1,0.0200910174,0.0200849822,opposite_break,-2.9271881748557274,-0.6270956170741259
1787070240000,1787071740000,-1,0.0200849822,0.020294058,opposite_break,-12.41996819892625,0.0
1787071740000,1787071920000,1,0.020294058,0.020230953,confirmed_pivot,-5.106421347568869,0.0
1787071920000,1787074320000,-1,0.020230953,0.020294058,confirmed_pivot,-5.122349451358065,0.0
1787074320000,1787078040000,1,0.020294058,0.020041990800000003,opposite_break,-14.40831837575301,0.0
1787078040000,1787078520000,-1,0.020041990800000003,0.0201880368,opposite_break,-9.294287651304424,0.0
1787078520000,1787078700000,1,0.0201880368,0.0201749642,confirmed_pivot,-2.6468943726118264,0.0
1787078700000,1787079300000,-1,0.0201749642,0.0201020196,confirmed_pivot,1.619215572139626,0.0
1787079300000,1787079600000,1,0.0201020196,0.020085982000000002,opposite_break,-2.7970125747960966,0.0
1787079600000,1787080380000,-1,0.020085982000000002,0.020043007800000002,confirmed_pivot,0.141651535882108,0.0
1787080380000,1787080500000,1,0.020043007800000002,0.0200239944,opposite_break,-2.9476814452968556,0.0
1787080500000,1787080620000,-1,0.0200239944,0.0200530098,confirmed_pivot,-3.450480599415204,0.0
1787080620000,1787081400000,1,0.0200530098,0.0200479896,confirmed_pivot,-2.250096112754137,0.0
1787081400000,1787082420000,-1,0.0200479896,0.0200220036,confirmed_pivot,-0.7025139917271968,0.0
1787082420000,1787084520000,1,0.0200220036,0.0199500092,opposite_break,-5.6420708464961375,-0.04990259815955682
1787084520000,1787085060000,-1,0.0199500092,0.019933986,confirmed_pivot,-1.196029283034134,0.0
1787085060000,1787085360000,1,0.019933986,0.019886022000000003,opposite_break,-4.403735810790554,0.0
1787085360000,1787085600000,-1,0.019886022000000003,0.0198969786,confirmed_pivot,-2.5515208924136292,0.0
1787085600000,1787085720000,1,0.0198969786,0.0198330326,opposite_break,-5.210640936207207,0.0
1787085720000,1787085960000,-1,0.0198330326,0.0198469686,confirmed_pivot,-2.7033687828456006,0.0
1787085960000,1787087340000,1,0.0198469686,0.0197840424,opposite_break,-5.167399267211041,0.0
1787087340000,1787087460000,-1,0.0197840424,0.0198129618,confirmed_pivot,-3.463215596424351,0.0
1787087460000,1787088360000,1,0.0198129618,0.019781043,opposite_break,-3.6093949769791163,0.0
1787088360000,1787089140000,-1,0.019781043,0.0197709534,confirmed_pivot,-1.4894258305791868,0.0
1787089140000,1787089380000,1,0.0197709534,0.0196920608,opposite_break,-5.986338230911928,0.0
1787089380000,1787091000000,-1,0.0196920608,0.0195359064,confirmed_pivot,5.937744860101208,0.0
1787091000000,1787093340000,1,0.0195359064,0.0194291134,opposite_break,-7.4610318464671215,0.0
1787093340000,1787093580000,-1,0.0194291134,0.0194248842,confirmed_pivot,-1.7821089870214752,0.0
1787093580000,1787093880000,1,0.0194248842,0.019407117800000002,opposite_break,-2.9137060183863195,0.0
1787093880000,1787094600000,-1,0.019407117800000002,0.0195229038,opposite_break,-7.972127710792773,0.0
1787094600000,1787095080000,1,0.0195229038,0.0194701052,confirmed_pivot,-4.701739553723601,0.0
1787095080000,1787097060000,-1,0.0194701052,0.0195879168,opposite_break,-8.056947838165764,0.0
1787097060000,1787098260000,1,0.0195879168,0.0197050582,confirmed_pivot,3.9244665874831353,-0.04984195154433166
1787098260000,1787101500000,-1,0.0197050582,0.019554910199999997,confirmed_pivot,5.627389194922689,0.0
1787101500000,1787102160000,1,0.019554910199999997,0.019609077399999997,confirmed_pivot,0.7672350446283311,0.0
1787102160000,1787102280000,-1,0.019609077399999997,0.0196369266,opposite_break,-3.4216400206570965,0.0
1787102280000,1787102640000,1,0.0196369266,0.019606078,confirmed_pivot,-3.569377531818093,0.0
1787102640000,1787103360000,-1,0.019606078,0.0196219236,confirmed_pivot,-2.8090065539880804,0.0
1787103360000,1787104140000,1,0.0196219236,0.0196100772,confirmed_pivot,-2.603129124404564,0.0
1787104140000,1787104620000,-1,0.0196100772,0.0196959384,opposite_break,-6.382800757153687,0.0
1787104620000,1787106720000,1,0.0196959384,0.0197170558,confirmed_pivot,-0.9289018795875472,0.0
1787106720000,1787107380000,-1,0.0197170558,0.0195999192,confirmed_pivot,3.9468177089604515,0.0
1787107380000,1787107920000,1,0.0195999192,0.019592080799999998,opposite_break,-2.3995200959808787,0.0
1787107920000,1787107980000,-1,0.019592080799999998,0.019612921800000002,confirmed_pivot,-3.0648098695062593,0.0
1787107980000,1787108940000,1,0.019612921800000002,0.019730053200000004,confirmed_pivot,3.9661823869608934,0.0
1787108940000,1787110380000,-1,0.019730053200000004,0.0193628718,confirmed_pivot,16.62886925211144,0.0
1787110380000,1787112540000,1,0.0193628718,0.0199580076,confirmed_pivot,28.499453641954105,-0.20573670073051872
1787112540000,1787114100000,-1,0.0199580076,0.0199759944,confirmed_pivot,-2.9021334774919056,0.0
1787114100000,1787114940000,1,0.0199759944,0.019836032,opposite_break,-8.999523267787803,0.0
1787114940000,1787116740000,-1,0.019836032,0.0198969786,opposite_break,-5.0755922656305605,0.0
1787116740000,1787117640000,1,0.0198969786,0.019904018399999997,confirmed_pivot,-1.646541299491715,0.0
1787117640000,1787118720000,-1,0.019904018399999997,0.0198549702,confirmed_pivot,0.46670030208566615,0.0
1787118720000,1787119920000,1,0.0198549702,0.0196670658,opposite_break,-11.454383144830787,0.0
1787119920000,1787120520000,-1,0.0196670658,0.0197179428,confirmed_pivot,-4.589500514103013,0.0
1787120520000,1787121600000,1,0.0197179428,0.019643070600000003,opposite_break,-5.793363666720642,0.0
1787121600000,1787123640000,-1,0.019643070600000003,0.019797958799999998,opposite_break,-9.893016899302626,0.0
1787123640000,1787124420000,1,0.019797958799999998,0.0197630466,confirmed_pivot,-3.761660793030707,0.0
1787124420000,1787125140000,-1,0.0197630466,0.0197429478,confirmed_pivot,-0.9819940615836065,0.0
1787125140000,1787127540000,1,0.0197429478,0.019795040200000003,confirmed_pivot,0.29432806940319084,-0.34156542163880915
1787127540000,1787128200000,-1,0.019795040200000003,0.0197399472,confirmed_pivot,0.7859550899018926,0.0
1787128200000,1787130000000,1,0.0197399472,0.0196530686,confirmed_pivot,-6.396755498920465,0.0
1787130000000,1787130360000,-1,0.0196530686,0.0197509494,opposite_break,-6.985413870686758,0.0
1787130360000,1787131080000,1,0.0197509494,0.0198320328,confirmed_pivot,2.101185971343789,0.0
1787131080000,1787132700000,-1,0.0198320328,0.0201260244,opposite_break,-16.83890202117866,0.0
1787132700000,1787132880000,1,0.0201260244,0.020077983599999998,confirmed_pivot,-4.384611995203729,0.0
1787132880000,1787133180000,-1,0.020077983599999998,0.0215463084,opposite_break,-75.20421981020048,0.0
1787133180000,1787133900000,1,0.0215463084,0.022340531,confirmed_pivot,34.82433030616056,0.0
1787133900000,1787137440000,-1,0.022340531,0.0212002392,confirmed_pivot,49.09243338038841,0.0
1787137440000,1787139240000,1,0.0212002392,0.020592880600000002,opposite_break,-30.620018655261042,0.0
1787139240000,1787139420000,-1,0.020592880600000002,0.020744148,confirmed_pivot,-9.3529619454987,0.0
1787139420000,1787141400000,1,0.020744148,0.0209048182,confirmed_pivot,5.363847664411228,-0.37373354644403806
1787141400000,1787142540000,-1,0.0209048182,0.0209651922,confirmed_pivot,-4.890930378911329,0.0
1787142540000,1787143140000,1,0.0209651922,0.0204479096,opposite_break,-26.648727875721477,0.0
1787143140000,1787143740000,-1,0.0204479096,0.0203160624,confirmed_pivot,4.454402908745259,0.0
1787143740000,1787146560000,1,0.0203160624,0.0203929206,confirmed_pivot,1.7793416996001303,0.0
1787146560000,1787149020000,-1,0.0203929206,0.020224043999999997,confirmed_pivot,6.289419643010963,0.0
1787149020000,1787149200000,1,0.020224043999999997,0.020189961200000002,confirmed_pivot,-3.683576103770077,0.0
1787149200000,1787152980000,-1,0.020189961200000002,0.020245048199999997,confirmed_pivot,-4.731163594311183,0.0
1787152980000,1787157120000,1,0.020245048199999997,0.020665866,opposite_break,18.37925877993238,-0.3861638580835782
1787157120000,1787157300000,-1,0.020665866,0.0207571506,confirmed_pivot,-6.421585071731235,0.0
1787157300000,1787157480000,1,0.0207571506,0.0206438704,opposite_break,-7.451948679314372,0.0
1787157480000,1787157600000,-1,0.0206438704,0.020728144799999997,confirmed_pivot,-6.086378802300423,0.0
1787157600000,1787159940000,1,0.020728144799999997,0.020755848,confirmed_pivot,-0.6648348384751193,0.0
1787159940000,1787164860000,-1,0.020755848,0.020629125,confirmed_pivot,4.111517245645599,0.0
1787164860000,1787166000000,1,0.020629125,0.0207028586,confirmed_pivot,1.5706733271526074,0.0
1787166000000,1787166120000,-1,0.0207028586,0.020724144,opposite_break,-3.029166349037482,0.0
1787166120000,1787168760000,1,0.020724144,0.0207398512,confirmed_pivot,-1.2428400034279137,0.0
1787168760000,1787169960000,-1,0.0207398512,0.020693137799999997,confirmed_pivot,0.6486953933016737,0.3940932291356074
1787169960000,1787170200000,1,0.020693137799999997,0.020605878,opposite_break,-6.212630343571968,0.0
1787170200000,1787170320000,-1,0.020605878,0.0206911374,confirmed_pivot,-6.141762821268723,0.0
1787170320000,1787171340000,1,0.0206911374,0.0207038584,confirmed_pivot,-1.3858105161488,0.0
1787171340000,1787172720000,-1,0.0207038584,0.0207881568,opposite_break,-6.0756991653303825,0.0
1787172720000,1787172960000,1,0.0207881568,0.0208098372,confirmed_pivot,-0.9581221746412127,0.0
1787172960000,1787173680000,-1,0.0208098372,0.0209961984,opposite_break,-10.964393109235795,0.0
1787173680000,1787175540000,1,0.0209961984,0.020974804200000002,confirmed_pivot,-3.0179369328114514,0.0
1787175540000,1787175720000,-1,0.020974804200000002,0.021092217599999998,confirmed_pivot,-7.603428393386155,0.0
1787175720000,1787175960000,1,0.021092217599999998,0.021053788400000002,confirmed_pivot,-3.820139139850107,0.0
1787175960000,1787178420000,-1,0.021053788400000002,0.0210662124,confirmed_pivot,-2.5906976817529426,0.0
1787178420000,1787178780000,1,0.0210662124,0.0210247942,opposite_break,-3.9641300967800266,0.0
1787178780000,1787180100000,-1,0.0210247942,0.0209421876,confirmed_pivot,1.9329377407175778,0.0
1787180100000,1787180580000,1,0.0209421876,0.0208798232,opposite_break,-4.974953562157813,0.0
1787180580000,1787180760000,-1,0.0208798232,0.0209311854,confirmed_pivot,-4.4623562042421145,0.0
1787180760000,1787181300000,1,0.0209311854,0.0209138164,confirmed_pivot,-2.828984630751,0.0
1787181300000,1787182440000,-1,0.0209138164,0.020845168199999996,confirmed_pivot,1.2857153800013128,0.0
1787182440000,1787182560000,1,0.020845168199999996,0.0208288334,opposite_break,-2.782841617943702,0.0
1787182560000,1787182620000,-1,0.0208288334,0.020852169599999998,confirmed_pivot,-3.1214999780063533,0.0
1787182620000,1787187840000,1,0.020852169599999998,0.0213587274,confirmed_pivot,22.01206205228647,-0.25645541651454823
1787187840000,1787188860000,-1,0.0213587274,0.0212222436,confirmed_pivot,4.396461794816484,0.0
1787188860000,1787189160000,1,0.0212222436,0.021101778800000002,opposite_break,-7.6706697683932665,0.0
1787189160000,1787189280000,-1,0.021101778800000002,0.0211482288,confirmed_pivot,-4.203437465660311,0.0
1787189280000,1787191320000,1,0.0211482288,0.0210347922,confirmed_pivot,-7.358517938863943,0.0
1787191320000,1787191560000,-1,0.0210347922,0.0210212034,confirmed_pivot,-1.3533385701809464,0.0
1787191560000,1787192040000,1,0.0210212034,0.020940811,opposite_break,-5.820523785997924,0.0
1787192040000,1787192160000,-1,0.020940811,0.020994198000000002,confirmed_pivot,-4.551973130362619,0.0
1787192160000,1787192760000,1,0.020994198000000002,0.020926813800000003,opposite_break,-5.206448553071634,0.0
1787192760000,1787193180000,-1,0.020926813800000003,0.0209161824,confirmed_pivot,-1.4914643241102283,0.0
1787193180000,1787195280000,1,0.0209161824,0.0208638264,confirmed_pivot,-4.500630516589869,0.0
1787195280000,1787197980000,-1,0.0208638264,0.020841167400000003,confirmed_pivot,-0.9128715622366476,0.0
1787197980000,1787198700000,1,0.020841167400000003,0.020760847,opposite_break,-5.964611015604799,-0.11453495892461378
1787198700000,1787199180000,-1,0.020760847,0.0207631518,confirmed_pivot,-2.111127681833109,0.0
1787199180000,1787199780000,1,0.0207631518,0.0207368518,opposite_break,-3.2654003714407143,0.0
1787199780000,1787199900000,-1,0.0207368518,0.0207761544,confirmed_pivot,-3.8971974617670306,0.0
1787199900000,1787203740000,1,0.0207761544,0.02069586,opposite_break,-5.860873579183643,0.0
1787203740000,1787205120000,-1,0.02069586,0.020803159800000002,opposite_break,-7.189786739956782,0.0
1787205120000,1787205240000,1,0.020803159800000002,0.020785842,confirmed_pivot,-2.831627616493292,0.0
1787205240000,1787211420000,-1,0.020785842,0.020737146600000003,confirmed_pivot,0.3450623458023161,0.0
1787211420000,1787212740000,1,0.020737146600000003,0.0208428306,confirmed_pivot,3.091265352775114,0.0
1787212740000,1787213160000,-1,0.0208428306,0.0208511694,confirmed_pivot,-2.2305534799097955,0.1699266161094261
1787213160000,1787214840000,1,0.0208511694,0.0211567678,confirmed_pivot,12.641519415213184,0.0
1787214840000,1787215080000,-1,0.0211567678,0.0212452482,opposite_break,-6.186314338620302,0.0
1787215080000,1787215440000,1,0.0212452482,0.0211337724,confirmed_pivot,-7.241846230819749,0.0
1787215440000,1787215980000,-1,0.0211337724,0.0212572506,opposite_break,-7.84853834235477,0.0
1787215980000,1787216040000,1,0.0212572506,0.0211937604,confirmed_pivot,-4.983768267755124,0.0
1787216040000,1787216580000,-1,0.0211937604,0.02120424,confirmed_pivot,-2.494960752693908,0.0
1787216580000,1787217660000,1,0.02120424,0.0213137364,confirmed_pivot,3.1587278582020613,0.0
1787217660000,1787217780000,-1,0.0213137364,0.0213572706,opposite_break,-4.044584458687265,0.0
1787217780000,1787217840000,1,0.0213572706,0.0213037384,confirmed_pivot,-4.5040029131811306,0.0
1787217840000,1787218980000,-1,0.0213037384,0.021296258399999997,confirmed_pivot,-1.648536803286875,0.0
1787218980000,1787220060000,1,0.021296258399999997,0.021352728600000002,confirmed_pivot,0.6489972435724005,0.0
1787220060000,1787221740000,-1,0.021352728600000002,0.0213932778,confirmed_pivot,-3.900916269782802,0.0
1787221740000,1787222520000,1,0.0213932778,0.021435712000000003,confirmed_pivot,-0.018453918267560487,0.0
1787222520000,1787223900000,-1,0.021435712000000003,0.021379275,confirmed_pivot,0.6354821803914388,0.0
1787223900000,1787227140000,1,0.021379275,0.021640671,confirmed_pivot,10.214380702806832,0.0
1787227140000,1787227860000,-1,0.021640671,0.0214882968,confirmed_pivot,5.290809480893612,0.24266507723813183
1787227860000,1787228820000,1,0.0214882968,0.021350729,opposite_break,-8.395585163362128,0.0
1787228820000,1787228940000,-1,0.021350729,0.021384276,confirmed_pivot,-3.5728056405006985,0.0
1787228940000,1787230620000,1,0.021384276,0.0212917408,opposite_break,-6.322927032928327,0.0
1787230620000,1787231220000,-1,0.0212917408,0.0207351462,confirmed_pivot,24.16747967362075,0.0
1787231220000,1787233260000,1,0.0207351462,0.0214477096,confirmed_pivot,32.33063985823265,0.0
1787233260000,1787234040000,-1,0.0214477096,0.021404279999999998,opposite_break,0.026931099440201,0.0
1787234040000,1787234100000,1,0.021404279999999998,0.0213577276,confirmed_pivot,-4.172735901417695,0.0
1787234100000,1787235180000,-1,0.0213577276,0.0212572506,confirmed_pivot,2.709184370344792,0.0
1787235180000,1787235300000,1,0.0212572506,0.021227753600000003,opposite_break,-3.386233034294491,0.0
1787235300000,1787235360000,-1,0.021227753600000003,0.021264252,confirmed_pivot,-3.721091128549645,0.0
1787235360000,1787235840000,1,0.021264252,0.0212417508,confirmed_pivot,-3.057112133546967,0.0
1787235840000,1787237460000,-1,0.0212417508,0.021227244599999997,confirmed_pivot,-1.316407280326271,0.0
1787237460000,1787237640000,1,0.021227244599999997,0.0211527686,confirmed_pivot,-5.505001492280206,0.0
1787237640000,1787239020000,-1,0.0211527686,0.0211872366,confirmed_pivot,-3.631108846905237,0.0
1787239020000,1787239380000,1,0.0211872366,0.021175764,confirmed_pivot,-2.5409448913219554,0.0
1787239380000,1787242380000,-1,0.021175764,0.0211172226,confirmed_pivot,1.5215961710944939,0.7542843801243723
1787242380000,1787243460000,1,0.0211172226,0.02089582,opposite_break,-12.473971960687676,0.0
1787243460000,1787243700000,-1,0.02089582,0.02080416,confirmed_pivot,2.3909097608995658,0.0
1787243700000,1787244660000,1,0.02080416,0.021205758,confirmed_pivot,17.28443167135818,0.0
1787244660000,1787245500000,-1,0.021205758,0.0213302652,confirmed_pivot,-7.877257827803118,0.0
1787245500000,1787251680000,1,0.0213302652,0.0223785234,confirmed_pivot,47.09502680726159,0.0
1787251680000,1787251860000,-1,0.0223785234,0.022496498400000002,opposite_break,-7.277067342164443,0.0
1787251860000,1787251980000,1,0.022496498400000002,0.0223735244,confirmed_pivot,-7.460895460957666,0.0
1787251980000,1787252940000,-1,0.0223735244,0.0227605512,opposite_break,-19.31572638595996,0.0
1787252940000,1787253420000,1,0.0227605512,0.0228364318,confirmed_pivot,1.3305309143831918,0.0
1787253420000,1787254320000,-1,0.0228364318,0.0230256042,opposite_break,-10.292082320846628,0.0
1787254320000,1787255280000,1,0.0230256042,0.023220354999999998,confirmed_pivot,6.44955239871609,0.0
1787255280000,1787255400000,-1,0.023220354999999998,0.0233416674,opposite_break,-7.229623423069988,0.0
1787255400000,1787255640000,1,0.0233416674,0.0232543482,confirmed_pivot,-5.737174354562096,0.0
1787255640000,1787256300000,-1,0.0232543482,0.0227385468,confirmed_pivot,20.893283283252877,0.6902442232287551
1787256300000,1787257740000,1,0.0227385468,0.0233933204,confirmed_pivot,26.766958247305496,0.0
1787257740000,1787259000000,-1,0.0233933204,0.023842767600000002,opposite_break,-21.231842231340586,0.0
1787259000000,1787259780000,1,0.023842767600000002,0.024079183200000003,confirmed_pivot,7.9056950251027605,0.0
1787259780000,1787260140000,-1,0.024079183200000003,0.023988796799999997,confirmed_pivot,1.7574690822571863,0.0
1787260140000,1787260620000,1,0.023988796799999997,0.0239472096,confirmed_pivot,-3.73187563954833,0.0
1787260620000,1787261220000,-1,0.0239472096,0.0243088608,opposite_break,-17.11712041807145,0.0
1787261220000,1787261340000,1,0.0243088608,0.024220155,confirmed_pivot,-5.645464710546955,0.0
1787261340000,1787262600000,-1,0.024220155,0.023787756599999998,confirmed_pivot,15.870686558364405,0.0
1787262600000,1787262720000,1,0.023787756599999998,0.0235022986,opposite_break,-13.988206655855848,0.0
1787262720000,1787262780000,-1,0.0235022986,0.023849769,confirmed_pivot,-16.799312880826086,0.0
1787262780000,1787263380000,1,0.023849769,0.0231463698,opposite_break,-31.463421670876546,0.0
1787263380000,1787263740000,-1,0.0231463698,0.023189637,confirmed_pivot,-3.8711559339209556,0.0
1787263740000,1787266200000,1,0.023189637,0.023890221,confirmed_pivot,28.180869842852676,0.0
1787266200000,1787266440000,-1,0.023890221,0.023999799,opposite_break,-6.591317007908762,0.0
1787266440000,1787266560000,1,0.023999799,0.023955208,confirmed_pivot,-3.8561159199708333,0.0
1787266560000,1787266920000,-1,0.023955208,0.023805760199999998,confirmed_pivot,4.244873674234044,0.0
1787266920000,1787269020000,1,0.023805760199999998,0.0239312128,confirmed_pivot,3.264572370177981,0.0
1787269020000,1787270820000,-1,0.0239312128,0.0236167224,confirmed_pivot,11.90816889933798,0.7535957052874478
1787270820000,1787271420000,1,0.0236167224,0.0237372516,confirmed_pivot,3.0984496815695683,0.0
1787271420000,1787271720000,-1,0.0237372516,0.023984796,opposite_break,-12.438948391144017,0.0
1787271720000,1787271840000,1,0.023984796,0.0238762238,confirmed_pivot,-6.5221826276946615,0.0
1787271840000,1787271960000,-1,0.0238762238,0.0239917974,opposite_break,-6.845371469503559,0.0
1787271960000,1787272680000,1,0.0239917974,0.023953208400000002,confirmed_pivot,-3.606816294639042,0.0
1787272680000,1787273520000,-1,0.023953208400000002,0.024169832999999998,opposite_break,-11.052700622769022,0.0
1787273520000,1787273640000,1,0.024169832999999998,0.024100179000000003,confirmed_pivot,-4.87897504298004,0.0
1787273640000,1787275140000,-1,0.024100179000000003,0.024124824,confirmed_pivot,-3.0236291191030884,0.0
1787275140000,1787275500000,1,0.024124824,0.0237822426,opposite_break,-16.18616851256614,0.0
1787275500000,1787275920000,-1,0.0237822426,0.0238827756,confirmed_pivot,-6.231456834941204,0.0
1787275920000,1787276220000,1,0.0238827756,0.0236212748,opposite_break,-12.938397763114187,0.0
1787276220000,1787276880000,-1,0.0236212748,0.022756550400000002,confirmed_pivot,34.64447121202786,0.0
1787276880000,1787279220000,1,0.022756550400000002,0.022682462599999998,opposite_break,-5.252413520460649,0.0
1787279220000,1787279640000,-1,0.022682462599999998,0.023367672599999997,opposite_break,-32.23900985072047,0.0
1787279640000,1787279940000,1,0.023367672599999997,0.0231343722,confirmed_pivot,-11.97391154821286,0.0
1787279940000,1787280240000,-1,0.0231343722,0.023340667199999998,confirmed_pivot,-10.926168093725005,0.0
1787280240000,1787282040000,1,0.023340667199999998,0.0235872816,confirmed_pivot,8.555301761039678,0.0
1787282040000,1787282880000,-1,0.0235872816,0.0234486888,confirmed_pivot,3.881618541409204,0.0
1787282880000,1787284020000,1,0.0234486888,0.0234623066,confirmed_pivot,-1.4198318585728016,0.0
1787284020000,1787284320000,-1,0.0234623066,0.0233806752,confirmed_pivot,1.4827364927538946,0.0
1787284320000,1787284440000,1,0.0233806752,0.0232663458,opposite_break,-6.885020198219008,0.0
1787284440000,1787284560000,-1,0.0232663458,0.023388676799999997,confirmed_pivot,-7.263109731653534,0.0
1787284560000,1787285340000,1,0.023388676799999997,0.0229744042,opposite_break,-20.219582804273816,-0.5247670205951968
1787285340000,1787285580000,-1,0.0229744042,0.0230386068,confirmed_pivot,-4.797321838709549,0.0
1787285580000,1787286600000,1,0.0230386068,0.0228834224,opposite_break,-8.729105494347907,0.0
1787286600000,1787286720000,-1,0.0228834224,0.0229775946,confirmed_pivot,-6.119417565792199,0.0
1787286720000,1787286960000,1,0.0229775946,0.0228824226,opposite_break,-6.137805965120518,0.0
1787286960000,1787288280000,-1,0.0228824226,0.0232576506,opposite_break,-18.41448698705522,0.0
1787288280000,1787288940000,1,0.0232576506,0.023355327999999998,confirmed_pivot,2.1955967211924348,0.0
1787288940000,1787289360000,-1,0.023355327999999998,0.023051609400000003,confirmed_pivot,11.017257501157577,0.0
1787289360000,1787289840000,1,0.023051609400000003,0.023035392000000002,opposite_break,-2.7028221899335496,0.0
1787289840000,1787290080000,-1,0.023035392000000002,0.0230326056,confirmed_pivot,-1.8789173459690627,0.0
1787290080000,1787291880000,1,0.0230326056,0.0228494292,opposite_break,-9.94496405565155,0.0
1787291880000,1787292000000,-1,0.0228494292,0.022879575,confirmed_pivot,-3.320643309549241,0.0
1787292000000,1787292180000,1,0.022879575,0.0227884414,opposite_break,-5.9792026906093225,0.0
1787292180000,1787293620000,-1,0.0227884414,0.022625524199999997,confirmed_pivot,5.156264631595414,0.0
1787293620000,1787294520000,1,0.022625524199999997,0.0227324526,confirmed_pivot,2.721281622284117,0.0
1787294520000,1787294820000,-1,0.0227324526,0.022885576199999997,opposite_break,-8.742639093856315,0.0
1787294820000,1787295060000,1,0.022885576199999997,0.022865426,confirmed_pivot,-2.8795954982333267,0.0
1787295060000,1787295180000,-1,0.022865426,0.022919583,opposite_break,-4.37087894185742,0.0
1787295180000,1787295540000,1,0.022919583,0.022990401,confirmed_pivot,1.0867569449234864,0.0
1787295540000,1787296920000,-1,0.022990401,0.0227375466,confirmed_pivot,9.009257924644382,0.0
1787296920000,1787298360000,1,0.0227375466,0.0230133964,confirmed_pivot,10.119775059636464,0.0
1787298360000,1787299080000,-1,0.0230133964,0.0229335858,confirmed_pivot,1.4714741453808475,0.0
1787299080000,1787300220000,1,0.0229335858,0.0233973196,confirmed_pivot,17.7676713809186,-0.43283586814845154
1787300220000,1787300400000,-1,0.0233973196,0.0236657322,opposite_break,-13.483409945812776,0.0
1787300400000,1787300520000,1,0.0236657322,0.023450309,confirmed_pivot,-11.09364540176796,0.0
1787300520000,1787301060000,-1,0.023450309,0.023288656799999998,confirmed_pivot,4.9002865676525165,0.0
1787301060000,1787302860000,1,0.023288656799999998,0.0232493492,confirmed_pivot,-3.6861553131735985,0.0
1787302860000,1787303160000,-1,0.0232493492,0.0232136418,confirmed_pivot,-0.4626190138689442,0.0
1787303160000,1787304180000,1,0.0232136418,0.0230793832,opposite_break,-7.777824201629547,0.0
1787304180000,1787304840000,-1,0.0230793832,0.023089617,confirmed_pivot,-2.4438608134033086,0.0
1787304840000,1787305020000,1,0.023089617,0.023076383800000003,confirmed_pivot,-2.5725502852644597,0.0
1787305020000,1787305380000,-1,0.023076383800000003,0.0231776346,confirmed_pivot,-6.392024837097632,0.0
1787305380000,1787305620000,1,0.0231776346,0.0231523686,confirmed_pivot,-3.089012508636213,0.0
1787305620000,1787307120000,-1,0.0231523686,0.0231306252,confirmed_pivot,-1.0599172043244183,0.0
1787307120000,1787307360000,1,0.0231306252,0.0231213748,confirmed_pivot,-2.3995200959808347,0.0
1787307360000,1787309040000,-1,0.0231213748,0.023194637999999997,confirmed_pivot,-5.171803745856678,0.0
1787309040000,1787309820000,1,0.023194637999999997,0.0232063578,confirmed_pivot,-1.4952247066755664,0.0
1787309820000,1787311320000,-1,0.0232063578,0.0231206232,confirmed_pivot,1.6981389039861128,0.0
1787311320000,1787313720000,1,0.0231206232,0.023005398,opposite_break,-7.2327370535582824,-0.25406611531128626
1787313720000,1787314260000,-1,0.023005398,0.0228665724,confirmed_pivot,4.04051386548495,0.0
1787314260000,1787315400000,1,0.0228665724,0.023029393199999998,confirmed_pivot,5.113352029970081,0.0
1787315400000,1787316060000,-1,0.023029393199999998,0.023168632800000002,opposite_break,-8.052215027532895,0.0
1787316060000,1787316540000,1,0.023168632800000002,0.023320334999999998,confirmed_pivot,4.541192961545654,0.0
1787316540000,1787316960000,-1,0.023320334999999998,0.023202639599999998,confirmed_pivot,3.051946955307434,0.0
1787316960000,1787317680000,1,0.023202639599999998,0.0231733644,confirmed_pivot,-3.2604567973377456,0.0
1787317680000,1787318940000,-1,0.0231733644,0.0232616514,confirmed_pivot,-5.813658020239797,0.0
1787318940000,1787319360000,1,0.0232616514,0.0233183354,confirmed_pivot,0.43436353792152915,0.0
1787319360000,1787319480000,-1,0.0233183354,0.023423683799999998,opposite_break,-6.522353186497032,0.0
1787319480000,1787321820000,1,0.023423683799999998,0.023219355200000003,opposite_break,-10.714439331698728,0.0
1787321820000,1787322060000,-1,0.023219355200000003,0.0231206232,confirmed_pivot,2.256394337772314,0.0
1787322060000,1787322420000,1,0.0231206232,0.0230063978,opposite_break,-6.9354714019991235,0.0
1787322420000,1787324340000,-1,0.0230063978,0.0229705932,confirmed_pivot,-0.44215487745754534,0.0
1787324340000,1787326440000,1,0.0229705932,0.0229084174,opposite_break,-4.704049636820062,0.0
1787326440000,1787326920000,-1,0.0229084174,0.0226165224,confirmed_pivot,10.754564835194612,0.0
1787326920000,1787331000000,1,0.0226165224,0.02254549,opposite_break,-5.772600433919807,-0.6350107397590004
1787331000000,1787331240000,-1,0.02254549,0.022564512,confirmed_pivot,-2.8445601315383704,0.0
1787331240000,1787331360000,1,0.022564512,0.022237551600000002,opposite_break,-16.47553749888303,0.0
1787331360000,1787331480000,-1,0.022237551600000002,0.0223454682,confirmed_pivot,-6.857752262618567,0.0
1787331480000,1787335140000,1,0.0223454682,0.0224535084,confirmed_pivot,2.830158797030685,0.0
1787335140000,1787335320000,-1,0.0224535084,0.0225165024,confirmed_pivot,-4.808335912440313,0.0
1787335320000,1787338140000,1,0.0225165024,0.02224555,opposite_break,-14.021469533385424,0.0
1787338140000,1787338680000,-1,0.02224555,0.0221714334,confirmed_pivot,1.3350812454625824,0.0
1787338680000,1787340300000,1,0.0221714334,0.021775644,opposite_break,-19.833470821061077,0.0
1787340300000,1787340840000,-1,0.021775644,0.0217913574,confirmed_pivot,-2.7223259803475353,0.0
1787340840000,1787342040000,1,0.0217913574,0.0220165958,confirmed_pivot,8.325798318557291,0.0
1787342040000,1787342700000,-1,0.0220165958,0.0220864164,opposite_break,-5.1243304471256765,0.05011219763593062
1787342700000,1787343000000,1,0.0220864164,0.0221495692,confirmed_pivot,0.8564908882185442,0.0
1787343000000,1787344500000,-1,0.0221495692,0.0220124016,confirmed_pivot,4.1989814050199055,0.0
1787344500000,1787344740000,1,0.0220124016,0.021990601000000002,opposite_break,-2.9893877004314016,0.0
1787344740000,1787345340000,-1,0.021990601000000002,0.021973393799999998,confirmed_pivot,-1.2167377690130254,0.0
1787345340000,1787345520000,1,0.021973393799999998,0.0219416108,opposite_break,-3.444984661404332,0.0
1787345520000,1787345640000,-1,0.0219416108,0.022021403399999997,confirmed_pivot,-5.640224654791355,0.0
1787345640000,1787345820000,1,0.022021403399999997,0.0219995992,confirmed_pivot,-2.989146577279267,0.0
1787345820000,1787346300000,-1,0.0219995992,0.0220634118,confirmed_pivot,-4.903526196968056,0.0
1787346300000,1787346480000,1,0.0220634118,0.0220185954,confirmed_pivot,-4.029223041560508,0.0
1787346480000,1787346840000,-1,0.0220185954,0.0219713934,confirmed_pivot,0.14587720704471696,0.0
1787346840000,1787349180000,1,0.0219713934,0.021797639599999998,opposite_break,-9.900274827358125,0.0
1787349180000,1787349300000,-1,0.021797639599999998,0.021894378,confirmed_pivot,-6.442459834045557,0.0
1787349300000,1787351100000,1,0.021894378,0.0218836224,confirmed_pivot,-2.4907581480505536,0.0
1787351100000,1787353020000,-1,0.0218836224,0.0219423876,confirmed_pivot,-4.688036017291087,0.0
1787353020000,1787353680000,1,0.0219423876,0.0218896212,opposite_break,-4.402365438116572,0.0
1787353680000,1787355900000,-1,0.0218896212,0.022089417,opposite_break,-11.136548959558946,0.0
1787355900000,1787356080000,1,0.022089417,0.0220535884,confirmed_pivot,-3.6203583553155454,0.0
1787356080000,1787356980000,-1,0.0220535884,0.022029405,confirmed_pivot,-0.9843767959139743,-0.08204774909102773
1787356980000,1787357280000,1,0.022029405,0.022075584,confirmed_pivot,0.09414739072618472,0.0
1787357280000,1787358600000,-1,0.022075584,0.022124424,confirmed_pivot,-4.21461140054104,0.0
1787358600000,1787359260000,1,0.022124424,0.0219956,opposite_break,-7.816882554772934,0.0
1787359260000,1787360700000,-1,0.0219956,0.0219473886,confirmed_pivot,0.19405751150235773,0.0
1787360700000,1787360820000,1,0.0219473886,0.021807637600000002,opposite_break,-8.361178158571311,0.0
1787360820000,1787362320000,-1,0.021807637600000002,0.0219633918,opposite_break,-9.149328004239978,0.0
1787362320000,1787363820000,1,0.0219633918,0.0218326326,opposite_break,-7.947553182564468,0.0
1787363820000,1787363940000,-1,0.0218326326,0.0218603712,confirmed_pivot,-3.2717815166275663,0.0
1787363940000,1787364300000,1,0.0218603712,0.021785642,opposite_break,-5.415059612528367,0.0
1787364300000,1787364720000,-1,0.021785642,0.0218083608,confirmed_pivot,-3.0438764577145916,0.0
1787364720000,1787366880000,1,0.0218083608,0.0219236144,confirmed_pivot,3.279550694153972,0.0
1787366880000,1787367240000,-1,0.0219236144,0.022048408800000002,opposite_break,-7.697928823269345,0.0
1787367240000,1787369340000,1,0.022048408800000002,0.022730452999999998,confirmed_pivot,28.903008102788597,0.0
1787369340000,1787371020000,-1,0.022730452999999998,0.0229985988,opposite_break,-13.80856121961147,0.0
1787371020000,1787371140000,1,0.0229985988,0.0229224146,confirmed_pivot,-5.309245770224888,0.0
1787371140000,1787371800000,-1,0.0229224146,0.0229085808,confirmed_pivot,-0.5283105689922348,0.8675805689336061
1787371800000,1787372760000,1,0.0229085808,0.0229944002,confirmed_pivot,1.7424221669811715,0.0
1787372760000,1787373600000,-1,0.0229944002,0.0231216234,opposite_break,-7.538323334913446,0.0
1787373600000,1787373960000,1,0.0231216234,0.022835432,opposite_break,-14.365273997153677,0.0
1787373960000,1787374080000,-1,0.022835432,0.0229175826,confirmed_pivot,-5.601103346763953,0.0
1787374080000,1787374560000,1,0.0229175826,0.022803438399999997,opposite_break,-6.975658113260285,0.0
1787374560000,1787374680000,-1,0.022803438399999997,0.022884576,confirmed_pivot,-5.5616882057577355,0.0
1787374680000,1787375340000,1,0.022884576,0.022920415000000003,confirmed_pivot,-0.43548943183379163,0.0
1787375340000,1787376840000,-1,0.022920415000000003,0.0229335858,opposite_break,-2.57520646113941,0.0
1787376840000,1787377200000,1,0.0229335858,0.0230983794,confirmed_pivot,5.178502648286295,0.0
1787377200000,1787378700000,-1,0.0230983794,0.0228885768,confirmed_pivot,7.092083862818514,0.0
1787378700000,1787380320000,1,0.0228885768,0.022840431,confirmed_pivot,-4.101382476519891,0.0
1787380320000,1787381040000,-1,0.022840431,0.023179635,opposite_break,-16.865884273374665,0.0
1787381040000,1787381340000,1,0.023179635,0.023063386400000004,confirmed_pivot,-7.010102678493297,0.0
1787381340000,1787383680000,-1,0.023063386400000004,0.022274454000000003,confirmed_pivot,32.24134334409802,0.0
1787383680000,1787384700000,1,0.022274454000000003,0.022620475,confirmed_pivot,13.518897971640445,0.0
1787384700000,1787386860000,-1,0.022620475,0.023419682999999997,opposite_break,-36.99655377926395,0.36995413005252986
1787386860000,1787387220000,1,0.023419682999999997,0.023303338399999998,confirmed_pivot,-6.9628449454246875,0.0
1787387220000,1787388300000,-1,0.023303338399999998,0.0226085208,confirmed_pivot,27.8460420417702,0.0
1787388300000,1787388840000,1,0.0226085208,0.0226484694,opposite_break,-0.23479599779924332,0.0
1787388840000,1787389260000,-1,0.0226484694,0.022785556199999998,confirmed_pivot,-8.05885918277543,0.0
1787389260000,1787389800000,1,0.022785556199999998,0.023575284000000002,confirmed_pivot,32.624481635432026,0.0
1787389800000,1787390160000,-1,0.023575284000000002,0.023899779,opposite_break,-15.777967425546073,0.0
1787390160000,1787390760000,1,0.023899779,0.023600279000000002,confirmed_pivot,-14.518965133526871,0.0
1787390760000,1787391720000,-1,0.023600279000000002,0.0228885768,confirmed_pivot,28.186672886367177,0.0
1787391720000,1787392020000,1,0.0228885768,0.022751448799999997,opposite_break,-7.9851197039041635,0.0
1787392020000,1787393100000,-1,0.022751448799999997,0.0228935778,confirmed_pivot,-8.25327776928216,0.0
1787393100000,1787395080000,1,0.0228935778,0.022840431,confirmed_pivot,-4.319150534871716,0.0
1787395080000,1787396400000,-1,0.022840431,0.022854569999999998,confirmed_pivot,-2.619652886585036,0.0
1787396400000,1787399220000,1,0.022854569999999998,0.0230463898,confirmed_pivot,6.384667932934336,0.0
1787399220000,1787400660000,-1,0.0230463898,0.022937586599999997,confirmed_pivot,3.0245870503025056,0.2988142006215655
1787400660000,1787401020000,1,0.022937586599999997,0.02289542,confirmed_pivot,-3.836480626082839,0.0
1787401020000,1787402280000,-1,0.02289542,0.0228425676,confirmed_pivot,0.3107351776032472,0.0
1787402280000,1787407140000,1,0.0228425676,0.022725454,opposite_break,-7.121862325144202,0.0
1787407140000,1787407260000,-1,0.022725454,0.0229775946,confirmed_pivot,-13.106169346495891,0.0
1787407260000,1787407440000,1,0.0229775946,0.0229464098,confirmed_pivot,-3.355825783435153,0.0
1787407440000,1787408580000,-1,0.0229464098,0.0226305252,confirmed_pivot,11.779954570496686,0.0
1787408580000,1787410320000,1,0.0226305252,0.0226664658,opposite_break,-0.41344117811285863,0.0
1787410320000,1787411520000,-1,0.0226664658,0.0225915174,confirmed_pivot,1.3098829372861545,0.0
1787411520000,1787411700000,1,0.0225915174,0.022551488800000002,opposite_break,-3.770070185723717,0.0
1787411700000,1787412300000,-1,0.022551488800000002,0.0225275046,confirmed_pivot,-0.935405799017562,0.0
1787412300000,1787414280000,1,0.0225275046,0.0226724646,confirmed_pivot,4.428365794230024,0.0
1787414280000,1787414640000,-1,0.0226724646,0.0227615514,opposite_break,-5.8560474347768485,0.07717678117358268
1787414640000,1787415000000,1,0.0227615514,0.0227324526,confirmed_pivot,-3.277140590689197,0.0
1787415000000,1787415660000,-1,0.0227324526,0.0227605512,opposite_break,-3.2372927415671064,0.0
1787415660000,1787416080000,1,0.0227605512,0.0227614468,confirmed_pivot,-1.9606905653496727,0.0
1787416080000,1787417460000,-1,0.0227614468,0.0223534698,confirmed_pivot,15.941960394187259,0.0
1787417460000,1787420820000,1,0.0223534698,0.022393520400000002,confirmed_pivot,-0.2100966982763064,0.0
1787420820000,1787422020000,-1,0.022393520400000002,0.022320463199999998,confirmed_pivot,1.2656882836520889,0.0
1787422020000,1787426580000,1,0.022320463199999998,0.022200558999999998,opposite_break,-7.366568548631183,0.0
1787426580000,1787426820000,-1,0.022200558999999998,0.022234445999999998,confirmed_pivot,-3.5279294093450444,0.0
1787426820000,1787428080000,1,0.022234445999999998,0.0222575476,confirmed_pivot,-0.9620385234692992,0.0
1787428080000,1787429400000,-1,0.0222575476,0.0223804752,opposite_break,-7.410777709400448,0.11770771996462
1787429400000,1787429580000,1,0.0223804752,0.0223285334,confirmed_pivot,-4.318532459042696,0.0
1787429580000,1787431560000,-1,0.0223285334,0.0222214434,confirmed_pivot,2.8009015227126675,0.0
1787431560000,1787433240000,1,0.0222214434,0.0220495892,opposite_break,-9.725976333292476,0.0
1787433240000,1787433900000,-1,0.0220495892,0.0220654122,confirmed_pivot,-2.7183273509693384,0.0
1787433900000,1787434020000,1,0.0220654122,0.022026593799999997,opposite_break,-3.757482763000519,0.0
1787434020000,1787434920000,-1,0.022026593799999997,0.02185437,confirmed_pivot,5.826721887430272,0.0
1787434920000,1787435580000,1,0.02185437,0.0214027186,opposite_break,-22.645744928817564,0.0
1787435580000,1787435820000,-1,0.0214027186,0.021335266199999998,confirmed_pivot,1.1547325207556094,0.0
1787435820000,1787438460000,1,0.021335266199999998,0.0220515888,opposite_break,31.54100533322631,0.0
1787438460000,1787438640000,-1,0.0220515888,0.022095418199999998,confirmed_pivot,-3.9895722615686133,0.0
1787438640000,1787438760000,1,0.022095418199999998,0.0219896012,opposite_break,-6.784303335792831,0.0
1787438760000,1787440860000,-1,0.0219896012,0.0217983588,confirmed_pivot,6.705644120549107,0.0
1787440860000,1787441880000,1,0.0217983588,0.0218676256,confirmed_pivot,1.1744377562956094,0.0
1787441880000,1787442120000,-1,0.0218676256,0.0219473886,opposite_break,-5.651185751049262,0.0
1787442120000,1787443800000,1,0.0219473886,0.0220975796,confirmed_pivot,4.786142611973477,-0.050242879464940084
1787443800000,1787444220000,-1,0.0220975796,0.022043407799999998,confirmed_pivot,0.4539326379438604,0.0
1787444220000,1787444400000,1,0.022043407799999998,0.021970605,opposite_break,-5.299398979498855,0.0
1787444400000,1787444640000,-1,0.021970605,0.0220164024,confirmed_pivot,-4.086569641573302,0.0
1787444640000,1787447400000,1,0.0220164024,0.0220365918,opposite_break,-1.0839007103175864,0.0
1787447400000,1787448960000,-1,0.0220365918,0.0221284248,confirmed_pivot,-6.171463256854424,0.0
1787448960000,1787449320000,1,0.0221284248,0.0220715848,confirmed_pivot,-4.566073297725306,0.0
1787449320000,1787453760000,-1,0.0220715848,0.022174434,confirmed_pivot,-6.6644611219762195,0.0
1787453760000,1787456940000,1,0.022174434,0.0222625466,confirmed_pivot,1.9696385215513912,0.0
1787456940000,1787457480000,-1,0.0222625466,0.022179435,confirmed_pivot,1.7369809076558163,0.0
1787457480000,1787458860000,1,0.022179435,0.022155568,confirmed_pivot,-3.1250411473511535,-0.05003030960887868
1787458860000,1787459100000,-1,0.022155568,0.0221834358,confirmed_pivot,-3.25908159068642,0.0
1787459100000,1787466720000,1,0.0221834358,0.024240151,confirmed_pivot,90.62129200022297,0.0
1787466720000,1787468820000,-1,0.024240151,0.024501899400000002,opposite_break,-12.80893218858253,0.0
1787468820000,1787469180000,1,0.024501899400000002,0.0244731044,confirmed_pivot,-3.174039797094326,0.0
1787469180000,1787470260000,-1,0.0244731044,0.0243858762,confirmed_pivot,1.5678116994426299,0.0
1787470260000,1787470860000,1,0.0243858762,0.024220155,opposite_break,-8.78899037468253,0.0
1787470860000,1787470920000,-1,0.024220155,0.0242928576,confirmed_pivot,-5.004741406485569,0.0
1787470920000,1787472420000,1,0.0242928576,0.0240011988,opposite_break,-14.468867811944737,-0.47492514790849477
1787472420000,1787472540000,-1,0.0240011988,0.024075814199999997,confirmed_pivot,-5.111928534169511,0.0
1787472540000,1787472840000,1,0.024075814199999997,0.0239372116,confirmed_pivot,-7.751165723815717,0.0
1787472840000,1787473980000,-1,0.0239372116,0.0235787148,confirmed_pivot,12.991524610159694,0.0
1787473980000,1787475300000,1,0.0235787148,0.023635272000000002,confirmed_pivot,0.39625625396687947,0.0
1787475300000,1787476680000,-1,0.023635272000000002,0.0241768344,opposite_break,-24.936226940819523,0.0
1787476680000,1787476860000,1,0.0241768344,0.024144170200000002,confirmed_pivot,-3.349702581409807,0.0
1787476860000,1787477280000,-1,0.024144170200000002,0.024259851,opposite_break,-6.79604309615067,0.0
1787477280000,1787477580000,1,0.024259851,0.024252148600000002,confirmed_pivot,-2.317178271210187,0.0
1787477580000,1787477880000,-1,0.024252148600000002,0.0243938778,opposite_break,-7.849829288939757,0.0
1787477880000,1787478540000,1,0.0243938778,0.024370125000000003,confirmed_pivot,-2.9727460059670663,0.0
1787478540000,1787479080000,-1,0.024370125000000003,0.024314861999999996,confirmed_pivot,0.2699211842371252,0.0
1787479080000,1787479560000,1,0.024314861999999996,0.0244141162,confirmed_pivot,2.07795634620516,0.0
1787479560000,1787479980000,-1,0.0244141162,0.0243268644,confirmed_pivot,1.5773996930513614,0.0
1787479980000,1787480400000,1,0.0243268644,0.024180163,opposite_break,-8.024397398293448,0.0
1787480400000,1787480700000,-1,0.024180163,0.0241858362,confirmed_pivot,-2.2348566963754704,0.0
1787480700000,1787481000000,1,0.0241858362,0.0241241742,opposite_break,-4.546959199202735,0.0
1787481000000,1787481360000,-1,0.0241241742,0.0245589108,opposite_break,-20.03880758745305,0.0
1787481360000,1787481480000,1,0.0245589108,0.0245070976,confirmed_pivot,-4.107641793299743,0.0
1787481480000,1787482080000,-1,0.0245070976,0.024479894999999998,opposite_break,-0.888901368720156,0.0
1787482080000,1787482200000,1,0.024479894999999998,0.0243611268,confirmed_pivot,-6.846811303724851,0.0
1787482200000,1787482800000,-1,0.0243611268,0.0243718734,confirmed_pivot,-2.44157836738488,0.0
1787482800000,1787487360000,1,0.0243718734,0.024580083,confirmed_pivot,6.072582327237038,-0.46190277311632516
1787487360000,1787487600000,-1,0.024580083,0.0247289448,opposite_break,-8.062252181980037,0.0
1787487600000,1787487720000,1,0.0247289448,0.0247120566,confirmed_pivot,-2.682249563677251,0.0
1787487720000,1787489400000,-1,0.0247120566,0.0246269244,confirmed_pivot,1.4484111775626496,0.0
1787489400000,1787489880000,1,0.0246269244,0.0245240942,opposite_break,-6.1713438564825776,0.0
1787489880000,1787490060000,-1,0.0245240942,0.024532905600000002,confirmed_pivot,-2.359654930700878,0.0
1787490060000,1787491560000,1,0.024532905600000002,0.024566085799999998,confirmed_pivot,-0.6488750928876341,0.0
1787491560000,1787493540000,-1,0.024566085799999998,0.024789957,confirmed_pivot,-11.122131747989059,0.0
1787493540000,1787495760000,1,0.024789957,0.024813036400000002,confirmed_pivot,-1.0699330135989895,0.0
1787495760000,1787496300000,-1,0.024813036400000002,0.0248559702,confirmed_pivot,-3.732022357408815,0.0
1787496300000,1787497140000,1,0.0248559702,0.024722054599999998,opposite_break,-7.3822756997030385,0.0
1787497140000,1787497320000,-1,0.024722054599999998,0.025090017,opposite_break,-16.898857249510378,0.0
1787497320000,1787497620000,1,0.025090017,0.025088981200000002,confirmed_pivot,-2.0412420685086317,0.0
1787497620000,1787498040000,-1,0.025088981200000002,0.0251670324,opposite_break,-5.114086242768531,0.0
1787498040000,1787498220000,1,0.0251670324,0.0250729844,confirmed_pivot,-5.733215363127174,0.0
1787498220000,1787498700000,-1,0.0250729844,0.0253370664,opposite_break,-12.543064111665894,0.0
1787498700000,1787501820000,1,0.0253370664,0.025529892999999998,confirmed_pivot,4.942546823084369,-0.6602975772443807
1787501820000,1787502600000,-1,0.025529892999999998,0.0260882166,opposite_break,-23.891275596023867,0.0
1787502600000,1787503680000,1,0.0260882166,0.0270075974,confirmed_pivot,33.20598718120123,0.0
1787503680000,1787504820000,-1,0.0270075974,0.0267613512,confirmed_pivot,7.126781718095415,0.0
1787504820000,1787505540000,1,0.0267613512,0.026926613600000003,confirmed_pivot,4.169237732659953,0.0
1787505540000,1787506500000,-1,0.026926613600000003,0.0262812552,confirmed_pivot,21.991273763441384,0.0
1787506500000,1787507460000,1,0.0262812552,0.0261657658,opposite_break,-6.389969570403101,0.0
1787507460000,1787507580000,-1,0.0261657658,0.0262462482,confirmed_pivot,-5.078942271966608,0.0
1787507580000,1787507880000,1,0.0262462482,0.0261177754,opposite_break,-6.890006610544734,0.0
1787507880000,1787509860000,-1,0.0261177754,0.025622123400000002,confirmed_pivot,16.996550984966323,0.0
1787509860000,1787512380000,1,0.025622123400000002,0.025869825,confirmed_pivot,7.65782166204059,0.0
1787512380000,1787512860000,-1,0.025869825,0.026195238,opposite_break,-14.591442462405528,0.0
1787512860000,1787512980000,1,0.026195238,0.025963806199999998,confirmed_pivot,-10.826045718691349,0.0
1787512980000,1787513580000,-1,0.025963806199999998,0.0253880766,confirmed_pivot,20.196488648879154,0.0
1787513580000,1787515140000,1,0.0253880766,0.0253709248,opposite_break,-2.6749092682350044,0.0
1787515140000,1787516940000,-1,0.0253709248,0.025535106,confirmed_pivot,-7.732381038786514,0.7453245433134545
1787516940000,1787519280000,1,0.025535106,0.025864826,confirmed_pivot,10.899507055110801,0.0
1787519280000,1787519580000,-1,0.025864826,0.0260031996,opposite_break,-7.355225416942617,0.0
1787519580000,1787519700000,1,0.0260031996,0.025910816800000003,confirmed_pivot,-5.5491946614137175,0.0
1787519700000,1787524140000,-1,0.025910816800000003,0.025413081599999998,opposite_break,17.228762221035243,0.0
1787524140000,1787524320000,1,0.025413081599999998,0.025298939200000002,confirmed_pivot,-6.4869905741772005,0.0
1787524320000,1787524920000,-1,0.025298939200000002,0.025420083,opposite_break,-6.793281759418491,0.0
1787524920000,1787525100000,1,0.025420083,0.0253579274,confirmed_pivot,-4.4426924333802855,0.0
1787525100000,1787525820000,-1,0.0253579274,0.0253860762,confirmed_pivot,-3.1111692353847085,0.0
1787525820000,1787526300000,1,0.0253860762,0.0252609468,opposite_break,-6.924127289903904,0.0
1787526300000,1787528460000,-1,0.0252609468,0.0250770144,confirmed_pivot,5.2885760718992385,0.0
1787528460000,1787528700000,1,0.0250770144,0.0250029984,opposite_break,-4.948595985971905,0.0
1787528700000,1787530020000,-1,0.0250029984,0.0243558702,confirmed_pivot,24.34589319015432,0.4379873527488607
1787530020000,1787531040000,1,0.0243558702,0.0246120766,confirmed_pivot,8.508768173678321,0.0
1787531040000,1787531700000,-1,0.0246120766,0.0241588308,confirmed_pivot,16.434001046461947,0.0
1787531700000,1787532060000,1,0.0241588308,0.0243971196,confirmed_pivot,7.85356092646669,0.0
1787532060000,1787532360000,-1,0.0243971196,0.024624924,opposite_break,-11.346685516104943,0.0
1787532360000,1787532540000,1,0.024624924,0.0245330924,confirmed_pivot,-5.725484326367796,0.0
1787532540000,1787533020000,-1,0.0245330924,0.0246229236,opposite_break,-5.665295419504381,0.0
1787533020000,1787533440000,1,0.0246229236,0.0245460898,confirmed_pivot,-5.117297013422023,0.0
1787533440000,1787533680000,-1,0.0245460898,0.024463891800000002,confirmed_pivot,1.3520694607740986,0.0
1787533680000,1787533800000,1,0.024463891800000002,0.0242681454,opposite_break,-9.993440095250993,0.0
1787533800000,1787536080000,-1,0.0242681454,0.0236167224,confirmed_pivot,24.8695614045562,0.0
1787536080000,1787536320000,1,0.0236167224,0.0235212948,opposite_break,-6.036638564206656,0.0
1787536320000,1787537700000,-1,0.0235212948,0.023236646399999998,confirmed_pivot,10.11383347824884,0.0
1787537700000,1787538840000,1,0.023236646399999998,0.023210357,confirmed_pivot,-3.1302453094090716,0.0
1787538840000,1787544120000,-1,0.023210357,0.022178434799999997,confirmed_pivot,42.9591335936282,0.4551166067286254
1787544120000,1787544300000,1,0.022178434799999997,0.022115576,opposite_break,-4.83139643380045,0.0
1787544300000,1787545080000,-1,0.022115576,0.0226435278,confirmed_pivot,-25.896268937331723,0.0
1787545080000,1787547180000,1,0.0226435278,0.0227034584,confirmed_pivot,0.6440521957890666,0.0
1787547180000,1787548140000,-1,0.0227034584,0.0226965384,confirmed_pivot,-1.694895822567696,0.0
1787548140000,1787549760000,1,0.0226965384,0.0227724446,confirmed_pivot,1.3410510653025298,0.0
1787549760000,1787549940000,-1,0.0227724446,0.023164632,opposite_break,-19.23923778477435,0.0
1787549940000,1787550960000,1,0.023164632,0.023745250000000002,confirmed_pivot,23.039784012109557,0.0
1787550960000,1787551320000,-1,0.023745250000000002,0.0239907972,opposite_break,-12.35123855086798,0.0
1787551320000,1787552040000,1,0.0239907972,0.0242991392,confirmed_pivot,10.839659117288509,0.0
1787552040000,1787553420000,-1,0.0242991392,0.0232966584,confirmed_pivot,39.29707116538516,0.0
1787553420000,1787553600000,1,0.0232966584,0.0230823826,opposite_break,-11.188507661682507,0.0
1787553600000,1787554020000,-1,0.0230823826,0.0233356662,confirmed_pivot,-12.983999702006546,0.0
1787554020000,1787554800000,1,0.0233356662,0.0231273736,confirmed_pivot,-10.917007366174953,0.0
1787554800000,1787556000000,-1,0.0231273736,0.0224824956,confirmed_pivot,25.911637921566737,0.0
1787556000000,1787556660000,1,0.0224824956,0.022403518400000003,opposite_break,-5.509317835694212,0.0
1787556660000,1787557560000,-1,0.022403518400000003,0.0221564304,confirmed_pivot,9.040010929711956,0.0
1787557560000,1787557980000,1,0.0221564304,0.022042590600000002,opposite_break,-7.132864732578846,0.0
1787557980000,1787559540000,-1,0.022042590600000002,0.021748348799999997,confirmed_pivot,11.412115488821188,0.04998182926828937
1787559540000,1787562660000,1,0.021748348799999997,0.0226894612,confirmed_pivot,41.2295479645794,0.0
1787562660000,1787563260000,-1,0.0226894612,0.0228275646,opposite_break,-8.092762722809784,0.0
1787563260000,1787563500000,1,0.0228275646,0.0228144362,confirmed_pivot,-2.5745366108831225,0.0
1787563500000,1787564880000,-1,0.0228144362,0.022907580599999998,confirmed_pivot,-6.0867783706177345,0.0
1787564880000,1787565120000,1,0.022907580599999998,0.02279544,opposite_break,-6.890453573259403,0.0
1787565120000,1787565240000,-1,0.02279544,0.0228185628,confirmed_pivot,-3.0153751276571406,0.0
1787565240000,1787566860000,1,0.0228185628,0.0232093572,confirmed_pivot,15.109035701407027,0.0
1787566860000,1787567100000,-1,0.0232093572,0.0231366264,confirmed_pivot,1.1368180588818846,0.0
1787567100000,1787567280000,1,0.0231366264,0.0231193752,confirmed_pivot,-2.7448773430511277,0.0
1787567280000,1787568180000,-1,0.0231193752,0.0234636918,opposite_break,-16.907881965599067,0.0
1787568180000,1787570220000,1,0.0234636918,0.023685262,confirmed_pivot,7.433665924643623,0.0
1787570220000,1787571900000,-1,0.023685262,0.0233436678,confirmed_pivot,12.436648165428775,0.0
1787571900000,1787572320000,1,0.0233436678,0.0232643462,opposite_break,-5.3945941605628,0.0
1787572320000,1787572920000,-1,0.0232643462,0.023461691399999998,opposite_break,-9.799774955205802,0.6914391757117163
1787572920000,1787573220000,1,0.023461691399999998,0.023370325,confirmed_pivot,-5.890385907982635,0.0
1787573220000,1787574180000,-1,0.023370325,0.023506700399999997,opposite_break,-7.841244201781362,0.0
1787574180000,1787574300000,1,0.023506700399999997,0.023441310800000004,confirmed_pivot,-4.778961287139779,0.0
1787574300000,1787575080000,-1,0.023441310800000004,0.023558710799999997,opposite_break,-7.013260606569544,0.0
1787575080000,1787575140000,1,0.023558710799999997,0.023542290599999998,confirmed_pivot,-2.696293610429601,0.0
1787575140000,1787575980000,-1,0.023542290599999998,0.023659731,opposite_break,-6.993475035942415,0.0
1787575980000,1787576580000,1,0.023659731,0.023868225399999998,confirmed_pivot,6.803392802732983,0.0
1787576580000,1787578980000,-1,0.023868225399999998,0.024293857800000002,opposite_break,-19.850427723881143,0.0
1787578980000,1787579160000,1,0.024293857800000002,0.0242681454,confirmed_pivot,-3.0573325904625372,0.0
1787579160000,1787581920000,-1,0.0242681454,0.0248559702,confirmed_pivot,-26.246295508020193,0.0
1787581920000,1787582520000,1,0.0248559702,0.0250529884,confirmed_pivot,5.9184670812004505,0.0
1787582520000,1787582700000,-1,0.0250529884,0.0251030196,opposite_break,-3.9990122695302164,0.0
1787582700000,1787583060000,1,0.0251030196,0.0250529884,confirmed_pivot,-3.99104209758089,0.0
1787583060000,1787584020000,-1,0.0250529884,0.024807960599999998,confirmed_pivot,7.790162510114046,0.0
1787584020000,1787585280000,1,0.024807960599999998,0.0248590272,confirmed_pivot,0.05641786612654709,0.0
1787585280000,1787586600000,-1,0.0248590272,0.0249529896,confirmed_pivot,-5.783589826073239,0.0
1787586600000,1787587020000,1,0.0249529896,0.0248310328,opposite_break,-6.882575000151474,0.0
1787587020000,1787587140000,-1,0.0248310328,0.0249209832,confirmed_pivot,-5.626121842181298,0.0
1787587140000,1787587680000,1,0.0249209832,0.0250389912,confirmed_pivot,2.039699118355784,-0.6908522830030237
1787587680000,1787587860000,-1,0.0250389912,0.0250970184,opposite_break,-4.319791030558825,0.0
1787587860000,1787588160000,1,0.0250970184,0.025046989600000003,confirmed_pivot,-3.9914226623827704,0.0
1787588160000,1787588460000,-1,0.025046989600000003,0.0251460282,opposite_break,-5.958066026425659,0.0
1787588460000,1787588880000,1,0.0251460282,0.025009997,confirmed_pivot,-7.404239895030458,0.0
1787588880000,1787590020000,-1,0.025009997,0.0250070004,confirmed_pivot,-1.8800640959693342,0.0
1787590020000,1787592120000,1,0.0250070004,0.0258358318,confirmed_pivot,31.110831181495904,0.0
1787592120000,1787592360000,-1,0.0258358318,0.0257111412,confirmed_pivot,2.831092397807037,0.0
1787592360000,1787592780000,1,0.0257111412,0.0253889212,opposite_break,-14.519778001919185,0.0
1787592780000,1787594640000,-1,0.0253889212,0.025465091999999998,opposite_break,-5.003159141712457,0.0
1787594640000,1787595360000,1,0.025465091999999998,0.025591880600000002,confirmed_pivot,2.973938888577499,0.0
1787595360000,1787596020000,-1,0.025591880600000002,0.0256831356,opposite_break,-5.569345153946928,0.0
1787596020000,1787597820000,1,0.0256831356,0.0257708448,opposite_break,1.4116352522003188,0.0
1787597820000,1787597940000,-1,0.0257708448,0.025925183999999997,confirmed_pivot,-7.994896185940928,0.0
1787597940000,1787598240000,1,0.025925183999999997,0.025927813400000003,confirmed_pivot,-1.8986788059052597,0.0
1787598240000,1787598480000,-1,0.025927813400000003,0.0258341658,confirmed_pivot,1.6154706204420357,0.0
1787598480000,1787599140000,1,0.0258341658,0.0257968396,opposite_break,-3.4433937634634177,0.0
1787599140000,1787599260000,-1,0.0257968396,0.0259191828,confirmed_pivot,-6.747308007450636,0.0
1787599260000,1787601000000,1,0.0259191828,0.0262517486,confirmed_pivot,10.818044332786611,0.0
1787601000000,1787601300000,-1,0.0262517486,0.0263712732,opposite_break,-6.557567818549062,0.0
1787601300000,1787603220000,1,0.0263712732,0.0265826824,confirmed_pivot,5.185693423402927,-0.8229373771760098
1787603220000,1787603340000,-1,0.0265826824,0.0266743338,opposite_break,-5.451233777671738,0.0
1787603340000,1787604120000,1,0.0266743338,0.026708657200000003,confirmed_pivot,-0.7145292228441273,0.0
1787604120000,1787604300000,-1,0.026708657200000003,0.026865372,opposite_break,-7.873433232727086,0.0
1787604300000,1787606700000,1,0.026865372,0.0269506088,confirmed_pivot,1.1695657592235351,0.0
1787606700000,1787607180000,-1,0.0269506088,0.027018402599999998,confirmed_pivot,-4.5179985470308495,0.0
1787607180000,1787608260000,1,0.027018402599999998,0.026930612800000003,opposite_break,-5.246010191586776,0.0
1787608260000,1787609940000,-1,0.026930612800000003,0.026792357399999998,confirmed_pivot,3.138897374069618,0.0
1787609940000,1787610720000,1,0.026792357399999998,0.026825633800000002,confirmed_pivot,-0.759231108196396,0.0
1787610720000,1787612160000,-1,0.026825633800000002,0.0270464082,opposite_break,-10.238208873186004,0.0
1787612160000,1787612280000,1,0.0270464082,0.026991600600000002,confirmed_pivot,-4.024401613519908,0.0
1787612280000,1787612700000,-1,0.026991600600000002,0.02685537,confirmed_pivot,3.0521950372962374,0.0
1787612700000,1787612880000,1,0.02685537,0.0268016386,opposite_break,-3.998768536795423,0.0
1787612880000,1787613000000,-1,0.0268016386,0.0268533696,confirmed_pivot,-3.9320733248003465,0.0
1787613000000,1787613780000,1,0.0268533696,0.026808637200000002,confirmed_pivot,-3.664136317551639,0.0
1787613780000,1787613960000,-1,0.026808637200000002,0.0268293648,confirmed_pivot,-2.7739418995904512,0.0
1787613960000,1787615820000,1,0.0268293648,0.026739651000000003,opposite_break,-5.340522105838245,0.0
1787615820000,1787615940000,-1,0.026739651000000003,0.0268043598,confirmed_pivot,-4.422376746801853,0.0
1787615940000,1787617080000,1,0.0268043598,0.026513696200000002,opposite_break,-13.636338143394031,-0.8032893943618828
1787617080000,1787617380000,-1,0.026513696200000002,0.0266283246,confirmed_pivot,-6.32768888707403,0.0
1787617380000,1787618940000,1,0.0266283246,0.026514695999999997,confirmed_pivot,-6.26294080101465,0.0
1787618940000,1787619480000,-1,0.026514695999999997,0.026459290799999997,confirmed_pivot,0.09169304449127491,0.0
1787619480000,1787620500000,1,0.026459290799999997,0.0262457498,opposite_break,-10.062478341256135,0.0
1787620500000,1787621880000,-1,0.0262457498,0.0262972584,confirmed_pivot,-3.9645126922607408,0.0
1787621880000,1787622780000,1,0.0262972584,0.0264377114,confirmed_pivot,3.3356340370447963,0.0
1787622780000,1787623860000,-1,0.0264377114,0.026151229199999997,confirmed_pivot,8.846955618102548,0.0
1787623860000,1787624040000,1,0.026151229199999997,0.025917815400000002,confirmed_pivot,-10.916612845104623,0.0
1787624040000,1787624280000,-1,0.025917815400000002,0.026175234,opposite_break,-11.942042360560853,0.0
1787624280000,1787625000000,1,0.026175234,0.026429713,confirmed_pivot,7.7124068117214115,0.0
1787625000000,1787626620000,-1,0.026429713,0.0260722134,confirmed_pivot,11.539954050957792,0.0
1787626620000,1787627160000,1,0.0260722134,0.0260067976,opposite_break,-4.506514625259991,0.0
1787627160000,1787627520000,-1,0.0260067976,0.0260712132,confirmed_pivot,-4.479352382855446,0.0
1787627520000,1787627880000,1,0.0260712132,0.0260177954,opposite_break,-4.046869924718227,0.0
1787627880000,1787629200000,-1,0.0260177954,0.026015201999999998,confirmed_pivot,-1.9002223916326133,0.0
1787629200000,1787629740000,1,0.026015201999999998,0.0259618066,opposite_break,-4.050416698667039,0.0
1787629740000,1787630280000,-1,0.0259618066,0.0259911972,confirmed_pivot,-3.133202748686922,0.0
1787630280000,1787633580000,1,0.0259911972,0.0262467496,confirmed_pivot,7.338460682507577,-0.4839744148645835
1787633580000,1787635680000,-1,0.0262467496,0.026103219599999998,confirmed_pivot,3.473955144525889,0.0
1787635680000,1787636280000,1,0.026103219599999998,0.026058787200000003,opposite_break,-3.700478649001422,0.0
1787636280000,1787636640000,-1,0.026058787200000003,0.0260792148,confirmed_pivot,-2.784688383348767,0.0
1787636640000,1787636760000,1,0.0260792148,0.0260437902,opposite_break,-3.3569877648310276,0.0
1787636760000,1787636880000,-1,0.0260437902,0.0260632116,confirmed_pivot,-2.7464666721205773,0.0
1787636880000,1787641260000,1,0.0260632116,0.025581882599999998,opposite_break,-20.449287001913554,0.0
1787641260000,1787641920000,-1,0.025581882599999998,0.0256561302,confirmed_pivot,-4.90525325137723,0.0
1787641920000,1787642280000,1,0.0256561302,0.025446909599999998,opposite_break,-10.146644789010333,0.0
1787642280000,1787642400000,-1,0.025446909599999998,0.0255111012,confirmed_pivot,-4.525092147142407,0.0
1787642400000,1787643240000,1,0.0255111012,0.0253879214,opposite_break,-6.823649878351834,0.0
1787643240000,1787643360000,-1,0.0253879214,0.025410081,confirmed_pivot,-2.87371310358641,0.0
1787643360000,1787643960000,1,0.025410081,0.025619875,confirmed_pivot,6.248073117122265,0.0
1787643960000,1787644740000,-1,0.025619875,0.026280255,opposite_break,-27.801858127723055,0.0
1787644740000,1787644980000,1,0.026280255,0.0259618066,confirmed_pivot,-14.331503720188305,-0.22621967328703624
1787644980000,1787647020000,-1,0.0259618066,0.0257891568,confirmed_pivot,4.656795979675801,0.0
1787647020000,1787647320000,1,0.0257891568,0.025559887,opposite_break,-10.8812725431954,0.0
1787647320000,1787647440000,-1,0.025559887,0.025765152,confirmed_pivot,-10.038778301328156,0.0
1787647440000,1787649300000,1,0.025765152,0.0259188152,confirmed_pivot,3.9580295431597303,0.0
1787649300000,1787649780000,-1,0.0259188152,0.0263712732,opposite_break,-19.474196042726494,0.0
1787649780000,1787650200000,1,0.0263712732,0.026414716,confirmed_pivot,-0.35429420222299135,0.0
1787650200000,1787651400000,-1,0.026414716,0.0266733336,opposite_break,-11.800454322507205,0.0
1787651400000,1787651520000,1,0.0266733336,0.0265326924,confirmed_pivot,-7.2674540388158695,0.0
1787651520000,1787652720000,-1,0.0265326924,0.026535306,confirmed_pivot,-2.098603396917347,0.0
1787652720000,1787653500000,1,0.026535306,0.027062586399999998,confirmed_pivot,17.851028648397584,0.0
1787653500000,1787654520000,-1,0.027062586399999998,0.0275475084,opposite_break,-19.936457174692002,0.0
1787654520000,1787656140000,1,0.0275475084,0.027047589400000002,opposite_break,-20.129373943670274,0.0
1787656140000,1787656380000,-1,0.027047589400000002,0.0270584106,confirmed_pivot,-2.4004800960190877,0.0
1787656380000,1787656500000,1,0.0270584106,0.0270005988,opposite_break,-4.134419092598076,0.0
1787656500000,1787656680000,-1,0.0270005988,0.027025404,confirmed_pivot,-2.919609427328644,0.0
1787656680000,1787657340000,1,0.027025404,0.026852628400000002,opposite_break,-8.386688036189861,0.0
1787657340000,1787657520000,-1,0.026852628400000002,0.026960391,confirmed_pivot,-6.017124915786583,0.0
1787657520000,1787658000000,1,0.026960391,0.0270115966,confirmed_pivot,-0.10260932788401744,0.0
1787658000000,1787658960000,-1,0.0270115966,0.026997398399999997,confirmed_pivot,-1.4738408687769806,0.0
1787658960000,1787659920000,1,0.026997398399999997,0.027086581600000003,confirmed_pivot,1.2496532628864625,-0.0504431197340852
1787659920000,1787662200000,-1,0.027086581600000003,0.027085415999999998,confirmed_pivot,-1.956924590292138,0.0
1787662200000,1787663520000,1,0.027085415999999998,0.027004598,confirmed_pivot,-4.9808359598389185,0.0
1787663520000,1787663880000,-1,0.027004598,0.0269793948,confirmed_pivot,-1.0657737915594736,0.0
1787663880000,1787664180000,1,0.0269793948,0.0268716246,opposite_break,-5.990542804911224,0.0
1787664180000,1787665440000,-1,0.0268716246,0.026824363799999997,confirmed_pivot,-0.23947894836235162,0.0
1787665440000,1787665560000,1,0.026824363799999997,0.026744650000000002,opposite_break,-4.968722270311419,0.0
1787665560000,1787665680000,-1,0.026744650000000002,0.0268563702,confirmed_pivot,-6.1814688246059815,0.0
1787665680000,1787666160000,1,0.0268563702,0.027039591,confirmed_pivot,4.8154250867454,0.0
1787666160000,1787666940000,-1,0.027039591,0.0272274444,opposite_break,-8.954293554218207,0.0
1787666940000,1787667120000,1,0.0272274444,0.0272125564,confirmed_pivot,-2.546254425552977,0.0
1787667120000,1787668140000,-1,0.0272125564,0.0272634516,opposite_break,-3.872153959045094,0.0
1787668140000,1787668800000,1,0.0272634516,0.02694461,opposite_break,-13.68314133783405,0.0
1787668800000,1787669820000,-1,0.02694461,0.0272914572,opposite_break,-14.885473094618924,0.0
1787669820000,1787670000000,1,0.0272914572,0.027274543999999998,confirmed_pivot,-2.619105336742628,0.0
1787670000000,1787672160000,-1,0.027274543999999998,0.0275385066,opposite_break,-11.68766196787747,0.0
1787672160000,1787672460000,1,0.0275385066,0.0276184752,confirmed_pivot,0.9009790748784028,0.0
1787672460000,1787672580000,-1,0.0276184752,0.028315662,opposite_break,-27.26873702281722,0.0
1787672580000,1787673720000,1,0.028315662,0.0280283932,confirmed_pivot,-12.508039050614359,-0.3729579354351666
1787673720000,1787676480000,-1,0.0280283932,0.0274734936,confirmed_pivot,17.81756483992818,0.0
1787676480000,1787677500000,1,0.0274734936,0.029535091800000003,confirmed_pivot,72.96449602608982,0.0
1787677500000,1787678040000,-1,0.029535091800000003,0.0299429874,opposite_break,-15.824351668343077,0.0
1787678040000,1787679240000,1,0.0299429874,0.0308918204,confirmed_pivot,29.656299164057344,0.0
1787679240000,1787679900000,-1,0.0308918204,0.031510300799999995,opposite_break,-22.040867530098552,0.0
1787679900000,1787680020000,1,0.031510300799999995,0.031045789600000002,confirmed_pivot,-16.726825102221593,0.0
1787680020000,1787680320000,-1,0.031045789600000002,0.0318673722,opposite_break,-28.49003917104427,0.0
1787680320000,1787680380000,1,0.0318673722,0.0314777032,confirmed_pivot,-14.215608132257676,0.0
1787680380000,1787681040000,-1,0.0314777032,0.032510500799999995,opposite_break,-34.843260228719494,0.0
1787681040000,1787682060000,1,0.032510500799999995,0.032773444,confirmed_pivot,6.079858825183164,0.0
1787682060000,1787683260000,-1,0.032773444,0.0327345456,confirmed_pivot,-0.8119253380877246,0.0
1787683260000,1787684820000,1,0.0327345456,0.033703258,confirmed_pivot,27.563376239442956,0.0
1787684820000,1787685060000,-1,0.033703258,0.036162230999999996,opposite_break,-75.0324638941433,0.0
1787685060000,1787685660000,1,0.036162230999999996,0.0353589268,confirmed_pivot,-24.191686563807234,0.0
1787685660000,1787685840000,-1,0.0353589268,0.035532105,opposite_break,-6.9026199007827,0.0
1787685840000,1787685960000,1,0.035532105,0.035333931799999996,confirmed_pivot,-7.571722440874401,0.0
1787685960000,1787686620000,-1,0.035333931799999996,0.036084215399999994,opposite_break,-23.255315934016675,0.0
1787686620000,1787690460000,1,0.036084215399999994,0.0345310924,opposite_break,-45.54985011458492,-0.5512741499819337
1787690460000,1787692200000,-1,0.0345310924,0.0345649116,confirmed_pivot,-2.9803634014196465,0.0
1787692200000,1787693700000,1,0.0345649116,0.0354099166,confirmed_pivot,22.42245490944646,0.0
1787693700000,1787695680000,-1,0.0354099166,0.039547908,opposite_break,-118.97653621132784,0.0
1787695680000,1787696220000,1,0.039547908,0.0425784826,confirmed_pivot,74.55383504482721,0.0
1787696220000,1787698800000,-1,0.0425784826,0.0441978378,confirmed_pivot,-40.07027531789023,0.0
1787698800000,1787699460000,1,0.0441978378,0.0447900402,confirmed_pivot,11.385500898869727,0.0
1787699460000,1787699940000,-1,0.0447900402,0.0452880558,opposite_break,-13.130010452636267,0.0
1787699940000,1787700120000,1,0.0452880558,0.045230952000000005,confirmed_pivot,-3.2596410950366446,0.0
1787700120000,1787700240000,-1,0.045230952000000005,0.0459331848,opposite_break,-17.541017858744027,0.0
1787700240000,1787700480000,1,0.0459331848,0.0460167948,confirmed_pivot,-0.1815676321229558,0.0
1787700480000,1787704380000,-1,0.0460167948,0.0436207224,confirmed_pivot,51.83788586094219,1.7162967145377979
1787704380000,1787704860000,1,0.0436207224,0.040283941600000005,opposite_break,-78.4188173829967,0.0
1787704860000,1787705040000,-1,0.040283941600000005,0.040989196199999994,confirmed_pivot,-19.524597310010734,0.0
1787705040000,1787705760000,1,0.040989196199999994,0.0426384706,confirmed_pivot,38.19657076368833,0.0
1787705760000,1787706720000,-1,0.0426384706,0.0429475878,confirmed_pivot,-9.256975047317956,0.0
1787706720000,1787709000000,1,0.0429475878,0.0436192744,confirmed_pivot,13.62404194910334,0.0
1787709000000,1787709300000,-1,0.0436192744,0.04245849,confirmed_pivot,24.638342805628984,0.0
1787709300000,1787709540000,1,0.04245849,0.041749648400000006,opposite_break,-18.678236988644574,0.0
1787709540000,1787711820000,-1,0.041749648400000006,0.036197238,confirmed_pivot,131.1259788621359,0.0
1787711820000,1787713320000,1,0.036197238,0.035062986,opposite_break,-33.30398369068939,0.0
1787713320000,1787713440000,-1,0.035062986,0.035340066600000004,confirmed_pivot,-9.910269838399017,0.0
1787713440000,1787713560000,1,0.035340066600000004,0.034638071000000006,opposite_break,-21.84415061628655,0.0
1787713560000,1787714400000,-1,0.034638071000000006,0.0355651116,confirmed_pivot,-28.79039605294391,0.0
1787714400000,1787715420000,1,0.0355651116,0.035242949999999995,confirmed_pivot,-11.049302080637995,0.0
1787715420000,1787716020000,-1,0.035242949999999995,0.03560712,confirmed_pivot,-12.343463586334401,0.0
1787716020000,1787717160000,1,0.03560712,0.037767445000000004,confirmed_pivot,57.77521254065211,-0.8352685934582748
1787717160000,1787717880000,-1,0.037767445000000004,0.038442686999999996,opposite_break,-19.896822038133436,0.0
1787717880000,1787718060000,1,0.038442686999999996,0.0379993986,confirmed_pivot,-13.519619104668685,0.0
1787718060000,1787719260000,-1,0.0379993986,0.033653729400000006,confirmed_pivot,112.47588723680465,0.0
1787719260000,1787719860000,1,0.033653729400000006,0.0344411104,confirmed_pivot,21.373148623462715,0.0
1787719860000,1787720220000,-1,0.0344411104,0.034750948799999994,confirmed_pivot,-11.005175349979169,0.0
1787720220000,1787720400000,1,0.034750948799999994,0.0345800826,confirmed_pivot,-6.911961822463807,0.0
1787720400000,1787721060000,-1,0.0345800826,0.035562111,opposite_break,-30.42706999201908,0.0
1787721060000,1787721180000,1,0.035562111,0.035034991599999996,confirmed_pivot,-16.807677772559813,0.0
1787721180000,1787721720000,-1,0.035034991599999996,0.035982195,opposite_break,-29.06296077433642,0.0
1787721720000,1787721960000,1,0.035982195,0.0357098566,confirmed_pivot,-9.56113020898259,0.0
1787721960000,1787722500000,-1,0.0357098566,0.0349759938,confirmed_pivot,18.57125770703875,0.0
1787722500000,1787723880000,1,0.0349759938,0.035274943600000004,confirmed_pivot,6.538738081546763,0.0
1787723880000,1787724660000,-1,0.035274943600000004,0.034097818200000005,confirmed_pivot,31.403385098537747,0.0
1787724660000,1787725440000,1,0.034097818200000005,0.0339932,opposite_break,-5.065110535430194,0.0
1787725440000,1787727120000,-1,0.0339932,0.034296858,confirmed_pivot,-10.941837132132259,0.0
1787727120000,1787728020000,1,0.034296858,0.0349400106,confirmed_pivot,16.73376993892566,0.0
1787728020000,1787729220000,-1,0.0349400106,0.035319062400000004,opposite_break,-12.85949446735434,0.0
1787729220000,1787729760000,1,0.035319062400000004,0.0349400106,confirmed_pivot,-12.721483597480834,0.0
1787729760000,1787730120000,-1,0.0349400106,0.0355561098,opposite_break,-19.650690100248497,0.0
1787730120000,1787730240000,1,0.0355561098,0.0353809224,confirmed_pivot,-6.922141752414058,0.0
1787730240000,1787730420000,-1,0.0353809224,0.036160230599999996,opposite_break,-24.048252427698017,0.0
1787730420000,1787731020000,1,0.036160230599999996,0.0371315722,confirmed_pivot,24.835289551499756,0.0
1787731020000,1787732880000,-1,0.0371315722,0.038935785599999995,opposite_break,-50.274438226800896,0.36389046211999615
1787732880000,1787734560000,1,0.038935785599999995,0.03694261,opposite_break,-53.1401630586335,0.0
1787734560000,1787734680000,-1,0.03694261,0.0372454476,confirmed_pivot,-10.205712525455057,0.0
1787734680000,1787735640000,1,0.0372454476,0.0379644056,confirmed_pivot,17.28394175077651,0.0
1787735640000,1787736420000,-1,0.0379644056,0.03607621379999999,confirmed_pivot,47.78558104436667,0.0
1787736420000,1787738520000,1,0.03607621379999999,0.0360417902,confirmed_pivot,-2.953236849926664,0.0
1787738520000,1787738700000,-1,0.0360417902,0.0362062398,opposite_break,-6.567310577153243,0.0
1787738700000,1787738820000,1,0.0362062398,0.0361337718,confirmed_pivot,-3.99953191493802,0.0
1787738820000,1787739480000,-1,0.0361337718,0.036687335999999994,opposite_break,-17.335176390304074,0.0
1787739480000,1787739660000,1,0.036687335999999994,0.0365216942,confirmed_pivot,-6.510443554691215,0.0
1787739660000,1787739780000,-1,0.0365216942,0.036712341,opposite_break,-7.225317471717932,0.0
1787739780000,1787740860000,1,0.036712341,0.0369016182,confirmed_pivot,3.150527524245792,0.0
1787740860000,1787742240000,-1,0.0369016182,0.035572112999999995,confirmed_pivot,34.06439961486579,0.0
1787742240000,1787742360000,1,0.035572112999999995,0.0351049776,opposite_break,-15.118935740477347,0.0
1787742360000,1787742540000,-1,0.0351049776,0.0354400866,confirmed_pivot,-11.555457144060394,0.0
1787742540000,1787744520000,1,0.0354400866,0.036088780800000005,confirmed_pivot,16.28566372069779,0.0
1787744520000,1787744640000,-1,0.036088780800000005,0.0363432672,opposite_break,-9.05872796899796,0.0
1787744640000,1787744820000,1,0.0363432672,0.0361597666,confirmed_pivot,-7.044045665767886,0.0
1787744820000,1787745840000,-1,0.0361597666,0.036792357,opposite_break,-19.2472996781235,0.26451109777904375
1787745840000,1787747460000,1,0.036792357,0.037301538200000005,confirmed_pivot,11.825480623598185,0.0
1787747460000,1787748600000,-1,0.037301538200000005,0.0374954976,confirmed_pivot,-7.204969252447395,0.0
1787748600000,1787749260000,1,0.0374954976,0.038177363,confirmed_pivot,16.16707546774902,0.0
1787749260000,1787750580000,-1,0.038177363,0.0376145214,confirmed_pivot,12.757552573759364,0.0
1787750580000,1787752140000,1,0.0376145214,0.0407128558,confirmed_pivot,80.28832776269219,0.0
1787752140000,1787752260000,-1,0.0407128558,0.0412622508,opposite_break,-15.507880599228171,0.0
1787752260000,1787752440000,1,0.0412622508,0.041151768000000005,confirmed_pivot,-4.674898122619911,0.0
1787752440000,1787752920000,-1,0.041151768000000005,0.0404260836,confirmed_pivot,15.651977538364878,0.0
1787752920000,1787753400000,1,0.0404260836,0.0388162352,opposite_break,-41.782200212933866,0.0
1787753400000,1787754060000,-1,0.0388162352,0.037576513799999996,confirmed_pivot,29.970156688457116,0.0
1787754060000,1787755020000,1,0.037576513799999996,0.035705857400000006,opposite_break,-51.73281325528368,0.0
1787755020000,1787756580000,-1,0.035705857400000006,0.0346089204,confirmed_pivot,28.752207535562665,0.0
1787756580000,1787757780000,1,0.0346089204,0.0328714244,opposite_break,-52.15350042528336,0.0
1787757780000,1787758560000,-1,0.0328714244,0.034798958399999996,opposite_break,-60.69722925666691,0.0
1787758560000,1787759400000,1,0.034798958399999996,0.035611876199999996,confirmed_pivot,21.3370456915745,0.0
1787759400000,1787760060000,-1,0.035611876199999996,0.036583315199999994,opposite_break,-29.077061557346358,0.2287291720956842
1787760060000,1787762040000,1,0.036583315199999994,0.0353989188,opposite_break,-34.34294095905217,0.0
1787762040000,1787762160000,-1,0.0353989188,0.0356591304,confirmed_pivot,-9.358185516106902,0.0
1787762160000,1787762760000,1,0.0356591304,0.03514297,opposite_break,-16.460370564729196,0.0
1787762760000,1787764140000,-1,0.03514297,0.0358161618,opposite_break,-21.174958513751122,0.0
1787764140000,1787765400000,1,0.0358161618,0.035284941599999994,confirmed_pivot,-16.817025418955097,0.0
1787765400000,1787767920000,-1,0.035284941599999994,0.0348379662,confirmed_pivot,10.68026401948172,0.0
1787767920000,1787768880000,1,0.0348379662,0.034786041399999995,confirmed_pivot,-3.4889754155627357,0.0
1787768880000,1787768940000,-1,0.034786041399999995,0.0351610308,confirmed_pivot,-12.7906612621925,0.0
1787768940000,1787769600000,1,0.0351610308,0.0344351116,opposite_break,-22.62491526272322,0.0
1787769600000,1787770200000,-1,0.0344351116,0.0337187424,confirmed_pivot,18.824255705330636,0.0
1787770200000,1787771220000,1,0.0337187424,0.033406317399999996,opposite_break,-11.25635278141349,0.0
1787771220000,1787771340000,-1,0.033406317399999996,0.033565711799999995,confirmed_pivot,-6.776156332634217,0.0
1787771340000,1787771460000,1,0.033565711799999995,0.0331453696,opposite_break,-14.510441020946649,0.0
1787771460000,1787771760000,-1,0.0331453696,0.033170632799999995,confirmed_pivot,-2.7629561385248005,0.0
1787771760000,1787772600000,1,0.033170632799999995,0.0330303926,opposite_break,-6.223614323088691,0.0
1787772600000,1787772660000,-1,0.0330303926,0.033216642000000005,confirmed_pivot,-7.644366739982521,0.0
1787772660000,1787772840000,1,0.033216642000000005,0.033178363,confirmed_pivot,-3.151251863448514,0.0
1787772840000,1787773860000,-1,0.033178363,0.0331656318,confirmed_pivot,-1.6158963237576065,0.0
1787773860000,1787775060000,1,0.0331656318,0.0337792428,confirmed_pivot,16.074602952385188,-0.4083070882430771
1787775060000,1787776260000,-1,0.0337792428,0.0333046596,confirmed_pivot,12.063600715170454,0.0
1787776260000,1787776440000,1,0.0333046596,0.033202358200000004,confirmed_pivot,-5.068612615395039,0.0
1787776440000,1787776740000,-1,0.033202358200000004,0.033157630199999996,confirmed_pivot,-0.651519638144023,0.0
1787776740000,1787778060000,1,0.033157630199999996,0.032888421,confirmed_pivot,-10.110953321386496,0.0
1787778060000,1787778300000,-1,0.032888421,0.0335237034,opposite_break,-21.33561001301945,0.0
1787778300000,1787778420000,1,0.0335237034,0.033163366,confirmed_pivot,-12.73798614385786,0.0
1787778420000,1787779500000,-1,0.033163366,0.032666532,confirmed_pivot,12.996391922339896,0.0
1787779500000,1787781660000,1,0.032666532,0.0327264534,confirmed_pivot,-0.16749820274760574,0.0
1787781660000,1787782440000,-1,0.0327264534,0.0326495286,confirmed_pivot,0.3528893845858283,0.0
1787782440000,1787783580000,1,0.0326495286,0.033073384,confirmed_pivot,10.968994125079012,0.0
1787783580000,1787784420000,-1,0.033073384,0.032891577,confirmed_pivot,3.5025759384040995,0.0
1787784420000,1787785140000,1,0.032891577,0.032704457799999996,opposite_break,-7.683281187764337,0.0
1787785140000,1787785860000,-1,0.032704457799999996,0.031717342200000005,confirmed_pivot,28.21308965409575,0.0
1787785860000,1787787120000,1,0.031717342200000005,0.0322745438,confirmed_pivot,15.550158991568793,0.0
1787787120000,1787787660000,-1,0.0322745438,0.032240446799999996,confirmed_pivot,-0.942476237262763,0.0
1787787660000,1787787840000,1,0.032240446799999996,0.0321715644,confirmed_pivot,-4.134384738117143,0.0
1787787840000,1787788680000,-1,0.0321715644,0.0317873562,confirmed_pivot,9.954420475741605,0.0
1787788680000,1787789520000,1,0.0317873562,0.031697659200000006,confirmed_pivot,-5.135677640910343,-0.31671709457863
1787789520000,1787790360000,-1,0.031697659200000006,0.0329745936,opposite_break,-42.325101810672244,0.0
1787790360000,1787790480000,1,0.0329745936,0.032239550799999996,confirmed_pivot,-24.26889483787306,0.0
1787790480000,1787791680000,-1,0.032239550799999996,0.030036006,confirmed_pivot,66.41746519619608,0.0
1787791680000,1787792880000,1,0.030036006,0.0304399108,confirmed_pivot,11.433906465460167,0.0
1787792880000,1787794200000,-1,0.0304399108,0.0305771142,confirmed_pivot,-6.511859587972276,0.0
1787794200000,1787795400000,1,0.0305771142,0.0302969394,confirmed_pivot,-11.153729268539061,0.0
1787795400000,1787796660000,-1,0.0302969394,0.029830965,confirmed_pivot,13.39562687312235,0.0
1787796660000,1787797440000,1,0.029830965,0.0310247938,confirmed_pivot,37.97976502603914,0.0
1787797440000,1787798640000,-1,0.0310247938,0.0302520492,confirmed_pivot,22.932231607611847,0.0
1787798640000,1787799660000,1,0.0302520492,0.030509896800000002,confirmed_pivot,6.51478690574135,0.0
1787799660000,1787801340000,-1,0.030509896800000002,0.030697138199999998,opposite_break,-8.14320797702587,0.0
1787801340000,1787804280000,1,0.030697138199999998,0.030338931,opposite_break,-13.707006006833513,-0.04960034026885282
1787804280000,1787804400000,-1,0.030338931,0.030472093199999998,confirmed_pivot,-6.393541822551308,0.0
1787804400000,1787805060000,1,0.030472093199999998,0.03054389,confirmed_pivot,0.3537931158599472,0.0
1787805060000,1787806920000,-1,0.03054389,0.0305531094,opposite_break,-2.302142896664429,0.0
1787806920000,1787807040000,1,0.0305531094,0.0304629062,confirmed_pivot,-4.9493887388103195,0.0
1787807040000,1787807700000,-1,0.0304629062,0.030291057,confirmed_pivot,3.6469021067990184,0.0
1787807700000,1787807940000,1,0.030291057,0.0301869614,opposite_break,-5.433076118802971,0.0
1787807940000,1787809860000,-1,0.0301869614,0.030454089599999998,opposite_break,-10.857974297472605,0.0
1787809860000,1787810160000,1,0.030454089599999998,0.0303619264,confirmed_pivot,-5.02327332746793,0.0
1787810160000,1787811540000,-1,0.0303619264,0.0308171622,opposite_break,-17.008633832931036,0.0
1787811540000,1787811720000,1,0.0308171622,0.0307568474,confirmed_pivot,-3.9552249752575386,0.0
1787811720000,1787812500000,-1,0.0307568474,0.031026203999999998,opposite_break,-10.766371699070804,0.0
1787812500000,1787812920000,1,0.031026203999999998,0.0311877612,confirmed_pivot,3.201913930560192,0.0
1787812920000,1787813700000,-1,0.0311877612,0.0317583504,opposite_break,-20.313587356825167,0.0
1787813700000,1787814600000,1,0.0317583504,0.0324365114,confirmed_pivot,19.332431642923005,0.0
1787814600000,1787815920000,-1,0.0324365114,0.031442287199999995,confirmed_pivot,28.68204258858752,0.0
1787815920000,1787816580000,1,0.031442287199999995,0.0313327322,opposite_break,-5.480835993381465,0.0
1787816580000,1787817180000,-1,0.0313327322,0.031421283,confirmed_pivot,-4.828969725149072,0.0
1787817180000,1787818080000,1,0.031421283,0.031481702400000006,confirmed_pivot,-0.28311268211089946,-0.2040711802092868
1787818080000,1787818800000,-1,0.031481702400000006,0.0313672722,confirmed_pivot,1.6384509561976008,0.0
1787818800000,1787820420000,1,0.0313672722,0.0301849618,opposite_break,-39.654791340127986,0.0
1787820420000,1787820540000,-1,0.0301849618,0.030426084,confirmed_pivot,-9.996144696131404,0.0
1787820540000,1787822760000,1,0.030426084,0.031959606800000005,confirmed_pivot,48.351181479680605,0.0
1787822760000,1787823660000,-1,0.031959606800000005,0.032166432,opposite_break,-8.477927794781145,0.0
1787823660000,1787824140000,1,0.032166432,0.0323325322,confirmed_pivot,3.1586106845794424,0.0
1787824140000,1787825580000,-1,0.0323325322,0.0311242236,confirmed_pivot,35.40866632771804,0.0
1787825580000,1787828040000,1,0.0311242236,0.031045789600000002,confirmed_pivot,-4.517510701857274,0.0
1787828040000,1787829960000,-1,0.031045789600000002,0.0309681924,opposite_break,0.5019430396449431,0.0
1787829960000,1787831460000,1,0.0309681924,0.031614675800000006,confirmed_pivot,18.854847072055943,0.0
1787831460000,1787831580000,-1,0.031614675800000006,0.0321534294,opposite_break,-19.05829144071112,0.0
1787831580000,1787831940000,1,0.0321534294,0.03174664940000001,confirmed_pivot,-14.638565390477305,0.0
1787831940000,1787834820000,-1,0.03174664940000001,0.032229444600000004,opposite_break,-17.173790126021828,0.04917054333299185
1787834820000,1787835660000,1,0.032229444600000004,0.0328804226,confirmed_pivot,18.17803999017707,0.0
1787835660000,1787837520000,-1,0.0328804226,0.032676534,confirmed_pivot,4.207112696903122,0.0
1787837520000,1787838780000,1,0.032676534,0.0337862414,confirmed_pivot,31.926416204362432,0.0
1787838780000,1787839320000,-1,0.0337862414,0.033612721199999994,confirmed_pivot,3.1409601365130264,0.0
1787839320000,1787839800000,1,0.033612721199999994,0.033659266800000004,confirmed_pivot,-0.6166233277176614,0.0
1787839800000,1787840640000,-1,0.033659266800000004,0.033342667199999995,confirmed_pivot,7.415421954467789,0.0
1787840640000,1787842560000,1,0.033342667199999995,0.0339442098,confirmed_pivot,16.023184941845464,0.0
1787842560000,1787844000000,-1,0.0339442098,0.034266852,opposite_break,-11.514578306666035,0.0
1787844000000,1787844240000,1,0.034266852,0.0339022182,confirmed_pivot,-12.63036564315858,0.0
1787844240000,1787844540000,-1,0.0339022182,0.033881775,confirmed_pivot,-1.3963922042128307,0.0
1787844540000,1787844900000,1,0.033881775,0.034218155,confirmed_pivot,7.9181232388207885,0.0
1787844900000,1787845020000,-1,0.034218155,0.0345069,opposite_break,-10.446795129661432,0.0
1787845020000,1787845140000,1,0.0345069,0.034415115600000004,confirmed_pivot,-4.657225528807164,0.0
1787845140000,1787845260000,-1,0.034415115600000004,0.034700938800000004,opposite_break,-10.313469770823616,0.0
1787845260000,1787845380000,1,0.034700938800000004,0.034444109800000004,confirmed_pivot,-9.393810653906575,0.0
1787845380000,1787847480000,-1,0.034444109800000004,0.0334406868,opposite_break,27.41083475584563,0.24978432277555915
1787847480000,1787847600000,1,0.0334406868,0.0332293528,confirmed_pivot,-8.31334718879041,0.0
1787847600000,1787848200000,-1,0.0332293528,0.0331386264,confirmed_pivot,0.7330392784537683,0.0
1787848200000,1787849160000,1,0.0331386264,0.0335462894,confirmed_pivot,10.289445316296984,0.0
1787849160000,1787849580000,-1,0.0335462894,0.0339977982,opposite_break,-15.472736236515031,0.0
1787849580000,1787849880000,1,0.0339977982,0.0350389908,confirmed_pivot,28.594669727759143,0.0
1787849880000,1787850120000,-1,0.0350389908,0.0355791144,opposite_break,-17.430345202750463,0.0
1787850120000,1787850360000,1,0.0355791144,0.0355588868,confirmed_pivot,-2.5679560253472395,0.0
1787850360000,1787852700000,-1,0.0355588868,0.035007,confirmed_pivot,13.535882489999608,0.0
1787852700000,1787853720000,1,0.035007,0.03459308,opposite_break,-13.81209700916974,0.0
1787853720000,1787853780000,-1,0.03459308,0.0347539494,confirmed_pivot,-6.654985025906899,0.0
1787853780000,1787860740000,1,0.0347539494,0.0344671052,confirmed_pivot,-10.24531774797362,0.0
1787860740000,1787860920000,-1,0.0344671052,0.0347109408,opposite_break,-8.88405091008336,0.19746737187548902
1787860920000,1787860980000,1,0.0347109408,0.034415115600000004,confirmed_pivot,-10.514012239045831,0.0
1787860980000,1787862300000,-1,0.034415115600000004,0.0344208828,opposite_break,-2.1677451055835633,0.0
1787862300000,1787862600000,1,0.0344208828,0.0344341118,confirmed_pivot,-1.6160536881987382,0.0
1787862600000,1787864760000,-1,0.0344341118,0.034141827,confirmed_pivot,6.496722276425917,0.0
1787864760000,1787864940000,1,0.034141827,0.0340601866,opposite_break,-4.388822355640174,0.0
1787864940000,1787865060000,-1,0.0340601866,0.0340998186,confirmed_pivot,-3.1647508707423753,0.0
1787865060000,1787866080000,1,0.0340998186,0.034049188800000005,confirmed_pivot,-3.48326801363082,0.0
1787866080000,1787867040000,-1,0.034049188800000005,0.0341708328,confirmed_pivot,-5.5761687221164316,0.0
1787867040000,1787867700000,1,0.0341708328,0.033999198800000005,opposite_break,-7.0177988638309365,0.0
1787867700000,1787867820000,-1,0.033999198800000005,0.034040806800000004,confirmed_pivot,-3.2250173377614573,0.0
1787867820000,1787868840000,1,0.034040806800000004,0.0340661854,confirmed_pivot,-1.2552109135088523,0.0
1787868840000,1787871660000,-1,0.0340661854,0.033791757,confirmed_pivot,6.063797727115013,0.0
1787871660000,1787872200000,1,0.033791757,0.0336102766,opposite_break,-7.365181798626102,0.0
1787872200000,1787873580000,-1,0.0336102766,0.0336557298,confirmed_pivot,-3.3537125487386374,0.0
1787873580000,1787873760000,1,0.0336557298,0.033618275,confirmed_pivot,-3.11176745898394,0.0
1787873760000,1787874840000,-1,0.033618275,0.0335477082,confirmed_pivot,0.10115976503865287,0.0
1787874840000,1787875740000,1,0.0335477082,0.033933212,confirmed_pivot,9.05365437541272,-0.42606560736688415
1787875740000,1787877060000,-1,0.033933212,0.0340628112,opposite_break,-5.823062762228456,0.0
1787877060000,1787877660000,1,0.0340628112,0.0338602266,confirmed_pivot,-7.9414360785348155,0.0
1787877660000,1787878080000,-1,0.0338602266,0.0337957578,confirmed_pivot,-0.09412767485726681,0.0
1787878080000,1787879400000,1,0.0337957578,0.0341071772,confirmed_pivot,7.205533500420538,0.0
1787879400000,1787880540000,-1,0.0341071772,0.0341488284,opposite_break,-3.222406971867475,0.0
1787880540000,1787880660000,1,0.0341488284,0.033933212,confirmed_pivot,-8.307706404357937,0.0
1787880660000,1787880900000,-1,0.033933212,0.0339697926,confirmed_pivot,-3.079095624664191,0.0
1787880900000,1787881320000,1,0.0339697926,0.0340301926,confirmed_pivot,-0.22372774804630047,0.0
1787881320000,1787882760000,-1,0.0340301926,0.0340188024,confirmed_pivot,-1.6649566361842254,0.0
1787882760000,1787882940000,1,0.0340188024,0.0339742038,confirmed_pivot,-3.3096875332683946,0.0
1787882940000,1787883780000,-1,0.0339742038,0.033916782,confirmed_pivot,-0.3081510272214608,0.0
1787883780000,1787884200000,1,0.033916782,0.033542290200000005,opposite_break,-13.03044823651001,0.0
1787884200000,1787885820000,-1,0.033542290200000005,0.033180634800000004,confirmed_pivot,8.792854430673334,0.0
1787885820000,1787887500000,1,0.033180634800000004,0.035682862,confirmed_pivot,73.33686404336056,0.0
1787887500000,1787887620000,-1,0.035682862,0.0359761938,opposite_break,-10.228743865892753,0.0
1787887620000,1787887740000,1,0.0359761938,0.0350569872,confirmed_pivot,-27.52486231603522,0.0
1787887740000,1787887920000,-1,0.0350569872,0.035266051799999996,confirmed_pivot,-7.969527940495582,0.0
1787887920000,1787890200000,1,0.035266051799999996,0.0373345316,confirmed_pivot,56.33436454887763,-0.2605508082194787
1787890200000,1787890440000,-1,0.0373345316,0.0379705926,opposite_break,-19.053838195200505,0.0
1787890440000,1787890800000,1,0.0379705926,0.0375694846,confirmed_pivot,-12.553085020853672,0.0
1787890800000,1787891400000,-1,0.0375694846,0.038817762,opposite_break,-35.25905826773033,0.0
1787891400000,1787892000000,1,0.038817762,0.038490300399999997,confirmed_pivot,-10.427434286397093,0.0
1787892000000,1787892240000,-1,0.038490300399999997,0.0390338052,opposite_break,-16.13468585971348,0.0
1787892240000,1787892840000,1,0.0390338052,0.039217155000000004,confirmed_pivot,2.6925081800634456,0.0
1787892840000,1787893560000,-1,0.039217155000000004,0.0389607906,confirmed_pivot,4.5435844186045715,0.0
1787893560000,1787895480000,1,0.0389607906,0.0401949594,confirmed_pivot,29.64552392835677,0.0
1787895480000,1787896020000,-1,0.0401949594,0.0406651314,opposite_break,-13.70898488331345,0.0
1787896020000,1787896500000,1,0.0406651314,0.0406228738,confirmed_pivot,-3.038121381798806,0.0
1787896500000,1787896980000,-1,0.0406228738,0.041333265,opposite_break,-19.504955328886663,0.0
1787896980000,1787898600000,1,0.041333265,0.0437832416,confirmed_pivot,57.214451686795144,0.0
1787898600000,1787898960000,-1,0.0437832416,0.044179834200000004,opposite_break,-11.067149395352267,0.0
1787898960000,1787900160000,1,0.044179834200000004,0.0429234136,opposite_break,-30.41034155352267,0.0
1787900160000,1787900400000,-1,0.0429234136,0.043264651200000004,confirmed_pivot,-9.957867488898932,0.0
1787900400000,1787901540000,1,0.043264651200000004,0.0460067968,confirmed_pivot,61.31735905454371,0.0
1787901540000,1787902500000,-1,0.0460067968,0.0456431268,confirmed_pivot,5.912606295598404,0.0
1787902500000,1787903640000,1,0.0456431268,0.0461977586,confirmed_pivot,10.139334157098032,0.0
1787903640000,1787904180000,-1,0.0461977586,0.0472434468,opposite_break,-24.130230133069674,0.5274467742251028
1787904180000,1787905500000,1,0.0472434468,0.052175562800000005,confirmed_pivot,102.29348867915385,0.0
1787905500000,1787909100000,-1,0.052175562800000005,0.0538597698,confirmed_pivot,-34.311893088003124,0.0
1787909100000,1787910180000,1,0.0538597698,0.0528964186,opposite_break,-19.868398850824587,0.0
1787910180000,1787910300000,-1,0.0528964186,0.0536527284,confirmed_pivot,-16.312237573679525,0.0
1787910300000,1787910900000,1,0.0536527284,0.051860625800000004,opposite_break,-35.36848937210801,0.0
1787910900000,1787911020000,-1,0.051860625800000004,0.0529995978,confirmed_pivot,-23.984134483776224,0.0
1787911020000,1787911920000,1,0.0529995978,0.052218554199999996,opposite_break,-16.722046747305754,0.0
1787911920000,1787912160000,-1,0.052218554199999996,0.0521224224,confirmed_pivot,-0.1572080408155745,0.0
1787912160000,1787914620000,1,0.0521224224,0.0557978382,confirmed_pivot,68.44454603475985,0.0
1787914620000,1787914860000,-1,0.0557978382,0.0563592696,confirmed_pivot,-12.07194632497428,0.0
1787914860000,1787915340000,1,0.0563592696,0.0565646848,confirmed_pivot,1.6411008562822667,0.0
1787915340000,1787916180000,-1,0.0565646848,0.056092216199999996,confirmed_pivot,6.361066101087949,0.0
1787916180000,1787916780000,1,0.056092216199999996,0.055499897799999996,opposite_break,-12.54916567193863,0.0
1787916780000,1787916960000,-1,0.055499897799999996,0.0562532484,confirmed_pivot,-15.587483589924757,0.0
1787916960000,1787919840000,1,0.0562532484,0.0581643648,confirmed_pivot,30.818910012204782,-1.1205572701860185
1787919840000,1787920320000,-1,0.0581643648,0.058751748,opposite_break,-12.108776829623341,0.0
1787920320000,1787920800000,1,0.058751748,0.0591691638,confirmed_pivot,5.097633660193415,0.0
1787920800000,1787922180000,-1,0.0591691638,0.0595299036,opposite_break,-8.102850143709528,0.0
1787922180000,1787922540000,1,0.0595299036,0.0595540868,confirmed_pivot,-1.5941700668233614,0.0
1787922540000,1787922960000,-1,0.0595540868,0.0588787734,confirmed_pivot,9.350836688507533,0.0
1787922960000,1787923680000,1,0.0588787734,0.058158366,opposite_break,-14.223199483296263,0.0
1787923680000,1787923980000,-1,0.058158366,0.059109819599999995,confirmed_pivot,-18.376062793786055,0.0
1787923980000,1787928000000,1,0.059109819599999995,0.0603659244,confirmed_pivot,19.229107171898807,0.0
1787928000000,1787928600000,-1,0.0603659244,0.0610882152,opposite_break,-13.977172518872205,0.0
1787928600000,1787929200000,1,0.0610882152,0.0619816012,confirmed_pivot,12.609898342553034,0.0
1787929200000,1787929620000,-1,0.0619816012,0.0624564888,opposite_break,-9.669412832142216,0.0
1787929620000,1787931420000,1,0.0624564888,0.0630413892,opposite_break,7.355561140670538,0.0
1787931420000,1787932020000,-1,0.0630413892,0.0622134402,confirmed_pivot,11.146552757121162,0.0
1787932020000,1787932320000,1,0.0622134402,0.059168164,opposite_break,-50.8998987038816,0.0
1787932320000,1787934780000,-1,0.059168164,0.0607731522,confirmed_pivot,-28.111074206730454,1.0419263190252108
1787934780000,1787935200000,1,0.0607731522,0.0609658044,confirmed_pivot,1.166851493347374,0.0
1787935200000,1787935800000,-1,0.0609658044,0.062052407999999996,opposite_break,-19.84098830983356,0.0
1787935800000,1787937600000,1,0.062052407999999996,0.062522493,confirmed_pivot,5.56803692453002,0.0
1787937600000,1787938380000,-1,0.062522493,0.061469291399999994,confirmed_pivot,14.862008391124212,0.0
1787938380000,1787938500000,1,0.061469291399999994,0.0611907594,opposite_break,-6.526706940369759,0.0
1787938500000,1787938680000,-1,0.0611907594,0.0614802936,confirmed_pivot,-6.736397080896445,0.0
1787938680000,1787940360000,1,0.0614802936,0.0622065562,confirmed_pivot,9.801120243836953,0.0
1787940360000,1787941140000,-1,0.0622065562,0.0618763728,confirmed_pivot,3.3131631710548897,0.0
1787941140000,1787941920000,1,0.0618763728,0.060898817800000005,opposite_break,-17.782719652241767,0.0
1787941920000,1787942820000,-1,0.060898817800000005,0.0606331242,confirmed_pivot,2.367232455537181,0.0
1787942820000,1787943720000,1,0.0606331242,0.06058987960000001,confirmed_pivot,-2.712504195849964,0.0
1787943720000,1787944140000,-1,0.06058987960000001,0.0615543084,opposite_break,-17.933242237371815,0.0
1787944140000,1787944500000,1,0.0615543084,0.0619236128,confirmed_pivot,3.9936518692166683,0.0
1787944500000,1787944620000,-1,0.0619236128,0.062095416599999995,opposite_break,-4.7772217418166365,0.0
1787944620000,1787947620000,1,0.062095416599999995,0.061677662,opposite_break,-9.749148412992426,-1.0282522784459427
1787947620000,1787947800000,-1,0.061677662,0.0620564088,confirmed_pivot,-8.146885833642592,0.0
1787947800000,1787949900000,1,0.0620564088,0.0630943786,confirmed_pivot,14.709504308280302,0.0
1787949900000,1787951640000,-1,0.0630943786,0.06328965539999999,opposite_break,-5.098090212429654,0.0
1787951640000,1787951820000,1,0.06328965539999999,0.0630743826,confirmed_pivot,-5.397988594515012,0.0
1787951820000,1787954340000,-1,0.0630743826,0.0612602496,confirmed_pivot,26.790565331669363,0.0
1787954340000,1787957040000,1,0.0612602496,0.0622005574,confirmed_pivot,13.334046112015924,0.0
1787957040000,1787961780000,-1,0.0622005574,0.06340967939999999,opposite_break,-20.37495385515607,1.0835714795378988
1787961780000,1787962800000,1,0.06340967939999999,0.0615086958,opposite_break,-31.949412051434997,0.0
1787962800000,1787962920000,-1,0.0615086958,0.061814360400000004,confirmed_pivot,-6.974422894526812,0.0
1787962920000,1787963160000,1,0.061814360400000004,0.061393718800000004,opposite_break,-8.79811221342024,0.0
1787963160000,1787963220000,-1,0.061393718800000004,0.062432484,confirmed_pivot,-18.936650613840964,0.0
1787963220000,1787963940000,1,0.062432484,0.0625664842,confirmed_pivot,0.14417545520038844,0.0
1787963940000,1787964540000,-1,0.0625664842,0.06338367419999999,opposite_break,-15.074207388498195,0.0
1787964540000,1787965020000,1,0.06338367419999999,0.06310737599999999,confirmed_pivot,-6.354779133330788,0.0
1787965020000,1787966460000,-1,0.06310737599999999,0.0649209816,opposite_break,-30.76714768809282,0.0
1787966460000,1787967120000,1,0.0649209816,0.0647240526,confirmed_pivot,-5.030331121795585,0.0
1787967120000,1787969940000,-1,0.0647240526,0.060471091799999994,confirmed_pivot,63.774833153757186,0.0
1787969940000,1787970900000,1,0.060471091799999994,0.061966604200000004,confirmed_pivot,22.70629921055948,0.0
1787970900000,1787972700000,-1,0.061966604200000004,0.06260551859999999,confirmed_pivot,-12.320935327290192,0.0
1787972700000,1787973540000,1,0.06260551859999999,0.0627964382,confirmed_pivot,1.0465154616578123,0.0
1787973540000,1787973900000,-1,0.0627964382,0.062782554,confirmed_pivot,-1.7786803742637356,0.0
1787973900000,1787975220000,1,0.062782554,0.062357526,opposite_break,-8.763072620460786,0.0
1787975220000,1787975400000,-1,0.062357526,0.0625865148,confirmed_pivot,-5.675864061701279,0.0
1787975400000,1787976780000,1,0.0625865148,0.062997398,confirmed_pivot,3.738023956879438,-0.8204546245160146
1787976780000,1787977140000,-1,0.062997398,0.0635567088,opposite_break,-10.887194210783184,0.0
1787977140000,1787977800000,1,0.0635567088,0.0637612452,confirmed_pivot,1.2149535030674308,0.0
1787977800000,1787978940000,-1,0.0637612452,0.0633916758,confirmed_pivot,3.8019407908299705,0.0
1787978940000,1787979900000,1,0.0633916758,0.06383822980000001,confirmed_pivot,5.037319022886626,0.0
1787979900000,1787980080000,-1,0.06383822980000001,0.064082814,opposite_break,-5.835143690027489,0.0
1787980080000,1787980200000,1,0.064082814,0.0636182738,confirmed_pivot,-9.24181150659211,0.0
1787980200000,1787982300000,-1,0.0636182738,0.0637467468,confirmed_pivot,-4.021454926681836,0.0
1787982300000,1787983920000,1,0.0637467468,0.0647230528,confirmed_pivot,13.300070089223693,0.0
1787983920000,1787984820000,-1,0.0647230528,0.06437587260000001,confirmed_pivot,3.3694528481819583,0.0
1787984820000,1787985300000,1,0.06437587260000001,0.0637462482,opposite_break,-11.770660189855265,0.0
1787985300000,1787986020000,-1,0.0637462482,0.06291057959999999,confirmed_pivot,11.122407862742357,0.0
1787986020000,1787987220000,1,0.06291057959999999,0.0626704634,confirmed_pivot,-5.812968904835641,0.0
1787987220000,1787988000000,-1,0.0626704634,0.0634816938,opposite_break,-14.95732608864037,0.0
1787988000000,1787990880000,1,0.0634816938,0.0634383098,confirmed_pivot,-3.5229959349321494,-0.8402697282787372
1787990880000,1787991540000,-1,0.0634383098,0.063532704,confirmed_pivot,-3.489456363164334,0.0
1787991540000,1787992800000,1,0.063532704,0.0632593456,confirmed_pivot,-6.298338090568172,0.0
1787992800000,1787993460000,-1,0.0632593456,0.0629005776,confirmed_pivot,3.6770547433549376,0.0
1787993460000,1787993580000,1,0.0629005776,0.0625544866,opposite_break,-7.496688936605136,0.0
1787993580000,1787993700000,-1,0.0625544866,0.0628355646,confirmed_pivot,-6.497824109709887,0.0
1787993700000,1787993940000,1,0.0628355646,0.062522493,opposite_break,-6.977412559129071,0.0
1787993940000,1787994420000,-1,0.062522493,0.062807559,confirmed_pivot,-6.5639745363320765,0.0
1787994420000,1787994900000,1,0.062807559,0.06438712,confirmed_pivot,23.12406888795037,0.0
1787994900000,1787996160000,-1,0.06438712,0.0644338842,confirmed_pivot,-2.7270237308330216,0.0
1787996160000,1787999460000,1,0.0644338842,0.0666746624,confirmed_pivot,32.74161847595091,0.0
1787999460000,1788000720000,-1,0.0666746624,0.0711532278,opposite_break,-69.23759527277329,0.0
1788000720000,1788002700000,1,0.0711532278,0.0711677636,confirmed_pivot,-1.7959155944291996,0.0
1788002700000,1788003180000,-1,0.0711677636,0.0723184608,opposite_break,-18.184966885765604,0.0
1788003180000,1788004260000,1,0.0723184608,0.0724725026,confirmed_pivot,0.12791805159664493,0.0
1788004260000,1788005280000,-1,0.0724725026,0.0742968564,opposite_break,-26.04311378285421,1.1551074498150422
1788005280000,1788005340000,1,0.0742968564,0.07348230060000001,confirmed_pivot,-12.95256628112184,0.0
1788005340000,1788006780000,-1,0.07348230060000001,0.07193038319999999,confirmed_pivot,19.140727831267967,0.0
1788006780000,1788007080000,1,0.07193038319999999,0.070945808,opposite_break,-15.674202486383951,0.0
1788007080000,1788007440000,-1,0.070945808,0.07112222160000001,confirmed_pivot,-4.489083126659271,0.0
1788007440000,1788008460000,1,0.07112222160000001,0.07242851139999999,confirmed_pivot,16.34846382526365,0.0
1788008460000,1788008700000,-1,0.07242851139999999,0.07276254959999999,confirmed_pivot,-6.616583051850457,0.0
1788008700000,1788008880000,1,0.07276254959999999,0.0724315108,confirmed_pivot,-6.545027119280448,0.0
1788008880000,1788009660000,-1,0.0724315108,0.073509699,opposite_break,-16.900509133105043,0.0
1788009660000,1788009840000,1,0.073509699,0.0726864598,confirmed_pivot,-13.18785645959443,0.0
1788009840000,1788011520000,-1,0.0726864598,0.071029203,confirmed_pivot,20.822875971186125,0.0
1788011520000,1788012360000,1,0.071029203,0.0722725426,confirmed_pivot,15.48712090152559,0.0
1788012360000,1788013320000,-1,0.0722725426,0.07354570619999999,opposite_break,-19.633761284053513,0.0
1788013320000,1788013860000,1,0.07354570619999999,0.0737442482,confirmed_pivot,0.6968733900064159,0.0
1788013860000,1788014460000,-1,0.0737442482,0.074389875,opposite_break,-10.763699441985676,0.0
1788014460000,1788014760000,1,0.074389875,0.0745060958,confirmed_pivot,-0.4392421791270533,0.0
1788014760000,1788015420000,-1,0.0745060958,0.0761062182,opposite_break,-23.497872156656484,0.0
1788015420000,1788015600000,1,0.0761062182,0.0756118746,confirmed_pivot,-8.48894752728631,0.0
1788015600000,1788015780000,-1,0.0756118746,0.0768023574,opposite_break,-17.760398602787575,0.0
1788015780000,1788015900000,1,0.0768023574,0.07625674560000001,confirmed_pivot,-9.096998147611345,0.0
1788015900000,1788016740000,-1,0.07625674560000001,0.0758081586,confirmed_pivot,3.888470370285696,0.0
1788016740000,1788017580000,1,0.0758081586,0.07501799340000001,confirmed_pivot,-12.412797901675773,0.0
1788017580000,1788018300000,-1,0.07501799340000001,0.0749729916,confirmed_pivot,-1.3995200383483792,0.0
1788018300000,1788019440000,1,0.0749729916,0.0734862998,opposite_break,-22.889136492336466,-1.0792679449541935
1788019440000,1788019560000,-1,0.0734862998,0.07385676840000001,confirmed_pivot,-7.046370134423435,0.0
1788019560000,1788021060000,1,0.07385676840000001,0.07431513399999999,confirmed_pivot,4.1999359614545835,0.0
1788021060000,1788022560000,-1,0.07431513399999999,0.074954988,opposite_break,-10.618619378389457,0.0
1788022560000,1788022860000,1,0.074954988,0.0752169536,confirmed_pivot,1.4914772369785054,0.0
1788022860000,1788023460000,-1,0.0752169536,0.07521504,confirmed_pivot,-1.9745334860251467,0.0
1788023460000,1788023760000,1,0.07521504,0.07520295639999999,confirmed_pivot,-2.160493385365534,0.0
1788023760000,1788025440000,-1,0.07520295639999999,0.0762972564,opposite_break,-16.565840924839044,0.0
1788025440000,1788025560000,1,0.0762972564,0.07612477200000001,confirmed_pivot,-4.258428726409512,0.0
1788025560000,1788028560000,-1,0.07612477200000001,0.0753830736,confirmed_pivot,7.752936907318478,0.0
1788028560000,1788029520000,1,0.0753830736,0.0759308108,confirmed_pivot,5.258784189452249,0.0
1788029520000,1788029640000,-1,0.0759308108,0.076850367,opposite_break,-14.12255929446765,0.0
1788029640000,1788030660000,1,0.076850367,0.0760717826,confirmed_pivot,-12.121042305497436,0.0
1788030660000,1788030840000,-1,0.0760717826,0.07638527399999999,confirmed_pivot,-6.125115524767399,0.0
1788030840000,1788031200000,1,0.07638527399999999,0.0740071956,opposite_break,-33.10154873045273,0.0
1788031200000,1788031320000,-1,0.0740071956,0.074449887,confirmed_pivot,-7.987716299845854,0.0
1788031320000,1788031680000,1,0.074449887,0.07389721760000001,opposite_break,-9.41595122367341,0.0
1788031680000,1788031740000,-1,0.07389721760000001,0.0744138798,confirmed_pivot,-8.998624291910954,0.0
1788031740000,1788031980000,1,0.0744138798,0.0740911788,opposite_break,-6.3322334471262804,0.0
1788031980000,1788032460000,-1,0.0740911788,0.07427985299999999,confirmed_pivot,-4.549060188525284,0.0
1788032460000,1788034020000,1,0.07427985299999999,0.0748390292,confirmed_pivot,4.412884126197869,-1.1075538019710407
1788034020000,1788034560000,-1,0.0748390292,0.07456390980000001,confirmed_pivot,1.679824849999466,0.0
1788034560000,1788034920000,1,0.07456390980000001,0.07354928720000001,opposite_break,-15.593814757283566,0.0
1788034920000,1788035160000,-1,0.07354928720000001,0.07378875480000001,confirmed_pivot,-5.259135155833315,0.0
1788035160000,1788035460000,1,0.07378875480000001,0.0741131744,confirmed_pivot,2.392202867204185,0.0
1788035460000,1788035880000,-1,0.0741131744,0.07519403579999999,opposite_break,-16.598514638714406,0.0
1788035880000,1788036120000,1,0.07519403579999999,0.0750269916,confirmed_pivot,-4.21928712862083,0.0
1788036120000,1788037500000,-1,0.0750269916,0.0741728316,confirmed_pivot,9.396087484867149,0.0
1788037500000,1788038520000,1,0.0741728316,0.07457808140000001,confirmed_pivot,3.458124510916031,0.0
1788038520000,1788038640000,-1,0.07457808140000001,0.0750470064,opposite_break,-8.293993036404327,0.0
1788038640000,1788038760000,1,0.0750470064,0.07480003700000001,confirmed_pivot,-5.287571915726556,0.0
1788038760000,1788039120000,-1,0.07480003700000001,0.07526505,opposite_break,-8.222965010030492,0.0
1788039120000,1788040500000,1,0.07526505,0.07590781540000001,confirmed_pivot,6.5314848605031,0.0
1788040500000,1788041160000,-1,0.07590781540000001,0.0751510272,confirmed_pivot,7.979802266842878,0.0
1788041160000,1788041280000,1,0.0751510272,0.0746330704,opposite_break,-8.885319635391447,0.0
1788041280000,1788042000000,-1,0.0746330704,0.075600117,opposite_break,-14.970304469746074,0.0
1788042000000,1788043020000,1,0.075600117,0.075629871,confirmed_pivot,-1.606822751345652,0.0
1788043020000,1788044400000,-1,0.075629871,0.0763472664,opposite_break,-11.495094807182745,0.0
1788044400000,1788044700000,1,0.0763472664,0.0760617846,confirmed_pivot,-5.73551446761427,0.0
1788044700000,1788045420000,-1,0.0760617846,0.07591618019999999,confirmed_pivot,-0.08379457349712427,0.0
1788045420000,1788045720000,1,0.07591618019999999,0.0751569656,opposite_break,-11.990694782085313,0.0
1788045720000,1788045840000,-1,0.0751569656,0.07565212739999999,confirmed_pivot,-8.594957072082627,0.0
1788045840000,1788046500000,1,0.07565212739999999,0.0750819806,opposite_break,-9.52889142414243,0.0
1788046500000,1788046560000,-1,0.0750819806,0.0754010772,confirmed_pivot,-6.254225768253095,0.0
1788046560000,1788046860000,1,0.0754010772,0.0749340102,opposite_break,-8.18823961575978,0.0
1788046860000,1788047640000,-1,0.0749340102,0.0746189208,confirmed_pivot,2.209096624592447,0.0
1788047640000,1788048480000,1,0.0746189208,0.074850027,confirmed_pivot,0.12338925504799703,-0.9706663989972902
1788048480000,1788049080000,-1,0.074850027,0.07594718639999999,opposite_break,-16.67276103186966,0.0
1788049080000,1788049200000,1,0.07594718639999999,0.0757888392,confirmed_pivot,-4.082879699674983,0.0
1788049200000,1788050400000,-1,0.0757888392,0.075480093,confirmed_pivot,2.077842456254447,0.0
1788050400000,1788051060000,1,0.075480093,0.074970003,opposite_break,-8.751182858240579,0.0
1788051060000,1788051360000,-1,0.074970003,0.074794956,confirmed_pivot,0.3372287580140234,0.0
1788051360000,1788051540000,1,0.074794956,0.074365124,opposite_break,-7.741057832830213,0.0
1788051540000,1788051780000,-1,0.074365124,0.07486597019999999,confirmed_pivot,-8.741695827737583,0.0
1788051780000,1788052560000,1,0.07486597019999999,0.0751669636,confirmed_pivot,2.016409669129016,0.0
1788052560000,1788053040000,-1,0.0751669636,0.0748159602,confirmed_pivot,2.6743194958588696,0.0
1788053040000,1788056580000,1,0.0748159602,0.07454608780000001,opposite_break,-5.603542972372301,0.0
1788056580000,1788056820000,-1,0.07454608780000001,0.07437287159999999,confirmed_pivot,0.3259358246298252,0.0
1788056820000,1788057120000,1,0.07437287159999999,0.0740191932,opposite_break,-6.7507204441463,0.0
1788057120000,1788057600000,-1,0.0740191932,0.07316463000000001,confirmed_pivot,9.556702068997847,0.0
1788057600000,1788057720000,1,0.07316463000000001,0.0727884394,opposite_break,-7.136558599421694,0.0
1788057720000,1788057840000,-1,0.0727884394,0.07324964699999999,confirmed_pivot,-8.342611703253324,0.0
1788057840000,1788058140000,1,0.07324964699999999,0.0726894592,opposite_break,-9.640004220088414,0.0
1788058140000,1788058320000,-1,0.0726894592,0.07323964499999999,confirmed_pivot,-9.57655913059801,0.0
1788058320000,1788059460000,1,0.07323964499999999,0.0736142742,confirmed_pivot,3.1099997931448744,0.0
1788059460000,1788060960000,-1,0.0736142742,0.07444488599999999,opposite_break,-13.294581395193486,0.0
1788060960000,1788061080000,1,0.07444488599999999,0.07403519,confirmed_pivot,-7.4978431157781245,0.0
1788061080000,1788063480000,-1,0.07403519,0.072759549,confirmed_pivot,16.285704206337474,1.0382757739934212
1788063480000,1788066300000,1,0.072759549,0.07284442819999999,confirmed_pivot,-0.8345952941519079,0.0
1788066300000,1788067260000,-1,0.07284442819999999,0.072274452,confirmed_pivot,5.832392817107578,0.0
1788067260000,1788067920000,1,0.072274452,0.07246750360000001,confirmed_pivot,0.668419380059881,0.0
1788067920000,1788069000000,-1,0.07246750360000001,0.07215442799999999,confirmed_pivot,2.324540794586138,0.0
1788069000000,1788069540000,1,0.07215442799999999,0.072355526,confirmed_pivot,0.7842629699733834,0.0
1788069540000,1788071220000,-1,0.072355526,0.07284356580000001,opposite_break,-8.75176958564307,0.0
1788071220000,1788071400000,1,0.07284356580000001,0.0727094552,confirmed_pivot,-3.8392357365901315,0.0
1788071400000,1788072600000,-1,0.0727094552,0.07370673839999999,opposite_break,-15.729720301906351,0.0
1788072600000,1788073800000,1,0.07370673839999999,0.0747080554,confirmed_pivot,11.571563532921376,0.0
1788073800000,1788075000000,-1,0.0747080554,0.07528605420000001,opposite_break,-9.744503530472123,0.0
1788075000000,1788075360000,1,0.07528605420000001,0.075109975,confirmed_pivot,-4.336463541212021,0.0
1788075360000,1788076380000,-1,0.075109975,0.074144826,confirmed_pivot,10.862661038031213,0.0
1788076380000,1788077760000,1,0.074144826,0.07377324240000001,confirmed_pivot,-7.625590559799668,-0.6190103784665973
1788077760000,1788079560000,-1,0.07377324240000001,0.0708181608,confirmed_pivot,38.096335546179084,0.0
1788079560000,1788082080000,1,0.0708181608,0.07288342040000001,confirmed_pivot,27.133689961629276,0.0
1788082080000,1788082560000,-1,0.07288342040000001,0.07211141939999999,confirmed_pivot,8.60286409115923,0.0
1788082560000,1788083040000,1,0.07211141939999999,0.0716426686,opposite_break,-8.49386814316384,0.0
1788083040000,1788083280000,-1,0.0716426686,0.0722354442,confirmed_pivot,-10.28233212407163,0.0
1788083280000,1788085380000,1,0.0722354442,0.0714347102,opposite_break,-13.073971716505307,0.0
1788085380000,1788085500000,-1,0.0714347102,0.0720884148,confirmed_pivot,-11.16022900867034,0.0
1788085500000,1788085980000,1,0.0720884148,0.0720845802,confirmed_pivot,-2.053139820186506,0.0
1788085980000,1788088020000,-1,0.0720845802,0.071754348,confirmed_pivot,2.5857578872326212,0.0
1788088020000,1788089040000,1,0.071754348,0.0727114548,confirmed_pivot,11.325320623079316,0.0
1788089040000,1788089220000,-1,0.0727114548,0.0730586088,opposite_break,-6.779180322492851,0.0
1788089220000,1788089520000,1,0.0730586088,0.07226954320000001,opposite_break,-12.789646112177074,0.0
1788089520000,1788089820000,-1,0.07226954320000001,0.0718833738,confirmed_pivot,3.3488032756793595,0.0
1788089820000,1788090120000,1,0.0718833738,0.0716796612,confirmed_pivot,-4.83109816139435,0.0
1788090120000,1788090240000,-1,0.0716796612,0.07205540819999999,confirmed_pivot,-7.247272946094725,0.0
1788090240000,1788090720000,1,0.07205540819999999,0.071515694,opposite_break,-9.482776092301503,0.0
1788090720000,1788092700000,-1,0.071515694,0.0718223616,confirmed_pivot,-5.408988117427633,0.8834161148516575
1788092700000,1788094020000,1,0.0718223616,0.0728374296,confirmed_pivot,12.11890265663456,0.0
1788094020000,1788096360000,-1,0.0728374296,0.0719223816,confirmed_pivot,10.575444425073474,0.0
1788096360000,1788096540000,1,0.0719223816,0.0715276916,opposite_break,-7.482233780756824,0.0
1788096540000,1788097800000,-1,0.0715276916,0.0722884548,opposite_break,-12.646561438870766,0.0
1788097800000,1788097980000,1,0.0722884548,0.072205556,confirmed_pivot,-3.1456310890739183,0.0
1788097980000,1788098280000,-1,0.072205556,0.0724964964,opposite_break,-6.03336469564745,0.0
1788098280000,1788098520000,1,0.0724964964,0.0726714628,confirmed_pivot,0.4110328399263712,0.0
1788098520000,1788099960000,-1,0.0726714628,0.0723364644,confirmed_pivot,2.6143752372631246,0.0
1788099960000,1788100080000,1,0.0723364644,0.0720185934,opposite_break,-6.389945397994837,0.0
1788100080000,1788101040000,-1,0.0720185934,0.070854168,confirmed_pivot,14.184568045173764,0.0
1788101040000,1788101280000,1,0.070854168,0.070320933,opposite_break,-9.518284104330927,0.0
1788101280000,1788103500000,-1,0.070320933,0.0694808934,confirmed_pivot,9.957742932677084,0.0
1788103500000,1788104580000,1,0.0694808934,0.07004098900000001,confirmed_pivot,6.0530844814960085,0.0
1788104580000,1788104880000,-1,0.07004098900000001,0.069883974,confirmed_pivot,0.24400050947325025,0.0
1788104880000,1788105480000,1,0.069883974,0.0700179936,confirmed_pivot,-0.08417334137304144,0.0
1788105480000,1788106560000,-1,0.0700179936,0.0708961764,opposite_break,-14.103346547622326,0.4514402664917265
1788106560000,1788106680000,1,0.0708961764,0.07019095900000001,confirmed_pivot,-11.937238062389858,0.0
1788106680000,1788107580000,-1,0.07019095900000001,0.06990697859999999,confirmed_pivot,2.049871727782239,0.0
1788107580000,1788113220000,1,0.06990697859999999,0.06971205479999999,opposite_break,-4.785542732639234,0.0
1788113220000,1788115560000,-1,0.06971205479999999,0.0697799532,confirmed_pivot,-2.9749576109181355,0.0
1788115560000,1788118260000,1,0.0697799532,0.070350927,confirmed_pivot,6.174307950094746,0.0
1788118260000,1788119640000,-1,0.070350927,0.0698029578,confirmed_pivot,5.796871947401605,0.0
1788119640000,1788119760000,1,0.0698029578,0.0695580856,opposite_break,-5.504541003848348,0.0
1788119760000,1788119940000,-1,0.0695580856,0.0697309434,confirmed_pivot,-4.4875707303824255,0.0
1788119940000,1788120360000,1,0.0697309434,0.069396118,opposite_break,-7.060299890970477,-0.26342552945153475
1788120360000,1788122100000,-1,0.069396118,0.0698429658,opposite_break,-8.445528376673705,0.0
1788122100000,1788122220000,1,0.0698429658,0.0696000772,confirmed_pivot,-5.4741610500166455,0.0
1788122220000,1788122760000,-1,0.0696000772,0.07025204759999999,opposite_break,-11.376747794756659,0.0
1788122760000,1788123000000,1,0.07025204759999999,0.0705168938,confirmed_pivot,1.766172842483837,0.0
1788123000000,1788124080000,-1,0.0705168938,0.0700470066,confirmed_pivot,4.670133380151679,0.0
1788124080000,1788125700000,1,0.0700470066,0.0702629446,confirmed_pivot,1.079675670251965,0.0
1788125700000,1788127680000,-1,0.0702629446,0.07007001119999999,confirmed_pivot,0.7486228267184178,0.0
1788127680000,1788129120000,1,0.07007001119999999,0.0704849002,confirmed_pivot,3.9151426395093196,0.0
1788129120000,1788129600000,-1,0.0704849002,0.0713122596,opposite_break,-13.749846521028216,0.0
1788129600000,1788130440000,1,0.0713122596,0.0719186134,confirmed_pivot,6.494296066310606,0.0
1788130440000,1788130800000,-1,0.0719186134,0.07236447,opposite_break,-8.205659918910541,0.0
1788130800000,1788130860000,1,0.07236447,0.0719346102,confirmed_pivot,-7.93426498114339,0.0
1788130860000,1788130980000,-1,0.0719346102,0.07295258760000001,opposite_break,-16.165578635470364,0.0
1788130980000,1788134460000,1,0.07295258760000001,0.0707028566,opposite_break,-33.15883573401863,-0.35141213277539723
1788134460000,1788134580000,-1,0.0707028566,0.07151429999999999,confirmed_pivot,-13.48828891023883,0.0
1788134580000,1788135360000,1,0.07151429999999999,0.0722095552,confirmed_pivot,7.712182665564907,0.0
1788135360000,1788135840000,-1,0.0722095552,0.0732056382,opposite_break,-15.808132181930526,0.0
1788135840000,1788135960000,1,0.0732056382,0.0722925386,confirmed_pivot,-14.460604440164671,0.0
1788135960000,1788136380000,-1,0.0722925386,0.07298359380000001,opposite_break,-11.568708868110111,0.0
1788136380000,1788136440000,1,0.07298359380000001,0.0725264918,confirmed_pivot,-8.256815733839826,0.0
1788136440000,1788136740000,-1,0.0725264918,0.07269453599999999,confirmed_pivot,-4.319321395881924,0.0
1788136740000,1788136860000,1,0.07269453599999999,0.0720315908,confirmed_pivot,-11.110481904719594,0.0
1788136860000,1788137520000,-1,0.0720315908,0.0703300632,confirmed_pivot,21.645585342257945,0.0
1788137520000,1788138720000,1,0.0703300632,0.07000899540000001,opposite_break,-6.560592122430954,0.0
1788138720000,1788138840000,-1,0.07000899540000001,0.07051510019999999,confirmed_pivot,-9.236368725267784,0.0
1788138840000,1788139680000,1,0.07051510019999999,0.0707418488,confirmed_pivot,1.2123878539141715,0.0
1788139680000,1788140100000,-1,0.0707418488,0.070319061,confirmed_pivot,3.982464340117792,0.0
1788140100000,1788140760000,1,0.070319061,0.07226254459999999,confirmed_pivot,25.61043860355288,0.0
1788140760000,1788143340000,-1,0.07226254459999999,0.07158331379999999,confirmed_pivot,7.408885814408475,0.0
1788143340000,1788143820000,1,0.07158331379999999,0.0707168538,opposite_break,-14.09211328799905,0.0
1788143820000,1788144540000,-1,0.0707168538,0.0705181008,confirmed_pivot,0.8133569624389856,0.0
1788144540000,1788144900000,1,0.0705181008,0.0696900592,opposite_break,-13.730513854110997,0.0
1788144900000,1788145020000,-1,0.0696900592,0.07007001119999999,confirmed_pivot,-7.457477814855823,0.0
1788145020000,1788145560000,1,0.07007001119999999,0.0696730626,opposite_break,-7.659363322607667,0.0
1788145560000,1788145620000,-1,0.0696730626,0.0701230218,confirmed_pivot,-8.464609741441198,0.0
1788145620000,1788146040000,1,0.0701230218,0.069531091,opposite_break,-10.432877734313514,0.0
1788146040000,1788147000000,-1,0.069531091,0.069133824,confirmed_pivot,3.719229502669628,0.0
1788147000000,1788147540000,1,0.069133824,0.0686202732,opposite_break,-9.420929720305915,0.0
1788147540000,1788147660000,-1,0.0686202732,0.0690138,confirmed_pivot,-7.74058231525668,0.0
1788147660000,1788149220000,1,0.0690138,0.06883623,confirmed_pivot,-4.878056116095649,-0.30766541162781935
1788149220000,1788149640000,-1,0.06883623,0.068693736,confirmed_pivot,0.07211368199555679,0.0
1788149640000,1788150360000,1,0.068693736,0.0676474678,opposite_break,-17.215680390421706,0.0
1788150360000,1788152040000,-1,0.0676474678,0.0670013976,confirmed_pivot,7.560095761633242,0.0
1788152040000,1788152700000,1,0.0670013976,0.0656948584,opposite_break,-21.48067812842158,0.0
1788152700000,1788152940000,-1,0.0656948584,0.0660992172,confirmed_pivot,-8.161260845338914,0.0
1788152940000,1788154260000,1,0.0660992172,0.0682723428,confirmed_pivot,30.843845454799,0.0
1788154260000,1788156420000,-1,0.0682723428,0.0691648302,opposite_break,-15.085531428401529,0.0
1788156420000,1788156540000,1,0.0691648302,0.06873125100000001,confirmed_pivot,-8.262512602828485,0.0
1788156540000,1788157560000,-1,0.06873125100000001,0.069493896,opposite_break,-13.107140258511986,0.0
1788157560000,1788157680000,1,0.069493896,0.06918616,confirmed_pivot,-6.423816791045978,0.0
1788157680000,1788158460000,-1,0.06918616,0.06818063340000001,confirmed_pivot,12.548171579402398,0.0
1788158460000,1788158700000,1,0.06818063340000001,0.06755648600000001,opposite_break,-11.14516661853125,0.0
1788158700000,1788158820000,-1,0.06755648600000001,0.06821263979999999,confirmed_pivot,-11.722381856865312,0.0
1788158820000,1788161100000,1,0.06821263979999999,0.0692751422,confirmed_pivot,13.560750921121988,0.0
1788161100000,1788162720000,-1,0.0692751422,0.06832666259999999,confirmed_pivot,11.70517691409387,0.0
1788162720000,1788163920000,1,0.06832666259999999,0.06830733580000001,confirmed_pivot,-2.7711900625405788,-0.48861408904376963
1788163920000,1788166500000,-1,0.06830733580000001,0.06751650059999999,confirmed_pivot,9.589180370287844,0.0
1788166500000,1788167640000,1,0.06751650059999999,0.0659178138,opposite_break,-25.654782149654025,0.0
1788167640000,1788168060000,-1,0.0659178138,0.0664292832,confirmed_pivot,-9.766957668732514,0.0
1788168060000,1788168480000,1,0.0664292832,0.06543191100000001,opposite_break,-16.999030243938947,0.0
1788168480000,1788168660000,-1,0.06543191100000001,0.0657471468,confirmed_pivot,-6.822586272927193,0.0
1788168660000,1788170460000,1,0.0657471468,0.0670345904,confirmed_pivot,17.562159257076587,0.0
1788170460000,1788171060000,-1,0.0670345904,0.0664942962,confirmed_pivot,6.067991330636957,0.0
1788171060000,1788172380000,1,0.0664942962,0.0660407892,opposite_break,-8.813418877873497,0.0
1788172380000,1788173280000,-1,0.0660407892,0.0668843742,opposite_break,-14.78647022891716,0.0
1788173280000,1788173640000,1,0.0668843742,0.066606676,confirmed_pivot,-6.14776253972928,0.0
1788173640000,1788173940000,-1,0.066606676,0.06643528439999999,confirmed_pivot,0.5757626998232857,0.0
1788173940000,1788174720000,1,0.06643528439999999,0.0662337506,confirmed_pivot,-5.030502059534898,0.0
1788174720000,1788174840000,-1,0.0662337506,0.06651630060000001,confirmed_pivot,-6.270217939311539,0.0
1788174840000,1788175020000,1,0.06651630060000001,0.06638771980000001,confirmed_pivot,-3.9311389545316944,0.0
1788175020000,1788175800000,-1,0.06638771980000001,0.0661772328,confirmed_pivot,1.1737418853179102,0.0
1788175800000,1788176100000,1,0.0661772328,0.0656938586,opposite_break,-9.296932878099994,0.0
1788176100000,1788176340000,-1,0.0656938586,0.06560811899999999,confirmed_pivot,-0.6935561188057636,0.0
1788176340000,1788177180000,1,0.06560811899999999,0.0654409092,opposite_break,-4.546065833711805,0.0
1788177180000,1788177660000,-1,0.0654409092,0.0651910356,confirmed_pivot,2.015439866779721,0.19331275000072892
1788177660000,1788177780000,1,0.0651910356,0.064852027,opposite_break,-7.195033155754867,0.0
1788177780000,1788177900000,-1,0.064852027,0.06531305999999999,confirmed_pivot,-9.11610807477129,0.0
1788177900000,1788178140000,1,0.06531305999999999,0.06537492240000001,confirmed_pivot,-1.0537797861558609,0.0
1788178140000,1788179460000,-1,0.06537492240000001,0.0653970768,confirmed_pivot,-2.3392211200542534,0.0
1788179460000,1788183600000,1,0.0653970768,0.0655828808,confirmed_pivot,0.838325580938071,0.0
1788183600000,1788184200000,-1,0.0655828808,0.06600319799999999,opposite_break,-8.41535583779934,0.0
1788184200000,1788184320000,1,0.06600319799999999,0.0657908392,confirmed_pivot,-5.21418427634338,0.0
1788184320000,1788184500000,-1,0.0657908392,0.0661742322,opposite_break,-7.833280098971526,0.0
1788184500000,1788184620000,1,0.0661742322,0.0660107952,confirmed_pivot,-4.467328408232024,0.0
1788184620000,1788184920000,-1,0.0660107952,0.0663442662,opposite_break,-7.056816388723065,0.0
1788184920000,1788185100000,1,0.0663442662,0.0659528068,confirmed_pivot,-7.8945250735172365,0.0
1788185100000,1788185820000,-1,0.0659528068,0.0660542082,confirmed_pivot,-3.5390217084742224,0.0
1788185820000,1788186780000,1,0.0660542082,0.0657888396,opposite_break,-6.013419260092045,0.0
1788186780000,1788186960000,-1,0.0657888396,0.066093216,confirmed_pivot,-6.631192437083211,0.0
1788186960000,1788187500000,1,0.066093216,0.0661777618,confirmed_pivot,-0.7220889024373982,0.0
1788187500000,1788188160000,-1,0.0661777618,0.065828163,confirmed_pivot,3.2880059597301656,0.0
1788188160000,1788188520000,1,0.065828163,0.0650559862,opposite_break,-13.718458909448776,0.0
1788188520000,1788188700000,-1,0.0650559862,0.0654350844,confirmed_pivot,-7.833088088671493,0.0
1788188700000,1788189480000,1,0.0654350844,0.0648160342,opposite_break,-11.451063683506131,0.0
1788189480000,1788193560000,-1,0.0648160342,0.0641698314,confirmed_pivot,8.481620780609182,0.5018524904968654
1788193560000,1788194940000,1,0.0641698314,0.06385622619999999,opposite_break,-6.882225618563976,0.0
1788194940000,1788195300000,-1,0.06385622619999999,0.06392478239999999,confirmed_pivot,-3.0746760384032856,0.0
1788195300000,1788196920000,1,0.06392478239999999,0.0636252724,opposite_break,-6.68066497477806,0.0
1788196920000,1788197280000,-1,0.0636252724,0.063702738,confirmed_pivot,-3.218746304337911,0.0
1788197280000,1788197580000,1,0.063702738,0.0635952784,opposite_break,-3.6852044946639237,0.0
1788197580000,1788197700000,-1,0.0635952784,0.0638247624,confirmed_pivot,-5.612115392516342,0.0
1788197700000,1788197880000,1,0.0638247624,0.063677262,confirmed_pivot,-4.308710507632069,0.0
1788197880000,1788198480000,-1,0.063677262,0.0636507276,confirmed_pivot,-1.582881964994034,0.0
1788198480000,1788199080000,1,0.0636507276,0.063317334,opposite_break,-7.232622138949365,0.0
1788199080000,1788199980000,-1,0.063317334,0.0636617298,opposite_break,-7.444641680586143,0.0
1788199980000,1788200220000,1,0.0636617298,0.0634843006,confirmed_pivot,-4.784275126623964,0.0
1788200220000,1788200340000,-1,0.0634843006,0.0642638502,opposite_break,-14.291686956066087,0.0
1788200340000,1788200700000,1,0.0642638502,0.0644041166,confirmed_pivot,0.18048145518684366,0.0
1788200700000,1788201660000,-1,0.0644041166,0.0638787732,confirmed_pivot,6.165141782256864,0.0
1788201660000,1788202980000,1,0.0638787732,0.06382123320000001,confirmed_pivot,-2.8998679392295346,0.0
1788202980000,1788203520000,-1,0.06382123320000001,0.0643268628,opposite_break,-9.930514724055623,0.0
1788203520000,1788204120000,1,0.0643268628,0.06443710999999999,confirmed_pivot,-0.2878544358299322,0.0
1788204120000,1788205020000,-1,0.06443710999999999,0.064127823,confirmed_pivot,2.8046271317877456,0.0
1788205020000,1788205380000,1,0.064127823,0.0643391296,confirmed_pivot,1.2917894842618072,0.0
1788205380000,1788206100000,-1,0.0643391296,0.063587715,confirmed_pivot,9.690646411853228,0.0
1788206100000,1788206940000,1,0.063587715,0.0633883198,opposite_break,-5.358386760398728,-0.22577215394514488
1788206940000,1788207240000,-1,0.0633883198,0.0633286632,confirmed_pivot,-1.0579296503139166,0.0
1788207240000,1788207420000,1,0.0633286632,0.06309037940000001,opposite_break,-5.758890590319436,0.0
1788207420000,1788207840000,-1,0.06309037940000001,0.063157629,confirmed_pivot,-3.0669907241039582,0.0
1788207840000,1788208320000,1,0.063157629,0.0629604054,opposite_break,-5.119597418706208,0.0
1788208320000,1788208800000,-1,0.0629604054,0.063167631,confirmed_pivot,-5.294655177045595,0.0
1788208800000,1788208980000,1,0.063167631,0.06303239100000001,confirmed_pivot,-4.138828983470898,0.0
1788208980000,1788209520000,-1,0.06303239100000001,0.062802558,confirmed_pivot,1.6499144225706526,0.0
1788209520000,1788210060000,1,0.062802558,0.0625764822,opposite_break,-5.596186706280166,0.0
1788210060000,1788210240000,-1,0.0625764822,0.0626685312,confirmed_pivot,-3.4724549185348232,0.0
1788210240000,1788210720000,1,0.0626685312,0.062512495,opposite_break,-4.487375414983413,0.0
1788210720000,1788210840000,-1,0.062512495,0.062837565,confirmed_pivot,-7.205280480326321,0.0
1788210840000,1788211020000,1,0.062837565,0.0627304514,confirmed_pivot,-3.702906317264204,0.0
1788211020000,1788212160000,-1,0.0627304514,0.0625235022,confirmed_pivot,1.3023219915806412,0.0
1788212160000,1788212280000,1,0.0625235022,0.062440509400000004,opposite_break,-3.3260582706129,0.0
1788212280000,1788212400000,-1,0.062440509400000004,0.0627615498,opposite_break,-7.1466819135206,0.0
1788212400000,1788213480000,1,0.0627615498,0.0624875,opposite_break,-6.362157261451106,0.0
1788213480000,1788213780000,-1,0.0624875,0.0627105396,confirmed_pivot,-5.57291681696343,0.0
1788213780000,1788214200000,1,0.0627105396,0.0629194136,confirmed_pivot,1.3274331130137136,0.0
1788214200000,1788214800000,-1,0.0629194136,0.06275654879999999,confirmed_pivot,0.5910550571311961,0.0
1788214800000,1788215520000,1,0.06275654879999999,0.06272945160000001,confirmed_pivot,-2.4313510433189824,0.0
1788215520000,1788216360000,-1,0.06272945160000001,0.0629995974,opposite_break,-6.310829106626245,0.0
1788216360000,1788218520000,1,0.0629995974,0.06266146519999999,opposite_break,-7.361844864742065,0.0
1788218520000,1788219060000,-1,0.06266146519999999,0.0626105196,confirmed_pivot,-1.1861577855349794,0.0
1788219060000,1788219360000,1,0.0626105196,0.0626964582,confirmed_pivot,-0.6287821607536737,0.0
1788219360000,1788219900000,-1,0.0626964582,0.063242646,opposite_break,-10.720332910288707,0.0
1788219900000,1788219960000,1,0.063242646,0.062832431,confirmed_pivot,-8.47988044333258,0.0
1788219960000,1788221100000,-1,0.062832431,0.0636797334,opposite_break,-15.237656411702414,0.26094118990875903
1788221100000,1788224520000,1,0.0636797334,0.0647730428,opposite_break,15.151706395177936,0.0
1788224520000,1788225420000,-1,0.0647730428,0.0643468668,confirmed_pivot,4.586106774653488,0.0
1788225420000,1788227220000,1,0.0643468668,0.064567084,confirmed_pivot,1.418922998749606,0.0
1788227220000,1788227460000,-1,0.064567084,0.0646459266,confirmed_pivot,-3.2223169719110074,0.0
1788227460000,1788228120000,1,0.0646459266,0.0635692836,opposite_break,-18.637805559739665,0.0
1788228120000,1788228540000,-1,0.0635692836,0.0628635702,confirmed_pivot,9.112585723712673,0.0
1788228540000,1788228720000,1,0.0628635702,0.062436510199999996,opposite_break,-8.786648270893146,0.0
1788228720000,1788228900000,-1,0.062436510199999996,0.06282756299999999,confirmed_pivot,-8.269470403552322,0.0
1788228900000,1788229020000,1,0.06282756299999999,0.06251649420000001,opposite_break,-6.946200622169297,0.0
1788229020000,1788229140000,-1,0.06251649420000001,0.06296359019999999,confirmed_pivot,-9.158800277063202,0.0
1788229140000,1788234000000,1,0.06296359019999999,0.06336432460000001,opposite_break,4.358177231132844,0.0
1788234000000,1788234180000,-1,0.06336432460000001,0.0635557086,confirmed_pivot,-5.023395028817034,0.0
1788234180000,1788234420000,1,0.0635557086,0.06368726000000001,confirmed_pivot,0.06778984130487453,0.0
1788234420000,1788234900000,-1,0.06368726000000001,0.06347669280000001,confirmed_pivot,1.3095750578686771,0.0
1788234900000,1788235080000,1,0.06347669280000001,0.0632353504,opposite_break,-5.798261172170123,0.0
1788235080000,1788235140000,-1,0.0632353504,0.0634546884,confirmed_pivot,-5.472066440862158,0.0
1788235140000,1788235380000,1,0.0634546884,0.06337932160000001,confirmed_pivot,-3.578481677167769,-0.3919431392212147
1788235380000,1788236040000,-1,0.06337932160000001,0.0638057586,opposite_break,-8.735058473708683,0.0
1788236040000,1788236220000,1,0.0638057586,0.0633103354,confirmed_pivot,-9.756788535384603,0.0
1788236220000,1788236820000,-1,0.0633103354,0.06401880119999999,opposite_break,-13.201555975329555,0.0
1788236820000,1788237240000,1,0.06401880119999999,0.0643281318,confirmed_pivot,2.8270393010733947,0.0
1788237240000,1788237420000,-1,0.0643281318,0.0646719318,opposite_break,-7.349818040262212,0.0
1788237420000,1788237720000,1,0.0646719318,0.0644231128,confirmed_pivot,-5.843555837619147,0.0
1788237720000,1788238080000,-1,0.0644231128,0.0648539682,opposite_break,-8.694588892947738,0.0
1788238080000,1788238620000,1,0.0648539682,0.0640301914,opposite_break,-14.689324123731803,0.0
1788238620000,1788238980000,-1,0.0640301914,0.064032804,confirmed_pivot,-2.0408434293699953,0.0
1788238980000,1788239100000,1,0.064032804,0.06379923759999999,opposite_break,-5.643957768896234,0.0
1788239100000,1788239340000,-1,0.06379923759999999,0.063752748,confirmed_pivot,-1.270585490507634,0.0
1788239340000,1788240420000,1,0.063752748,0.064077182,confirmed_pivot,3.083852479582502,0.0
1788240420000,1788241740000,-1,0.064077182,0.064357869,confirmed_pivot,-6.384832138841588,0.0
1788241740000,1788242520000,1,0.064357869,0.0646950584,confirmed_pivot,3.2340485450195215,0.0
1788242520000,1788242880000,-1,0.0646950584,0.06542008140000001,opposite_break,-13.217982345928373,0.0
1788242880000,1788243360000,1,0.06542008140000001,0.0658978178,confirmed_pivot,5.295293026033806,0.0
1788243360000,1788244440000,-1,0.0658978178,0.0657011376,confirmed_pivot,0.9876084940705492,0.0
1788244440000,1788244920000,1,0.0657011376,0.0665686836,confirmed_pivot,11.191224469757078,0.0
1788244920000,1788246180000,-1,0.0665686836,0.065903178,confirmed_pivot,8.007274736014022,0.0
1788246180000,1788246360000,1,0.065903178,0.0654659042,opposite_break,-8.628459195093939,0.0
1788246360000,1788247320000,-1,0.0654659042,0.065168031,confirmed_pivot,2.5546010070994,0.0
1788247320000,1788248280000,1,0.065168031,0.06524994740000001,confirmed_pivot,-0.7442541635175897,0.0
1788248280000,1788248820000,-1,0.06524994740000001,0.0653940762,confirmed_pivot,-4.211081151001666,0.0
1788248820000,1788249840000,1,0.0653940762,0.0649200134,opposite_break,-9.547838883913986,-0.3057649114706816
1788249840000,1788250260000,-1,0.0649200134,0.0648149604,confirmed_pivot,-0.38019052226493033,0.0
1788250260000,1788250440000,1,0.0648149604,0.06450109720000001,opposite_break,-6.837607473104102,0.0
1788250440000,1788251220000,-1,0.06450109720000001,0.064252848,confirmed_pivot,1.8526080948590216,0.0
1788251220000,1788252000000,1,0.064252848,0.064507096,confirmed_pivot,1.9530349222807768,0.0
1788252000000,1788252540000,-1,0.064507096,0.0649459866,opposite_break,-8.810560664519844,0.0
1788252540000,1788252660000,1,0.0649459866,0.0648890196,confirmed_pivot,-2.8762671256426025,0.0
1788252660000,1788253260000,-1,0.0648890196,0.0646069188,confirmed_pivot,2.3517825132929597,0.0
1788253260000,1788254880000,1,0.0646069188,0.064457106,confirmed_pivot,-4.316516403812714,0.0
1788254880000,1788255840000,-1,0.064457106,0.0644368848,confirmed_pivot,-1.6859706794778608,0.0
1788255840000,1788256260000,1,0.0644368848,0.0634513072,confirmed_pivot,-17.27994448297717,0.0
1788256260000,1788256920000,-1,0.0634513072,0.06335166780000001,confirmed_pivot,-0.4281011093182011,0.0
1788256920000,1788257700000,1,0.06335166780000001,0.0623745226,opposite_break,-17.408719118204623,0.0
1788257700000,1788258000000,-1,0.0623745226,0.0628505676,confirmed_pivot,-9.639674423736611,0.0
1788258000000,1788259140000,1,0.0628505676,0.0624055164,opposite_break,-9.074019627469593,0.0
1788259140000,1788260160000,-1,0.0624055164,0.0617983572,confirmed_pivot,7.738984536309337,0.0
1788260160000,1788260520000,1,0.0617983572,0.061608675800000005,opposite_break,-5.066290548577811,0.0
1788260520000,1788260820000,-1,0.061608675800000005,0.061922382,confirmed_pivot,-7.097007882776026,0.0
1788260820000,1788262080000,1,0.061922382,0.0621265722,confirmed_pivot,1.294220978127143,0.0
1788262080000,1788264420000,-1,0.0621265722,0.0614792934,confirmed_pivot,8.676299897646661,0.24717020553726932
1788264420000,1788264780000,1,0.0614792934,0.061588679800000004,confirmed_pivot,-0.22253953231021728,0.0
1788264780000,1788265080000,-1,0.061588679800000004,0.062212439999999994,opposite_break,-12.137966298800087,0.0
1788265080000,1788267780000,1,0.062212439999999994,0.0623255324,confirmed_pivot,-0.1839756228817342,0.0
1788267780000,1788268740000,-1,0.0623255324,0.06181236,confirmed_pivot,6.24197648410308,0.0
1788268740000,1788268920000,1,0.06181236,0.0613697236,confirmed_pivot,-9.153808131577481,0.0
1788268920000,1788269100000,-1,0.0613697236,0.061392275999999996,confirmed_pivot,-2.367851622522112,0.0
1788269100000,1788270120000,1,0.061392275999999996,0.0615586858,confirmed_pivot,0.7078877186440045,0.0
1788270120000,1788271200000,-1,0.0615586858,0.061558309199999994,confirmed_pivot,-1.9938761428203784,0.0
1788271200000,1788273180000,1,0.061558309199999994,0.0608058364,opposite_break,-14.211516803648564,0.0
1788273180000,1788273660000,-1,0.0608058364,0.0603460668,confirmed_pivot,5.568835441592574,0.0
1788273660000,1788276060000,1,0.0603460668,0.0690021968,confirmed_pivot,141.2980528566942,0.0
1788276060000,1788276360000,-1,0.0690021968,0.06966393,opposite_break,-11.599620938445257,0.0
1788276360000,1788276720000,1,0.06966393,0.06959807759999999,confirmed_pivot,-2.944341606912077,0.0
1788276720000,1788278160000,-1,0.06959807759999999,0.0734006772,opposite_break,-56.691197384452074,0.0
1788278160000,1788279000000,1,0.0734006772,0.0775764816,confirmed_pivot,54.418922862245694,-0.41472983326371815
1788279000000,1788279540000,-1,0.0775764816,0.0789397848,opposite_break,-19.591239961571024,0.0
1788279540000,1788279780000,1,0.0789397848,0.0788752218,confirmed_pivot,-2.8170586880037924,0.0
1788279780000,1788279900000,-1,0.0788752218,0.0802870542,opposite_break,-19.917467617187647,0.0
1788279900000,1788280560000,1,0.0802870542,0.08588381980000001,confirmed_pivot,67.63973071514202,0.0
1788280560000,1788284160000,-1,0.08588381980000001,0.07305160740000001,opposite_break,147.56303343647974,0.0
1788284160000,1788284460000,1,0.07305160740000001,0.07266046500000001,confirmed_pivot,-7.348975491537266,0.0
1788284460000,1788285300000,-1,0.07266046500000001,0.0731536278,confirmed_pivot,-8.794010509015985,0.0
1788285300000,1788289440000,1,0.0731536278,0.0695350902,opposite_break,-51.41544488105345,0.0
1788289440000,1788290220000,-1,0.0695350902,0.06712842299999999,confirmed_pivot,32.64544103230348,0.0
1788290220000,1788290400000,1,0.06712842299999999,0.06659567820000001,opposite_break,-9.928266916086866,0.0
1788290400000,1788290640000,-1,0.06659567820000001,0.0673374648,confirmed_pivot,-13.149798405386436,0.0
1788290640000,1788291360000,1,0.0673374648,0.0688092354,confirmed_pivot,19.834781481111023,0.0
1788291360000,1788294900000,-1,0.0688092354,0.062220441599999995,confirmed_pivot,94.41123763119022,0.5609850384981897
1788294900000,1788295620000,1,0.062220441599999995,0.0622645446,opposite_break,-1.2918903198526372,0.0
1788295620000,1788295860000,-1,0.0622645446,0.0622364448,confirmed_pivot,-1.5482517381167764,0.0
1788295860000,1788296640000,1,0.0622364448,0.067676462,confirmed_pivot,85.32145931960446,0.0
1788296640000,1788296820000,-1,0.067676462,0.0681876348,opposite_break,-9.560737628394154,0.0
1788296820000,1788297540000,1,0.0681876348,0.0683533266,confirmed_pivot,0.4275091618224933,0.0
1788297540000,1788298320000,-1,0.0683533266,0.06866373,opposite_break,-6.545701268034643,0.0
1788298320000,1788299220000,1,0.06866373,0.06529693800000001,opposite_break,-50.98401540376547,0.0
1788299220000,1788299700000,-1,0.06529693800000001,0.064757949,confirmed_pivot,6.262684369671628,0.0
1788299700000,1788301560000,1,0.064757949,0.0643691236,confirmed_pivot,-7.9982840809241935,0.0
1788301560000,1788301860000,-1,0.0643691236,0.0638637702,confirmed_pivot,5.858717427061436,0.0
1788301860000,1788303840000,1,0.0638637702,0.06476704400000001,confirmed_pivot,12.129615639259686,0.0
1788303840000,1788304560000,-1,0.06476704400000001,0.0654700914,opposite_break,-12.86587257865265,0.0
1788304560000,1788304740000,1,0.0654700914,0.065271943,confirmed_pivot,-5.023521845885197,0.0
1788304740000,1788305100000,-1,0.065271943,0.0657801534,opposite_break,-9.793832801943715,0.0
1788305100000,1788305280000,1,0.0657801534,0.0654239126,confirmed_pivot,-7.410211755450307,0.0
1788305280000,1788306960000,-1,0.0654239126,0.06558611460000001,opposite_break,-4.481725649652052,0.0
1788306960000,1788307260000,1,0.06558611460000001,0.06478604019999999,confirmed_pivot,-14.876124628672805,-0.6894852694933081
1788307260000,1788312240000,-1,0.06478604019999999,0.0659811936,opposite_break,-20.466147177799115,0.0
1788312240000,1788312360000,1,0.0659811936,0.06583183100000001,confirmed_pivot,-4.261451017460742,0.0
1788312360000,1788314400000,-1,0.06583183100000001,0.06304460640000001,confirmed_pivot,40.38089359234135,0.0
1788314400000,1788314880000,1,0.06304460640000001,0.0636532668,confirmed_pivot,7.6447860383499595,0.0
1788314880000,1788315480000,-1,0.0636532668,0.0638967768,opposite_break,-5.829395131688706,0.0
1788315480000,1788316200000,1,0.0638967768,0.0640431888,confirmed_pivot,0.28909180282781555,0.0
1788316200000,1788317220000,-1,0.0640431888,0.0686427258,opposite_break,-73.89111946593142,0.0
1788317220000,1788317460000,1,0.0686427258,0.0660497874,confirmed_pivot,-39.73663460200169,0.0
1788317460000,1788318420000,-1,0.0660497874,0.0702300432,opposite_break,-65.35275586064931,0.0
1788318420000,1788320460000,1,0.0702300432,0.07298539999999999,confirmed_pivot,37.19407304593538,0.0
1788320460000,1788321540000,-1,0.07298539999999999,0.0729535878,confirmed_pivot,-1.5636933934732857,0.0
1788321540000,1788324360000,1,0.0729535878,0.0720735824,confirmed_pivot,-14.69399164754985,-0.6435165289019549
1788324360000,1788324600000,-1,0.0720735824,0.07208541419999999,confirmed_pivot,-2.1643269476221665,0.0
1788324600000,1788324780000,1,0.07208541419999999,0.071715654,confirmed_pivot,-7.124343723337939,0.0
1788324780000,1788325020000,-1,0.071715654,0.0719323836,confirmed_pivot,-5.02509030455182,0.0
1788325020000,1788326280000,1,0.0719323836,0.0713917188,opposite_break,-9.508775716421457,0.0
1788326280000,1788326400000,-1,0.0713917188,0.0719273826,confirmed_pivot,-9.510667522967697,0.0
1788326400000,1788327900000,1,0.0719273826,0.0716266718,confirmed_pivot,-6.176574738867341,0.0
1788327900000,1788328200000,-1,0.0716266718,0.071659329,confirmed_pivot,-2.456392240187742,0.0
1788328200000,1788329100000,1,0.071659329,0.0710887794,opposite_break,-9.954010431775014,0.0
1788329100000,1788329220000,-1,0.0710887794,0.07161031920000001,confirmed_pivot,-9.343793833658257,0.0
1788329220000,1788329460000,1,0.07161031920000001,0.07010897540000001,opposite_break,-22.94450175555144,0.0
1788329460000,1788330000000,-1,0.07010897540000001,0.0694748922,confirmed_pivot,7.0532956669055835,0.0
1788330000000,1788330180000,1,0.0694748922,0.069331131,opposite_break,-4.067184766354988,0.0
1788330180000,1788330780000,-1,0.069331131,0.06887777279999999,confirmed_pivot,4.545566928657451,0.0
1788330780000,1788330900000,1,0.06887777279999999,0.0686342704,opposite_break,-5.531747437686954,0.0
1788330900000,1788331260000,-1,0.0686342704,0.0682206414,confirmed_pivot,4.032593143147897,0.0
1788331260000,1788331380000,1,0.0682206414,0.06755148700000001,opposite_break,-11.798870721259396,0.0
1788331380000,1788331920000,-1,0.06755148700000001,0.0674624898,confirmed_pivot,-0.681210419542504,0.0
1788331920000,1788332160000,1,0.0674624898,0.0670085956,opposite_break,-8.721369269712294,0.0
1788332160000,1788332700000,-1,0.0670085956,0.06758951519999999,confirmed_pivot,-10.677998910336711,0.0
1788332700000,1788333480000,1,0.06758951519999999,0.06831533420000001,confirmed_pivot,8.727894390933825,0.0
1788333480000,1788334680000,-1,0.06831533420000001,0.0712002372,opposite_break,-44.271445156744825,0.0
1788334680000,1788334860000,1,0.0712002372,0.07041491420000001,confirmed_pivot,-13.018750889779206,0.0
1788334860000,1788336660000,-1,0.07041491420000001,0.0722854542,confirmed_pivot,-28.435927422389582,0.15517989163437762
1788336660000,1788337200000,1,0.0722854542,0.07128174079999999,opposite_break,-15.871527787951681,0.0
1788337200000,1788337860000,-1,0.07128174079999999,0.07155330780000001,confirmed_pivot,-5.813579241319738,0.0
1788337860000,1788339120000,1,0.07155330780000001,0.0712687434,opposite_break,-5.9729796474902646,0.0
1788339120000,1788339240000,-1,0.0712687434,0.0723514674,confirmed_pivot,-17.207321923961313,0.0
1788339240000,1788339480000,1,0.0723514674,0.072040589,confirmed_pivot,-6.292484074759651,0.0
1788339480000,1788340080000,-1,0.072040589,0.07294858679999999,opposite_break,-14.616579214808898,0.0
1788340080000,1788340980000,1,0.07294858679999999,0.0715646842,opposite_break,-20.951959976831063,0.0
1788340980000,1788341160000,-1,0.0715646842,0.0719803932,confirmed_pivot,-7.814665622460753,0.0
1788341160000,1788341280000,1,0.0719803932,0.0713197332,opposite_break,-11.169154413566156,0.0
1788341280000,1788341460000,-1,0.0713197332,0.0717163404,confirmed_pivot,-7.56653522646655,0.0
1788341460000,1788341880000,1,0.0717163404,0.0710177936,opposite_break,-11.730672944376721,0.0
1788341880000,1788345780000,-1,0.0710177936,0.0718833738,opposite_break,-14.200404099853554,0.0
1788345780000,1788345960000,1,0.0718833738,0.0716516668,confirmed_pivot,-5.22015065186044,0.0
1788345960000,1788346140000,-1,0.0716516668,0.0719123796,opposite_break,-5.642253201568327,0.0
1788346140000,1788346800000,1,0.0719123796,0.0720385894,confirmed_pivot,-0.24670535307944497,0.0
1788346800000,1788346980000,-1,0.0720385894,0.07305760859999999,opposite_break,-16.15960845007863,0.0
1788346980000,1788349680000,1,0.07305760859999999,0.07259147880000001,confirmed_pivot,-8.373924347148407,0.0
1788349680000,1788353640000,-1,0.07259147880000001,0.06884876699999999,confirmed_pivot,49.991145676867234,0.38103146329621257
1788353640000,1788354060000,1,0.06884876699999999,0.0685882796,opposite_break,-5.779688786583428,0.0
1788354060000,1788354540000,-1,0.0685882796,0.0686357244,confirmed_pivot,-2.692425077243145,0.0
1788354540000,1788359400000,1,0.0686357244,0.06870625600000001,opposite_break,-0.9734053364197219,0.0
1788359400000,1788359580000,-1,0.06870625600000001,0.06879275580000001,confirmed_pivot,-3.260238948255317,0.0
1788359580000,1788359880000,1,0.06879275580000001,0.06864126899999999,opposite_break,-4.199872812771034,0.0
1788359880000,1788360180000,-1,0.06864126899999999,0.06879975719999999,confirmed_pivot,-4.311243520279338,0.0
1788360180000,1788360600000,1,0.06879975719999999,0.06918616,confirmed_pivot,3.610723248308277,0.0
1788360600000,1788360900000,-1,0.06918616,0.0702280428,opposite_break,-17.07418077257077,0.0
1788360900000,1788361560000,1,0.0702280428,0.0689931986,opposite_break,-19.56576584816915,0.0
1788361560000,1788361860000,-1,0.0689931986,0.06891378000000001,confirmed_pivot,-0.8477412235821186,0.0
1788361860000,1788363420000,1,0.06891378000000001,0.0688442284,confirmed_pivot,-3.00824607792533,0.0
1788363420000,1788365100000,-1,0.0688442284,0.0679955964,confirmed_pivot,10.389102206859826,0.04993229032980201
1788365100000,1788365940000,1,0.0679955964,0.0705938784,confirmed_pivot,36.17429150455995,0.0
1788365940000,1788369000000,-1,0.0705938784,0.0710622096,confirmed_pivot,-8.64079580022042,0.0
1788369000000,1788369360000,1,0.0710622096,0.0707768418,opposite_break,-6.011730479599266,0.0
1788369360000,1788369480000,-1,0.0707768418,0.0709111794,confirmed_pivot,-3.8999426108893207,0.0
1788369480000,1788370080000,1,0.0709111794,0.0705618848,opposite_break,-6.920878602676211,0.0
1788370080000,1788370920000,-1,0.0705618848,0.0708811734,confirmed_pivot,-6.529469266671219,0.0
1788370920000,1788371280000,1,0.0708811734,0.0701229726,opposite_break,-12.686090013289727,0.0
1788371280000,1788371400000,-1,0.0701229726,0.07034706660000001,confirmed_pivot,-5.198924484841477,0.0
1788371400000,1788371520000,1,0.07034706660000001,0.069741049,opposite_break,-10.60606719882771,0.0
1788371520000,1788372240000,-1,0.069741049,0.070194036,confirmed_pivot,-8.501766083271875,0.0
1788372240000,1788373020000,1,0.070194036,0.06898620000000001,opposite_break,-19.189895791146554,0.0
1788373020000,1788373320000,-1,0.06898620000000001,0.0691558284,confirmed_pivot,-4.461333257955686,0.0
1788373320000,1788374520000,1,0.0691558284,0.0688442284,opposite_break,-6.501260518484299,0.0
1788374520000,1788374700000,-1,0.0688442284,0.068923782,confirmed_pivot,-3.1567150282710426,0.0
1788374700000,1788376140000,1,0.068923782,0.069056186,confirmed_pivot,-0.08090049382370479,0.0
1788376140000,1788377700000,-1,0.069056186,0.0694008774,confirmed_pivot,-6.99645450155616,0.0
1788377700000,1788377940000,1,0.0694008774,0.0687682436,opposite_break,-11.106529915427325,0.0
1788377940000,1788378000000,-1,0.0687682436,0.06919583639999999,confirmed_pivot,-8.224099531894797,0.0
1788378000000,1788378360000,1,0.06919583639999999,0.06884622800000001,confirmed_pivot,-7.047396054020079,0.0
1788378360000,1788381540000,-1,0.06884622800000001,0.0701880348,confirmed_pivot,-21.16419370612408,0.34520638475647486
1788381540000,1788382020000,1,0.0701880348,0.0699400092,confirmed_pivot,-5.530196779351815,0.0
1788382020000,1788384900000,-1,0.0699400092,0.0692318436,confirmed_pivot,8.13545428015192,0.0
1788384900000,1788385680000,1,0.0692318436,0.071610675,confirmed_pivot,32.32600440817964,0.0
1788385680000,1788385920000,-1,0.071610675,0.0729755922,opposite_break,-21.079307899276134,0.0
1788385920000,1788386220000,1,0.0729755922,0.072380521,confirmed_pivot,-10.146232334377567,0.0
1788386220000,1788389640000,-1,0.072380521,0.0685817136,confirmed_pivot,50.53631992231731,0.0
1788389640000,1788391380000,1,0.0685817136,0.068571283,opposite_break,-2.151938014567193,0.0
1788391380000,1788393480000,-1,0.068571283,0.0691298232,opposite_break,-10.153540603870558,0.0
1788393480000,1788395460000,1,0.0691298232,0.0686272718,opposite_break,-9.573376944137697,-0.3109708600440917
1788395460000,1788395580000,-1,0.0686272718,0.0687517476,confirmed_pivot,-3.815608759198784,0.0
1788395580000,1788396060000,1,0.0687517476,0.0685122948,opposite_break,-5.479378423829301,0.0
1788396060000,1788398580000,-1,0.0685122948,0.0682356444,confirmed_pivot,2.042005178901039,0.0
1788398580000,1788399360000,1,0.0682356444,0.06862327260000001,confirmed_pivot,3.6750482127784174,0.0
1788399360000,1788399720000,-1,0.06862327260000001,0.06873874499999999,opposite_break,-3.6843829800093637,0.0
1788399720000,1788400560000,1,0.06873874499999999,0.0690941784,confirmed_pivot,3.16561608158554,0.0
1788400560000,1788404460000,-1,0.0690941784,0.0686397252,confirmed_pivot,4.583878175183515,0.0
1788404460000,1788404760000,1,0.0686397252,0.068076382,opposite_break,-10.19904006259041,0.0
1788404760000,1788405300000,-1,0.068076382,0.0684126798,confirmed_pivot,-6.9449469538495165,0.0
1788405300000,1788406260000,1,0.0684126798,0.0679384096,opposite_break,-8.925557238586663,0.0
1788406260000,1788407040000,-1,0.0679384096,0.0676915356,confirmed_pivot,1.6374250656582063,0.0
1788407040000,1788407400000,1,0.0676915356,0.067446508,opposite_break,-5.616147428630692,0.0
1788407400000,1788408780000,-1,0.067446508,0.0682866546,opposite_break,-14.36588202292688,0.10306220469709121
1788408780000,1788408960000,1,0.0682866546,0.0682203532,confirmed_pivot,-2.969956706591923,0.0
1788408960000,1788409260000,-1,0.0682203532,0.0690148002,opposite_break,-13.656952942893936,0.0
1788409260000,1788409560000,1,0.0690148002,0.0691831606,confirmed_pivot,0.43704305616460704,0.0
1788409560000,1788409980000,-1,0.0691831606,0.0696219216,opposite_break,-8.348362190899902,0.0
1788409980000,1788410340000,1,0.0696219216,0.0695550862,confirmed_pivot,-2.9590163998000403,0.0
1788410340000,1788410580000,-1,0.0695550862,0.0697419456,opposite_break,-4.689181620193133,0.0
1788410580000,1788412140000,1,0.0697419456,0.07028993920000001,confirmed_pivot,5.849588962428065,0.0
1788412140000,1788412260000,-1,0.07028993920000001,0.0707971566,opposite_break,-9.22329003522572,0.0
1788412260000,1788413160000,1,0.0707971566,0.07114776760000001,confirmed_pivot,2.9473793273784468,0.0
1788413160000,1788414480000,-1,0.07114776760000001,0.0708121596,confirmed_pivot,2.721772999101309,0.0
1788414480000,1788415740000,1,0.0708121596,0.0713497272,confirmed_pivot,5.583867452052836,0.0
1788415740000,1788417900000,-1,0.0713497272,0.0700710114,confirmed_pivot,15.93972543457756,0.0
1788417900000,1788418800000,1,0.0700710114,0.0700499872,opposite_break,-2.2997412964414146,0.0
1788418800000,1788418920000,-1,0.0700499872,0.07042208159999999,confirmed_pivot,-7.317152925903674,0.0
1788418920000,1788420660000,1,0.07042208159999999,0.0699390094,opposite_break,-8.85280975562628,0.0
1788420660000,1788421980000,-1,0.0699390094,0.0707081388,opposite_break,-13.008141751003965,0.0
1788421980000,1788423960000,1,0.0707081388,0.069931011,opposite_break,-13.45821350469204,-0.4785627123563886
1788423960000,1788424440000,-1,0.069931011,0.07032006119999999,confirmed_pivot,-7.5689063354166395,0.0
1788424440000,1788424740000,1,0.07032006119999999,0.0701069758,confirmed_pivot,-5.027191827870498,0.0
1788424740000,1788426960000,-1,0.0701069758,0.07040607839999999,confirmed_pivot,-6.270640677100633,0.0
1788426960000,1788428160000,1,0.07040607839999999,0.07056988319999999,confirmed_pivot,0.3242452770952844,0.0
1788428160000,1788430020000,-1,0.07056988319999999,0.0713312634,opposite_break,-12.79981354142313,0.0
1788430020000,1788430140000,1,0.0713312634,0.07091781359999999,confirmed_pivot,-7.7903972327512,0.0
1788430140000,1788435120000,-1,0.07091781359999999,0.0699149802,confirmed_pivot,12.15492360018254,0.0
1788435120000,1788438720000,1,0.0699149802,0.0699730026,confirmed_pivot,-1.374918489249658,-0.20398798814935512
1788438720000,1788440340000,-1,0.0699730026,0.0704700912,opposite_break,-9.111109572422448,0.0
1788440340000,1788440460000,1,0.0704700912,0.0700589854,confirmed_pivot,-7.827929086034809,0.0
1788440460000,1788441840000,-1,0.0700589854,0.06983596439999999,confirmed_pivot,1.186515187529447,0.0
1788441840000,1788445320000,1,0.06983596439999999,0.07154068899999999,confirmed_pivot,22.386000680760972,0.0
1788445320000,1788445560000,-1,0.07154068899999999,0.0733026576,opposite_break,-26.653530644637918,0.0
1788445560000,1788446520000,1,0.0733026576,0.07485202660000001,confirmed_pivot,19.115464045603833,0.0
1788446520000,1788447300000,-1,0.07485202660000001,0.0754640898,opposite_break,-10.185152640876991,0.0
1788447300000,1788447900000,1,0.0754640898,0.0750169936,confirmed_pivot,-7.918697290111578,0.0
1788447900000,1788448080000,-1,0.0750169936,0.0790448058,opposite_break,-55.74568905944543,0.0
1788448080000,1788448860000,1,0.0790448058,0.0753239322,opposite_break,-49.02589485519373,0.0
1788448860000,1788449340000,-1,0.0753239322,0.0748579686,confirmed_pivot,4.192315642278616,0.0
1788449340000,1788449580000,1,0.0748579686,0.0737092552,opposite_break,-17.329893504483916,0.0
1788449580000,1788450240000,-1,0.0737092552,0.07367073119999999,confirmed_pivot,-1.4768292815416753,0.0
1788450240000,1788451020000,1,0.07367073119999999,0.0727474476,opposite_break,-14.520037488103434,0.0
1788451020000,1788451200000,-1,0.0727474476,0.07402580219999999,confirmed_pivot,-19.19769467375773,0.39237888643119895
1788451200000,1788452580000,1,0.07402580219999999,0.07317736159999999,opposite_break,-13.449955747997286,0.0
1788452580000,1788452820000,-1,0.07317736159999999,0.0733556682,confirmed_pivot,-4.439072722731385,0.0
1788452820000,1788453120000,1,0.0733556682,0.07313537,opposite_break,-5.000148552937542,0.0
1788453120000,1788455640000,-1,0.07313537,0.0742578486,opposite_break,-17.36330613491106,0.0
1788455640000,1788455760000,1,0.0742578486,0.0741181734,confirmed_pivot,-3.879067700326489,0.0
1788455760000,1788456720000,-1,0.0741181734,0.0738407652,confirmed_pivot,1.7465252509851457,0.0
1788456720000,1788457380000,1,0.0738407652,0.0739712028,confirmed_pivot,-0.23529506977547854,0.0
1788457380000,1788458520000,-1,0.0739712028,0.07395578820000001,confirmed_pivot,-1.791405114207694,0.0
1788458520000,1788459660000,1,0.07395578820000001,0.0746920586,confirmed_pivot,7.945592461415867,0.0
1788459660000,1788460440000,-1,0.0746920586,0.0742688508,confirmed_pivot,3.6717007904238645,0.0
1788460440000,1788461700000,1,0.0742688508,0.07386522400000001,opposite_break,-7.429236737294272,0.0
1788461700000,1788461880000,-1,0.07386522400000001,0.07411482,confirmed_pivot,-5.382452289049997,0.0
1788461880000,1788462060000,1,0.07411482,0.0738372296,opposite_break,-5.741664752069823,0.0
1788462060000,1788462300000,-1,0.0738372296,0.0742568484,confirmed_pivot,-7.688707730172034,0.0
1788462300000,1788462480000,1,0.0742568484,0.07402519199999999,confirmed_pivot,-5.116544111236694,0.0
1788462480000,1788463980000,-1,0.07402519199999999,0.073474692,confirmed_pivot,5.44409416729369,0.0
1788463980000,1788465600000,1,0.073474692,0.0737522466,confirmed_pivot,1.0893461850783575,-0.6844300343579528
1788465600000,1788466680000,-1,0.0737522466,0.0735036978,confirmed_pivot,1.3734206111627523,0.0
1788466680000,1788469380000,1,0.0735036978,0.0731313708,opposite_break,-7.0603532085157985,0.0
1788469380000,1788469620000,-1,0.0731313708,0.0730556082,confirmed_pivot,-0.9629845335812969,0.0
1788469620000,1788471420000,1,0.0730556082,0.073320333,confirmed_pivot,1.6199832116380173,0.0
1788471420000,1788471840000,-1,0.073320333,0.0736317234,opposite_break,-6.251232606922286,0.0
1788471840000,1788473280000,1,0.0736317234,0.0731963578,opposite_break,-7.906832195645731,0.0
1788473280000,1788473640000,-1,0.0731963578,0.0726955362,confirmed_pivot,4.84900774666696,0.0
1788473640000,1788473880000,1,0.0726955362,0.0725364898,opposite_break,-4.185654882066714,0.0
1788473880000,1788474300000,-1,0.0725364898,0.0725865144,confirmed_pivot,-2.6903370253793266,0.0
1788474300000,1788474480000,1,0.0725865144,0.072540489,opposite_break,-2.6334423822394832,0.0
1788474480000,1788475860000,-1,0.072540489,0.0724174806,confirmed_pivot,-0.3025837005317231,0.0
1788475860000,1788478380000,1,0.0724174806,0.0725074956,confirmed_pivot,-0.7582420120812814,0.0
1788478380000,1788478920000,-1,0.0725074956,0.0730566084,opposite_break,-9.580759868363199,0.0
1788478920000,1788479280000,1,0.0730566084,0.0730633844,confirmed_pivot,-1.9073427558676541,0.0
1788479280000,1788480060000,-1,0.0730633844,0.07187137140000001,confirmed_pivot,14.76618504138157,0.4350908442177228
1788480060000,1788481320000,1,0.07187137140000001,0.07263347040000001,confirmed_pivot,8.593048193873786,0.0
1788481320000,1788485280000,-1,0.07263347040000001,0.07300959900000001,confirmed_pivot,-7.183625765456988,0.0
1788485280000,1788485760000,1,0.07300959900000001,0.07306538400000001,confirmed_pivot,-1.2366864663918693,0.0
1788485760000,1788490020000,-1,0.07306538400000001,0.07279255559999999,confirmed_pivot,1.7377649093039995,0.0
1788490020000,1788492780000,1,0.07279255559999999,0.07330833540000001,opposite_break,5.078526312929981,0.0
1788492780000,1788493380000,-1,0.07330833540000001,0.07315662839999999,confirmed_pivot,0.07150668708288266,0.0
1788493380000,1788493500000,1,0.07315662839999999,0.0729074156,opposite_break,-5.403158300827263,0.0
1788493500000,1788495300000,-1,0.0729074156,0.0725355042,confirmed_pivot,3.238133661083908,0.1318861232135075
1788495300000,1788496260000,1,0.0725355042,0.0733343302,confirmed_pivot,9.001883598956253,0.0
1788496260000,1788497100000,-1,0.0733343302,0.0730376046,confirmed_pivot,2.050249382382791,0.0
1788497100000,1788497640000,1,0.0730376046,0.0726424686,opposite_break,-7.40462500326858,0.0
1788497640000,1788498120000,-1,0.0726424686,0.07273654439999999,confirmed_pivot,-3.2963474068940966,0.0
1788498120000,1788499140000,1,0.07273654439999999,0.0734033164,confirmed_pivot,7.157779400914322,0.0
1788499140000,1788499320000,-1,0.0734033164,0.0734136798,opposite_break,-2.141325540980662,0.0
1788499320000,1788502800000,1,0.0734136798,0.0744421086,confirmed_pivot,11.9946720284139,0.0
1788502800000,1788507180000,-1,0.0744421086,0.0738357642,confirmed_pivot,6.153325527912305,0.0
1788507180000,1788507300000,1,0.0738357642,0.073625272,opposite_break,-4.847965482288533,0.0
1788507300000,1788508380000,-1,0.073625272,0.0733866744,confirmed_pivot,1.2439431612558414,0.0
1788508380000,1788508740000,1,0.0733866744,0.073155366,opposite_break,-5.148760909105929,0.0
1788508740000,1788509160000,-1,0.073155366,0.0730656102,confirmed_pivot,-0.721850345195543,0.0500024837549169
1788509160000,1788510480000,1,0.0730656102,0.0739312108,confirmed_pivot,9.835047938872728,0.0
1788510480000,1788512040000,-1,0.0739312108,0.07464692640000001,confirmed_pivot,-11.690512408056135,0.0
1788512040000,1788513420000,1,0.07464692640000001,0.0749120146,confirmed_pivot,1.547676033985847,0.0
1788513420000,1788513600000,-1,0.0749120146,0.0750210012,opposite_break,-3.4563162822751448,0.0
1788513600000,1788515160000,1,0.0750210012,0.0754589052,confirmed_pivot,3.8312484371374786,0.0
1788515160000,1788516960000,-1,0.0754589052,0.0765963162,opposite_break,-17.08832400870832,0.0
1788516960000,1788517800000,1,0.0765963162,0.0778984172,confirmed_pivot,14.982525577385402,0.0
1788517800000,1788518340000,-1,0.0778984172,0.0768413652,confirmed_pivot,11.583190647935306,0.0
1788518340000,1788519900000,1,0.0768413652,0.0776564656,confirmed_pivot,8.596965546884954,0.0
1788519900000,1788520380000,-1,0.0776564656,0.07784956679999999,opposite_break,-4.489094754783558,0.0
1788520380000,1788521220000,1,0.07784956679999999,0.07704658760000001,opposite_break,-12.304183488404258,0.0
1788521220000,1788522180000,-1,0.07704658760000001,0.07697139119999999,confirmed_pivot,-1.0230378950615742,0.0
1788522180000,1788522900000,1,0.07697139119999999,0.0773505268,confirmed_pivot,2.920743389136128,0.0
1788522900000,1788524040000,-1,0.0773505268,0.07770553799999999,opposite_break,-6.54433665473098,0.04989464402716906
1788524040000,1788524760000,1,0.07770553799999999,0.07764246840000001,confirmed_pivot,-2.810837065435146,0.0
1788524760000,1788525120000,-1,0.07764246840000001,0.07777355159999999,confirmed_pivot,-3.68998083013006,0.0
1788525120000,1788525540000,1,0.07777355159999999,0.0780763816,confirmed_pivot,1.8898464037741585,0.0
1788525540000,1788526920000,-1,0.0780763816,0.0833086584,confirmed_pivot,-69.08186226703934,0.0
1788526920000,1788527400000,1,0.0833086584,0.0833553256,confirmed_pivot,-1.4403879057065345,0.0
1788527400000,1788527940000,-1,0.0833553256,0.0848059578,opposite_break,-19.420396618305528,0.0
1788527940000,1788528480000,1,0.0848059578,0.0853039358,confirmed_pivot,3.8660975585372857,0.0
1788528480000,1788530220000,-1,0.0853039358,0.085857168,confirmed_pivot,-8.491909511635962,0.0
1788530220000,1788530940000,1,0.085857168,0.08575284600000001,confirmed_pivot,-3.213849471484897,0.0
1788530940000,1788531600000,-1,0.08575284600000001,0.085847166,confirmed_pivot,-3.101005090839725,0.0
1788531600000,1788532020000,1,0.085847166,0.0862517462,confirmed_pivot,2.708083430500248,0.0
1788532020000,1788533100000,-1,0.0862517462,0.08734646580000001,confirmed_pivot,-14.704836341040965,0.0
1788533100000,1788533940000,1,0.08734646580000001,0.0870195926,confirmed_pivot,-5.738517910360695,0.0
1788533940000,1788536100000,-1,0.0870195926,0.0874394844,opposite_break,-6.830081125891209,0.0
1788536100000,1788536280000,1,0.0874394844,0.08710557540000001,confirmed_pivot,-5.814925182701482,0.0
1788536280000,1788538200000,-1,0.08710557540000001,0.08609021459999999,confirmed_pivot,10.370067695936687,0.7017427221024936
1788538200000,1788539040000,1,0.08609021459999999,0.0874355094,confirmed_pivot,13.610943838906492,0.0
1788539040000,1788539160000,-1,0.0874355094,0.0878835732,opposite_break,-7.129630591481353,0.0
1788539160000,1788539940000,1,0.0878835732,0.09540191580000001,confirmed_pivot,83.46334637882042,0.0
1788539940000,1788541440000,-1,0.09540191580000001,0.09136827,confirmed_pivot,40.322834001201606,0.0
1788541440000,1788543900000,1,0.09136827,0.0926754612,confirmed_pivot,12.292532941687544,0.0
1788543900000,1788544680000,-1,0.0926754612,0.0935617086,opposite_break,-11.572476207973791,0.0
1788544680000,1788546300000,1,0.0935617086,0.09375124600000001,confirmed_pivot,0.023775168637833355,0.0
1788546300000,1788547140000,-1,0.09375124600000001,0.0922564476,confirmed_pivot,13.960248660588581,0.0
1788547140000,1788547500000,1,0.0922564476,0.09077184199999999,opposite_break,-18.07606875164363,0.0
1788547500000,1788547620000,-1,0.09077184199999999,0.0914162796,confirmed_pivot,-9.106631565326236,0.0
1788547620000,1788548640000,1,0.0914162796,0.0885462872,opposite_break,-33.36336788310945,0.0
1788548640000,1788549660000,-1,0.0885462872,0.0887367438,confirmed_pivot,-4.153077928263485,0.0
1788549660000,1788552180000,1,0.0887367438,0.08939011840000001,confirmed_pivot,4.931844035407417,-0.42386001060926914
1788552180000,1788552300000,-1,0.08939011840000001,0.0896699304,opposite_break,-5.13336436972423,0.0
1788552300000,1788552540000,1,0.0896699304,0.08930713500000001,confirmed_pivot,-6.041852190397044,0.0
1788552540000,1788553260000,-1,0.08930713500000001,0.08857471139999999,confirmed_pivot,6.209377936040808,0.0
1788553260000,1788553440000,1,0.08857471139999999,0.0881483668,opposite_break,-6.808576270449913,0.0
1788553440000,1788553860000,-1,0.0881483668,0.089202837,confirmed_pivot,-13.974409833308341,0.0
1788553860000,1788554280000,1,0.089202837,0.0889462072,confirmed_pivot,-4.874047270491982,0.0
1788554280000,1788555060000,-1,0.0889462072,0.0884836932,confirmed_pivot,3.205129353733671,0.0
1788555060000,1788555360000,1,0.0884836932,0.0876144736,opposite_break,-11.813676949912828,0.0
1788555360000,1788555660000,-1,0.0876144736,0.0881786322,confirmed_pivot,-8.445541876770339,0.0
1788555660000,1788556140000,1,0.0881786322,0.08728653920000001,opposite_break,-12.106767192516996,0.0
1788556140000,1788556200000,-1,0.08728653920000001,0.0876155196,confirmed_pivot,-5.772739570364179,0.0
1788556200000,1788557640000,1,0.0876155196,0.0872455474,opposite_break,-6.218456153514597,0.0
1788557640000,1788558180000,-1,0.0872455474,0.08841768,opposite_break,-15.44830501458921,0.0
1788558180000,1788558900000,1,0.08841768,0.0892011562,confirmed_pivot,6.852219644306523,0.0
1788558900000,1788559380000,-1,0.0892011562,0.09605520719999999,opposite_break,-78.91497894508217,0.0
1788559380000,1788559560000,1,0.09605520719999999,0.0945840794,confirmed_pivot,-17.30012494939458,0.0
1788559560000,1788563280000,-1,0.0945840794,0.0947259414,opposite_break,-3.501350575073553,0.0
1788563280000,1788563340000,1,0.0947259414,0.09417016219999999,confirmed_pivot,-7.861366090366549,0.0
1788563340000,1788564900000,-1,0.09417016219999999,0.0921324228,confirmed_pivot,19.660546098114168,0.0
1788564900000,1788565860000,1,0.0921324228,0.0889262112,opposite_break,-36.765235636460524,0.0
1788565860000,1788566160000,-1,0.0889262112,0.089037804,confirmed_pivot,-3.2561469930252063,0.0
1788566160000,1788569340000,1,0.089037804,0.08578483960000001,opposite_break,-38.806488614904396,-0.3083800631706955
1788569340000,1788570060000,-1,0.08578483960000001,0.087222441,confirmed_pivot,-18.774980382430975,0.0
1788570060000,1788570240000,1,0.087222441,0.08565986460000001,confirmed_pivot,-19.89692888324448,0.0
1788570240000,1788571860000,-1,0.08565986460000001,0.082191435,confirmed_pivot,38.5312108046458,0.0
1788571860000,1788571980000,1,0.082191435,0.080613874,opposite_break,-21.174545851401565,0.0
1788571980000,1788572640000,-1,0.080613874,0.0803580684,confirmed_pivot,1.1763937507829714,0.0
1788572640000,1788573240000,1,0.0803580684,0.0809148138,confirmed_pivot,4.921379093278488,0.0
1788573240000,1788575520000,-1,0.0809148138,0.0798439656,confirmed_pivot,11.247500647403108,0.0
1788575520000,1788575700000,1,0.0798439656,0.079054186,opposite_break,-11.881646214225594,0.0
1788575700000,1788576600000,-1,0.079054186,0.0790688106,confirmed_pivot,-2.1851796260352216,0.0
1788576600000,1788577980000,1,0.0790688106,0.0793421284,confirmed_pivot,1.4532514164315233,0.0
1788577980000,1788579600000,-1,0.0793421284,0.08106420959999999,opposite_break,-23.726204173771436,0.0
1788579600000,1788579720000,1,0.08106420959999999,0.0801399688,confirmed_pivot,-13.389940933933312,0.0
1788579720000,1788580320000,-1,0.0801399688,0.0811642296,opposite_break,-14.793679310741082,0.0
1788580320000,1788581280000,1,0.0811642296,0.0817566454,confirmed_pivot,5.240685035714251,-0.05099243250871687
1788581280000,1788582360000,-1,0.0817566454,0.0817143396,confirmed_pivot,-1.482022463216314,0.0
1788582360000,1788582660000,1,0.0817143396,0.0805508866,opposite_break,-16.22381374786279,0.0
1788582660000,1788583440000,-1,0.0805508866,0.0801770322,confirmed_pivot,2.6458613951494145,0.0
1788583440000,1788583560000,1,0.0801770322,0.07938412,opposite_break,-11.879628443019316,0.0
1788583560000,1788583740000,-1,0.07938412,0.07946689019999999,confirmed_pivot,-3.0436970290781664,0.0
1788583740000,1788586080000,1,0.07946689019999999,0.079809035,confirmed_pivot,2.3011958104787302,0.0
1788586080000,1788587160000,-1,0.079809035,0.0803840736,opposite_break,-9.212386900806331,0.0
1788587160000,1788587220000,1,0.0803840736,0.07938412,confirmed_pivot,-14.427258307048426,0.0
1788587220000,1788589620000,-1,0.07938412,0.080196036,confirmed_pivot,-12.237915542806242,0.0
1788589620000,1788591600000,1,0.080196036,0.0789842,confirmed_pivot,-17.095810521108472,0.0
1788591600000,1788592860000,-1,0.0789842,0.0810432054,opposite_break,-28.094641781520785,0.0
1788592860000,1788596340000,1,0.0810432054,0.0871665632,confirmed_pivot,73.14169244606417,-0.33945877454151147
1788596340000,1788597120000,-1,0.0871665632,0.08991397920000001,opposite_break,-33.55066937410241,0.0
1788597120000,1788597300000,1,0.08991397920000001,0.0894091146,confirmed_pivot,-7.60935840997683,0.0
1788597300000,1788597900000,-1,0.0894091146,0.0902740512,opposite_break,-11.683593674687735,0.0
1788597900000,1788598260000,1,0.0902740512,0.09068785879999999,confirmed_pivot,2.57932026872409,0.0
1788598260000,1788598740000,-1,0.09068785879999999,0.08908481339999999,confirmed_pivot,15.694192658565697,0.0
1788598740000,1788601200000,1,0.08908481339999999,0.09012897060000001,confirmed_pivot,9.70921286119033,0.0
1788601200000,1788602580000,-1,0.09012897060000001,0.089982993,confirmed_pivot,-0.378727986936384,0.0
1788602580000,1788604020000,1,0.089982993,0.08785342580000001,opposite_break,-25.642663595330593,0.0
1788604020000,1788604800000,-1,0.08785342580000001,0.0880536072,confirmed_pivot,-4.2808624658093315,0.0
1788604800000,1788605100000,1,0.0880536072,0.08814536740000001,confirmed_pivot,-0.9589473649636828,0.0
1788605100000,1788609120000,-1,0.08814536740000001,0.085962189,confirmed_pivot,22.792699183871267,0.0
1788609120000,1788609240000,1,0.085962189,0.08553888879999999,opposite_break,-6.919336102527637,0.0
1788609240000,1788609720000,-1,0.08553888879999999,0.0855431052,confirmed_pivot,-1.999575823341847,0.04976566868846209
1788609720000,1788610320000,1,0.0855431052,0.0872055554,confirmed_pivot,17.414630155371054,0.0
1788610320000,1788610620000,-1,0.0872055554,0.0875164998,opposite_break,-5.56921463285582,0.0
1788610620000,1788610980000,1,0.0875164998,0.086887619,confirmed_pivot,-9.17866825839389,0.0
1788610980000,1788612180000,-1,0.086887619,0.0856031172,confirmed_pivot,12.798268344768477,0.0
1788612180000,1788613740000,1,0.0856031172,0.08423215020000001,opposite_break,-17.999371025240972,0.0
1788613740000,1788616140000,-1,0.08423215020000001,0.0847799526,opposite_break,-8.509986995440507,0.0
1788616140000,1788616260000,1,0.0847799526,0.0841511664,confirmed_pivot,-9.409268282605703,0.0
1788616260000,1788617340000,-1,0.0841511664,0.084236844,opposite_break,-3.019157324478872,0.0
1788617340000,1788617940000,1,0.084236844,0.08642571140000001,confirmed_pivot,23.95869489839864,0.0
1788617940000,1788618600000,-1,0.08642571140000001,0.0872444454,opposite_break,-11.482742122964897,0.0
1788618600000,1788618780000,1,0.0872444454,0.08685862479999999,confirmed_pivot,-6.417871849982591,0.0
1788618780000,1788619500000,-1,0.08685862479999999,0.0860242014,confirmed_pivot,7.6162911319774,0.0
1788619500000,1788619980000,1,0.0860242014,0.0904998964,confirmed_pivot,49.97629541725687,0.0
1788619980000,1788622800000,-1,0.0904998964,0.0876755316,confirmed_pivot,29.239695041242125,0.0
1788622800000,1788624060000,1,0.0876755316,0.08754648720000001,opposite_break,-3.5202905835587353,-0.04992190432296165
1788624060000,1788624780000,-1,0.08754648720000001,0.0873604686,confirmed_pivot,0.12692278759991327,0.0
1788624780000,1788624900000,1,0.0873604686,0.08702059240000001,opposite_break,-5.8866128952974925,0.0
1788624900000,1788625560000,-1,0.08702059240000001,0.08685036659999999,confirmed_pivot,-0.04188846455128681,0.0
1788625560000,1788626340000,1,0.08685036659999999,0.087162564,confirmed_pivot,1.5910637434201176,0.0
1788626340000,1788626760000,-1,0.087162564,0.08581816020000001,confirmed_pivot,13.439520615754153,0.0
1788626760000,1788627420000,1,0.08581816020000001,0.0858288308,opposite_break,-1.8757846896839157,0.0
1788627420000,1788627480000,-1,0.0858288308,0.0860692104,confirmed_pivot,-4.803486629809631,0.0
1788627480000,1788627720000,1,0.0860692104,0.085422912,opposite_break,-9.501545542237192,0.0
1788627720000,1788627840000,-1,0.085422912,0.0858741714,confirmed_pivot,-7.287933281881105,0.0
1788627840000,1788630300000,1,0.0858741714,0.086842628,confirmed_pivot,9.26634618567045,0.0
1788630300000,1788630420000,-1,0.086842628,0.0874414848,opposite_break,-8.902781164107466,0.0
1788630420000,1788630600000,1,0.0874414848,0.08729053839999999,confirmed_pivot,-3.7245298835548177,0.0
1788630600000,1788630720000,-1,0.08729053839999999,0.08751249900000001,opposite_break,-4.545322375970305,0.0
1788630720000,1788630840000,1,0.08751249900000001,0.08728154020000001,confirmed_pivot,-4.6365129991317025,0.0
1788630840000,1788631440000,-1,0.08728154020000001,0.08710741799999999,confirmed_pivot,-0.003056295745622939,0.0
1788631440000,1788632220000,1,0.08710741799999999,0.0867946376,confirmed_pivot,-5.587152814011662,0.0
1788632220000,1788633360000,-1,0.0867946376,0.08565612780000001,confirmed_pivot,11.130400002960465,0.0
1788633360000,1788634140000,1,0.08565612780000001,0.08630073640000001,confirmed_pivot,5.518014273346582,0.0
1788634140000,1788635160000,-1,0.08630073640000001,0.0863682702,confirmed_pivot,-2.783322792133109,0.0
1788635160000,1788635820000,1,0.0863682702,0.0872845396,confirmed_pivot,8.59825707381138,0.0
1788635820000,1788636120000,-1,0.0872845396,0.0875205006,opposite_break,-4.706057247737294,0.0
1788636120000,1788636480000,1,0.0875205006,0.0881143736,confirmed_pivot,4.778744670480195,0.0
1788636480000,1788637920000,-1,0.0881143736,0.090323061,opposite_break,-27.09120813179102,0.0
1788637920000,1788638760000,1,0.090323061,0.0902829398,confirmed_pivot,-2.701212285974153,-0.25745984494480323
1788638760000,1788641040000,-1,0.0902829398,0.08800259699999999,confirmed_pivot,23.282995301843453,0.0
1788641040000,1788642000000,1,0.08800259699999999,0.0880553854,confirmed_pivot,-1.4007493710666599,0.0
1788642000000,1788642180000,-1,0.0880553854,0.0887707506,opposite_break,-10.132160934247619,0.0
1788642180000,1788642300000,1,0.0887707506,0.08843430960000001,confirmed_pivot,-5.786208370755771,0.0
1788642300000,1788643320000,-1,0.08843430960000001,0.0877065378,confirmed_pivot,6.237748166917477,0.0
1788643320000,1788644220000,1,0.0877065378,0.0875984768,confirmed_pivot,-3.230842554133891,0.0
1788644220000,1788644460000,-1,0.0875984768,0.08807961239999999,opposite_break,-7.498003540627634,0.0
1788644460000,1788644640000,1,0.08807961239999999,0.0880413882,confirmed_pivot,-2.433539326065338,0.0
1788644640000,1788644940000,-1,0.0880413882,0.0887117388,opposite_break,-9.621653455482365,0.0
1788644940000,1788645180000,1,0.0887117388,0.08812137219999999,confirmed_pivot,-8.648232143545844,0.0
1788645180000,1788646140000,-1,0.08812137219999999,0.08725144680000001,confirmed_pivot,7.881772192830029,0.0
1788646140000,1788647640000,1,0.08725144680000001,0.0868036358,opposite_break,-7.127286771822405,0.0
1788647640000,1788647700000,-1,0.0868036358,0.0871204206,confirmed_pivot,-5.653091047137881,0.0
1788647700000,1788647880000,1,0.0871204206,0.087027591,confirmed_pivot,-3.06446651383587,0.0
1788647880000,1788648300000,-1,0.087027591,0.0873584682,opposite_break,-5.805782435135956,0.0
1788648300000,1788648360000,1,0.0873584682,0.0872115542,confirmed_pivot,-3.680055626250072,0.0
1788648360000,1788649260000,-1,0.0872115542,0.0865853136,confirmed_pivot,5.187887503557348,0.0
1788649260000,1788649980000,1,0.0865853136,0.087592478,confirmed_pivot,9.620414522584765,0.0
1788649980000,1788650220000,-1,0.087592478,0.08855970839999999,opposite_break,-13.053433496880759,0.0
1788650220000,1788650880000,1,0.08855970839999999,0.0877254514,confirmed_pivot,-11.410856901601893,0.0
1788650880000,1788651420000,-1,0.0877254514,0.0881106186,confirmed_pivot,-6.394988695378711,0.0
1788651420000,1788653340000,1,0.0881106186,0.08710557540000001,confirmed_pivot,-13.506814564345664,-0.11161415884100945
1788653340000,1788654840000,-1,0.08710557540000001,0.0886697304,confirmed_pivot,-19.974959097738576,0.0
1788654840000,1788656160000,1,0.0886697304,0.0891231718,confirmed_pivot,3.1087102279043837,0.0
1788656160000,1788660900000,-1,0.0891231718,0.0853290624,confirmed_pivot,40.61409723974832,0.0
1788660900000,1788661080000,1,0.0853290624,0.0852989368,confirmed_pivot,-2.35269899320961,0.0
1788661080000,1788661500000,-1,0.0852989368,0.085182033,confirmed_pivot,-0.6281106401785967,0.0
1788661500000,1788662880000,1,0.085182033,0.0848640238,opposite_break,-5.7295563349610426,0.0
1788662880000,1788663000000,-1,0.0848640238,0.0850210008,confirmed_pivot,-3.8515970603788716,0.0
1788663000000,1788664080000,1,0.0850210008,0.0874145136,confirmed_pivot,26.1238666294316,0.0
1788664080000,1788666060000,-1,0.0874145136,0.0872404446,confirmed_pivot,-0.006703214098775057,0.0
1788666060000,1788666180000,1,0.0872404446,0.08682363180000001,opposite_break,-6.772969568291098,0.0
1788666180000,1788666360000,-1,0.08682363180000001,0.087022401,confirmed_pivot,-4.291633799174825,0.0
1788666360000,1788667500000,1,0.087022401,0.0861387688,opposite_break,-12.196995022660868,-0.053071645966192085
1788667500000,1788668460000,-1,0.0861387688,0.085752147,confirmed_pivot,2.4928483096684384,0.0
1788668460000,1788668880000,1,0.085752147,0.0855058954,opposite_break,-4.868795208124609,0.0
1788668880000,1788669540000,-1,0.0855058954,0.0846979362,confirmed_pivot,7.458612829168731,0.0
1788669540000,1788669900000,1,0.0846979362,0.08373325000000001,opposite_break,-13.378335258657637,0.0
1788669900000,1788673260000,-1,0.08373325000000001,0.082461489,confirmed_pivot,13.203431862492021,0.0
1788673260000,1788674580000,1,0.082461489,0.0820705826,opposite_break,-6.735731774137643,0.0
1788674580000,1788675180000,-1,0.0820705826,0.08293858439999999,opposite_break,-12.586860410565553,0.0
1788675180000,1788675360000,1,0.08293858439999999,0.0827654436,confirmed_pivot,-4.08549085388037,0.0
1788675360000,1788676920000,-1,0.0827654436,0.082401477,confirmed_pivot,2.4019647663678,0.0
1788676920000,1788678060000,1,0.082401477,0.08309237820000001,confirmed_pivot,6.376188436525359,0.0
1788678060000,1788678540000,-1,0.08309237820000001,0.0836687304,opposite_break,-8.943218676583635,0.0
1788678540000,1788678720000,1,0.0836687304,0.08352529160000001,confirmed_pivot,-3.7126513156699286,0.0
1788678720000,1788679800000,-1,0.08352529160000001,0.0834526872,opposite_break,-1.1298802673080495,0.0
1788679800000,1788681180000,1,0.0834526872,0.0854489068,confirmed_pivot,21.896454953220506,0.0
1788681180000,1788682980000,-1,0.0854489068,0.08521704,confirmed_pivot,0.7668880229607329,0.05066056620399033
1788682980000,1788683280000,1,0.08521704,0.0846950576,opposite_break,-8.119203595900487,0.0
1788683280000,1788683820000,-1,0.0846950576,0.08422884239999999,confirmed_pivot,3.5101375266082666,0.0
1788683820000,1788684600000,1,0.08422884239999999,0.0838272312,opposite_break,-6.763327826525906,0.0
1788684600000,1788686100000,-1,0.0838272312,0.0839757918,opposite_break,-3.773995853986885,0.0
1788686100000,1788686880000,1,0.0839757918,0.08463107040000001,confirmed_pivot,5.7953813517957595,0.0
1788686880000,1788688260000,-1,0.08463107040000001,0.0840538074,confirmed_pivot,4.827755578050781,0.0
1788688260000,1788689340000,1,0.0840538074,0.0853419282,confirmed_pivot,13.309629855030225,0.0
1788689340000,1788690840000,-1,0.0853419282,0.08424084479999999,confirmed_pivot,10.914923609612186,0.0
1788690840000,1788691260000,1,0.08424084479999999,0.08398120040000001,opposite_break,-5.0790854034737904,0.0
1788691260000,1788691800000,-1,0.08398120040000001,0.0836257218,confirmed_pivot,2.237068259386469,0.0
1788691800000,1788692820000,1,0.0836257218,0.0840741818,confirmed_pivot,3.3573413820148064,0.0
1788692820000,1788693900000,-1,0.0840741818,0.0821824332,confirmed_pivot,20.52344665220391,0.0
1788693900000,1788697920000,1,0.0821824332,0.0824874992,confirmed_pivot,1.659397444075588,-0.04894900094050757
1788697920000,1788698880000,-1,0.0824874992,0.0815723112,confirmed_pivot,9.10596389616328,0.0
1788698880000,1788700260000,1,0.0815723112,0.0811107746,opposite_break,-7.652347673091217,0.0
1788700260000,1788702900000,-1,0.0811107746,0.0746159202,confirmed_pivot,78.15395348474455,0.0
1788702900000,1788703320000,1,0.0746159202,0.0755878794,confirmed_pivot,11.013137654770853,0.0
1788703320000,1788703740000,-1,0.0755878794,0.0755411052,confirmed_pivot,-1.3805756349872929,0.0
1788703740000,1788703920000,1,0.0755411052,0.0746140742,confirmed_pivot,-14.259603120024181,0.0
1788703920000,1788704820000,-1,0.0746140742,0.07373874479999999,confirmed_pivot,9.743156218106815,0.0
1788704820000,1788705480000,1,0.07373874479999999,0.0726194732,opposite_break,-17.163701679934015,0.0
1788705480000,1788707460000,-1,0.0726194732,0.07323464399999999,confirmed_pivot,-10.479625968974684,0.0
1788707460000,1788708480000,1,0.07323464399999999,0.07369125879999999,confirmed_pivot,4.228721275684836,0.0
1788708480000,1788709260000,-1,0.07369125879999999,0.073079613,confirmed_pivot,6.308413450524348,0.0
1788709260000,1788709380000,1,0.073079613,0.0728974176,opposite_break,-4.490615332076286,0.0
1788709380000,1788710760000,-1,0.0728974176,0.0721224216,confirmed_pivot,8.691386905864823,0.04943247811291466
1788710760000,1788713040000,1,0.0721224216,0.0748930184,confirmed_pivot,36.37677856340859,0.0
1788713040000,1788713820000,-1,0.0748930184,0.0749509872,opposite_break,-2.7747954354047275,0.0
1788713820000,1788714240000,1,0.0749509872,0.07526894320000001,confirmed_pivot,2.2379434329853374,0.0
1788714240000,1788715620000,-1,0.07526894320000001,0.0746969364,confirmed_pivot,5.607105699339892,0.0
1788715620000,1788716580000,1,0.0746969364,0.0754109148,confirmed_pivot,7.548777446246234,0.0
1788716580000,1788717420000,-1,0.0754109148,0.0754920954,opposite_break,-3.077586458346402,0.0
1788717420000,1788717540000,1,0.0754920954,0.0752589452,confirmed_pivot,-5.085317059566002,0.0
1788717540000,1788721020000,-1,0.0752589452,0.07501299959999999,opposite_break,1.2712595817780001,0.0
1788721020000,1788721140000,1,0.07501299959999999,0.0747520466,confirmed_pivot,-5.475291594658406,0.0
1788721140000,1788721740000,-1,0.0747520466,0.0745229016,confirmed_pivot,1.0684664224296978,0.0
1788721740000,1788722760000,1,0.0745229016,0.07406418420000001,opposite_break,-8.149232957402571,0.0
1788722760000,1788723060000,-1,0.07406418420000001,0.07411482,confirmed_pivot,-2.684358254228771,0.0
1788723060000,1788723360000,1,0.07411482,0.074060185,opposite_break,-2.7364298395381295,0.0
1788723360000,1788723660000,-1,0.074060185,0.07412182140000001,confirmed_pivot,-2.833079695925809,0.0
1788723660000,1788725700000,1,0.07412182140000001,0.0739712028,opposite_break,-4.080019486677282,-0.05001025919203869
1788725700000,1788726120000,-1,0.0739712028,0.0739487868,confirmed_pivot,-1.6966601170368243,0.0
1788726120000,1788728400000,1,0.0739487868,0.0745840802,confirmed_pivot,6.582400524250391,0.0
1788728400000,1788728820000,-1,0.0745840802,0.0747579486,opposite_break,-4.333504253632922,0.0
1788728820000,1788728940000,1,0.0747579486,0.07446710360000001,confirmed_pivot,-5.886598822482724,0.0
1788728940000,1788729360000,-1,0.07446710360000001,0.07422184139999999,confirmed_pivot,1.2968579457416478,0.0
1788729360000,1788730380000,1,0.07422184139999999,0.0747520466,confirmed_pivot,5.136376365892865,0.0
1788730380000,1788731100000,-1,0.0747520466,0.0743418654,confirmed_pivot,3.492710900573501,0.0
1788731100000,1788732120000,1,0.0743418654,0.07433712960000001,confirmed_pivot,-2.0636392989943544,0.0
1788732120000,1788732960000,-1,0.07433712960000001,0.0743078586,confirmed_pivot,-1.6058460804489918,0.0
1788732960000,1788734400000,1,0.0743078586,0.0741931584,confirmed_pivot,-3.5420374366702316,0.0
1788734400000,1788735900000,-1,0.0741931584,0.07423384379999999,confirmed_pivot,-2.548919688530069,0.0
1788735900000,1788736140000,1,0.07423384379999999,0.0741391692,confirmed_pivot,-3.2740809388075505,0.0
1788736140000,1788736500000,-1,0.0741391692,0.0746219214,opposite_break,-8.517943988506492,0.0
1788736500000,1788736680000,1,0.0746219214,0.074530091,confirmed_pivot,-3.2293782829343303,0.0
1788736680000,1788738720000,-1,0.074530091,0.0741418254,confirmed_pivot,3.2147241521549557,0.0
1788738720000,1788739080000,1,0.0741418254,0.074080181,confirmed_pivot,-2.8306074913554116,0.0
1788739080000,1788739500000,-1,0.074080181,0.0746909352,opposite_break,-10.04932144490856,0.20342505148576784
1788739500000,1788739800000,1,0.0746909352,0.0747930384,confirmed_pivot,-0.634357750015226,0.0
1788739800000,1788740280000,-1,0.0747930384,0.0749429856,opposite_break,-4.00683312793454,0.0
1788740280000,1788740400000,1,0.0749429856,0.07464606780000001,confirmed_pivot,-5.957953900891701,0.0
1788740400000,1788740580000,-1,0.07464606780000001,0.07505300759999999,opposite_break,-7.457042169875395,0.0
1788740580000,1788740820000,1,0.07505300759999999,0.0750819806,confirmed_pivot,-1.6143522035216153,0.0
1788740820000,1788741540000,-1,0.0750819806,0.07427985299999999,confirmed_pivot,8.694040316778853,0.0
1788741540000,1788742080000,1,0.07427985299999999,0.07388122080000001,opposite_break,-7.361259503300105,0.0
1788742080000,1788742800000,-1,0.07388122080000001,0.074829963,confirmed_pivot,-14.854294121246992,0.0
1788742800000,1788743160000,1,0.074829963,0.0742411488,confirmed_pivot,-9.860826896306174,0.0
1788743160000,1788743880000,-1,0.0742411488,0.0741028176,confirmed_pivot,-0.13486815010049946,0.0
1788743880000,1788744360000,1,0.0741028176,0.0738112348,opposite_break,-5.930906092833849,0.0
1788744360000,1788745140000,-1,0.0738112348,0.07456991099999999,opposite_break,-12.28887916938071,0.0
1788745140000,1788745320000,1,0.07456991099999999,0.074110175,confirmed_pivot,-8.159002442687488,0.0
1788745320000,1788747120000,-1,0.074110175,0.074129823,confirmed_pivot,-2.2653839098342043,0.0
1788747120000,1788747300000,1,0.074129823,0.0739672036,opposite_break,-4.191517179259881,0.0
1788747300000,1788749460000,-1,0.0739672036,0.0738867744,confirmed_pivot,-0.9115496425227905,0.0
1788749460000,1788749880000,1,0.0738867744,0.0732693432,opposite_break,-10.34809441620435,0.0
1788749880000,1788751260000,-1,0.0732693432,0.0722724516,confirmed_pivot,11.619454577013428,0.0
1788751260000,1788752820000,1,0.0722724516,0.07030493620000001,opposite_break,-29.196363774658238,0.0
1788752820000,1788753600000,-1,0.07030493620000001,0.0702320436,confirmed_pivot,-0.9122258943176034,0.04993101039184215
1788753600000,1788754440000,1,0.0702320436,0.06965306660000001,opposite_break,-10.235528874742789,0.0
1788754440000,1788754980000,-1,0.06965306660000001,0.0681466266,confirmed_pivot,19.64939052374776,0.0
1788754980000,1788756720000,1,0.0681466266,0.0652159542,opposite_break,-44.96238674857606,0.0
1788756720000,1788757020000,-1,0.0652159542,0.0637807536,confirmed_pivot,20.028901029251394,0.0
1788757020000,1788757440000,1,0.0637807536,0.0639582058,opposite_break,0.7794395298583814,0.0
1788757440000,1788757800000,-1,0.0639582058,0.0665663106,opposite_break,-42.819045377286,0.0
1788757800000,1788758100000,1,0.0665663106,0.06335732599999999,opposite_break,-50.15913014413039,0.0
1788758100000,1788758640000,-1,0.06335732599999999,0.0627395454,confirmed_pivot,7.760487375998041,0.0
1788758640000,1788758820000,1,0.0627395454,0.062177562000000006,opposite_break,-10.94844572144435,0.0
1788758820000,1788759660000,-1,0.062177562000000006,0.0620554086,confirmed_pivot,-0.033445676110536726,0.0
1788759660000,1788759840000,1,0.0620554086,0.0617386498,opposite_break,-7.099346670001575,0.0
1788759840000,1788759900000,-1,0.0617386498,0.0628205616,confirmed_pivot,-19.541584004644065,0.0
1788759900000,1788761160000,1,0.0628205616,0.0620205934,opposite_break,-14.72144360772489,0.0
1788761160000,1788761520000,-1,0.0620205934,0.062097417,confirmed_pivot,-3.2399175722818017,0.0
1788761520000,1788761820000,1,0.062097417,0.061787640000000005,confirmed_pivot,-6.983576418323441,0.0
1788761820000,1788762060000,-1,0.061787640000000005,0.061757349,confirmed_pivot,-1.5092660765162462,0.0
1788762060000,1788762180000,1,0.061757349,0.0614117152,opposite_break,-7.591045791165707,0.0
1788762180000,1788762840000,-1,0.0614117152,0.0615433062,confirmed_pivot,-4.144909820072903,0.0
1788762840000,1788763740000,1,0.0615433062,0.0615246926,confirmed_pivot,-2.302144742428572,0.0
1788763740000,1788765180000,-1,0.0615246926,0.0614362848,confirmed_pivot,-0.5616147913918641,0.0
1788765180000,1788765240000,1,0.0614362848,0.0608498276,confirmed_pivot,-11.536233265198911,0.0
1788765240000,1788766980000,-1,0.0608498276,0.0603780732,confirmed_pivot,5.760517540069467,0.0
1788766980000,1788767280000,1,0.0603780732,0.0601949586,opposite_break,-5.029766862450973,0.0
1788767280000,1788768840000,-1,0.0601949586,0.0604400856,confirmed_pivot,-6.17264313526744,-0.09635281616424271
1788768840000,1788769440000,1,0.0604400856,0.061883620800000004,confirmed_pivot,21.85985477161544,0.0
1788769440000,1788770160000,-1,0.061883620800000004,0.0615713118,confirmed_pivot,3.051761757935205,0.0
1788770160000,1788771000000,1,0.0615713118,0.0604699036,opposite_break,-19.870445823439496,0.0
1788771000000,1788771180000,-1,0.0604699036,0.0605791134,confirmed_pivot,-3.807825104586453,0.0
1788771180000,1788771420000,1,0.0605791134,0.0604968982,opposite_break,-3.3557970757624074,0.0
1788771420000,1788771600000,-1,0.0604968982,0.0604910958,confirmed_pivot,-1.903991732257034,0.0
1788771600000,1788772020000,1,0.0604910958,0.060449907600000005,opposite_break,-2.6802160095766245,0.0
1788772020000,1788772080000,-1,0.060449907600000005,0.0605901156,confirmed_pivot,-4.32172741981157,0.0
1788772080000,1788772260000,1,0.0605901156,0.060558885800000004,confirmed_pivot,-2.5149118778046606,0.0
1788772260000,1788773160000,-1,0.060558885800000004,0.0603300636,confirmed_pivot,1.78228593829258,0.0
1788773160000,1788774420000,1,0.0603300636,0.0602899396,opposite_break,-2.664409642690905,0.0
1788774420000,1788775620000,-1,0.0602899396,0.0595179012,confirmed_pivot,10.818232088592126,0.0
1788775620000,1788775980000,1,0.0595179012,0.0590771822,opposite_break,-9.397409386472102,0.0
1788775980000,1788776520000,-1,0.0590771822,0.0588897756,confirmed_pivot,1.1754054545953303,0.0
1788776520000,1788777300000,1,0.0588897756,0.060524892600000005,confirmed_pivot,25.73795393779706,0.0
1788777300000,1788779520000,-1,0.060524892600000005,0.0593938764,confirmed_pivot,16.705480795847098,0.0
1788779520000,1788780780000,1,0.0593938764,0.0615246926,confirmed_pivot,33.840149066276524,0.0
1788780780000,1788782940000,-1,0.0615246926,0.0605781132,confirmed_pivot,13.336515335632923,-0.0642276727116878
1788782940000,1788783120000,1,0.0605781132,0.060428911800000006,opposite_break,-4.460495890783093,0.0
1788783120000,1788783360000,-1,0.060428911800000006,0.060458089199999995,confirmed_pivot,-2.483321253519408,0.0
1788783360000,1788784320000,1,0.060458089199999995,0.0601489678,opposite_break,-7.1078736143714245,0.0
1788784320000,1788784680000,-1,0.0601489678,0.059756949,confirmed_pivot,4.523982591102829,0.0
1788784680000,1788785160000,1,0.059756949,0.0595620852,opposite_break,-5.257678637508641,0.0
1788785160000,1788785400000,-1,0.0595620852,0.0596799336,confirmed_pivot,-3.980559411308105,0.0
1788785400000,1788785520000,1,0.0596799336,0.059034190800000004,opposite_break,-12.809279070645523,0.0
1788785520000,1788786480000,-1,0.059034190800000004,0.061297257,opposite_break,-40.373173842166,0.0
1788786480000,1788786720000,1,0.061297257,0.0614307114,confirmed_pivot,0.17499040128331567,0.0
1788786720000,1788787380000,-1,0.0614307114,0.064592916,opposite_break,-53.52743200366068,0.0
1788787380000,1788787500000,1,0.064592916,0.0637302514,confirmed_pivot,-15.342050317096803,0.0
1788787500000,1788788700000,-1,0.0637302514,0.0624144804,confirmed_pivot,18.666586778912247,0.0
1788788700000,1788788940000,1,0.0624144804,0.0617306514,opposite_break,-12.945299337940124,0.0
1788788940000,1788791040000,-1,0.0617306514,0.059907979199999996,confirmed_pivot,27.55573658825844,0.0
1788791040000,1788791520000,1,0.059907979199999996,0.0597400496,opposite_break,-4.800322638824684,0.0
1788791520000,1788792240000,-1,0.0597400496,0.0592948566,confirmed_pivot,5.4596220790549275,0.0
1788792240000,1788792960000,1,0.0592948566,0.0591621652,confirmed_pivot,-4.23558528008992,0.0
1788792960000,1788794220000,-1,0.0591621652,0.0578835744,confirmed_pivot,19.633241218832197,0.0
1788794220000,1788794520000,1,0.0578835744,0.0581053766,confirmed_pivot,1.8280358477655234,0.0
1788794520000,1788796080000,-1,0.0581053766,0.056141225999999995,confirmed_pivot,31.83705374004935,0.0
1788796080000,1788797760000,1,0.056141225999999995,0.0561667644,opposite_break,-1.4671791833241423,0.07838005330521283
1788797760000,1788798120000,-1,0.0561667644,0.056471292,confirmed_pivot,-7.427268792431987,0.0
1788798120000,1788798840000,1,0.056471292,0.0572675442,confirmed_pivot,12.086023528556774,0.0
1788798840000,1788799080000,-1,0.0572675442,0.05777055179999999,opposite_break,-10.792250735277626,0.0
1788799080000,1788799560000,1,0.05777055179999999,0.0580893798,confirmed_pivot,3.5133482730557386,0.0
1788799560000,1788799860000,-1,0.0580893798,0.059580913799999996,opposite_break,-27.702211645922855,0.0
1788799860000,1788800040000,1,0.059580913799999996,0.0594811014,confirmed_pivot,-3.673565933122633,0.0
1788800040000,1788800160000,-1,0.0594811014,0.0597309438,opposite_break,-6.204566433936251,0.0
1788800160000,1788803460000,1,0.0597309438,0.0592691438,confirmed_pivot,-9.723604728977987,0.0
1788803460000,1788806340000,-1,0.0592691438,0.0573854748,confirmed_pivot,29.813394763431653,0.0
1788806340000,1788808380000,1,0.0573854748,0.0568996178,opposite_break,-10.458083595049372,0.0
1788808380000,1788808800000,-1,0.0568996178,0.056770351799999993,confirmed_pivot,0.27409727873444245,0.0
1788808800000,1788809160000,1,0.056770351799999993,0.056919613800000005,confirmed_pivot,0.6265952785589592,0.0
1788809160000,1788811320000,-1,0.056919613800000005,0.0568183614,confirmed_pivot,-0.16958873322500564,0.049765797954166725
1788811320000,1788811620000,1,0.0568183614,0.056420713600000005,opposite_break,-8.991580580850714,0.0
1788811620000,1788813900000,-1,0.056420713600000005,0.0564772932,confirmed_pivot,-3.0038189166043296,0.0
1788813900000,1788814740000,1,0.0564772932,0.0563277322,confirmed_pivot,-4.645513453891935,0.0
1788814740000,1788815760000,-1,0.0563277322,0.055990195799999996,confirmed_pivot,3.9983585918270776,0.0
1788815760000,1788816480000,1,0.055990195799999996,0.055743849,opposite_break,-6.395420478240197,0.0
1788816480000,1788817020000,-1,0.055743849,0.0555251028,confirmed_pivot,1.928055742975364,0.0
1788817020000,1788817500000,1,0.0555251028,0.055429911799999995,opposite_break,-3.712663357734502,0.0
1788817500000,1788817620000,-1,0.055429911799999995,0.0555201018,confirmed_pivot,-3.628726928625636,0.0
1788817620000,1788817740000,1,0.0555201018,0.055325932599999995,opposite_break,-5.493780171707171,0.0
1788817740000,1788818160000,-1,0.055325932599999995,0.0553970772,confirmed_pivot,-3.2872036900829977,0.0
1788818160000,1788818520000,1,0.0553970772,0.05528993980000001,confirmed_pivot,-3.932056130210272,0.0
1788818520000,1788819120000,-1,0.05528993980000001,0.054552908399999996,confirmed_pivot,11.34362876987635,0.0
1788819120000,1788820800000,1,0.054552908399999996,0.0538512276,opposite_break,-14.849527912612503,0.0
1788820800000,1788821400000,-1,0.0538512276,0.0533476674,confirmed_pivot,7.360302126148795,0.0
1788821400000,1788821700000,1,0.0533476674,0.0561157746,confirmed_pivot,49.836176304870676,0.0
1788821700000,1788822480000,-1,0.0561157746,0.0557391456,opposite_break,4.718353826305435,0.0
1788822480000,1788823680000,1,0.0557391456,0.0543881202,opposite_break,-26.214120257343833,0.0
1788823680000,1788823860000,-1,0.0543881202,0.054485895,confirmed_pivot,-3.7995211902910864,0.0
1788823860000,1788824220000,1,0.054485895,0.054384121,opposite_break,-3.8660283730312024,0.0
1788824220000,1788824520000,-1,0.054384121,0.054492896400000004,confirmed_pivot,-4.002131750920528,0.0
1788824520000,1788824880000,1,0.054492896400000004,0.0540101958,opposite_break,-10.849188265940725,0.0
1788824880000,1788825000000,-1,0.0540101958,0.0544498878,confirmed_pivot,-10.149048258032765,0.0
1788825000000,1788827520000,1,0.0544498878,0.0553429292,confirmed_pivot,14.348781876461507,-0.03597839847155755
1788827520000,1788829680000,-1,0.0553429292,0.054235845,confirmed_pivot,18.02408076730431,0.0
1788829680000,1788830940000,1,0.054235845,0.056278742,confirmed_pivot,35.629248756057954,0.0
1788830940000,1788831060000,-1,0.056278742,0.0577105398,opposite_break,-27.466624641325534,0.0
1788831060000,1788831660000,1,0.0577105398,0.0619646046,confirmed_pivot,71.64011409229616,0.0
1788831660000,1788832800000,-1,0.0619646046,0.059875972799999996,confirmed_pivot,31.740559554865683,0.0
1788832800000,1788832920000,1,0.059875972799999996,0.059213155,opposite_break,-13.058776187432448,0.0
1788832920000,1788834300000,-1,0.059213155,0.0576755328,confirmed_pivot,23.993545221496895,0.0
1788834300000,1788835320000,1,0.0576755328,0.057953407000000005,confirmed_pivot,2.813069118279684,0.0
1788835320000,1788836760000,-1,0.057953407000000005,0.060182034,opposite_break,-40.49395130470925,0.0
1788836760000,1788837900000,1,0.060182034,0.0593461284,confirmed_pivot,-15.875730660748339,0.0
1788837900000,1788838320000,-1,0.0593461284,0.0590408058,confirmed_pivot,3.149921837192748,0.0
1788838320000,1788839640000,1,0.0590408058,0.057996398399999996,opposite_break,-19.671896215888072,0.0
1788839640000,1788841140000,-1,0.057996398399999996,0.0574904958,confirmed_pivot,6.781451247841567,0.04972795862441003
1788841140000,1788841560000,1,0.0574904958,0.0568056366,opposite_break,-13.900651251645645,0.0
1788841560000,1788841680000,-1,0.0568056366,0.0572544486,confirmed_pivot,-9.90873650732047,0.0
1788841680000,1788842220000,1,0.0572544486,0.0566766624,opposite_break,-12.081459657966201,0.0
1788842220000,1788843180000,-1,0.0566766624,0.0559601898,confirmed_pivot,10.654045637662739,0.0
1788843180000,1788845160000,1,0.0559601898,0.056118774,confirmed_pivot,0.8310414308138379,0.0
1788845160000,1788845340000,-1,0.056118774,0.057196436999999996,opposite_break,-21.222455982377532,0.0
1788845340000,1788846480000,1,0.057196436999999996,0.0590151946,confirmed_pivot,29.766643827831537,0.0
1788846480000,1788847560000,-1,0.0590151946,0.056118221399999994,confirmed_pivot,47.13768721521774,0.0
1788847560000,1788849000000,1,0.056118221399999994,0.056529691800000004,opposite_break,5.324874512149265,0.0
1788849000000,1788849540000,-1,0.056529691800000004,0.057386475,confirmed_pivot,-17.17149582619864,0.0
1788849540000,1788850500000,1,0.057386475,0.0560167944,opposite_break,-25.843787571897373,0.0
1788850500000,1788850980000,-1,0.0560167944,0.0578535684,opposite_break,-34.822491784713755,0.0
1788850980000,1788851460000,1,0.0578535684,0.0580393898,confirmed_pivot,1.2087144100864329,0.0
1788851460000,1788853920000,-1,0.0580393898,0.0581286234,confirmed_pivot,-3.5390036647146506,0.0
1788853920000,1788854340000,1,0.0581286234,0.0578444288,opposite_break,-6.884175622848185,0.0
1788854340000,1788854460000,-1,0.0578444288,0.0579645906,confirmed_pivot,-4.0616624073379635,0.017742027890851955
1788854460000,1788856440000,1,0.0579645906,0.0566166744,confirmed_pivot,-25.23087715899438,0.0
1788856440000,1788857160000,-1,0.0566166744,0.0564132804,confirmed_pivot,1.5960676983880857,0.0
1788857160000,1788858120000,1,0.0564132804,0.0563617254,confirmed_pivot,-2.912966674421609,0.0
1788858120000,1788859140000,-1,0.0563617254,0.0571544286,opposite_break,-16.07863044590188,0.0
1788859140000,1788859920000,1,0.0571544286,0.057435510599999996,confirmed_pivot,2.9130211757553113,0.0
1788859920000,1788860040000,-1,0.057435510599999996,0.057854568599999996,opposite_break,-9.303444395600097,0.0
1788860040000,1788860400000,1,0.057854568599999996,0.057453507,confirmed_pivot,-8.92530508990772,0.0
1788860400000,1788860820000,-1,0.057453507,0.05661132,confirmed_pivot,12.673241565567114,0.0
1788860820000,1788862020000,1,0.05661132,0.056658665999999996,confirmed_pivot,-1.164501834615467,0.0
1788862020000,1788862320000,-1,0.056658665999999996,0.0564832944,confirmed_pivot,1.0983251811822519,0.0
1788862320000,1788863160000,1,0.0564832944,0.0563227332,opposite_break,-4.839789012023337,0.0
1788863160000,1788863400000,-1,0.0563227332,0.0564002778,confirmed_pivot,-3.3781672193422585,0.0
1788863400000,1788863640000,1,0.0564002778,0.0561907596,opposite_break,-5.71112856114339,0.0
1788863640000,1788864120000,-1,0.0561907596,0.0562072392,confirmed_pivot,-2.29357281726444,0.0
1788864120000,1788864480000,1,0.0562072392,0.0556808616,opposite_break,-11.355578211711961,0.0
1788864480000,1788864720000,-1,0.0556808616,0.0555111,confirmed_pivot,1.051880964428153,0.0
1788864720000,1788864840000,1,0.0555111,0.0550619854,opposite_break,-10.082446310737879,0.0
1788864840000,1788864960000,-1,0.0550619854,0.0554270832,confirmed_pivot,-8.637299674994983,0.0
1788864960000,1788866580000,1,0.0554270832,0.05728854,confirmed_pivot,31.55030132994625,0.0
1788866580000,1788867720000,-1,0.05728854,0.0587107398,opposite_break,-26.850031084751034,0.0
1788867720000,1788869340000,1,0.0587107398,0.05926514460000001,confirmed_pivot,7.495628956101232,0.06208413812220435
1788869340000,1788870240000,-1,0.05926514460000001,0.058541706,confirmed_pivot,10.21902086779027,0.0
1788870240000,1788871440000,1,0.058541706,0.0588172342,confirmed_pivot,2.7018218396300204,0.0
1788871440000,1788871620000,-1,0.0588172342,0.059876973,opposite_break,-20.035505294126896,0.0
1788871620000,1788871740000,1,0.059876973,0.0591471682,confirmed_pivot,-14.176216643416451,0.0
1788871740000,1788872580000,-1,0.0591471682,0.06021904139999999,opposite_break,-20.14026107846681,0.0
1788872580000,1788872760000,1,0.06021904139999999,0.0598200336,confirmed_pivot,-8.61931480363933,0.0
1788872760000,1788873360000,-1,0.0598200336,0.0594208818,confirmed_pivot,4.67921643895573,0.0
1788873360000,1788874080000,1,0.0594208818,0.059556086400000006,confirmed_pivot,0.2730964487303835,0.0
1788874080000,1788874560000,-1,0.059556086400000006,0.0600210018,confirmed_pivot,-9.814152062886299,0.0
1788874560000,1788874740000,1,0.0600210018,0.0596510674,confirmed_pivot,-8.157252536894521,0.0
1788874740000,1788875040000,-1,0.0596510674,0.0594798936,confirmed_pivot,0.8724544466408064,0.0
1788875040000,1788875220000,1,0.0594798936,0.059443109,confirmed_pivot,-2.6178191179548294,0.0
1788875220000,1788875760000,-1,0.059443109,0.059321862,confirmed_pivot,0.04175469691529665,0.0
1788875760000,1788876660000,1,0.059321862,0.058753247,opposite_break,-11.575666808975102,0.0
1788876660000,1788876780000,-1,0.058753247,0.058880773799999994,confirmed_pivot,-4.1727195230587455,0.0
1788876780000,1788877320000,1,0.058880773799999994,0.058688260000000006,confirmed_pivot,-5.266283266813796,0.0
1788877320000,1788877440000,-1,0.058688260000000006,0.0592698516,confirmed_pivot,-11.91975552861839,0.0
1788877440000,1788878460000,1,0.0592698516,0.0592941388,confirmed_pivot,-1.590636518482518,0.0
1788878460000,1788879540000,-1,0.0592941388,0.05910181799999999,confirmed_pivot,1.2467479028467903,0.0
1788879540000,1788879660000,1,0.05910181799999999,0.058578282,opposite_break,-10.849346461727983,0.0
1788879660000,1788879960000,-1,0.058578282,0.0585287034,confirmed_pivot,-1.1527887656383884,0.0
1788879960000,1788881460000,1,0.0585287034,0.059675062599999995,confirmed_pivot,17.566687356344126,0.0
1788881460000,1788882540000,-1,0.059675062599999995,0.0607111398,opposite_break,-19.379341252672706,0.0
1788882540000,1788883020000,1,0.0607111398,0.0595790818,opposite_break,-20.62798072521113,0.0
1788883020000,1788884640000,-1,0.0595790818,0.06161232,opposite_break,-36.159187488518754,0.0016517978630546802
1788884640000,1788885120000,1,0.06161232,0.06197760200000001,confirmed_pivot,3.9227881371778954,0.0
1788885120000,1788885420000,-1,0.06197760200000001,0.062383474200000004,opposite_break,-8.555240265668834,0.0
1788885420000,1788886020000,1,0.062383474200000004,0.061147768,opposite_break,-21.78842168748604,0.0
1788886020000,1788886200000,-1,0.061147768,0.061197237,confirmed_pivot,-2.809816459694872,0.0
1788886200000,1788887340000,1,0.061197237,0.061597677999999996,confirmed_pivot,4.536905563236367,0.0
1788887340000,1788887520000,-1,0.061597677999999996,0.062275452599999996,opposite_break,-13.01425243009972,0.0
1788887520000,1788887640000,1,0.062275452599999996,0.061969603600000006,confirmed_pivot,-6.906317629877651,0.0
1788887640000,1788888120000,-1,0.061969603600000006,0.0624854946,opposite_break,-10.333228889655032,0.0
1788888120000,1788889260000,1,0.0624854946,0.062348527800000005,confirmed_pivot,-4.189785550645095,0.0
1788889260000,1788890220000,-1,0.062348527800000005,0.062275452599999996,confirmed_pivot,-0.8267842436528478,0.0
1788890220000,1788891060000,1,0.062275452599999996,0.0624984978,confirmed_pivot,1.5780094001275997,0.0
1788891060000,1788891720000,-1,0.0624984978,0.062332464,confirmed_pivot,0.6592612566761522,0.0
1788891720000,1788892260000,1,0.062332464,0.0621195736,confirmed_pivot,-5.411986242032702,0.0
1788892260000,1788893280000,-1,0.0621195736,0.0621934362,confirmed_pivot,-3.1902281087132573,0.0
1788893280000,1788895440000,1,0.0621934362,0.0614457084,opposite_break,-14.010593365478018,0.0
1788895440000,1788895680000,-1,0.0614457084,0.061297257,confirmed_pivot,0.41839267980510764,0.0
1788895680000,1788896400000,1,0.061297257,0.0616766622,confirmed_pivot,4.183405479302312,0.0
1788896400000,1788896880000,-1,0.0616766622,0.061731343800000005,confirmed_pivot,-2.88747152727733,0.0
1788896880000,1788897420000,1,0.061731343800000005,0.0611487678,opposite_break,-11.42784310488315,0.0
1788897420000,1788897600000,-1,0.0611487678,0.0613212618,confirmed_pivot,-4.991172351335512,-0.16746060354138484
1788897600000,1788897780000,1,0.0613212618,0.061052787000000004,opposite_break,-6.3737900579207345,0.0
1788897780000,1788898440000,-1,0.061052787000000004,0.0608651706,confirmed_pivot,1.076092437844105,0.0
1788898440000,1788898560000,1,0.0608651706,0.0601109754,opposite_break,-14.378853084164279,0.0
1788898560000,1788899280000,-1,0.0601109754,0.0601030182,confirmed_pivot,-1.8674924646122855,0.0
1788899280000,1788899520000,1,0.0601030182,0.0599550066,opposite_break,-4.460169103454402,0.0
1788899520000,1788901380000,-1,0.0599550066,0.059968991400000005,confirmed_pivot,-2.2334881704442235,0.0
1788901380000,1788902700000,1,0.059968991400000005,0.059773043,opposite_break,-5.264227845592992,0.0
1788902700000,1788903599999,-1,0.059773043,0.060116020799999996,sample_end,-7.743739327442273,0.0
